student_id,max_question_score,question_number,question_title,question_duration_sec,auto_score_per_question,total_score,auto_score,answer_alternative,confidence_level
363,2.0,2.1,H25 - CBA - Cache-miss,70,2.0,53.82,14.0,5,50.0
363,2.0,2.1,H25 - CBA - Cache-miss,70,2.0,53.82,14.0,2,25.0
363,2.0,2.1,H25 - CBA - Cache-miss,70,2.0,53.82,14.0,4,25.0
363,2.0,2.1,H25 - CBA - Cache-miss,70,2.0,53.82,14.0,3,0.0
363,2.0,2.1,H25 - CBA - Cache-miss,70,2.0,53.82,14.0,1,0.0
363,2.0,2.2,H25 - CBA - Adder,44,2.0,53.82,14.0,3,50.0
363,2.0,2.2,H25 - CBA - Adder,44,2.0,53.82,14.0,5,50.0
363,2.0,2.2,H25 - CBA - Adder,44,2.0,53.82,14.0,4,0.0
363,2.0,2.2,H25 - CBA - Adder,44,2.0,53.82,14.0,2,0.0
363,2.0,2.2,H25 - CBA - Adder,44,2.0,53.82,14.0,1,0.0
363,2.0,2.3,H25 - CBA - ALU,57,2.0,53.82,14.0,1,50.0
363,2.0,2.3,H25 - CBA - ALU,57,2.0,53.82,14.0,5,50.0
363,2.0,2.3,H25 - CBA - ALU,57,2.0,53.82,14.0,2,0.0
363,2.0,2.3,H25 - CBA - ALU,57,2.0,53.82,14.0,3,0.0
363,2.0,2.3,H25 - CBA - ALU,57,2.0,53.82,14.0,4,0.0
363,2.0,2.4,H25 - CBA - PC,42,2.0,53.82,14.0,3,75.0
363,2.0,2.4,H25 - CBA - PC,42,2.0,53.82,14.0,4,25.0
363,2.0,2.4,H25 - CBA - PC,42,2.0,53.82,14.0,5,0.0
363,2.0,2.4,H25 - CBA - PC,42,2.0,53.82,14.0,1,0.0
363,2.0,2.4,H25 - CBA - PC,42,2.0,53.82,14.0,2,0.0
363,2.0,2.5,H25 - CBA - Universell porter,31,2.0,53.82,14.0,3,100.0
363,2.0,2.5,H25 - CBA - Universell porter,31,2.0,53.82,14.0,1,0.0
363,2.0,2.5,H25 - CBA - Universell porter,31,2.0,53.82,14.0,2,0.0
363,2.0,2.5,H25 - CBA - Universell porter,31,2.0,53.82,14.0,5,0.0
363,2.0,2.5,H25 - CBA - Universell porter,31,2.0,53.82,14.0,4,0.0
363,2.0,2.6,H25 - CBA - Pipeline ytelse,52,2.0,53.82,14.0,4,100.0
363,2.0,2.6,H25 - CBA - Pipeline ytelse,52,2.0,53.82,14.0,3,0.0
363,2.0,2.6,H25 - CBA - Pipeline ytelse,52,2.0,53.82,14.0,2,0.0
363,2.0,2.6,H25 - CBA - Pipeline ytelse,52,2.0,53.82,14.0,1,0.0
363,2.0,2.6,H25 - CBA - Pipeline ytelse,52,2.0,53.82,14.0,5,0.0
363,2.0,2.7,H25 - CBA - Seriell Adder,42,2.0,53.82,14.0,4,75.0
363,2.0,2.7,H25 - CBA - Seriell Adder,42,2.0,53.82,14.0,1,25.0
363,2.0,2.7,H25 - CBA - Seriell Adder,42,2.0,53.82,14.0,5,0.0
363,2.0,2.7,H25 - CBA - Seriell Adder,42,2.0,53.82,14.0,2,0.0
363,2.0,2.7,H25 - CBA - Seriell Adder,42,2.0,53.82,14.0,3,0.0
13,2.0,2.1,H25 - CBA - Cache-miss,202,2.0,39.32,14.0,5,100.0
13,2.0,2.1,H25 - CBA - Cache-miss,202,2.0,39.32,14.0,3,0.0
13,2.0,2.1,H25 - CBA - Cache-miss,202,2.0,39.32,14.0,2,0.0
13,2.0,2.1,H25 - CBA - Cache-miss,202,2.0,39.32,14.0,1,0.0
13,2.0,2.1,H25 - CBA - Cache-miss,202,2.0,39.32,14.0,4,0.0
13,2.0,2.2,H25 - CBA - Adder,57,2.0,39.32,14.0,1,50.0
13,2.0,2.2,H25 - CBA - Adder,57,2.0,39.32,14.0,4,50.0
13,2.0,2.2,H25 - CBA - Adder,57,2.0,39.32,14.0,3,0.0
13,2.0,2.2,H25 - CBA - Adder,57,2.0,39.32,14.0,5,0.0
13,2.0,2.2,H25 - CBA - Adder,57,2.0,39.32,14.0,2,0.0
13,2.0,2.3,H25 - CBA - ALU,136,2.0,39.32,14.0,2,25.0
13,2.0,2.3,H25 - CBA - ALU,136,2.0,39.32,14.0,5,25.0
13,2.0,2.3,H25 - CBA - ALU,136,2.0,39.32,14.0,1,50.0
13,2.0,2.3,H25 - CBA - ALU,136,2.0,39.32,14.0,3,0.0
13,2.0,2.3,H25 - CBA - ALU,136,2.0,39.32,14.0,4,0.0
13,2.0,2.4,H25 - CBA - PC,232,2.0,39.32,14.0,3,25.0
13,2.0,2.4,H25 - CBA - PC,232,2.0,39.32,14.0,2,25.0
13,2.0,2.4,H25 - CBA - PC,232,2.0,39.32,14.0,1,50.0
13,2.0,2.4,H25 - CBA - PC,232,2.0,39.32,14.0,5,0.0
13,2.0,2.5,H25 - CBA - Universell porter,133,2.0,39.32,14.0,5,50.0
13,2.0,2.5,H25 - CBA - Universell porter,133,2.0,39.32,14.0,3,50.0
13,2.0,2.5,H25 - CBA - Universell porter,133,2.0,39.32,14.0,1,0.0
13,2.0,2.5,H25 - CBA - Universell porter,133,2.0,39.32,14.0,2,0.0
13,2.0,2.5,H25 - CBA - Universell porter,133,2.0,39.32,14.0,4,0.0
13,2.0,2.6,H25 - CBA - Pipeline ytelse,90,2.0,39.32,14.0,5,100.0
13,2.0,2.6,H25 - CBA - Pipeline ytelse,90,2.0,39.32,14.0,3,0.0
13,2.0,2.6,H25 - CBA - Pipeline ytelse,90,2.0,39.32,14.0,1,0.0
13,2.0,2.6,H25 - CBA - Pipeline ytelse,90,2.0,39.32,14.0,2,0.0
13,2.0,2.6,H25 - CBA - Pipeline ytelse,90,2.0,39.32,14.0,4,0.0
13,2.0,2.7,H25 - CBA - Seriell Adder,135,2.0,39.32,14.0,1,50.0
13,2.0,2.7,H25 - CBA - Seriell Adder,135,2.0,39.32,14.0,4,50.0
13,2.0,2.7,H25 - CBA - Seriell Adder,135,2.0,39.32,14.0,5,0.0
13,2.0,2.7,H25 - CBA - Seriell Adder,135,2.0,39.32,14.0,3,0.0
13,2.0,2.7,H25 - CBA - Seriell Adder,135,2.0,39.32,14.0,2,0.0
183,2.0,2.1,H25 - CBA - Cache-miss,22,2.0,70.5,14.0,2,100.0
183,2.0,2.1,H25 - CBA - Cache-miss,22,2.0,70.5,14.0,1,0.0
183,2.0,2.1,H25 - CBA - Cache-miss,22,2.0,70.5,14.0,3,0.0
183,2.0,2.1,H25 - CBA - Cache-miss,22,2.0,70.5,14.0,4,0.0
183,2.0,2.1,H25 - CBA - Cache-miss,22,2.0,70.5,14.0,5,0.0
183,2.0,2.2,H25 - CBA - Adder,58,2.0,70.5,14.0,2,100.0
183,2.0,2.2,H25 - CBA - Adder,58,2.0,70.5,14.0,3,0.0
183,2.0,2.2,H25 - CBA - Adder,58,2.0,70.5,14.0,1,0.0
183,2.0,2.2,H25 - CBA - Adder,58,2.0,70.5,14.0,5,0.0
183,2.0,2.2,H25 - CBA - Adder,58,2.0,70.5,14.0,4,0.0
183,2.0,2.3,H25 - CBA - ALU,48,2.0,70.5,14.0,1,50.0
183,2.0,2.3,H25 - CBA - ALU,48,2.0,70.5,14.0,2,50.0
183,2.0,2.3,H25 - CBA - ALU,48,2.0,70.5,14.0,4,0.0
183,2.0,2.3,H25 - CBA - ALU,48,2.0,70.5,14.0,5,0.0
183,2.0,2.3,H25 - CBA - ALU,48,2.0,70.5,14.0,3,0.0
183,2.0,2.4,H25 - CBA - PC,36,2.0,70.5,14.0,1,100.0
183,2.0,2.4,H25 - CBA - PC,36,2.0,70.5,14.0,4,0.0
183,2.0,2.4,H25 - CBA - PC,36,2.0,70.5,14.0,2,0.0
183,2.0,2.4,H25 - CBA - PC,36,2.0,70.5,14.0,5,0.0
183,2.0,2.4,H25 - CBA - PC,36,2.0,70.5,14.0,3,0.0
183,2.0,2.5,H25 - CBA - Universell porter,15,2.0,70.5,14.0,3,100.0
183,2.0,2.5,H25 - CBA - Universell porter,15,2.0,70.5,14.0,1,0.0
183,2.0,2.5,H25 - CBA - Universell porter,15,2.0,70.5,14.0,5,0.0
183,2.0,2.5,H25 - CBA - Universell porter,15,2.0,70.5,14.0,4,0.0
183,2.0,2.5,H25 - CBA - Universell porter,15,2.0,70.5,14.0,2,0.0
183,2.0,2.6,H25 - CBA - Pipeline ytelse,31,2.0,70.5,14.0,4,100.0
183,2.0,2.6,H25 - CBA - Pipeline ytelse,31,2.0,70.5,14.0,5,0.0
183,2.0,2.6,H25 - CBA - Pipeline ytelse,31,2.0,70.5,14.0,2,0.0
183,2.0,2.6,H25 - CBA - Pipeline ytelse,31,2.0,70.5,14.0,1,0.0
183,2.0,2.6,H25 - CBA - Pipeline ytelse,31,2.0,70.5,14.0,3,0.0
183,2.0,2.7,H25 - CBA - Seriell Adder,66,2.0,70.5,14.0,5,0.0
183,2.0,2.7,H25 - CBA - Seriell Adder,66,2.0,70.5,14.0,4,25.0
183,2.0,2.7,H25 - CBA - Seriell Adder,66,2.0,70.5,14.0,2,50.0
183,2.0,2.7,H25 - CBA - Seriell Adder,66,2.0,70.5,14.0,1,25.0
183,2.0,2.7,H25 - CBA - Seriell Adder,66,2.0,70.5,14.0,3,0.0
418,2.0,2.1,H25 - CBA - Cache-miss,71,2.0,49.47,14.0,1,0.0
418,2.0,2.1,H25 - CBA - Cache-miss,71,2.0,49.47,14.0,2,100.0
418,2.0,2.1,H25 - CBA - Cache-miss,71,2.0,49.47,14.0,4,0.0
418,2.0,2.1,H25 - CBA - Cache-miss,71,2.0,49.47,14.0,3,0.0
418,2.0,2.1,H25 - CBA - Cache-miss,71,2.0,49.47,14.0,5,0.0
418,2.0,2.2,H25 - CBA - Adder,162,2.0,49.47,14.0,2,100.0
418,2.0,2.2,H25 - CBA - Adder,162,2.0,49.47,14.0,4,0.0
418,2.0,2.2,H25 - CBA - Adder,162,2.0,49.47,14.0,5,0.0
418,2.0,2.2,H25 - CBA - Adder,162,2.0,49.47,14.0,3,0.0
418,2.0,2.2,H25 - CBA - Adder,162,2.0,49.47,14.0,1,0.0
418,2.0,2.4,H25 - CBA - PC,89,2.0,49.47,14.0,1,100.0
418,2.0,2.4,H25 - CBA - PC,89,2.0,49.47,14.0,4,0.0
418,2.0,2.4,H25 - CBA - PC,89,2.0,49.47,14.0,5,0.0
418,2.0,2.4,H25 - CBA - PC,89,2.0,49.47,14.0,2,0.0
418,2.0,2.4,H25 - CBA - PC,89,2.0,49.47,14.0,3,0.0
418,2.0,2.6,H25 - CBA - Pipeline ytelse,92,2.0,49.47,14.0,4,100.0
418,2.0,2.6,H25 - CBA - Pipeline ytelse,92,2.0,49.47,14.0,3,0.0
418,2.0,2.6,H25 - CBA - Pipeline ytelse,92,2.0,49.47,14.0,5,0.0
418,2.0,2.6,H25 - CBA - Pipeline ytelse,92,2.0,49.47,14.0,1,0.0
418,2.0,2.6,H25 - CBA - Pipeline ytelse,92,2.0,49.47,14.0,2,0.0
497,2.0,2.1,H25 - CBA - Cache-miss,223,2.0,57.01,14.0,2,100.0
497,2.0,2.1,H25 - CBA - Cache-miss,223,2.0,57.01,14.0,3,0.0
497,2.0,2.1,H25 - CBA - Cache-miss,223,2.0,57.01,14.0,5,0.0
497,2.0,2.1,H25 - CBA - Cache-miss,223,2.0,57.01,14.0,1,0.0
497,2.0,2.1,H25 - CBA - Cache-miss,223,2.0,57.01,14.0,4,0.0
497,2.0,2.2,H25 - CBA - Adder,33,2.0,57.01,14.0,2,100.0
497,2.0,2.2,H25 - CBA - Adder,33,2.0,57.01,14.0,4,0.0
497,2.0,2.2,H25 - CBA - Adder,33,2.0,57.01,14.0,5,0.0
497,2.0,2.2,H25 - CBA - Adder,33,2.0,57.01,14.0,1,0.0
497,2.0,2.2,H25 - CBA - Adder,33,2.0,57.01,14.0,3,0.0
497,2.0,2.3,H25 - CBA - ALU,131,2.0,57.01,14.0,3,25.0
497,2.0,2.3,H25 - CBA - ALU,131,2.0,57.01,14.0,1,75.0
497,2.0,2.3,H25 - CBA - ALU,131,2.0,57.01,14.0,2,0.0
497,2.0,2.3,H25 - CBA - ALU,131,2.0,57.01,14.0,4,0.0
497,2.0,2.3,H25 - CBA - ALU,131,2.0,57.01,14.0,5,0.0
497,2.0,2.4,H25 - CBA - PC,306,2.0,57.01,14.0,1,0.0
497,2.0,2.4,H25 - CBA - PC,306,2.0,57.01,14.0,5,0.0
497,2.0,2.4,H25 - CBA - PC,306,2.0,57.01,14.0,4,0.0
497,2.0,2.4,H25 - CBA - PC,306,2.0,57.01,14.0,3,100.0
497,2.0,2.4,H25 - CBA - PC,306,2.0,57.01,14.0,2,0.0
497,2.0,2.5,H25 - CBA - Universell porter,147,2.0,57.01,14.0,3,75.0
497,2.0,2.5,H25 - CBA - Universell porter,147,2.0,57.01,14.0,5,25.0
497,2.0,2.5,H25 - CBA - Universell porter,147,2.0,57.01,14.0,4,0.0
497,2.0,2.5,H25 - CBA - Universell porter,147,2.0,57.01,14.0,1,0.0
497,2.0,2.5,H25 - CBA - Universell porter,147,2.0,57.01,14.0,2,0.0
497,2.0,2.6,H25 - CBA - Pipeline ytelse,195,2.0,57.01,14.0,1,50.0
497,2.0,2.6,H25 - CBA - Pipeline ytelse,195,2.0,57.01,14.0,3,50.0
497,2.0,2.6,H25 - CBA - Pipeline ytelse,195,2.0,57.01,14.0,4,0.0
497,2.0,2.6,H25 - CBA - Pipeline ytelse,195,2.0,57.01,14.0,2,0.0
497,2.0,2.6,H25 - CBA - Pipeline ytelse,195,2.0,57.01,14.0,5,0.0
497,2.0,2.7,H25 - CBA - Seriell Adder,161,2.0,57.01,14.0,2,100.0
497,2.0,2.7,H25 - CBA - Seriell Adder,161,2.0,57.01,14.0,4,0.0
497,2.0,2.7,H25 - CBA - Seriell Adder,161,2.0,57.01,14.0,3,0.0
497,2.0,2.7,H25 - CBA - Seriell Adder,161,2.0,57.01,14.0,1,0.0
497,2.0,2.7,H25 - CBA - Seriell Adder,161,2.0,57.01,14.0,5,0.0
513,2.0,2.1,H25 - CBA - Cache-miss,51,2.0,60.32,14.0,2,100.0
513,2.0,2.1,H25 - CBA - Cache-miss,51,2.0,60.32,14.0,3,0.0
513,2.0,2.1,H25 - CBA - Cache-miss,51,2.0,60.32,14.0,4,0.0
513,2.0,2.1,H25 - CBA - Cache-miss,51,2.0,60.32,14.0,1,0.0
513,2.0,2.1,H25 - CBA - Cache-miss,51,2.0,60.32,14.0,5,0.0
513,2.0,2.2,H25 - CBA - Adder,28,2.0,60.32,14.0,2,75.0
513,2.0,2.2,H25 - CBA - Adder,28,2.0,60.32,14.0,4,25.0
513,2.0,2.2,H25 - CBA - Adder,28,2.0,60.32,14.0,1,0.0
513,2.0,2.2,H25 - CBA - Adder,28,2.0,60.32,14.0,3,0.0
513,2.0,2.2,H25 - CBA - Adder,28,2.0,60.32,14.0,5,0.0
513,2.0,2.3,H25 - CBA - ALU,56,2.0,60.32,14.0,1,75.0
513,2.0,2.3,H25 - CBA - ALU,56,2.0,60.32,14.0,2,25.0
513,2.0,2.3,H25 - CBA - ALU,56,2.0,60.32,14.0,5,0.0
513,2.0,2.3,H25 - CBA - ALU,56,2.0,60.32,14.0,4,0.0
513,2.0,2.3,H25 - CBA - ALU,56,2.0,60.32,14.0,3,0.0
513,2.0,2.4,H25 - CBA - PC,114,2.0,60.32,14.0,3,100.0
513,2.0,2.4,H25 - CBA - PC,114,2.0,60.32,14.0,2,0.0
513,2.0,2.4,H25 - CBA - PC,114,2.0,60.32,14.0,5,0.0
513,2.0,2.4,H25 - CBA - PC,114,2.0,60.32,14.0,4,0.0
513,2.0,2.4,H25 - CBA - PC,114,2.0,60.32,14.0,1,0.0
513,2.0,2.5,H25 - CBA - Universell porter,105,2.0,60.32,14.0,3,50.0
513,2.0,2.5,H25 - CBA - Universell porter,105,2.0,60.32,14.0,5,50.0
513,2.0,2.5,H25 - CBA - Universell porter,105,2.0,60.32,14.0,2,0.0
513,2.0,2.5,H25 - CBA - Universell porter,105,2.0,60.32,14.0,1,0.0
513,2.0,2.5,H25 - CBA - Universell porter,105,2.0,60.32,14.0,4,0.0
513,2.0,2.6,H25 - CBA - Pipeline ytelse,68,2.0,60.32,14.0,4,100.0
513,2.0,2.6,H25 - CBA - Pipeline ytelse,68,2.0,60.32,14.0,1,0.0
513,2.0,2.6,H25 - CBA - Pipeline ytelse,68,2.0,60.32,14.0,5,0.0
513,2.0,2.6,H25 - CBA - Pipeline ytelse,68,2.0,60.32,14.0,2,0.0
513,2.0,2.6,H25 - CBA - Pipeline ytelse,68,2.0,60.32,14.0,3,0.0
513,2.0,2.7,H25 - CBA - Seriell Adder,60,2.0,60.32,14.0,1,50.0
513,2.0,2.7,H25 - CBA - Seriell Adder,60,2.0,60.32,14.0,2,50.0
513,2.0,2.7,H25 - CBA - Seriell Adder,60,2.0,60.32,14.0,5,0.0
513,2.0,2.7,H25 - CBA - Seriell Adder,60,2.0,60.32,14.0,3,0.0
513,2.0,2.7,H25 - CBA - Seriell Adder,60,2.0,60.32,14.0,4,0.0
316,2.0,2.1,H25 - CBA - Cache-miss,75,2.0,93.98,14.0,2,100.0
316,2.0,2.1,H25 - CBA - Cache-miss,75,2.0,93.98,14.0,3,0.0
316,2.0,2.1,H25 - CBA - Cache-miss,75,2.0,93.98,14.0,5,0.0
316,2.0,2.1,H25 - CBA - Cache-miss,75,2.0,93.98,14.0,4,0.0
316,2.0,2.1,H25 - CBA - Cache-miss,75,2.0,93.98,14.0,1,0.0
316,2.0,2.2,H25 - CBA - Adder,118,2.0,93.98,14.0,2,100.0
316,2.0,2.2,H25 - CBA - Adder,118,2.0,93.98,14.0,4,0.0
316,2.0,2.2,H25 - CBA - Adder,118,2.0,93.98,14.0,5,0.0
316,2.0,2.2,H25 - CBA - Adder,118,2.0,93.98,14.0,1,0.0
316,2.0,2.2,H25 - CBA - Adder,118,2.0,93.98,14.0,3,0.0
316,2.0,2.3,H25 - CBA - ALU,186,2.0,93.98,14.0,2,25.0
316,2.0,2.3,H25 - CBA - ALU,186,2.0,93.98,14.0,1,75.0
316,2.0,2.3,H25 - CBA - ALU,186,2.0,93.98,14.0,3,0.0
316,2.0,2.3,H25 - CBA - ALU,186,2.0,93.98,14.0,4,0.0
316,2.0,2.3,H25 - CBA - ALU,186,2.0,93.98,14.0,5,0.0
316,2.0,2.4,H25 - CBA - PC,189,2.0,93.98,14.0,3,75.0
316,2.0,2.4,H25 - CBA - PC,189,2.0,93.98,14.0,2,0.0
316,2.0,2.4,H25 - CBA - PC,189,2.0,93.98,14.0,1,25.0
316,2.0,2.4,H25 - CBA - PC,189,2.0,93.98,14.0,5,0.0
316,2.0,2.4,H25 - CBA - PC,189,2.0,93.98,14.0,4,0.0
316,2.0,2.5,H25 - CBA - Universell porter,48,2.0,93.98,14.0,3,100.0
316,2.0,2.5,H25 - CBA - Universell porter,48,2.0,93.98,14.0,1,0.0
316,2.0,2.5,H25 - CBA - Universell porter,48,2.0,93.98,14.0,2,0.0
316,2.0,2.5,H25 - CBA - Universell porter,48,2.0,93.98,14.0,4,0.0
316,2.0,2.5,H25 - CBA - Universell porter,48,2.0,93.98,14.0,5,0.0
316,2.0,2.6,H25 - CBA - Pipeline ytelse,72,2.0,93.98,14.0,4,100.0
316,2.0,2.6,H25 - CBA - Pipeline ytelse,72,2.0,93.98,14.0,3,0.0
316,2.0,2.6,H25 - CBA - Pipeline ytelse,72,2.0,93.98,14.0,1,0.0
316,2.0,2.6,H25 - CBA - Pipeline ytelse,72,2.0,93.98,14.0,5,0.0
316,2.0,2.6,H25 - CBA - Pipeline ytelse,72,2.0,93.98,14.0,2,0.0
316,2.0,2.7,H25 - CBA - Seriell Adder,76,2.0,93.98,14.0,2,100.0
316,2.0,2.7,H25 - CBA - Seriell Adder,76,2.0,93.98,14.0,1,0.0
316,2.0,2.7,H25 - CBA - Seriell Adder,76,2.0,93.98,14.0,4,0.0
316,2.0,2.7,H25 - CBA - Seriell Adder,76,2.0,93.98,14.0,3,0.0
316,2.0,2.7,H25 - CBA - Seriell Adder,76,2.0,93.98,14.0,5,0.0
476,2.0,2.1,H25 - CBA - Cache-miss,146,2.0,81.5,14.0,1,0.0
476,2.0,2.1,H25 - CBA - Cache-miss,146,2.0,81.5,14.0,2,100.0
476,2.0,2.1,H25 - CBA - Cache-miss,146,2.0,81.5,14.0,3,0.0
476,2.0,2.1,H25 - CBA - Cache-miss,146,2.0,81.5,14.0,5,0.0
476,2.0,2.1,H25 - CBA - Cache-miss,146,2.0,81.5,14.0,4,0.0
476,2.0,2.2,H25 - CBA - Adder,19,2.0,81.5,14.0,2,100.0
476,2.0,2.2,H25 - CBA - Adder,19,2.0,81.5,14.0,1,0.0
476,2.0,2.2,H25 - CBA - Adder,19,2.0,81.5,14.0,3,0.0
476,2.0,2.2,H25 - CBA - Adder,19,2.0,81.5,14.0,5,0.0
476,2.0,2.2,H25 - CBA - Adder,19,2.0,81.5,14.0,4,0.0
476,2.0,2.3,H25 - CBA - ALU,190,2.0,81.5,14.0,1,75.0
476,2.0,2.3,H25 - CBA - ALU,190,2.0,81.5,14.0,4,0.0
476,2.0,2.3,H25 - CBA - ALU,190,2.0,81.5,14.0,2,25.0
476,2.0,2.3,H25 - CBA - ALU,190,2.0,81.5,14.0,3,0.0
476,2.0,2.3,H25 - CBA - ALU,190,2.0,81.5,14.0,5,0.0
476,2.0,2.4,H25 - CBA - PC,24,2.0,81.5,14.0,3,100.0
476,2.0,2.4,H25 - CBA - PC,24,2.0,81.5,14.0,4,0.0
476,2.0,2.4,H25 - CBA - PC,24,2.0,81.5,14.0,5,0.0
476,2.0,2.4,H25 - CBA - PC,24,2.0,81.5,14.0,2,0.0
476,2.0,2.4,H25 - CBA - PC,24,2.0,81.5,14.0,1,0.0
476,2.0,2.5,H25 - CBA - Universell porter,59,2.0,81.5,14.0,3,100.0
476,2.0,2.5,H25 - CBA - Universell porter,59,2.0,81.5,14.0,4,0.0
476,2.0,2.5,H25 - CBA - Universell porter,59,2.0,81.5,14.0,5,0.0
476,2.0,2.5,H25 - CBA - Universell porter,59,2.0,81.5,14.0,1,0.0
476,2.0,2.5,H25 - CBA - Universell porter,59,2.0,81.5,14.0,2,0.0
476,2.0,2.6,H25 - CBA - Pipeline ytelse,45,2.0,81.5,14.0,4,100.0
476,2.0,2.6,H25 - CBA - Pipeline ytelse,45,2.0,81.5,14.0,3,0.0
476,2.0,2.6,H25 - CBA - Pipeline ytelse,45,2.0,81.5,14.0,1,0.0
476,2.0,2.6,H25 - CBA - Pipeline ytelse,45,2.0,81.5,14.0,2,0.0
476,2.0,2.6,H25 - CBA - Pipeline ytelse,45,2.0,81.5,14.0,5,0.0
476,2.0,2.7,H25 - CBA - Seriell Adder,47,2.0,81.5,14.0,2,100.0
476,2.0,2.7,H25 - CBA - Seriell Adder,47,2.0,81.5,14.0,3,0.0
476,2.0,2.7,H25 - CBA - Seriell Adder,47,2.0,81.5,14.0,5,0.0
476,2.0,2.7,H25 - CBA - Seriell Adder,47,2.0,81.5,14.0,4,0.0
476,2.0,2.7,H25 - CBA - Seriell Adder,47,2.0,81.5,14.0,1,0.0
12,2.0,2.1,H25 - CBA - Cache-miss,89,2.0,56.55,14.0,2,100.0
12,2.0,2.1,H25 - CBA - Cache-miss,89,2.0,56.55,14.0,4,0.0
12,2.0,2.1,H25 - CBA - Cache-miss,89,2.0,56.55,14.0,1,0.0
12,2.0,2.1,H25 - CBA - Cache-miss,89,2.0,56.55,14.0,5,0.0
12,2.0,2.1,H25 - CBA - Cache-miss,89,2.0,56.55,14.0,3,0.0
12,2.0,2.2,H25 - CBA - Adder,51,2.0,56.55,14.0,2,100.0
12,2.0,2.2,H25 - CBA - Adder,51,2.0,56.55,14.0,1,0.0
12,2.0,2.2,H25 - CBA - Adder,51,2.0,56.55,14.0,5,0.0
12,2.0,2.2,H25 - CBA - Adder,51,2.0,56.55,14.0,3,0.0
12,2.0,2.2,H25 - CBA - Adder,51,2.0,56.55,14.0,4,0.0
12,2.0,2.3,H25 - CBA - ALU,224,2.0,56.55,14.0,4,0.0
12,2.0,2.3,H25 - CBA - ALU,224,2.0,56.55,14.0,1,25.0
12,2.0,2.3,H25 - CBA - ALU,224,2.0,56.55,14.0,3,0.0
12,2.0,2.3,H25 - CBA - ALU,224,2.0,56.55,14.0,2,25.0
12,2.0,2.3,H25 - CBA - ALU,224,2.0,56.55,14.0,5,50.0
12,2.0,2.4,H25 - CBA - PC,67,2.0,56.55,14.0,2,25.0
12,2.0,2.4,H25 - CBA - PC,67,2.0,56.55,14.0,5,25.0
12,2.0,2.4,H25 - CBA - PC,67,2.0,56.55,14.0,3,0.0
12,2.0,2.4,H25 - CBA - PC,67,2.0,56.55,14.0,1,25.0
12,2.0,2.4,H25 - CBA - PC,67,2.0,56.55,14.0,4,25.0
12,2.0,2.5,H25 - CBA - Universell porter,56,2.0,56.55,14.0,5,0.0
12,2.0,2.5,H25 - CBA - Universell porter,56,2.0,56.55,14.0,3,100.0
12,2.0,2.5,H25 - CBA - Universell porter,56,2.0,56.55,14.0,4,0.0
12,2.0,2.5,H25 - CBA - Universell porter,56,2.0,56.55,14.0,2,0.0
12,2.0,2.5,H25 - CBA - Universell porter,56,2.0,56.55,14.0,1,0.0
12,2.0,2.6,H25 - CBA - Pipeline ytelse,118,2.0,56.55,14.0,3,0.0
12,2.0,2.6,H25 - CBA - Pipeline ytelse,118,2.0,56.55,14.0,1,50.0
12,2.0,2.6,H25 - CBA - Pipeline ytelse,118,2.0,56.55,14.0,2,0.0
12,2.0,2.6,H25 - CBA - Pipeline ytelse,118,2.0,56.55,14.0,4,50.0
12,2.0,2.7,H25 - CBA - Seriell Adder,130,2.0,56.55,14.0,3,25.0
12,2.0,2.7,H25 - CBA - Seriell Adder,130,2.0,56.55,14.0,1,50.0
12,2.0,2.7,H25 - CBA - Seriell Adder,130,2.0,56.55,14.0,4,25.0
12,2.0,2.7,H25 - CBA - Seriell Adder,130,2.0,56.55,14.0,2,0.0
12,2.0,2.7,H25 - CBA - Seriell Adder,130,2.0,56.55,14.0,5,0.0
288,2.0,2.1,H25 - CBA - Cache-miss,76,2.0,55.65,14.0,2,100.0
288,2.0,2.1,H25 - CBA - Cache-miss,76,2.0,55.65,14.0,1,0.0
288,2.0,2.1,H25 - CBA - Cache-miss,76,2.0,55.65,14.0,4,0.0
288,2.0,2.1,H25 - CBA - Cache-miss,76,2.0,55.65,14.0,5,0.0
288,2.0,2.2,H25 - CBA - Adder,130,2.0,55.65,14.0,5,0.0
288,2.0,2.2,H25 - CBA - Adder,130,2.0,55.65,14.0,2,100.0
288,2.0,2.2,H25 - CBA - Adder,130,2.0,55.65,14.0,3,0.0
288,2.0,2.2,H25 - CBA - Adder,130,2.0,55.65,14.0,1,0.0
288,2.0,2.2,H25 - CBA - Adder,130,2.0,55.65,14.0,4,0.0
288,2.0,2.3,H25 - CBA - ALU,87,2.0,55.65,14.0,1,75.0
288,2.0,2.3,H25 - CBA - ALU,87,2.0,55.65,14.0,3,25.0
288,2.0,2.3,H25 - CBA - ALU,87,2.0,55.65,14.0,2,0.0
288,2.0,2.3,H25 - CBA - ALU,87,2.0,55.65,14.0,4,0.0
288,2.0,2.3,H25 - CBA - ALU,87,2.0,55.65,14.0,5,0.0
288,2.0,2.4,H25 - CBA - PC,45,2.0,55.65,14.0,1,100.0
288,2.0,2.4,H25 - CBA - PC,45,2.0,55.65,14.0,5,0.0
288,2.0,2.4,H25 - CBA - PC,45,2.0,55.65,14.0,3,0.0
288,2.0,2.4,H25 - CBA - PC,45,2.0,55.65,14.0,4,0.0
288,2.0,2.4,H25 - CBA - PC,45,2.0,55.65,14.0,2,0.0
288,2.0,2.5,H25 - CBA - Universell porter,42,2.0,55.65,14.0,3,100.0
288,2.0,2.5,H25 - CBA - Universell porter,42,2.0,55.65,14.0,5,0.0
288,2.0,2.5,H25 - CBA - Universell porter,42,2.0,55.65,14.0,1,0.0
288,2.0,2.5,H25 - CBA - Universell porter,42,2.0,55.65,14.0,2,0.0
288,2.0,2.5,H25 - CBA - Universell porter,42,2.0,55.65,14.0,4,0.0
288,2.0,2.6,H25 - CBA - Pipeline ytelse,89,2.0,55.65,14.0,3,75.0
288,2.0,2.6,H25 - CBA - Pipeline ytelse,89,2.0,55.65,14.0,1,25.0
288,2.0,2.6,H25 - CBA - Pipeline ytelse,89,2.0,55.65,14.0,4,0.0
288,2.0,2.6,H25 - CBA - Pipeline ytelse,89,2.0,55.65,14.0,5,0.0
288,2.0,2.6,H25 - CBA - Pipeline ytelse,89,2.0,55.65,14.0,2,0.0
288,2.0,2.7,H25 - CBA - Seriell Adder,198,2.0,55.65,14.0,1,75.0
288,2.0,2.7,H25 - CBA - Seriell Adder,198,2.0,55.65,14.0,4,25.0
288,2.0,2.7,H25 - CBA - Seriell Adder,198,2.0,55.65,14.0,5,0.0
288,2.0,2.7,H25 - CBA - Seriell Adder,198,2.0,55.65,14.0,3,0.0
208,2.0,2.1,H25 - CBA - Cache-miss,47,2.0,79.0,14.0,2,100.0
208,2.0,2.1,H25 - CBA - Cache-miss,47,2.0,79.0,14.0,5,0.0
208,2.0,2.1,H25 - CBA - Cache-miss,47,2.0,79.0,14.0,3,0.0
208,2.0,2.1,H25 - CBA - Cache-miss,47,2.0,79.0,14.0,1,0.0
208,2.0,2.1,H25 - CBA - Cache-miss,47,2.0,79.0,14.0,4,0.0
208,2.0,2.2,H25 - CBA - Adder,23,2.0,79.0,14.0,2,100.0
208,2.0,2.2,H25 - CBA - Adder,23,2.0,79.0,14.0,1,0.0
208,2.0,2.2,H25 - CBA - Adder,23,2.0,79.0,14.0,5,0.0
208,2.0,2.2,H25 - CBA - Adder,23,2.0,79.0,14.0,4,0.0
208,2.0,2.2,H25 - CBA - Adder,23,2.0,79.0,14.0,3,0.0
208,2.0,2.3,H25 - CBA - ALU,112,2.0,79.0,14.0,1,75.0
208,2.0,2.3,H25 - CBA - ALU,112,2.0,79.0,14.0,4,0.0
208,2.0,2.3,H25 - CBA - ALU,112,2.0,79.0,14.0,5,25.0
208,2.0,2.3,H25 - CBA - ALU,112,2.0,79.0,14.0,3,0.0
208,2.0,2.3,H25 - CBA - ALU,112,2.0,79.0,14.0,2,0.0
208,2.0,2.4,H25 - CBA - PC,87,2.0,79.0,14.0,1,75.0
208,2.0,2.4,H25 - CBA - PC,87,2.0,79.0,14.0,4,0.0
208,2.0,2.4,H25 - CBA - PC,87,2.0,79.0,14.0,5,0.0
208,2.0,2.4,H25 - CBA - PC,87,2.0,79.0,14.0,3,25.0
208,2.0,2.4,H25 - CBA - PC,87,2.0,79.0,14.0,2,0.0
208,2.0,2.5,H25 - CBA - Universell porter,41,2.0,79.0,14.0,3,100.0
208,2.0,2.5,H25 - CBA - Universell porter,41,2.0,79.0,14.0,5,0.0
208,2.0,2.5,H25 - CBA - Universell porter,41,2.0,79.0,14.0,1,0.0
208,2.0,2.5,H25 - CBA - Universell porter,41,2.0,79.0,14.0,2,0.0
208,2.0,2.5,H25 - CBA - Universell porter,41,2.0,79.0,14.0,4,0.0
208,2.0,2.6,H25 - CBA - Pipeline ytelse,90,2.0,79.0,14.0,4,100.0
208,2.0,2.6,H25 - CBA - Pipeline ytelse,90,2.0,79.0,14.0,3,0.0
208,2.0,2.6,H25 - CBA - Pipeline ytelse,90,2.0,79.0,14.0,2,0.0
208,2.0,2.6,H25 - CBA - Pipeline ytelse,90,2.0,79.0,14.0,1,0.0
208,2.0,2.6,H25 - CBA - Pipeline ytelse,90,2.0,79.0,14.0,5,0.0
208,2.0,2.7,H25 - CBA - Seriell Adder,88,2.0,79.0,14.0,4,0.0
208,2.0,2.7,H25 - CBA - Seriell Adder,88,2.0,79.0,14.0,1,0.0
208,2.0,2.7,H25 - CBA - Seriell Adder,88,2.0,79.0,14.0,3,0.0
208,2.0,2.7,H25 - CBA - Seriell Adder,88,2.0,79.0,14.0,2,100.0
208,2.0,2.7,H25 - CBA - Seriell Adder,88,2.0,79.0,14.0,5,0.0
152,2.0,2.1,H25 - CBA - Cache-miss,84,2.0,84.82,14.0,2,75.0
152,2.0,2.1,H25 - CBA - Cache-miss,84,2.0,84.82,14.0,5,25.0
152,2.0,2.1,H25 - CBA - Cache-miss,84,2.0,84.82,14.0,1,0.0
152,2.0,2.1,H25 - CBA - Cache-miss,84,2.0,84.82,14.0,4,0.0
152,2.0,2.1,H25 - CBA - Cache-miss,84,2.0,84.82,14.0,3,0.0
152,2.0,2.2,H25 - CBA - Adder,46,2.0,84.82,14.0,2,100.0
152,2.0,2.2,H25 - CBA - Adder,46,2.0,84.82,14.0,4,0.0
152,2.0,2.2,H25 - CBA - Adder,46,2.0,84.82,14.0,5,0.0
152,2.0,2.2,H25 - CBA - Adder,46,2.0,84.82,14.0,1,0.0
152,2.0,2.2,H25 - CBA - Adder,46,2.0,84.82,14.0,3,0.0
152,2.0,2.3,H25 - CBA - ALU,73,2.0,84.82,14.0,3,0.0
152,2.0,2.3,H25 - CBA - ALU,73,2.0,84.82,14.0,5,0.0
152,2.0,2.3,H25 - CBA - ALU,73,2.0,84.82,14.0,4,0.0
152,2.0,2.3,H25 - CBA - ALU,73,2.0,84.82,14.0,1,100.0
152,2.0,2.3,H25 - CBA - ALU,73,2.0,84.82,14.0,2,0.0
152,2.0,2.4,H25 - CBA - PC,31,2.0,84.82,14.0,1,100.0
152,2.0,2.4,H25 - CBA - PC,31,2.0,84.82,14.0,4,0.0
152,2.0,2.4,H25 - CBA - PC,31,2.0,84.82,14.0,5,0.0
152,2.0,2.4,H25 - CBA - PC,31,2.0,84.82,14.0,3,0.0
152,2.0,2.4,H25 - CBA - PC,31,2.0,84.82,14.0,2,0.0
152,2.0,2.5,H25 - CBA - Universell porter,14,2.0,84.82,14.0,2,0.0
152,2.0,2.5,H25 - CBA - Universell porter,14,2.0,84.82,14.0,1,0.0
152,2.0,2.5,H25 - CBA - Universell porter,14,2.0,84.82,14.0,4,0.0
152,2.0,2.5,H25 - CBA - Universell porter,14,2.0,84.82,14.0,5,0.0
152,2.0,2.5,H25 - CBA - Universell porter,14,2.0,84.82,14.0,3,100.0
152,2.0,2.6,H25 - CBA - Pipeline ytelse,17,2.0,84.82,14.0,1,0.0
152,2.0,2.6,H25 - CBA - Pipeline ytelse,17,2.0,84.82,14.0,4,100.0
152,2.0,2.6,H25 - CBA - Pipeline ytelse,17,2.0,84.82,14.0,2,0.0
152,2.0,2.6,H25 - CBA - Pipeline ytelse,17,2.0,84.82,14.0,5,0.0
152,2.0,2.6,H25 - CBA - Pipeline ytelse,17,2.0,84.82,14.0,3,0.0
152,2.0,2.7,H25 - CBA - Seriell Adder,29,2.0,84.82,14.0,3,0.0
152,2.0,2.7,H25 - CBA - Seriell Adder,29,2.0,84.82,14.0,4,0.0
152,2.0,2.7,H25 - CBA - Seriell Adder,29,2.0,84.82,14.0,5,0.0
152,2.0,2.7,H25 - CBA - Seriell Adder,29,2.0,84.82,14.0,1,0.0
152,2.0,2.7,H25 - CBA - Seriell Adder,29,2.0,84.82,14.0,2,100.0
432,2.0,2.1,H25 - CBA - Cache-miss,31,2.0,74.32,14.0,4,0.0
432,2.0,2.1,H25 - CBA - Cache-miss,31,2.0,74.32,14.0,1,0.0
432,2.0,2.1,H25 - CBA - Cache-miss,31,2.0,74.32,14.0,3,0.0
432,2.0,2.1,H25 - CBA - Cache-miss,31,2.0,74.32,14.0,5,0.0
432,2.0,2.1,H25 - CBA - Cache-miss,31,2.0,74.32,14.0,2,100.0
432,2.0,2.2,H25 - CBA - Adder,27,2.0,74.32,14.0,1,0.0
432,2.0,2.2,H25 - CBA - Adder,27,2.0,74.32,14.0,2,100.0
432,2.0,2.2,H25 - CBA - Adder,27,2.0,74.32,14.0,4,0.0
432,2.0,2.2,H25 - CBA - Adder,27,2.0,74.32,14.0,3,0.0
432,2.0,2.2,H25 - CBA - Adder,27,2.0,74.32,14.0,5,0.0
432,2.0,2.3,H25 - CBA - ALU,69,2.0,74.32,14.0,4,25.0
432,2.0,2.3,H25 - CBA - ALU,69,2.0,74.32,14.0,1,75.0
432,2.0,2.3,H25 - CBA - ALU,69,2.0,74.32,14.0,2,0.0
432,2.0,2.3,H25 - CBA - ALU,69,2.0,74.32,14.0,3,0.0
432,2.0,2.3,H25 - CBA - ALU,69,2.0,74.32,14.0,5,0.0
432,2.0,2.4,H25 - CBA - PC,90,2.0,74.32,14.0,3,25.0
432,2.0,2.4,H25 - CBA - PC,90,2.0,74.32,14.0,5,0.0
432,2.0,2.4,H25 - CBA - PC,90,2.0,74.32,14.0,1,75.0
432,2.0,2.4,H25 - CBA - PC,90,2.0,74.32,14.0,4,0.0
432,2.0,2.4,H25 - CBA - PC,90,2.0,74.32,14.0,2,0.0
432,2.0,2.5,H25 - CBA - Universell porter,20,2.0,74.32,14.0,3,100.0
432,2.0,2.5,H25 - CBA - Universell porter,20,2.0,74.32,14.0,4,0.0
432,2.0,2.5,H25 - CBA - Universell porter,20,2.0,74.32,14.0,2,0.0
432,2.0,2.5,H25 - CBA - Universell porter,20,2.0,74.32,14.0,1,0.0
432,2.0,2.5,H25 - CBA - Universell porter,20,2.0,74.32,14.0,5,0.0
432,2.0,2.6,H25 - CBA - Pipeline ytelse,31,2.0,74.32,14.0,4,100.0
432,2.0,2.6,H25 - CBA - Pipeline ytelse,31,2.0,74.32,14.0,2,0.0
432,2.0,2.6,H25 - CBA - Pipeline ytelse,31,2.0,74.32,14.0,3,0.0
432,2.0,2.6,H25 - CBA - Pipeline ytelse,31,2.0,74.32,14.0,1,0.0
432,2.0,2.6,H25 - CBA - Pipeline ytelse,31,2.0,74.32,14.0,5,0.0
432,2.0,2.7,H25 - CBA - Seriell Adder,70,2.0,74.32,14.0,1,75.0
432,2.0,2.7,H25 - CBA - Seriell Adder,70,2.0,74.32,14.0,5,0.0
432,2.0,2.7,H25 - CBA - Seriell Adder,70,2.0,74.32,14.0,4,25.0
432,2.0,2.7,H25 - CBA - Seriell Adder,70,2.0,74.32,14.0,2,0.0
432,2.0,2.7,H25 - CBA - Seriell Adder,70,2.0,74.32,14.0,3,0.0
101,2.0,2.1,H25 - CBA - Cache-miss,59,2.0,68.65,14.0,2,100.0
101,2.0,2.1,H25 - CBA - Cache-miss,59,2.0,68.65,14.0,5,0.0
101,2.0,2.1,H25 - CBA - Cache-miss,59,2.0,68.65,14.0,4,0.0
101,2.0,2.1,H25 - CBA - Cache-miss,59,2.0,68.65,14.0,1,0.0
101,2.0,2.1,H25 - CBA - Cache-miss,59,2.0,68.65,14.0,3,0.0
101,2.0,2.2,H25 - CBA - Adder,55,2.0,68.65,14.0,2,100.0
101,2.0,2.2,H25 - CBA - Adder,55,2.0,68.65,14.0,1,0.0
101,2.0,2.2,H25 - CBA - Adder,55,2.0,68.65,14.0,3,0.0
101,2.0,2.2,H25 - CBA - Adder,55,2.0,68.65,14.0,5,0.0
101,2.0,2.2,H25 - CBA - Adder,55,2.0,68.65,14.0,4,0.0
101,2.0,2.3,H25 - CBA - ALU,48,2.0,68.65,14.0,1,100.0
101,2.0,2.3,H25 - CBA - ALU,48,2.0,68.65,14.0,3,0.0
101,2.0,2.3,H25 - CBA - ALU,48,2.0,68.65,14.0,5,0.0
101,2.0,2.3,H25 - CBA - ALU,48,2.0,68.65,14.0,2,0.0
101,2.0,2.3,H25 - CBA - ALU,48,2.0,68.65,14.0,4,0.0
101,2.0,2.4,H25 - CBA - PC,47,2.0,68.65,14.0,2,100.0
101,2.0,2.4,H25 - CBA - PC,47,2.0,68.65,14.0,4,0.0
101,2.0,2.4,H25 - CBA - PC,47,2.0,68.65,14.0,3,0.0
101,2.0,2.4,H25 - CBA - PC,47,2.0,68.65,14.0,5,0.0
101,2.0,2.4,H25 - CBA - PC,47,2.0,68.65,14.0,1,0.0
101,2.0,2.5,H25 - CBA - Universell porter,26,2.0,68.65,14.0,3,100.0
101,2.0,2.5,H25 - CBA - Universell porter,26,2.0,68.65,14.0,5,0.0
101,2.0,2.5,H25 - CBA - Universell porter,26,2.0,68.65,14.0,4,0.0
101,2.0,2.5,H25 - CBA - Universell porter,26,2.0,68.65,14.0,2,0.0
101,2.0,2.5,H25 - CBA - Universell porter,26,2.0,68.65,14.0,1,0.0
101,2.0,2.6,H25 - CBA - Pipeline ytelse,76,2.0,68.65,14.0,4,100.0
101,2.0,2.6,H25 - CBA - Pipeline ytelse,76,2.0,68.65,14.0,1,0.0
101,2.0,2.6,H25 - CBA - Pipeline ytelse,76,2.0,68.65,14.0,2,0.0
101,2.0,2.6,H25 - CBA - Pipeline ytelse,76,2.0,68.65,14.0,3,0.0
101,2.0,2.6,H25 - CBA - Pipeline ytelse,76,2.0,68.65,14.0,5,0.0
101,2.0,2.7,H25 - CBA - Seriell Adder,75,2.0,68.65,14.0,2,100.0
101,2.0,2.7,H25 - CBA - Seriell Adder,75,2.0,68.65,14.0,4,0.0
101,2.0,2.7,H25 - CBA - Seriell Adder,75,2.0,68.65,14.0,1,0.0
101,2.0,2.7,H25 - CBA - Seriell Adder,75,2.0,68.65,14.0,5,0.0
101,2.0,2.7,H25 - CBA - Seriell Adder,75,2.0,68.65,14.0,3,0.0
341,2.0,2.1,H25 - CBA - Cache-miss,208,2.0,78.32,14.0,2,100.0
341,2.0,2.1,H25 - CBA - Cache-miss,208,2.0,78.32,14.0,3,0.0
341,2.0,2.1,H25 - CBA - Cache-miss,208,2.0,78.32,14.0,5,0.0
341,2.0,2.1,H25 - CBA - Cache-miss,208,2.0,78.32,14.0,4,0.0
341,2.0,2.1,H25 - CBA - Cache-miss,208,2.0,78.32,14.0,1,0.0
341,2.0,2.2,H25 - CBA - Adder,95,2.0,78.32,14.0,2,100.0
341,2.0,2.2,H25 - CBA - Adder,95,2.0,78.32,14.0,3,0.0
341,2.0,2.2,H25 - CBA - Adder,95,2.0,78.32,14.0,5,0.0
341,2.0,2.2,H25 - CBA - Adder,95,2.0,78.32,14.0,4,0.0
341,2.0,2.2,H25 - CBA - Adder,95,2.0,78.32,14.0,1,0.0
341,2.0,2.3,H25 - CBA - ALU,112,2.0,78.32,14.0,2,25.0
341,2.0,2.3,H25 - CBA - ALU,112,2.0,78.32,14.0,1,75.0
341,2.0,2.3,H25 - CBA - ALU,112,2.0,78.32,14.0,3,0.0
341,2.0,2.3,H25 - CBA - ALU,112,2.0,78.32,14.0,5,0.0
341,2.0,2.3,H25 - CBA - ALU,112,2.0,78.32,14.0,4,0.0
341,2.0,2.4,H25 - CBA - PC,153,2.0,78.32,14.0,1,100.0
341,2.0,2.4,H25 - CBA - PC,153,2.0,78.32,14.0,2,0.0
341,2.0,2.4,H25 - CBA - PC,153,2.0,78.32,14.0,3,0.0
341,2.0,2.4,H25 - CBA - PC,153,2.0,78.32,14.0,4,0.0
341,2.0,2.4,H25 - CBA - PC,153,2.0,78.32,14.0,5,0.0
341,2.0,2.5,H25 - CBA - Universell porter,145,2.0,78.32,14.0,3,75.0
341,2.0,2.5,H25 - CBA - Universell porter,145,2.0,78.32,14.0,5,25.0
341,2.0,2.5,H25 - CBA - Universell porter,145,2.0,78.32,14.0,2,0.0
341,2.0,2.5,H25 - CBA - Universell porter,145,2.0,78.32,14.0,4,0.0
341,2.0,2.5,H25 - CBA - Universell porter,145,2.0,78.32,14.0,1,0.0
341,2.0,2.6,H25 - CBA - Pipeline ytelse,235,2.0,78.32,14.0,5,0.0
341,2.0,2.6,H25 - CBA - Pipeline ytelse,235,2.0,78.32,14.0,3,0.0
341,2.0,2.6,H25 - CBA - Pipeline ytelse,235,2.0,78.32,14.0,4,100.0
341,2.0,2.6,H25 - CBA - Pipeline ytelse,235,2.0,78.32,14.0,1,0.0
341,2.0,2.6,H25 - CBA - Pipeline ytelse,235,2.0,78.32,14.0,2,0.0
341,2.0,2.7,H25 - CBA - Seriell Adder,161,2.0,78.32,14.0,2,50.0
341,2.0,2.7,H25 - CBA - Seriell Adder,161,2.0,78.32,14.0,4,50.0
341,2.0,2.7,H25 - CBA - Seriell Adder,161,2.0,78.32,14.0,3,0.0
341,2.0,2.7,H25 - CBA - Seriell Adder,161,2.0,78.32,14.0,1,0.0
341,2.0,2.7,H25 - CBA - Seriell Adder,161,2.0,78.32,14.0,5,0.0
428,2.0,2.1,H25 - CBA - Cache-miss,139,2.0,40.64,14.0,2,100.0
428,2.0,2.1,H25 - CBA - Cache-miss,139,2.0,40.64,14.0,1,0.0
428,2.0,2.1,H25 - CBA - Cache-miss,139,2.0,40.64,14.0,4,0.0
428,2.0,2.1,H25 - CBA - Cache-miss,139,2.0,40.64,14.0,3,0.0
428,2.0,2.1,H25 - CBA - Cache-miss,139,2.0,40.64,14.0,5,0.0
428,2.0,2.5,H25 - CBA - Universell porter,38,2.0,40.64,14.0,3,100.0
428,2.0,2.5,H25 - CBA - Universell porter,38,2.0,40.64,14.0,2,0.0
428,2.0,2.5,H25 - CBA - Universell porter,38,2.0,40.64,14.0,5,0.0
428,2.0,2.5,H25 - CBA - Universell porter,38,2.0,40.64,14.0,4,0.0
428,2.0,2.5,H25 - CBA - Universell porter,38,2.0,40.64,14.0,1,0.0
377,2.0,2.1,H25 - CBA - Cache-miss,45,2.0,89.0,14.0,2,100.0
377,2.0,2.1,H25 - CBA - Cache-miss,45,2.0,89.0,14.0,5,0.0
377,2.0,2.1,H25 - CBA - Cache-miss,45,2.0,89.0,14.0,4,0.0
377,2.0,2.1,H25 - CBA - Cache-miss,45,2.0,89.0,14.0,1,0.0
377,2.0,2.1,H25 - CBA - Cache-miss,45,2.0,89.0,14.0,3,0.0
377,2.0,2.2,H25 - CBA - Adder,32,2.0,89.0,14.0,2,100.0
377,2.0,2.2,H25 - CBA - Adder,32,2.0,89.0,14.0,4,0.0
377,2.0,2.2,H25 - CBA - Adder,32,2.0,89.0,14.0,5,0.0
377,2.0,2.2,H25 - CBA - Adder,32,2.0,89.0,14.0,3,0.0
377,2.0,2.2,H25 - CBA - Adder,32,2.0,89.0,14.0,1,0.0
377,2.0,2.3,H25 - CBA - ALU,62,2.0,89.0,14.0,1,100.0
377,2.0,2.3,H25 - CBA - ALU,62,2.0,89.0,14.0,4,0.0
377,2.0,2.3,H25 - CBA - ALU,62,2.0,89.0,14.0,3,0.0
377,2.0,2.3,H25 - CBA - ALU,62,2.0,89.0,14.0,2,0.0
377,2.0,2.3,H25 - CBA - ALU,62,2.0,89.0,14.0,5,0.0
377,2.0,2.4,H25 - CBA - PC,218,2.0,89.0,14.0,1,0.0
377,2.0,2.4,H25 - CBA - PC,218,2.0,89.0,14.0,3,100.0
377,2.0,2.4,H25 - CBA - PC,218,2.0,89.0,14.0,4,0.0
377,2.0,2.4,H25 - CBA - PC,218,2.0,89.0,14.0,2,0.0
377,2.0,2.4,H25 - CBA - PC,218,2.0,89.0,14.0,5,0.0
377,2.0,2.5,H25 - CBA - Universell porter,47,2.0,89.0,14.0,3,100.0
377,2.0,2.5,H25 - CBA - Universell porter,47,2.0,89.0,14.0,4,0.0
377,2.0,2.5,H25 - CBA - Universell porter,47,2.0,89.0,14.0,2,0.0
377,2.0,2.5,H25 - CBA - Universell porter,47,2.0,89.0,14.0,1,0.0
377,2.0,2.5,H25 - CBA - Universell porter,47,2.0,89.0,14.0,5,0.0
377,2.0,2.6,H25 - CBA - Pipeline ytelse,40,2.0,89.0,14.0,4,100.0
377,2.0,2.6,H25 - CBA - Pipeline ytelse,40,2.0,89.0,14.0,2,0.0
377,2.0,2.6,H25 - CBA - Pipeline ytelse,40,2.0,89.0,14.0,5,0.0
377,2.0,2.6,H25 - CBA - Pipeline ytelse,40,2.0,89.0,14.0,1,0.0
377,2.0,2.6,H25 - CBA - Pipeline ytelse,40,2.0,89.0,14.0,3,0.0
377,2.0,2.7,H25 - CBA - Seriell Adder,181,2.0,89.0,14.0,5,0.0
377,2.0,2.7,H25 - CBA - Seriell Adder,181,2.0,89.0,14.0,1,0.0
377,2.0,2.7,H25 - CBA - Seriell Adder,181,2.0,89.0,14.0,4,0.0
377,2.0,2.7,H25 - CBA - Seriell Adder,181,2.0,89.0,14.0,2,100.0
377,2.0,2.7,H25 - CBA - Seriell Adder,181,2.0,89.0,14.0,3,0.0
205,2.0,2.1,H25 - CBA - Cache-miss,78,2.0,62.49,14.0,5,75.0
205,2.0,2.1,H25 - CBA - Cache-miss,78,2.0,62.49,14.0,4,0.0
205,2.0,2.1,H25 - CBA - Cache-miss,78,2.0,62.49,14.0,3,0.0
205,2.0,2.1,H25 - CBA - Cache-miss,78,2.0,62.49,14.0,2,25.0
205,2.0,2.1,H25 - CBA - Cache-miss,78,2.0,62.49,14.0,1,0.0
205,2.0,2.2,H25 - CBA - Adder,88,2.0,62.49,14.0,2,75.0
205,2.0,2.2,H25 - CBA - Adder,88,2.0,62.49,14.0,3,0.0
205,2.0,2.2,H25 - CBA - Adder,88,2.0,62.49,14.0,1,0.0
205,2.0,2.2,H25 - CBA - Adder,88,2.0,62.49,14.0,5,25.0
205,2.0,2.2,H25 - CBA - Adder,88,2.0,62.49,14.0,4,0.0
205,2.0,2.3,H25 - CBA - ALU,54,2.0,62.49,14.0,1,75.0
205,2.0,2.3,H25 - CBA - ALU,54,2.0,62.49,14.0,5,25.0
205,2.0,2.3,H25 - CBA - ALU,54,2.0,62.49,14.0,3,0.0
205,2.0,2.3,H25 - CBA - ALU,54,2.0,62.49,14.0,4,0.0
205,2.0,2.3,H25 - CBA - ALU,54,2.0,62.49,14.0,2,0.0
205,2.0,2.4,H25 - CBA - PC,78,2.0,62.49,14.0,3,75.0
205,2.0,2.4,H25 - CBA - PC,78,2.0,62.49,14.0,1,25.0
205,2.0,2.4,H25 - CBA - PC,78,2.0,62.49,14.0,4,0.0
205,2.0,2.4,H25 - CBA - PC,78,2.0,62.49,14.0,5,0.0
205,2.0,2.4,H25 - CBA - PC,78,2.0,62.49,14.0,2,0.0
205,2.0,2.5,H25 - CBA - Universell porter,43,2.0,62.49,14.0,3,100.0
205,2.0,2.5,H25 - CBA - Universell porter,43,2.0,62.49,14.0,1,0.0
205,2.0,2.5,H25 - CBA - Universell porter,43,2.0,62.49,14.0,4,0.0
205,2.0,2.5,H25 - CBA - Universell porter,43,2.0,62.49,14.0,2,0.0
205,2.0,2.5,H25 - CBA - Universell porter,43,2.0,62.49,14.0,5,0.0
205,2.0,2.6,H25 - CBA - Pipeline ytelse,39,2.0,62.49,14.0,1,100.0
205,2.0,2.6,H25 - CBA - Pipeline ytelse,39,2.0,62.49,14.0,5,0.0
205,2.0,2.6,H25 - CBA - Pipeline ytelse,39,2.0,62.49,14.0,3,0.0
205,2.0,2.6,H25 - CBA - Pipeline ytelse,39,2.0,62.49,14.0,4,0.0
205,2.0,2.6,H25 - CBA - Pipeline ytelse,39,2.0,62.49,14.0,2,0.0
205,2.0,2.7,H25 - CBA - Seriell Adder,60,2.0,62.49,14.0,2,100.0
205,2.0,2.7,H25 - CBA - Seriell Adder,60,2.0,62.49,14.0,4,0.0
205,2.0,2.7,H25 - CBA - Seriell Adder,60,2.0,62.49,14.0,1,0.0
205,2.0,2.7,H25 - CBA - Seriell Adder,60,2.0,62.49,14.0,5,0.0
205,2.0,2.7,H25 - CBA - Seriell Adder,60,2.0,62.49,14.0,3,0.0
52,2.0,2.1,H25 - CBA - Cache-miss,78,2.0,77.64,14.0,2,100.0
52,2.0,2.1,H25 - CBA - Cache-miss,78,2.0,77.64,14.0,3,0.0
52,2.0,2.1,H25 - CBA - Cache-miss,78,2.0,77.64,14.0,1,0.0
52,2.0,2.1,H25 - CBA - Cache-miss,78,2.0,77.64,14.0,4,0.0
52,2.0,2.1,H25 - CBA - Cache-miss,78,2.0,77.64,14.0,5,0.0
52,2.0,2.2,H25 - CBA - Adder,104,2.0,77.64,14.0,2,100.0
52,2.0,2.2,H25 - CBA - Adder,104,2.0,77.64,14.0,5,0.0
52,2.0,2.2,H25 - CBA - Adder,104,2.0,77.64,14.0,4,0.0
52,2.0,2.2,H25 - CBA - Adder,104,2.0,77.64,14.0,3,0.0
52,2.0,2.2,H25 - CBA - Adder,104,2.0,77.64,14.0,1,0.0
52,2.0,2.3,H25 - CBA - ALU,69,2.0,77.64,14.0,1,100.0
52,2.0,2.3,H25 - CBA - ALU,69,2.0,77.64,14.0,4,0.0
52,2.0,2.3,H25 - CBA - ALU,69,2.0,77.64,14.0,2,0.0
52,2.0,2.3,H25 - CBA - ALU,69,2.0,77.64,14.0,5,0.0
52,2.0,2.3,H25 - CBA - ALU,69,2.0,77.64,14.0,3,0.0
52,2.0,2.4,H25 - CBA - PC,121,2.0,77.64,14.0,1,50.0
52,2.0,2.4,H25 - CBA - PC,121,2.0,77.64,14.0,3,0.0
52,2.0,2.4,H25 - CBA - PC,121,2.0,77.64,14.0,5,0.0
52,2.0,2.4,H25 - CBA - PC,121,2.0,77.64,14.0,2,50.0
52,2.0,2.4,H25 - CBA - PC,121,2.0,77.64,14.0,4,0.0
52,2.0,2.5,H25 - CBA - Universell porter,16,2.0,77.64,14.0,3,100.0
52,2.0,2.5,H25 - CBA - Universell porter,16,2.0,77.64,14.0,5,0.0
52,2.0,2.5,H25 - CBA - Universell porter,16,2.0,77.64,14.0,1,0.0
52,2.0,2.5,H25 - CBA - Universell porter,16,2.0,77.64,14.0,2,0.0
52,2.0,2.5,H25 - CBA - Universell porter,16,2.0,77.64,14.0,4,0.0
52,2.0,2.6,H25 - CBA - Pipeline ytelse,94,2.0,77.64,14.0,4,100.0
52,2.0,2.6,H25 - CBA - Pipeline ytelse,94,2.0,77.64,14.0,1,0.0
52,2.0,2.6,H25 - CBA - Pipeline ytelse,94,2.0,77.64,14.0,3,0.0
52,2.0,2.6,H25 - CBA - Pipeline ytelse,94,2.0,77.64,14.0,2,0.0
52,2.0,2.6,H25 - CBA - Pipeline ytelse,94,2.0,77.64,14.0,5,0.0
52,2.0,2.7,H25 - CBA - Seriell Adder,76,2.0,77.64,14.0,2,75.0
52,2.0,2.7,H25 - CBA - Seriell Adder,76,2.0,77.64,14.0,5,0.0
52,2.0,2.7,H25 - CBA - Seriell Adder,76,2.0,77.64,14.0,3,25.0
52,2.0,2.7,H25 - CBA - Seriell Adder,76,2.0,77.64,14.0,1,0.0
52,2.0,2.7,H25 - CBA - Seriell Adder,76,2.0,77.64,14.0,4,0.0
108,2.0,2.1,H25 - CBA - Cache-miss,64,2.0,56.34,14.0,2,100.0
108,2.0,2.1,H25 - CBA - Cache-miss,64,2.0,56.34,14.0,4,0.0
108,2.0,2.1,H25 - CBA - Cache-miss,64,2.0,56.34,14.0,3,0.0
108,2.0,2.1,H25 - CBA - Cache-miss,64,2.0,56.34,14.0,5,0.0
108,2.0,2.1,H25 - CBA - Cache-miss,64,2.0,56.34,14.0,1,0.0
108,2.0,2.2,H25 - CBA - Adder,22,2.0,56.34,14.0,2,100.0
108,2.0,2.2,H25 - CBA - Adder,22,2.0,56.34,14.0,5,0.0
108,2.0,2.2,H25 - CBA - Adder,22,2.0,56.34,14.0,4,0.0
108,2.0,2.2,H25 - CBA - Adder,22,2.0,56.34,14.0,1,0.0
108,2.0,2.2,H25 - CBA - Adder,22,2.0,56.34,14.0,3,0.0
108,2.0,2.3,H25 - CBA - ALU,57,2.0,56.34,14.0,5,100.0
108,2.0,2.3,H25 - CBA - ALU,57,2.0,56.34,14.0,3,0.0
108,2.0,2.3,H25 - CBA - ALU,57,2.0,56.34,14.0,2,0.0
108,2.0,2.3,H25 - CBA - ALU,57,2.0,56.34,14.0,1,0.0
108,2.0,2.3,H25 - CBA - ALU,57,2.0,56.34,14.0,4,0.0
108,2.0,2.4,H25 - CBA - PC,50,2.0,56.34,14.0,1,50.0
108,2.0,2.4,H25 - CBA - PC,50,2.0,56.34,14.0,3,50.0
108,2.0,2.4,H25 - CBA - PC,50,2.0,56.34,14.0,5,0.0
108,2.0,2.4,H25 - CBA - PC,50,2.0,56.34,14.0,2,0.0
108,2.0,2.4,H25 - CBA - PC,50,2.0,56.34,14.0,4,0.0
108,2.0,2.5,H25 - CBA - Universell porter,58,2.0,56.34,14.0,3,100.0
108,2.0,2.5,H25 - CBA - Universell porter,58,2.0,56.34,14.0,5,0.0
108,2.0,2.5,H25 - CBA - Universell porter,58,2.0,56.34,14.0,4,0.0
108,2.0,2.5,H25 - CBA - Universell porter,58,2.0,56.34,14.0,2,0.0
108,2.0,2.5,H25 - CBA - Universell porter,58,2.0,56.34,14.0,1,0.0
108,2.0,2.6,H25 - CBA - Pipeline ytelse,62,2.0,56.34,14.0,4,100.0
108,2.0,2.6,H25 - CBA - Pipeline ytelse,62,2.0,56.34,14.0,1,0.0
108,2.0,2.6,H25 - CBA - Pipeline ytelse,62,2.0,56.34,14.0,2,0.0
108,2.0,2.6,H25 - CBA - Pipeline ytelse,62,2.0,56.34,14.0,5,0.0
108,2.0,2.6,H25 - CBA - Pipeline ytelse,62,2.0,56.34,14.0,3,0.0
108,2.0,2.7,H25 - CBA - Seriell Adder,46,2.0,56.34,14.0,2,100.0
108,2.0,2.7,H25 - CBA - Seriell Adder,46,2.0,56.34,14.0,4,0.0
108,2.0,2.7,H25 - CBA - Seriell Adder,46,2.0,56.34,14.0,1,0.0
108,2.0,2.7,H25 - CBA - Seriell Adder,46,2.0,56.34,14.0,5,0.0
108,2.0,2.7,H25 - CBA - Seriell Adder,46,2.0,56.34,14.0,3,0.0
345,2.0,2.1,H25 - CBA - Cache-miss,135,2.0,52.48,14.0,2,50.0
345,2.0,2.1,H25 - CBA - Cache-miss,135,2.0,52.48,14.0,5,50.0
345,2.0,2.1,H25 - CBA - Cache-miss,135,2.0,52.48,14.0,3,0.0
345,2.0,2.1,H25 - CBA - Cache-miss,135,2.0,52.48,14.0,1,0.0
345,2.0,2.1,H25 - CBA - Cache-miss,135,2.0,52.48,14.0,4,0.0
345,2.0,2.2,H25 - CBA - Adder,31,2.0,52.48,14.0,2,100.0
345,2.0,2.2,H25 - CBA - Adder,31,2.0,52.48,14.0,3,0.0
345,2.0,2.2,H25 - CBA - Adder,31,2.0,52.48,14.0,1,0.0
345,2.0,2.2,H25 - CBA - Adder,31,2.0,52.48,14.0,5,0.0
345,2.0,2.2,H25 - CBA - Adder,31,2.0,52.48,14.0,4,0.0
345,2.0,2.3,H25 - CBA - ALU,172,2.0,52.48,14.0,4,50.0
345,2.0,2.3,H25 - CBA - ALU,172,2.0,52.48,14.0,3,0.0
345,2.0,2.3,H25 - CBA - ALU,172,2.0,52.48,14.0,1,50.0
345,2.0,2.3,H25 - CBA - ALU,172,2.0,52.48,14.0,5,0.0
345,2.0,2.3,H25 - CBA - ALU,172,2.0,52.48,14.0,2,0.0
345,2.0,2.4,H25 - CBA - PC,54,2.0,52.48,14.0,2,25.0
345,2.0,2.4,H25 - CBA - PC,54,2.0,52.48,14.0,3,50.0
345,2.0,2.4,H25 - CBA - PC,54,2.0,52.48,14.0,5,0.0
345,2.0,2.4,H25 - CBA - PC,54,2.0,52.48,14.0,4,0.0
345,2.0,2.4,H25 - CBA - PC,54,2.0,52.48,14.0,1,25.0
345,2.0,2.5,H25 - CBA - Universell porter,33,2.0,52.48,14.0,3,100.0
345,2.0,2.5,H25 - CBA - Universell porter,33,2.0,52.48,14.0,1,0.0
345,2.0,2.5,H25 - CBA - Universell porter,33,2.0,52.48,14.0,5,0.0
345,2.0,2.5,H25 - CBA - Universell porter,33,2.0,52.48,14.0,2,0.0
345,2.0,2.5,H25 - CBA - Universell porter,33,2.0,52.48,14.0,4,0.0
345,2.0,2.6,H25 - CBA - Pipeline ytelse,67,2.0,52.48,14.0,1,0.0
345,2.0,2.6,H25 - CBA - Pipeline ytelse,67,2.0,52.48,14.0,2,0.0
345,2.0,2.6,H25 - CBA - Pipeline ytelse,67,2.0,52.48,14.0,4,50.0
345,2.0,2.6,H25 - CBA - Pipeline ytelse,67,2.0,52.48,14.0,5,0.0
345,2.0,2.6,H25 - CBA - Pipeline ytelse,67,2.0,52.48,14.0,3,50.0
345,2.0,2.7,H25 - CBA - Seriell Adder,74,2.0,52.48,14.0,5,0.0
345,2.0,2.7,H25 - CBA - Seriell Adder,74,2.0,52.48,14.0,4,50.0
345,2.0,2.7,H25 - CBA - Seriell Adder,74,2.0,52.48,14.0,1,25.0
345,2.0,2.7,H25 - CBA - Seriell Adder,74,2.0,52.48,14.0,3,0.0
345,2.0,2.7,H25 - CBA - Seriell Adder,74,2.0,52.48,14.0,2,25.0
510,2.0,2.1,H25 - CBA - Cache-miss,183,2.0,68.99,14.0,1,0.0
510,2.0,2.1,H25 - CBA - Cache-miss,183,2.0,68.99,14.0,3,0.0
510,2.0,2.1,H25 - CBA - Cache-miss,183,2.0,68.99,14.0,5,25.0
510,2.0,2.1,H25 - CBA - Cache-miss,183,2.0,68.99,14.0,2,75.0
510,2.0,2.1,H25 - CBA - Cache-miss,183,2.0,68.99,14.0,4,0.0
510,2.0,2.2,H25 - CBA - Adder,202,2.0,68.99,14.0,2,0.0
510,2.0,2.2,H25 - CBA - Adder,202,2.0,68.99,14.0,4,0.0
510,2.0,2.2,H25 - CBA - Adder,202,2.0,68.99,14.0,1,50.0
510,2.0,2.2,H25 - CBA - Adder,202,2.0,68.99,14.0,3,0.0
510,2.0,2.2,H25 - CBA - Adder,202,2.0,68.99,14.0,5,50.0
510,2.0,2.3,H25 - CBA - ALU,175,2.0,68.99,14.0,2,75.0
510,2.0,2.3,H25 - CBA - ALU,175,2.0,68.99,14.0,1,25.0
510,2.0,2.3,H25 - CBA - ALU,175,2.0,68.99,14.0,5,0.0
510,2.0,2.3,H25 - CBA - ALU,175,2.0,68.99,14.0,3,0.0
510,2.0,2.3,H25 - CBA - ALU,175,2.0,68.99,14.0,4,0.0
510,2.0,2.4,H25 - CBA - PC,148,2.0,68.99,14.0,4,0.0
510,2.0,2.4,H25 - CBA - PC,148,2.0,68.99,14.0,5,0.0
510,2.0,2.4,H25 - CBA - PC,148,2.0,68.99,14.0,3,25.0
510,2.0,2.4,H25 - CBA - PC,148,2.0,68.99,14.0,1,75.0
510,2.0,2.5,H25 - CBA - Universell porter,117,2.0,68.99,14.0,5,0.0
510,2.0,2.5,H25 - CBA - Universell porter,117,2.0,68.99,14.0,3,100.0
510,2.0,2.5,H25 - CBA - Universell porter,117,2.0,68.99,14.0,1,0.0
510,2.0,2.5,H25 - CBA - Universell porter,117,2.0,68.99,14.0,4,0.0
510,2.0,2.6,H25 - CBA - Pipeline ytelse,191,2.0,68.99,14.0,2,0.0
510,2.0,2.6,H25 - CBA - Pipeline ytelse,191,2.0,68.99,14.0,4,75.0
510,2.0,2.6,H25 - CBA - Pipeline ytelse,191,2.0,68.99,14.0,3,25.0
510,2.0,2.6,H25 - CBA - Pipeline ytelse,191,2.0,68.99,14.0,1,0.0
510,2.0,2.6,H25 - CBA - Pipeline ytelse,191,2.0,68.99,14.0,5,0.0
510,2.0,2.7,H25 - CBA - Seriell Adder,187,2.0,68.99,14.0,1,0.0
510,2.0,2.7,H25 - CBA - Seriell Adder,187,2.0,68.99,14.0,5,0.0
510,2.0,2.7,H25 - CBA - Seriell Adder,187,2.0,68.99,14.0,3,0.0
510,2.0,2.7,H25 - CBA - Seriell Adder,187,2.0,68.99,14.0,2,100.0
510,2.0,2.7,H25 - CBA - Seriell Adder,187,2.0,68.99,14.0,4,0.0
84,2.0,2.1,H25 - CBA - Cache-miss,198,0.0,76.03,8.0,2,50.0
84,2.0,2.1,H25 - CBA - Cache-miss,198,0.0,76.03,8.0,4,50.0
84,2.0,2.2,H25 - CBA - Adder,90,2.0,76.03,8.0,2,100.0
84,2.0,2.3,H25 - CBA - ALU,138,0.0,76.03,8.0,1,75.0
84,2.0,2.3,H25 - CBA - ALU,138,0.0,76.03,8.0,2,25.0
84,2.0,2.4,H25 - CBA - PC,158,0.0,76.03,8.0,3,100.0
84,2.0,2.4,H25 - CBA - PC,158,0.0,76.03,8.0,1,0.0
84,2.0,2.5,H25 - CBA - Universell porter,159,2.0,76.03,8.0,3,100.0
84,2.0,2.5,H25 - CBA - Universell porter,159,2.0,76.03,8.0,5,0.0
84,2.0,2.6,H25 - CBA - Pipeline ytelse,49,2.0,76.03,8.0,4,100.0
84,2.0,2.7,H25 - CBA - Seriell Adder,110,2.0,76.03,8.0,2,100.0
104,2.0,2.1,H25 - CBA - Cache-miss,50,2.0,71.15,14.0,2,100.0
104,2.0,2.1,H25 - CBA - Cache-miss,50,2.0,71.15,14.0,1,0.0
104,2.0,2.1,H25 - CBA - Cache-miss,50,2.0,71.15,14.0,3,0.0
104,2.0,2.1,H25 - CBA - Cache-miss,50,2.0,71.15,14.0,5,0.0
104,2.0,2.1,H25 - CBA - Cache-miss,50,2.0,71.15,14.0,4,0.0
104,2.0,2.2,H25 - CBA - Adder,32,2.0,71.15,14.0,2,100.0
104,2.0,2.2,H25 - CBA - Adder,32,2.0,71.15,14.0,4,0.0
104,2.0,2.2,H25 - CBA - Adder,32,2.0,71.15,14.0,5,0.0
104,2.0,2.2,H25 - CBA - Adder,32,2.0,71.15,14.0,1,0.0
104,2.0,2.2,H25 - CBA - Adder,32,2.0,71.15,14.0,3,0.0
104,2.0,2.3,H25 - CBA - ALU,23,2.0,71.15,14.0,1,100.0
104,2.0,2.3,H25 - CBA - ALU,23,2.0,71.15,14.0,5,0.0
104,2.0,2.3,H25 - CBA - ALU,23,2.0,71.15,14.0,2,0.0
104,2.0,2.3,H25 - CBA - ALU,23,2.0,71.15,14.0,3,0.0
104,2.0,2.3,H25 - CBA - ALU,23,2.0,71.15,14.0,4,0.0
104,2.0,2.4,H25 - CBA - PC,72,2.0,71.15,14.0,3,100.0
104,2.0,2.4,H25 - CBA - PC,72,2.0,71.15,14.0,4,0.0
104,2.0,2.4,H25 - CBA - PC,72,2.0,71.15,14.0,2,0.0
104,2.0,2.4,H25 - CBA - PC,72,2.0,71.15,14.0,5,0.0
104,2.0,2.4,H25 - CBA - PC,72,2.0,71.15,14.0,1,0.0
104,2.0,2.5,H25 - CBA - Universell porter,21,2.0,71.15,14.0,3,100.0
104,2.0,2.5,H25 - CBA - Universell porter,21,2.0,71.15,14.0,2,0.0
104,2.0,2.5,H25 - CBA - Universell porter,21,2.0,71.15,14.0,1,0.0
104,2.0,2.5,H25 - CBA - Universell porter,21,2.0,71.15,14.0,4,0.0
104,2.0,2.5,H25 - CBA - Universell porter,21,2.0,71.15,14.0,5,0.0
104,2.0,2.6,H25 - CBA - Pipeline ytelse,49,2.0,71.15,14.0,4,100.0
104,2.0,2.6,H25 - CBA - Pipeline ytelse,49,2.0,71.15,14.0,5,0.0
104,2.0,2.6,H25 - CBA - Pipeline ytelse,49,2.0,71.15,14.0,3,0.0
104,2.0,2.6,H25 - CBA - Pipeline ytelse,49,2.0,71.15,14.0,1,0.0
104,2.0,2.6,H25 - CBA - Pipeline ytelse,49,2.0,71.15,14.0,2,0.0
104,2.0,2.7,H25 - CBA - Seriell Adder,17,2.0,71.15,14.0,2,100.0
104,2.0,2.7,H25 - CBA - Seriell Adder,17,2.0,71.15,14.0,5,0.0
104,2.0,2.7,H25 - CBA - Seriell Adder,17,2.0,71.15,14.0,1,0.0
104,2.0,2.7,H25 - CBA - Seriell Adder,17,2.0,71.15,14.0,3,0.0
104,2.0,2.7,H25 - CBA - Seriell Adder,17,2.0,71.15,14.0,4,0.0
6,2.0,2.1,H25 - CBA - Cache-miss,179,2.0,76.65,14.0,1,0.0
6,2.0,2.1,H25 - CBA - Cache-miss,179,2.0,76.65,14.0,3,25.0
6,2.0,2.1,H25 - CBA - Cache-miss,179,2.0,76.65,14.0,4,0.0
6,2.0,2.1,H25 - CBA - Cache-miss,179,2.0,76.65,14.0,5,75.0
6,2.0,2.1,H25 - CBA - Cache-miss,179,2.0,76.65,14.0,2,0.0
6,2.0,2.2,H25 - CBA - Adder,50,2.0,76.65,14.0,2,100.0
6,2.0,2.2,H25 - CBA - Adder,50,2.0,76.65,14.0,5,0.0
6,2.0,2.2,H25 - CBA - Adder,50,2.0,76.65,14.0,3,0.0
6,2.0,2.2,H25 - CBA - Adder,50,2.0,76.65,14.0,1,0.0
6,2.0,2.2,H25 - CBA - Adder,50,2.0,76.65,14.0,4,0.0
6,2.0,2.3,H25 - CBA - ALU,146,2.0,76.65,14.0,4,0.0
6,2.0,2.3,H25 - CBA - ALU,146,2.0,76.65,14.0,5,0.0
6,2.0,2.3,H25 - CBA - ALU,146,2.0,76.65,14.0,3,0.0
6,2.0,2.3,H25 - CBA - ALU,146,2.0,76.65,14.0,2,50.0
6,2.0,2.3,H25 - CBA - ALU,146,2.0,76.65,14.0,1,50.0
6,2.0,2.4,H25 - CBA - PC,110,2.0,76.65,14.0,1,100.0
6,2.0,2.4,H25 - CBA - PC,110,2.0,76.65,14.0,2,0.0
6,2.0,2.4,H25 - CBA - PC,110,2.0,76.65,14.0,5,0.0
6,2.0,2.4,H25 - CBA - PC,110,2.0,76.65,14.0,4,0.0
6,2.0,2.4,H25 - CBA - PC,110,2.0,76.65,14.0,3,0.0
6,2.0,2.5,H25 - CBA - Universell porter,78,2.0,76.65,14.0,4,0.0
6,2.0,2.5,H25 - CBA - Universell porter,78,2.0,76.65,14.0,1,0.0
6,2.0,2.5,H25 - CBA - Universell porter,78,2.0,76.65,14.0,5,0.0
6,2.0,2.5,H25 - CBA - Universell porter,78,2.0,76.65,14.0,2,0.0
6,2.0,2.5,H25 - CBA - Universell porter,78,2.0,76.65,14.0,3,100.0
6,2.0,2.6,H25 - CBA - Pipeline ytelse,123,2.0,76.65,14.0,4,100.0
6,2.0,2.6,H25 - CBA - Pipeline ytelse,123,2.0,76.65,14.0,2,0.0
6,2.0,2.6,H25 - CBA - Pipeline ytelse,123,2.0,76.65,14.0,5,0.0
6,2.0,2.6,H25 - CBA - Pipeline ytelse,123,2.0,76.65,14.0,1,0.0
6,2.0,2.6,H25 - CBA - Pipeline ytelse,123,2.0,76.65,14.0,3,0.0
6,2.0,2.7,H25 - CBA - Seriell Adder,99,2.0,76.65,14.0,2,100.0
236,2.0,2.1,H25 - CBA - Cache-miss,145,2.0,64.49,14.0,2,25.0
236,2.0,2.1,H25 - CBA - Cache-miss,145,2.0,64.49,14.0,4,0.0
236,2.0,2.1,H25 - CBA - Cache-miss,145,2.0,64.49,14.0,3,25.0
236,2.0,2.1,H25 - CBA - Cache-miss,145,2.0,64.49,14.0,5,50.0
236,2.0,2.1,H25 - CBA - Cache-miss,145,2.0,64.49,14.0,1,0.0
236,2.0,2.2,H25 - CBA - Adder,79,2.0,64.49,14.0,1,0.0
236,2.0,2.2,H25 - CBA - Adder,79,2.0,64.49,14.0,3,0.0
236,2.0,2.2,H25 - CBA - Adder,79,2.0,64.49,14.0,4,25.0
236,2.0,2.2,H25 - CBA - Adder,79,2.0,64.49,14.0,5,75.0
236,2.0,2.2,H25 - CBA - Adder,79,2.0,64.49,14.0,2,0.0
236,2.0,2.3,H25 - CBA - ALU,105,2.0,64.49,14.0,1,50.0
236,2.0,2.3,H25 - CBA - ALU,105,2.0,64.49,14.0,2,25.0
236,2.0,2.3,H25 - CBA - ALU,105,2.0,64.49,14.0,4,0.0
236,2.0,2.3,H25 - CBA - ALU,105,2.0,64.49,14.0,5,25.0
236,2.0,2.3,H25 - CBA - ALU,105,2.0,64.49,14.0,3,0.0
236,2.0,2.4,H25 - CBA - PC,58,2.0,64.49,14.0,1,50.0
236,2.0,2.4,H25 - CBA - PC,58,2.0,64.49,14.0,4,0.0
236,2.0,2.4,H25 - CBA - PC,58,2.0,64.49,14.0,3,0.0
236,2.0,2.4,H25 - CBA - PC,58,2.0,64.49,14.0,2,50.0
236,2.0,2.4,H25 - CBA - PC,58,2.0,64.49,14.0,5,0.0
236,2.0,2.5,H25 - CBA - Universell porter,95,2.0,64.49,14.0,4,0.0
236,2.0,2.5,H25 - CBA - Universell porter,95,2.0,64.49,14.0,2,0.0
236,2.0,2.5,H25 - CBA - Universell porter,95,2.0,64.49,14.0,3,75.0
236,2.0,2.5,H25 - CBA - Universell porter,95,2.0,64.49,14.0,5,25.0
236,2.0,2.5,H25 - CBA - Universell porter,95,2.0,64.49,14.0,1,0.0
236,2.0,2.6,H25 - CBA - Pipeline ytelse,68,2.0,64.49,14.0,2,0.0
236,2.0,2.6,H25 - CBA - Pipeline ytelse,68,2.0,64.49,14.0,5,0.0
236,2.0,2.6,H25 - CBA - Pipeline ytelse,68,2.0,64.49,14.0,4,75.0
236,2.0,2.6,H25 - CBA - Pipeline ytelse,68,2.0,64.49,14.0,3,25.0
236,2.0,2.6,H25 - CBA - Pipeline ytelse,68,2.0,64.49,14.0,1,0.0
236,2.0,2.7,H25 - CBA - Seriell Adder,102,2.0,64.49,14.0,4,75.0
236,2.0,2.7,H25 - CBA - Seriell Adder,102,2.0,64.49,14.0,1,25.0
236,2.0,2.7,H25 - CBA - Seriell Adder,102,2.0,64.49,14.0,5,0.0
236,2.0,2.7,H25 - CBA - Seriell Adder,102,2.0,64.49,14.0,3,0.0
236,2.0,2.7,H25 - CBA - Seriell Adder,102,2.0,64.49,14.0,2,0.0
167,2.0,2.1,H25 - CBA - Cache-miss,80,2.0,54.68,14.0,4,50.0
167,2.0,2.1,H25 - CBA - Cache-miss,80,2.0,54.68,14.0,5,25.0
167,2.0,2.1,H25 - CBA - Cache-miss,80,2.0,54.68,14.0,2,25.0
167,2.0,2.1,H25 - CBA - Cache-miss,80,2.0,54.68,14.0,3,0.0
167,2.0,2.1,H25 - CBA - Cache-miss,80,2.0,54.68,14.0,1,0.0
167,2.0,2.2,H25 - CBA - Adder,56,2.0,54.68,14.0,5,100.0
167,2.0,2.2,H25 - CBA - Adder,56,2.0,54.68,14.0,1,0.0
167,2.0,2.2,H25 - CBA - Adder,56,2.0,54.68,14.0,4,0.0
167,2.0,2.2,H25 - CBA - Adder,56,2.0,54.68,14.0,3,0.0
167,2.0,2.2,H25 - CBA - Adder,56,2.0,54.68,14.0,2,0.0
167,2.0,2.3,H25 - CBA - ALU,75,2.0,54.68,14.0,1,50.0
167,2.0,2.3,H25 - CBA - ALU,75,2.0,54.68,14.0,5,25.0
167,2.0,2.3,H25 - CBA - ALU,75,2.0,54.68,14.0,2,0.0
167,2.0,2.3,H25 - CBA - ALU,75,2.0,54.68,14.0,3,25.0
167,2.0,2.3,H25 - CBA - ALU,75,2.0,54.68,14.0,4,0.0
167,2.0,2.4,H25 - CBA - PC,109,2.0,54.68,14.0,4,0.0
167,2.0,2.4,H25 - CBA - PC,109,2.0,54.68,14.0,1,0.0
167,2.0,2.4,H25 - CBA - PC,109,2.0,54.68,14.0,2,0.0
167,2.0,2.4,H25 - CBA - PC,109,2.0,54.68,14.0,5,0.0
167,2.0,2.4,H25 - CBA - PC,109,2.0,54.68,14.0,3,100.0
167,2.0,2.5,H25 - CBA - Universell porter,24,2.0,54.68,14.0,3,100.0
167,2.0,2.5,H25 - CBA - Universell porter,24,2.0,54.68,14.0,4,0.0
167,2.0,2.5,H25 - CBA - Universell porter,24,2.0,54.68,14.0,2,0.0
167,2.0,2.5,H25 - CBA - Universell porter,24,2.0,54.68,14.0,5,0.0
167,2.0,2.5,H25 - CBA - Universell porter,24,2.0,54.68,14.0,1,0.0
167,2.0,2.6,H25 - CBA - Pipeline ytelse,60,2.0,54.68,14.0,3,75.0
167,2.0,2.6,H25 - CBA - Pipeline ytelse,60,2.0,54.68,14.0,4,25.0
167,2.0,2.6,H25 - CBA - Pipeline ytelse,60,2.0,54.68,14.0,2,0.0
167,2.0,2.6,H25 - CBA - Pipeline ytelse,60,2.0,54.68,14.0,1,0.0
167,2.0,2.6,H25 - CBA - Pipeline ytelse,60,2.0,54.68,14.0,5,0.0
167,2.0,2.7,H25 - CBA - Seriell Adder,47,2.0,54.68,14.0,3,25.0
167,2.0,2.7,H25 - CBA - Seriell Adder,47,2.0,54.68,14.0,2,25.0
167,2.0,2.7,H25 - CBA - Seriell Adder,47,2.0,54.68,14.0,4,25.0
167,2.0,2.7,H25 - CBA - Seriell Adder,47,2.0,54.68,14.0,1,25.0
167,2.0,2.7,H25 - CBA - Seriell Adder,47,2.0,54.68,14.0,5,0.0
257,2.0,2.1,H25 - CBA - Cache-miss,32,2.0,83.98,14.0,3,0.0
257,2.0,2.1,H25 - CBA - Cache-miss,32,2.0,83.98,14.0,4,0.0
257,2.0,2.1,H25 - CBA - Cache-miss,32,2.0,83.98,14.0,2,100.0
257,2.0,2.1,H25 - CBA - Cache-miss,32,2.0,83.98,14.0,1,0.0
257,2.0,2.1,H25 - CBA - Cache-miss,32,2.0,83.98,14.0,5,0.0
257,2.0,2.2,H25 - CBA - Adder,18,2.0,83.98,14.0,2,100.0
257,2.0,2.2,H25 - CBA - Adder,18,2.0,83.98,14.0,3,0.0
257,2.0,2.2,H25 - CBA - Adder,18,2.0,83.98,14.0,4,0.0
257,2.0,2.2,H25 - CBA - Adder,18,2.0,83.98,14.0,1,0.0
257,2.0,2.2,H25 - CBA - Adder,18,2.0,83.98,14.0,5,0.0
257,2.0,2.3,H25 - CBA - ALU,46,2.0,83.98,14.0,2,50.0
257,2.0,2.3,H25 - CBA - ALU,46,2.0,83.98,14.0,4,0.0
257,2.0,2.3,H25 - CBA - ALU,46,2.0,83.98,14.0,3,0.0
257,2.0,2.3,H25 - CBA - ALU,46,2.0,83.98,14.0,1,50.0
257,2.0,2.3,H25 - CBA - ALU,46,2.0,83.98,14.0,5,0.0
257,2.0,2.4,H25 - CBA - PC,63,2.0,83.98,14.0,3,0.0
257,2.0,2.4,H25 - CBA - PC,63,2.0,83.98,14.0,1,50.0
257,2.0,2.4,H25 - CBA - PC,63,2.0,83.98,14.0,2,50.0
257,2.0,2.4,H25 - CBA - PC,63,2.0,83.98,14.0,5,0.0
257,2.0,2.4,H25 - CBA - PC,63,2.0,83.98,14.0,4,0.0
257,2.0,2.5,H25 - CBA - Universell porter,25,2.0,83.98,14.0,3,100.0
257,2.0,2.5,H25 - CBA - Universell porter,25,2.0,83.98,14.0,1,0.0
257,2.0,2.5,H25 - CBA - Universell porter,25,2.0,83.98,14.0,4,0.0
257,2.0,2.5,H25 - CBA - Universell porter,25,2.0,83.98,14.0,5,0.0
257,2.0,2.5,H25 - CBA - Universell porter,25,2.0,83.98,14.0,2,0.0
257,2.0,2.6,H25 - CBA - Pipeline ytelse,135,2.0,83.98,14.0,4,75.0
257,2.0,2.6,H25 - CBA - Pipeline ytelse,135,2.0,83.98,14.0,3,0.0
257,2.0,2.6,H25 - CBA - Pipeline ytelse,135,2.0,83.98,14.0,5,0.0
257,2.0,2.6,H25 - CBA - Pipeline ytelse,135,2.0,83.98,14.0,2,0.0
257,2.0,2.6,H25 - CBA - Pipeline ytelse,135,2.0,83.98,14.0,1,25.0
257,2.0,2.7,H25 - CBA - Seriell Adder,102,2.0,83.98,14.0,1,25.0
257,2.0,2.7,H25 - CBA - Seriell Adder,102,2.0,83.98,14.0,2,75.0
257,2.0,2.7,H25 - CBA - Seriell Adder,102,2.0,83.98,14.0,4,0.0
257,2.0,2.7,H25 - CBA - Seriell Adder,102,2.0,83.98,14.0,5,0.0
257,2.0,2.7,H25 - CBA - Seriell Adder,102,2.0,83.98,14.0,3,0.0
322,2.0,2.1,H25 - CBA - Cache-miss,142,2.0,76.35,14.0,1,0.0
322,2.0,2.1,H25 - CBA - Cache-miss,142,2.0,76.35,14.0,2,100.0
322,2.0,2.1,H25 - CBA - Cache-miss,142,2.0,76.35,14.0,4,0.0
322,2.0,2.1,H25 - CBA - Cache-miss,142,2.0,76.35,14.0,5,0.0
322,2.0,2.1,H25 - CBA - Cache-miss,142,2.0,76.35,14.0,3,0.0
322,2.0,2.2,H25 - CBA - Adder,57,2.0,76.35,14.0,2,100.0
322,2.0,2.2,H25 - CBA - Adder,57,2.0,76.35,14.0,5,0.0
322,2.0,2.2,H25 - CBA - Adder,57,2.0,76.35,14.0,3,0.0
322,2.0,2.2,H25 - CBA - Adder,57,2.0,76.35,14.0,1,0.0
322,2.0,2.2,H25 - CBA - Adder,57,2.0,76.35,14.0,4,0.0
322,2.0,2.3,H25 - CBA - ALU,97,2.0,76.35,14.0,3,0.0
322,2.0,2.3,H25 - CBA - ALU,97,2.0,76.35,14.0,4,0.0
322,2.0,2.3,H25 - CBA - ALU,97,2.0,76.35,14.0,5,0.0
322,2.0,2.3,H25 - CBA - ALU,97,2.0,76.35,14.0,2,0.0
322,2.0,2.3,H25 - CBA - ALU,97,2.0,76.35,14.0,1,100.0
322,2.0,2.4,H25 - CBA - PC,86,2.0,76.35,14.0,5,0.0
322,2.0,2.4,H25 - CBA - PC,86,2.0,76.35,14.0,4,0.0
322,2.0,2.4,H25 - CBA - PC,86,2.0,76.35,14.0,1,25.0
322,2.0,2.4,H25 - CBA - PC,86,2.0,76.35,14.0,2,75.0
322,2.0,2.4,H25 - CBA - PC,86,2.0,76.35,14.0,3,0.0
322,2.0,2.5,H25 - CBA - Universell porter,20,2.0,76.35,14.0,3,100.0
322,2.0,2.5,H25 - CBA - Universell porter,20,2.0,76.35,14.0,5,0.0
322,2.0,2.5,H25 - CBA - Universell porter,20,2.0,76.35,14.0,2,0.0
322,2.0,2.5,H25 - CBA - Universell porter,20,2.0,76.35,14.0,4,0.0
322,2.0,2.5,H25 - CBA - Universell porter,20,2.0,76.35,14.0,1,0.0
322,2.0,2.6,H25 - CBA - Pipeline ytelse,28,2.0,76.35,14.0,4,100.0
322,2.0,2.6,H25 - CBA - Pipeline ytelse,28,2.0,76.35,14.0,3,0.0
322,2.0,2.6,H25 - CBA - Pipeline ytelse,28,2.0,76.35,14.0,5,0.0
322,2.0,2.6,H25 - CBA - Pipeline ytelse,28,2.0,76.35,14.0,1,0.0
322,2.0,2.6,H25 - CBA - Pipeline ytelse,28,2.0,76.35,14.0,2,0.0
322,2.0,2.7,H25 - CBA - Seriell Adder,65,2.0,76.35,14.0,3,0.0
322,2.0,2.7,H25 - CBA - Seriell Adder,65,2.0,76.35,14.0,1,0.0
322,2.0,2.7,H25 - CBA - Seriell Adder,65,2.0,76.35,14.0,5,0.0
322,2.0,2.7,H25 - CBA - Seriell Adder,65,2.0,76.35,14.0,4,0.0
322,2.0,2.7,H25 - CBA - Seriell Adder,65,2.0,76.35,14.0,2,100.0
515,2.0,2.1,H25 - CBA - Cache-miss,197,2.0,42.81,12.0,2,25.0
515,2.0,2.1,H25 - CBA - Cache-miss,197,2.0,42.81,12.0,1,0.0
515,2.0,2.1,H25 - CBA - Cache-miss,197,2.0,42.81,12.0,5,75.0
515,2.0,2.1,H25 - CBA - Cache-miss,197,2.0,42.81,12.0,3,0.0
515,2.0,2.1,H25 - CBA - Cache-miss,197,2.0,42.81,12.0,4,0.0
515,2.0,2.2,H25 - CBA - Adder,150,2.0,42.81,12.0,2,75.0
515,2.0,2.2,H25 - CBA - Adder,150,2.0,42.81,12.0,3,0.0
515,2.0,2.2,H25 - CBA - Adder,150,2.0,42.81,12.0,5,25.0
515,2.0,2.2,H25 - CBA - Adder,150,2.0,42.81,12.0,4,0.0
515,2.0,2.2,H25 - CBA - Adder,150,2.0,42.81,12.0,1,0.0
515,2.0,2.3,H25 - CBA - ALU,136,2.0,42.81,12.0,1,75.0
515,2.0,2.3,H25 - CBA - ALU,136,2.0,42.81,12.0,5,0.0
515,2.0,2.3,H25 - CBA - ALU,136,2.0,42.81,12.0,2,25.0
515,2.0,2.3,H25 - CBA - ALU,136,2.0,42.81,12.0,3,0.0
515,2.0,2.3,H25 - CBA - ALU,136,2.0,42.81,12.0,4,0.0
515,2.0,2.4,H25 - CBA - PC,202,2.0,42.81,12.0,4,25.0
515,2.0,2.4,H25 - CBA - PC,202,2.0,42.81,12.0,3,50.0
515,2.0,2.4,H25 - CBA - PC,202,2.0,42.81,12.0,1,0.0
515,2.0,2.4,H25 - CBA - PC,202,2.0,42.81,12.0,5,25.0
515,2.0,2.4,H25 - CBA - PC,202,2.0,42.81,12.0,2,0.0
515,2.0,2.5,H25 - CBA - Universell porter,80,0.0,42.81,12.0,5,100.0
515,2.0,2.6,H25 - CBA - Pipeline ytelse,209,2.0,42.81,12.0,5,0.0
515,2.0,2.6,H25 - CBA - Pipeline ytelse,209,2.0,42.81,12.0,3,50.0
515,2.0,2.6,H25 - CBA - Pipeline ytelse,209,2.0,42.81,12.0,4,25.0
515,2.0,2.6,H25 - CBA - Pipeline ytelse,209,2.0,42.81,12.0,1,25.0
515,2.0,2.6,H25 - CBA - Pipeline ytelse,209,2.0,42.81,12.0,2,0.0
515,2.0,2.7,H25 - CBA - Seriell Adder,259,2.0,42.81,12.0,3,75.0
515,2.0,2.7,H25 - CBA - Seriell Adder,259,2.0,42.81,12.0,4,0.0
515,2.0,2.7,H25 - CBA - Seriell Adder,259,2.0,42.81,12.0,5,0.0
515,2.0,2.7,H25 - CBA - Seriell Adder,259,2.0,42.81,12.0,1,0.0
515,2.0,2.7,H25 - CBA - Seriell Adder,259,2.0,42.81,12.0,2,25.0
269,2.0,2.1,H25 - CBA - Cache-miss,41,2.0,79.65,14.0,2,100.0
269,2.0,2.1,H25 - CBA - Cache-miss,41,2.0,79.65,14.0,3,0.0
269,2.0,2.1,H25 - CBA - Cache-miss,41,2.0,79.65,14.0,5,0.0
269,2.0,2.1,H25 - CBA - Cache-miss,41,2.0,79.65,14.0,4,0.0
269,2.0,2.1,H25 - CBA - Cache-miss,41,2.0,79.65,14.0,1,0.0
269,2.0,2.2,H25 - CBA - Adder,27,2.0,79.65,14.0,5,0.0
269,2.0,2.2,H25 - CBA - Adder,27,2.0,79.65,14.0,1,0.0
269,2.0,2.2,H25 - CBA - Adder,27,2.0,79.65,14.0,2,100.0
269,2.0,2.2,H25 - CBA - Adder,27,2.0,79.65,14.0,3,0.0
269,2.0,2.2,H25 - CBA - Adder,27,2.0,79.65,14.0,4,0.0
269,2.0,2.3,H25 - CBA - ALU,83,2.0,79.65,14.0,5,50.0
269,2.0,2.3,H25 - CBA - ALU,83,2.0,79.65,14.0,2,0.0
269,2.0,2.3,H25 - CBA - ALU,83,2.0,79.65,14.0,1,50.0
269,2.0,2.3,H25 - CBA - ALU,83,2.0,79.65,14.0,3,0.0
269,2.0,2.3,H25 - CBA - ALU,83,2.0,79.65,14.0,4,0.0
269,2.0,2.4,H25 - CBA - PC,91,2.0,79.65,14.0,5,50.0
269,2.0,2.4,H25 - CBA - PC,91,2.0,79.65,14.0,3,50.0
269,2.0,2.4,H25 - CBA - PC,91,2.0,79.65,14.0,4,0.0
269,2.0,2.4,H25 - CBA - PC,91,2.0,79.65,14.0,2,0.0
269,2.0,2.4,H25 - CBA - PC,91,2.0,79.65,14.0,1,0.0
269,2.0,2.5,H25 - CBA - Universell porter,32,2.0,79.65,14.0,4,0.0
269,2.0,2.5,H25 - CBA - Universell porter,32,2.0,79.65,14.0,1,0.0
269,2.0,2.5,H25 - CBA - Universell porter,32,2.0,79.65,14.0,5,0.0
269,2.0,2.5,H25 - CBA - Universell porter,32,2.0,79.65,14.0,3,100.0
269,2.0,2.5,H25 - CBA - Universell porter,32,2.0,79.65,14.0,2,0.0
269,2.0,2.6,H25 - CBA - Pipeline ytelse,56,2.0,79.65,14.0,4,100.0
269,2.0,2.6,H25 - CBA - Pipeline ytelse,56,2.0,79.65,14.0,5,0.0
269,2.0,2.6,H25 - CBA - Pipeline ytelse,56,2.0,79.65,14.0,1,0.0
269,2.0,2.6,H25 - CBA - Pipeline ytelse,56,2.0,79.65,14.0,2,0.0
269,2.0,2.6,H25 - CBA - Pipeline ytelse,56,2.0,79.65,14.0,3,0.0
269,2.0,2.7,H25 - CBA - Seriell Adder,21,2.0,79.65,14.0,2,100.0
269,2.0,2.7,H25 - CBA - Seriell Adder,21,2.0,79.65,14.0,5,0.0
269,2.0,2.7,H25 - CBA - Seriell Adder,21,2.0,79.65,14.0,1,0.0
269,2.0,2.7,H25 - CBA - Seriell Adder,21,2.0,79.65,14.0,3,0.0
269,2.0,2.7,H25 - CBA - Seriell Adder,21,2.0,79.65,14.0,4,0.0
245,2.0,2.1,H25 - CBA - Cache-miss,49,2.0,65.72,14.0,2,100.0
245,2.0,2.1,H25 - CBA - Cache-miss,49,2.0,65.72,14.0,5,0.0
245,2.0,2.1,H25 - CBA - Cache-miss,49,2.0,65.72,14.0,4,0.0
245,2.0,2.1,H25 - CBA - Cache-miss,49,2.0,65.72,14.0,1,0.0
245,2.0,2.1,H25 - CBA - Cache-miss,49,2.0,65.72,14.0,3,0.0
245,2.0,2.2,H25 - CBA - Adder,16,2.0,65.72,14.0,2,100.0
245,2.0,2.2,H25 - CBA - Adder,16,2.0,65.72,14.0,5,0.0
245,2.0,2.2,H25 - CBA - Adder,16,2.0,65.72,14.0,4,0.0
245,2.0,2.2,H25 - CBA - Adder,16,2.0,65.72,14.0,3,0.0
245,2.0,2.2,H25 - CBA - Adder,16,2.0,65.72,14.0,1,0.0
245,2.0,2.3,H25 - CBA - ALU,24,2.0,65.72,14.0,2,50.0
245,2.0,2.3,H25 - CBA - ALU,24,2.0,65.72,14.0,1,50.0
245,2.0,2.3,H25 - CBA - ALU,24,2.0,65.72,14.0,5,0.0
245,2.0,2.3,H25 - CBA - ALU,24,2.0,65.72,14.0,3,0.0
245,2.0,2.3,H25 - CBA - ALU,24,2.0,65.72,14.0,4,0.0
245,2.0,2.4,H25 - CBA - PC,24,2.0,65.72,14.0,3,100.0
245,2.0,2.4,H25 - CBA - PC,24,2.0,65.72,14.0,2,0.0
245,2.0,2.4,H25 - CBA - PC,24,2.0,65.72,14.0,1,0.0
245,2.0,2.4,H25 - CBA - PC,24,2.0,65.72,14.0,5,0.0
245,2.0,2.4,H25 - CBA - PC,24,2.0,65.72,14.0,4,0.0
245,2.0,2.5,H25 - CBA - Universell porter,28,2.0,65.72,14.0,3,100.0
245,2.0,2.5,H25 - CBA - Universell porter,28,2.0,65.72,14.0,2,0.0
245,2.0,2.5,H25 - CBA - Universell porter,28,2.0,65.72,14.0,5,0.0
245,2.0,2.5,H25 - CBA - Universell porter,28,2.0,65.72,14.0,4,0.0
245,2.0,2.5,H25 - CBA - Universell porter,28,2.0,65.72,14.0,1,0.0
245,2.0,2.6,H25 - CBA - Pipeline ytelse,67,2.0,65.72,14.0,4,25.0
245,2.0,2.6,H25 - CBA - Pipeline ytelse,67,2.0,65.72,14.0,1,0.0
245,2.0,2.6,H25 - CBA - Pipeline ytelse,67,2.0,65.72,14.0,5,0.0
245,2.0,2.6,H25 - CBA - Pipeline ytelse,67,2.0,65.72,14.0,3,75.0
245,2.0,2.6,H25 - CBA - Pipeline ytelse,67,2.0,65.72,14.0,2,0.0
245,2.0,2.7,H25 - CBA - Seriell Adder,27,2.0,65.72,14.0,3,50.0
245,2.0,2.7,H25 - CBA - Seriell Adder,27,2.0,65.72,14.0,2,50.0
245,2.0,2.7,H25 - CBA - Seriell Adder,27,2.0,65.72,14.0,5,0.0
245,2.0,2.7,H25 - CBA - Seriell Adder,27,2.0,65.72,14.0,1,0.0
245,2.0,2.7,H25 - CBA - Seriell Adder,27,2.0,65.72,14.0,4,0.0
182,2.0,2.1,H25 - CBA - Cache-miss,62,2.0,33.79,14.0,2,75.0
182,2.0,2.1,H25 - CBA - Cache-miss,62,2.0,33.79,14.0,3,0.0
182,2.0,2.1,H25 - CBA - Cache-miss,62,2.0,33.79,14.0,5,25.0
182,2.0,2.1,H25 - CBA - Cache-miss,62,2.0,33.79,14.0,1,0.0
182,2.0,2.1,H25 - CBA - Cache-miss,62,2.0,33.79,14.0,4,0.0
182,2.0,2.2,H25 - CBA - Adder,44,2.0,33.79,14.0,5,75.0
182,2.0,2.2,H25 - CBA - Adder,44,2.0,33.79,14.0,3,0.0
182,2.0,2.2,H25 - CBA - Adder,44,2.0,33.79,14.0,1,25.0
182,2.0,2.2,H25 - CBA - Adder,44,2.0,33.79,14.0,2,0.0
182,2.0,2.2,H25 - CBA - Adder,44,2.0,33.79,14.0,4,0.0
182,2.0,2.3,H25 - CBA - ALU,111,2.0,33.79,14.0,4,0.0
182,2.0,2.3,H25 - CBA - ALU,111,2.0,33.79,14.0,1,75.0
182,2.0,2.3,H25 - CBA - ALU,111,2.0,33.79,14.0,2,25.0
182,2.0,2.3,H25 - CBA - ALU,111,2.0,33.79,14.0,5,0.0
182,2.0,2.3,H25 - CBA - ALU,111,2.0,33.79,14.0,3,0.0
182,2.0,2.4,H25 - CBA - PC,31,2.0,33.79,14.0,4,50.0
182,2.0,2.4,H25 - CBA - PC,31,2.0,33.79,14.0,1,50.0
182,2.0,2.4,H25 - CBA - PC,31,2.0,33.79,14.0,3,0.0
182,2.0,2.4,H25 - CBA - PC,31,2.0,33.79,14.0,5,0.0
182,2.0,2.4,H25 - CBA - PC,31,2.0,33.79,14.0,2,0.0
182,2.0,2.5,H25 - CBA - Universell porter,38,2.0,33.79,14.0,2,0.0
182,2.0,2.5,H25 - CBA - Universell porter,38,2.0,33.79,14.0,1,50.0
182,2.0,2.5,H25 - CBA - Universell porter,38,2.0,33.79,14.0,4,0.0
182,2.0,2.5,H25 - CBA - Universell porter,38,2.0,33.79,14.0,3,50.0
182,2.0,2.6,H25 - CBA - Pipeline ytelse,55,2.0,33.79,14.0,5,50.0
182,2.0,2.6,H25 - CBA - Pipeline ytelse,55,2.0,33.79,14.0,4,50.0
182,2.0,2.6,H25 - CBA - Pipeline ytelse,55,2.0,33.79,14.0,3,0.0
182,2.0,2.6,H25 - CBA - Pipeline ytelse,55,2.0,33.79,14.0,1,0.0
182,2.0,2.6,H25 - CBA - Pipeline ytelse,55,2.0,33.79,14.0,2,0.0
182,2.0,2.7,H25 - CBA - Seriell Adder,24,2.0,33.79,14.0,5,75.0
182,2.0,2.7,H25 - CBA - Seriell Adder,24,2.0,33.79,14.0,2,0.0
182,2.0,2.7,H25 - CBA - Seriell Adder,24,2.0,33.79,14.0,1,25.0
182,2.0,2.7,H25 - CBA - Seriell Adder,24,2.0,33.79,14.0,4,0.0
182,2.0,2.7,H25 - CBA - Seriell Adder,24,2.0,33.79,14.0,3,0.0
148,2.0,2.1,H25 - CBA - Cache-miss,111,2.0,72.7,14.0,4,50.0
148,2.0,2.1,H25 - CBA - Cache-miss,111,2.0,72.7,14.0,3,25.0
148,2.0,2.1,H25 - CBA - Cache-miss,111,2.0,72.7,14.0,5,25.0
148,2.0,2.1,H25 - CBA - Cache-miss,111,2.0,72.7,14.0,1,0.0
148,2.0,2.1,H25 - CBA - Cache-miss,111,2.0,72.7,14.0,2,0.0
148,2.0,2.2,H25 - CBA - Adder,91,2.0,72.7,14.0,2,100.0
148,2.0,2.2,H25 - CBA - Adder,91,2.0,72.7,14.0,4,0.0
148,2.0,2.2,H25 - CBA - Adder,91,2.0,72.7,14.0,1,0.0
148,2.0,2.2,H25 - CBA - Adder,91,2.0,72.7,14.0,5,0.0
148,2.0,2.2,H25 - CBA - Adder,91,2.0,72.7,14.0,3,0.0
148,2.0,2.3,H25 - CBA - ALU,82,2.0,72.7,14.0,1,50.0
148,2.0,2.3,H25 - CBA - ALU,82,2.0,72.7,14.0,2,50.0
148,2.0,2.3,H25 - CBA - ALU,82,2.0,72.7,14.0,4,0.0
148,2.0,2.3,H25 - CBA - ALU,82,2.0,72.7,14.0,3,0.0
148,2.0,2.3,H25 - CBA - ALU,82,2.0,72.7,14.0,5,0.0
148,2.0,2.4,H25 - CBA - PC,86,2.0,72.7,14.0,3,0.0
148,2.0,2.4,H25 - CBA - PC,86,2.0,72.7,14.0,4,0.0
148,2.0,2.4,H25 - CBA - PC,86,2.0,72.7,14.0,5,0.0
148,2.0,2.4,H25 - CBA - PC,86,2.0,72.7,14.0,2,25.0
148,2.0,2.4,H25 - CBA - PC,86,2.0,72.7,14.0,1,75.0
148,2.0,2.5,H25 - CBA - Universell porter,21,2.0,72.7,14.0,3,100.0
148,2.0,2.5,H25 - CBA - Universell porter,21,2.0,72.7,14.0,2,0.0
148,2.0,2.5,H25 - CBA - Universell porter,21,2.0,72.7,14.0,1,0.0
148,2.0,2.5,H25 - CBA - Universell porter,21,2.0,72.7,14.0,5,0.0
148,2.0,2.5,H25 - CBA - Universell porter,21,2.0,72.7,14.0,4,0.0
148,2.0,2.6,H25 - CBA - Pipeline ytelse,89,2.0,72.7,14.0,4,50.0
148,2.0,2.6,H25 - CBA - Pipeline ytelse,89,2.0,72.7,14.0,2,50.0
148,2.0,2.6,H25 - CBA - Pipeline ytelse,89,2.0,72.7,14.0,3,0.0
148,2.0,2.6,H25 - CBA - Pipeline ytelse,89,2.0,72.7,14.0,1,0.0
148,2.0,2.6,H25 - CBA - Pipeline ytelse,89,2.0,72.7,14.0,5,0.0
148,2.0,2.7,H25 - CBA - Seriell Adder,88,2.0,72.7,14.0,1,0.0
148,2.0,2.7,H25 - CBA - Seriell Adder,88,2.0,72.7,14.0,4,25.0
148,2.0,2.7,H25 - CBA - Seriell Adder,88,2.0,72.7,14.0,5,25.0
148,2.0,2.7,H25 - CBA - Seriell Adder,88,2.0,72.7,14.0,3,25.0
148,2.0,2.7,H25 - CBA - Seriell Adder,88,2.0,72.7,14.0,2,25.0
482,2.0,2.1,H25 - CBA - Cache-miss,54,2.0,44.34,14.0,5,100.0
482,2.0,2.1,H25 - CBA - Cache-miss,54,2.0,44.34,14.0,3,0.0
482,2.0,2.1,H25 - CBA - Cache-miss,54,2.0,44.34,14.0,2,0.0
482,2.0,2.1,H25 - CBA - Cache-miss,54,2.0,44.34,14.0,1,0.0
482,2.0,2.1,H25 - CBA - Cache-miss,54,2.0,44.34,14.0,4,0.0
482,2.0,2.2,H25 - CBA - Adder,36,2.0,44.34,14.0,4,0.0
482,2.0,2.2,H25 - CBA - Adder,36,2.0,44.34,14.0,1,0.0
482,2.0,2.2,H25 - CBA - Adder,36,2.0,44.34,14.0,3,0.0
482,2.0,2.2,H25 - CBA - Adder,36,2.0,44.34,14.0,5,100.0
482,2.0,2.2,H25 - CBA - Adder,36,2.0,44.34,14.0,2,0.0
482,2.0,2.3,H25 - CBA - ALU,24,2.0,44.34,14.0,1,25.0
482,2.0,2.3,H25 - CBA - ALU,24,2.0,44.34,14.0,3,25.0
482,2.0,2.3,H25 - CBA - ALU,24,2.0,44.34,14.0,2,50.0
482,2.0,2.3,H25 - CBA - ALU,24,2.0,44.34,14.0,5,0.0
482,2.0,2.3,H25 - CBA - ALU,24,2.0,44.34,14.0,4,0.0
482,2.0,2.4,H25 - CBA - PC,25,2.0,44.34,14.0,3,50.0
482,2.0,2.4,H25 - CBA - PC,25,2.0,44.34,14.0,4,50.0
482,2.0,2.4,H25 - CBA - PC,25,2.0,44.34,14.0,1,0.0
482,2.0,2.4,H25 - CBA - PC,25,2.0,44.34,14.0,5,0.0
482,2.0,2.4,H25 - CBA - PC,25,2.0,44.34,14.0,2,0.0
482,2.0,2.5,H25 - CBA - Universell porter,16,2.0,44.34,14.0,4,0.0
482,2.0,2.5,H25 - CBA - Universell porter,16,2.0,44.34,14.0,5,0.0
482,2.0,2.5,H25 - CBA - Universell porter,16,2.0,44.34,14.0,2,0.0
482,2.0,2.5,H25 - CBA - Universell porter,16,2.0,44.34,14.0,3,100.0
482,2.0,2.5,H25 - CBA - Universell porter,16,2.0,44.34,14.0,1,0.0
482,2.0,2.6,H25 - CBA - Pipeline ytelse,13,2.0,44.34,14.0,4,100.0
482,2.0,2.6,H25 - CBA - Pipeline ytelse,13,2.0,44.34,14.0,3,0.0
482,2.0,2.6,H25 - CBA - Pipeline ytelse,13,2.0,44.34,14.0,2,0.0
482,2.0,2.6,H25 - CBA - Pipeline ytelse,13,2.0,44.34,14.0,1,0.0
482,2.0,2.6,H25 - CBA - Pipeline ytelse,13,2.0,44.34,14.0,5,0.0
482,2.0,2.7,H25 - CBA - Seriell Adder,25,2.0,44.34,14.0,1,0.0
482,2.0,2.7,H25 - CBA - Seriell Adder,25,2.0,44.34,14.0,2,0.0
482,2.0,2.7,H25 - CBA - Seriell Adder,25,2.0,44.34,14.0,3,0.0
482,2.0,2.7,H25 - CBA - Seriell Adder,25,2.0,44.34,14.0,4,0.0
482,2.0,2.7,H25 - CBA - Seriell Adder,25,2.0,44.34,14.0,5,100.0
234,2.0,2.1,H25 - CBA - Cache-miss,82,2.0,65.85,14.0,1,0.0
234,2.0,2.1,H25 - CBA - Cache-miss,82,2.0,65.85,14.0,4,0.0
234,2.0,2.1,H25 - CBA - Cache-miss,82,2.0,65.85,14.0,2,100.0
234,2.0,2.1,H25 - CBA - Cache-miss,82,2.0,65.85,14.0,5,0.0
234,2.0,2.1,H25 - CBA - Cache-miss,82,2.0,65.85,14.0,3,0.0
234,2.0,2.2,H25 - CBA - Adder,64,2.0,65.85,14.0,2,100.0
234,2.0,2.2,H25 - CBA - Adder,64,2.0,65.85,14.0,4,0.0
234,2.0,2.2,H25 - CBA - Adder,64,2.0,65.85,14.0,3,0.0
234,2.0,2.2,H25 - CBA - Adder,64,2.0,65.85,14.0,1,0.0
234,2.0,2.2,H25 - CBA - Adder,64,2.0,65.85,14.0,5,0.0
234,2.0,2.3,H25 - CBA - ALU,86,2.0,65.85,14.0,1,100.0
234,2.0,2.3,H25 - CBA - ALU,86,2.0,65.85,14.0,4,0.0
234,2.0,2.3,H25 - CBA - ALU,86,2.0,65.85,14.0,3,0.0
234,2.0,2.3,H25 - CBA - ALU,86,2.0,65.85,14.0,5,0.0
234,2.0,2.3,H25 - CBA - ALU,86,2.0,65.85,14.0,2,0.0
234,2.0,2.4,H25 - CBA - PC,23,2.0,65.85,14.0,1,100.0
234,2.0,2.4,H25 - CBA - PC,23,2.0,65.85,14.0,3,0.0
234,2.0,2.4,H25 - CBA - PC,23,2.0,65.85,14.0,2,0.0
234,2.0,2.4,H25 - CBA - PC,23,2.0,65.85,14.0,4,0.0
234,2.0,2.4,H25 - CBA - PC,23,2.0,65.85,14.0,5,0.0
234,2.0,2.5,H25 - CBA - Universell porter,39,2.0,65.85,14.0,3,100.0
234,2.0,2.5,H25 - CBA - Universell porter,39,2.0,65.85,14.0,2,0.0
234,2.0,2.5,H25 - CBA - Universell porter,39,2.0,65.85,14.0,5,0.0
234,2.0,2.5,H25 - CBA - Universell porter,39,2.0,65.85,14.0,4,0.0
234,2.0,2.5,H25 - CBA - Universell porter,39,2.0,65.85,14.0,1,0.0
234,2.0,2.6,H25 - CBA - Pipeline ytelse,70,2.0,65.85,14.0,4,100.0
234,2.0,2.6,H25 - CBA - Pipeline ytelse,70,2.0,65.85,14.0,5,0.0
234,2.0,2.6,H25 - CBA - Pipeline ytelse,70,2.0,65.85,14.0,1,0.0
234,2.0,2.6,H25 - CBA - Pipeline ytelse,70,2.0,65.85,14.0,3,0.0
234,2.0,2.6,H25 - CBA - Pipeline ytelse,70,2.0,65.85,14.0,2,0.0
234,2.0,2.7,H25 - CBA - Seriell Adder,61,2.0,65.85,14.0,2,100.0
234,2.0,2.7,H25 - CBA - Seriell Adder,61,2.0,65.85,14.0,1,0.0
234,2.0,2.7,H25 - CBA - Seriell Adder,61,2.0,65.85,14.0,5,0.0
234,2.0,2.7,H25 - CBA - Seriell Adder,61,2.0,65.85,14.0,3,0.0
234,2.0,2.7,H25 - CBA - Seriell Adder,61,2.0,65.85,14.0,4,0.0
392,2.0,2.1,H25 - CBA - Cache-miss,38,2.0,66.3,14.0,1,75.0
392,2.0,2.1,H25 - CBA - Cache-miss,38,2.0,66.3,14.0,3,0.0
392,2.0,2.1,H25 - CBA - Cache-miss,38,2.0,66.3,14.0,2,0.0
392,2.0,2.1,H25 - CBA - Cache-miss,38,2.0,66.3,14.0,5,25.0
392,2.0,2.1,H25 - CBA - Cache-miss,38,2.0,66.3,14.0,4,0.0
392,2.0,2.2,H25 - CBA - Adder,18,2.0,66.3,14.0,2,75.0
392,2.0,2.2,H25 - CBA - Adder,18,2.0,66.3,14.0,3,0.0
392,2.0,2.2,H25 - CBA - Adder,18,2.0,66.3,14.0,5,25.0
392,2.0,2.2,H25 - CBA - Adder,18,2.0,66.3,14.0,1,0.0
392,2.0,2.2,H25 - CBA - Adder,18,2.0,66.3,14.0,4,0.0
392,2.0,2.3,H25 - CBA - ALU,50,2.0,66.3,14.0,4,0.0
392,2.0,2.3,H25 - CBA - ALU,50,2.0,66.3,14.0,3,0.0
392,2.0,2.3,H25 - CBA - ALU,50,2.0,66.3,14.0,2,25.0
392,2.0,2.3,H25 - CBA - ALU,50,2.0,66.3,14.0,1,50.0
392,2.0,2.3,H25 - CBA - ALU,50,2.0,66.3,14.0,5,25.0
392,2.0,2.4,H25 - CBA - PC,43,2.0,66.3,14.0,2,0.0
392,2.0,2.4,H25 - CBA - PC,43,2.0,66.3,14.0,3,50.0
392,2.0,2.4,H25 - CBA - PC,43,2.0,66.3,14.0,5,0.0
392,2.0,2.4,H25 - CBA - PC,43,2.0,66.3,14.0,4,0.0
392,2.0,2.4,H25 - CBA - PC,43,2.0,66.3,14.0,1,50.0
392,2.0,2.5,H25 - CBA - Universell porter,19,2.0,66.3,14.0,2,0.0
392,2.0,2.5,H25 - CBA - Universell porter,19,2.0,66.3,14.0,3,100.0
392,2.0,2.5,H25 - CBA - Universell porter,19,2.0,66.3,14.0,4,0.0
392,2.0,2.5,H25 - CBA - Universell porter,19,2.0,66.3,14.0,5,0.0
392,2.0,2.5,H25 - CBA - Universell porter,19,2.0,66.3,14.0,1,0.0
392,2.0,2.6,H25 - CBA - Pipeline ytelse,43,2.0,66.3,14.0,1,50.0
392,2.0,2.6,H25 - CBA - Pipeline ytelse,43,2.0,66.3,14.0,5,0.0
392,2.0,2.6,H25 - CBA - Pipeline ytelse,43,2.0,66.3,14.0,3,25.0
392,2.0,2.6,H25 - CBA - Pipeline ytelse,43,2.0,66.3,14.0,4,25.0
392,2.0,2.7,H25 - CBA - Seriell Adder,33,2.0,66.3,14.0,3,0.0
392,2.0,2.7,H25 - CBA - Seriell Adder,33,2.0,66.3,14.0,4,25.0
392,2.0,2.7,H25 - CBA - Seriell Adder,33,2.0,66.3,14.0,5,25.0
392,2.0,2.7,H25 - CBA - Seriell Adder,33,2.0,66.3,14.0,1,25.0
392,2.0,2.7,H25 - CBA - Seriell Adder,33,2.0,66.3,14.0,2,25.0
140,2.0,2.1,H25 - CBA - Cache-miss,119,2.0,53.65,12.0,4,0.0
140,2.0,2.1,H25 - CBA - Cache-miss,119,2.0,53.65,12.0,2,100.0
140,2.0,2.1,H25 - CBA - Cache-miss,119,2.0,53.65,12.0,1,0.0
140,2.0,2.1,H25 - CBA - Cache-miss,119,2.0,53.65,12.0,3,0.0
140,2.0,2.1,H25 - CBA - Cache-miss,119,2.0,53.65,12.0,5,0.0
140,2.0,2.2,H25 - CBA - Adder,30,2.0,53.65,12.0,2,100.0
140,2.0,2.2,H25 - CBA - Adder,30,2.0,53.65,12.0,3,0.0
140,2.0,2.2,H25 - CBA - Adder,30,2.0,53.65,12.0,1,0.0
140,2.0,2.2,H25 - CBA - Adder,30,2.0,53.65,12.0,5,0.0
140,2.0,2.2,H25 - CBA - Adder,30,2.0,53.65,12.0,4,0.0
140,2.0,2.3,H25 - CBA - ALU,154,2.0,53.65,12.0,1,75.0
140,2.0,2.3,H25 - CBA - ALU,154,2.0,53.65,12.0,4,0.0
140,2.0,2.3,H25 - CBA - ALU,154,2.0,53.65,12.0,3,0.0
140,2.0,2.3,H25 - CBA - ALU,154,2.0,53.65,12.0,2,25.0
140,2.0,2.3,H25 - CBA - ALU,154,2.0,53.65,12.0,5,0.0
140,2.0,2.4,H25 - CBA - PC,7,2.0,53.65,12.0,1,100.0
140,2.0,2.4,H25 - CBA - PC,7,2.0,53.65,12.0,5,0.0
140,2.0,2.4,H25 - CBA - PC,7,2.0,53.65,12.0,2,0.0
140,2.0,2.4,H25 - CBA - PC,7,2.0,53.65,12.0,4,0.0
140,2.0,2.4,H25 - CBA - PC,7,2.0,53.65,12.0,3,0.0
140,2.0,2.5,H25 - CBA - Universell porter,12,2.0,53.65,12.0,3,100.0
140,2.0,2.5,H25 - CBA - Universell porter,12,2.0,53.65,12.0,5,0.0
140,2.0,2.5,H25 - CBA - Universell porter,12,2.0,53.65,12.0,2,0.0
140,2.0,2.5,H25 - CBA - Universell porter,12,2.0,53.65,12.0,4,0.0
140,2.0,2.5,H25 - CBA - Universell porter,12,2.0,53.65,12.0,1,0.0
140,2.0,2.6,H25 - CBA - Pipeline ytelse,159,2.0,53.65,12.0,4,100.0
140,2.0,2.6,H25 - CBA - Pipeline ytelse,159,2.0,53.65,12.0,2,0.0
140,2.0,2.6,H25 - CBA - Pipeline ytelse,159,2.0,53.65,12.0,5,0.0
140,2.0,2.6,H25 - CBA - Pipeline ytelse,159,2.0,53.65,12.0,3,0.0
140,2.0,2.6,H25 - CBA - Pipeline ytelse,159,2.0,53.65,12.0,1,0.0
95,2.0,2.1,H25 - CBA - Cache-miss,83,2.0,66.34,14.0,5,25.0
95,2.0,2.1,H25 - CBA - Cache-miss,83,2.0,66.34,14.0,4,0.0
95,2.0,2.1,H25 - CBA - Cache-miss,83,2.0,66.34,14.0,2,75.0
95,2.0,2.1,H25 - CBA - Cache-miss,83,2.0,66.34,14.0,3,0.0
95,2.0,2.1,H25 - CBA - Cache-miss,83,2.0,66.34,14.0,1,0.0
95,2.0,2.2,H25 - CBA - Adder,47,2.0,66.34,14.0,5,100.0
95,2.0,2.2,H25 - CBA - Adder,47,2.0,66.34,14.0,1,0.0
95,2.0,2.2,H25 - CBA - Adder,47,2.0,66.34,14.0,3,0.0
95,2.0,2.2,H25 - CBA - Adder,47,2.0,66.34,14.0,4,0.0
95,2.0,2.2,H25 - CBA - Adder,47,2.0,66.34,14.0,2,0.0
95,2.0,2.3,H25 - CBA - ALU,57,2.0,66.34,14.0,1,75.0
95,2.0,2.3,H25 - CBA - ALU,57,2.0,66.34,14.0,5,25.0
95,2.0,2.3,H25 - CBA - ALU,57,2.0,66.34,14.0,3,0.0
95,2.0,2.3,H25 - CBA - ALU,57,2.0,66.34,14.0,4,0.0
95,2.0,2.3,H25 - CBA - ALU,57,2.0,66.34,14.0,2,0.0
95,2.0,2.4,H25 - CBA - PC,82,2.0,66.34,14.0,4,100.0
95,2.0,2.4,H25 - CBA - PC,82,2.0,66.34,14.0,3,0.0
95,2.0,2.4,H25 - CBA - PC,82,2.0,66.34,14.0,2,0.0
95,2.0,2.4,H25 - CBA - PC,82,2.0,66.34,14.0,5,0.0
95,2.0,2.4,H25 - CBA - PC,82,2.0,66.34,14.0,1,0.0
95,2.0,2.5,H25 - CBA - Universell porter,15,2.0,66.34,14.0,3,100.0
95,2.0,2.5,H25 - CBA - Universell porter,15,2.0,66.34,14.0,1,0.0
95,2.0,2.5,H25 - CBA - Universell porter,15,2.0,66.34,14.0,2,0.0
95,2.0,2.5,H25 - CBA - Universell porter,15,2.0,66.34,14.0,5,0.0
95,2.0,2.5,H25 - CBA - Universell porter,15,2.0,66.34,14.0,4,0.0
95,2.0,2.6,H25 - CBA - Pipeline ytelse,35,2.0,66.34,14.0,3,100.0
95,2.0,2.6,H25 - CBA - Pipeline ytelse,35,2.0,66.34,14.0,5,0.0
95,2.0,2.6,H25 - CBA - Pipeline ytelse,35,2.0,66.34,14.0,2,0.0
95,2.0,2.6,H25 - CBA - Pipeline ytelse,35,2.0,66.34,14.0,4,0.0
95,2.0,2.6,H25 - CBA - Pipeline ytelse,35,2.0,66.34,14.0,1,0.0
95,2.0,2.7,H25 - CBA - Seriell Adder,39,2.0,66.34,14.0,2,50.0
95,2.0,2.7,H25 - CBA - Seriell Adder,39,2.0,66.34,14.0,3,0.0
95,2.0,2.7,H25 - CBA - Seriell Adder,39,2.0,66.34,14.0,1,0.0
95,2.0,2.7,H25 - CBA - Seriell Adder,39,2.0,66.34,14.0,4,0.0
95,2.0,2.7,H25 - CBA - Seriell Adder,39,2.0,66.34,14.0,5,50.0
165,2.0,2.1,H25 - CBA - Cache-miss,22,2.0,67.11,14.0,2,100.0
165,2.0,2.1,H25 - CBA - Cache-miss,22,2.0,67.11,14.0,5,0.0
165,2.0,2.1,H25 - CBA - Cache-miss,22,2.0,67.11,14.0,3,0.0
165,2.0,2.1,H25 - CBA - Cache-miss,22,2.0,67.11,14.0,4,0.0
165,2.0,2.1,H25 - CBA - Cache-miss,22,2.0,67.11,14.0,1,0.0
165,2.0,2.2,H25 - CBA - Adder,32,2.0,67.11,14.0,1,0.0
165,2.0,2.2,H25 - CBA - Adder,32,2.0,67.11,14.0,2,75.0
165,2.0,2.2,H25 - CBA - Adder,32,2.0,67.11,14.0,3,25.0
165,2.0,2.2,H25 - CBA - Adder,32,2.0,67.11,14.0,5,0.0
165,2.0,2.2,H25 - CBA - Adder,32,2.0,67.11,14.0,4,0.0
165,2.0,2.3,H25 - CBA - ALU,21,2.0,67.11,14.0,1,100.0
165,2.0,2.3,H25 - CBA - ALU,21,2.0,67.11,14.0,5,0.0
165,2.0,2.3,H25 - CBA - ALU,21,2.0,67.11,14.0,4,0.0
165,2.0,2.3,H25 - CBA - ALU,21,2.0,67.11,14.0,2,0.0
165,2.0,2.3,H25 - CBA - ALU,21,2.0,67.11,14.0,3,0.0
165,2.0,2.4,H25 - CBA - PC,51,2.0,67.11,14.0,4,0.0
165,2.0,2.4,H25 - CBA - PC,51,2.0,67.11,14.0,5,0.0
165,2.0,2.4,H25 - CBA - PC,51,2.0,67.11,14.0,2,75.0
165,2.0,2.4,H25 - CBA - PC,51,2.0,67.11,14.0,1,25.0
165,2.0,2.4,H25 - CBA - PC,51,2.0,67.11,14.0,3,0.0
165,2.0,2.5,H25 - CBA - Universell porter,23,2.0,67.11,14.0,3,100.0
165,2.0,2.5,H25 - CBA - Universell porter,23,2.0,67.11,14.0,5,0.0
165,2.0,2.5,H25 - CBA - Universell porter,23,2.0,67.11,14.0,2,0.0
165,2.0,2.5,H25 - CBA - Universell porter,23,2.0,67.11,14.0,4,0.0
165,2.0,2.5,H25 - CBA - Universell porter,23,2.0,67.11,14.0,1,0.0
165,2.0,2.6,H25 - CBA - Pipeline ytelse,68,2.0,67.11,14.0,1,0.0
165,2.0,2.6,H25 - CBA - Pipeline ytelse,68,2.0,67.11,14.0,5,25.0
165,2.0,2.6,H25 - CBA - Pipeline ytelse,68,2.0,67.11,14.0,3,0.0
165,2.0,2.6,H25 - CBA - Pipeline ytelse,68,2.0,67.11,14.0,4,75.0
165,2.0,2.6,H25 - CBA - Pipeline ytelse,68,2.0,67.11,14.0,2,0.0
165,2.0,2.7,H25 - CBA - Seriell Adder,84,2.0,67.11,14.0,2,50.0
165,2.0,2.7,H25 - CBA - Seriell Adder,84,2.0,67.11,14.0,4,0.0
165,2.0,2.7,H25 - CBA - Seriell Adder,84,2.0,67.11,14.0,1,0.0
165,2.0,2.7,H25 - CBA - Seriell Adder,84,2.0,67.11,14.0,3,0.0
165,2.0,2.7,H25 - CBA - Seriell Adder,84,2.0,67.11,14.0,5,50.0
179,2.0,2.1,H25 - CBA - Cache-miss,60,2.0,84.65,14.0,1,0.0
179,2.0,2.1,H25 - CBA - Cache-miss,60,2.0,84.65,14.0,2,75.0
179,2.0,2.1,H25 - CBA - Cache-miss,60,2.0,84.65,14.0,3,0.0
179,2.0,2.1,H25 - CBA - Cache-miss,60,2.0,84.65,14.0,4,0.0
179,2.0,2.1,H25 - CBA - Cache-miss,60,2.0,84.65,14.0,5,25.0
179,2.0,2.2,H25 - CBA - Adder,42,2.0,84.65,14.0,2,100.0
179,2.0,2.2,H25 - CBA - Adder,42,2.0,84.65,14.0,3,0.0
179,2.0,2.2,H25 - CBA - Adder,42,2.0,84.65,14.0,1,0.0
179,2.0,2.2,H25 - CBA - Adder,42,2.0,84.65,14.0,5,0.0
179,2.0,2.2,H25 - CBA - Adder,42,2.0,84.65,14.0,4,0.0
179,2.0,2.3,H25 - CBA - ALU,97,2.0,84.65,14.0,2,25.0
179,2.0,2.3,H25 - CBA - ALU,97,2.0,84.65,14.0,1,75.0
179,2.0,2.3,H25 - CBA - ALU,97,2.0,84.65,14.0,5,0.0
179,2.0,2.3,H25 - CBA - ALU,97,2.0,84.65,14.0,3,0.0
179,2.0,2.3,H25 - CBA - ALU,97,2.0,84.65,14.0,4,0.0
179,2.0,2.4,H25 - CBA - PC,94,2.0,84.65,14.0,2,0.0
179,2.0,2.4,H25 - CBA - PC,94,2.0,84.65,14.0,3,75.0
179,2.0,2.4,H25 - CBA - PC,94,2.0,84.65,14.0,1,25.0
179,2.0,2.4,H25 - CBA - PC,94,2.0,84.65,14.0,5,0.0
179,2.0,2.4,H25 - CBA - PC,94,2.0,84.65,14.0,4,0.0
179,2.0,2.5,H25 - CBA - Universell porter,52,2.0,84.65,14.0,3,75.0
179,2.0,2.5,H25 - CBA - Universell porter,52,2.0,84.65,14.0,1,25.0
179,2.0,2.5,H25 - CBA - Universell porter,52,2.0,84.65,14.0,5,0.0
179,2.0,2.5,H25 - CBA - Universell porter,52,2.0,84.65,14.0,2,0.0
179,2.0,2.5,H25 - CBA - Universell porter,52,2.0,84.65,14.0,4,0.0
179,2.0,2.6,H25 - CBA - Pipeline ytelse,60,2.0,84.65,14.0,1,75.0
179,2.0,2.6,H25 - CBA - Pipeline ytelse,60,2.0,84.65,14.0,4,0.0
179,2.0,2.6,H25 - CBA - Pipeline ytelse,60,2.0,84.65,14.0,5,0.0
179,2.0,2.6,H25 - CBA - Pipeline ytelse,60,2.0,84.65,14.0,2,0.0
179,2.0,2.6,H25 - CBA - Pipeline ytelse,60,2.0,84.65,14.0,3,25.0
179,2.0,2.7,H25 - CBA - Seriell Adder,77,2.0,84.65,14.0,2,75.0
179,2.0,2.7,H25 - CBA - Seriell Adder,77,2.0,84.65,14.0,1,0.0
179,2.0,2.7,H25 - CBA - Seriell Adder,77,2.0,84.65,14.0,4,0.0
179,2.0,2.7,H25 - CBA - Seriell Adder,77,2.0,84.65,14.0,5,0.0
179,2.0,2.7,H25 - CBA - Seriell Adder,77,2.0,84.65,14.0,3,25.0
253,2.0,2.1,H25 - CBA - Cache-miss,191,2.0,89.5,14.0,1,0.0
253,2.0,2.1,H25 - CBA - Cache-miss,191,2.0,89.5,14.0,3,0.0
253,2.0,2.1,H25 - CBA - Cache-miss,191,2.0,89.5,14.0,4,0.0
253,2.0,2.1,H25 - CBA - Cache-miss,191,2.0,89.5,14.0,2,100.0
253,2.0,2.1,H25 - CBA - Cache-miss,191,2.0,89.5,14.0,5,0.0
253,2.0,2.2,H25 - CBA - Adder,89,2.0,89.5,14.0,2,100.0
253,2.0,2.2,H25 - CBA - Adder,89,2.0,89.5,14.0,1,0.0
253,2.0,2.2,H25 - CBA - Adder,89,2.0,89.5,14.0,3,0.0
253,2.0,2.2,H25 - CBA - Adder,89,2.0,89.5,14.0,5,0.0
253,2.0,2.2,H25 - CBA - Adder,89,2.0,89.5,14.0,4,0.0
253,2.0,2.3,H25 - CBA - ALU,441,2.0,89.5,14.0,2,25.0
253,2.0,2.3,H25 - CBA - ALU,441,2.0,89.5,14.0,5,25.0
253,2.0,2.3,H25 - CBA - ALU,441,2.0,89.5,14.0,3,0.0
253,2.0,2.3,H25 - CBA - ALU,441,2.0,89.5,14.0,1,50.0
253,2.0,2.3,H25 - CBA - ALU,441,2.0,89.5,14.0,4,0.0
253,2.0,2.4,H25 - CBA - PC,273,2.0,89.5,14.0,3,0.0
253,2.0,2.4,H25 - CBA - PC,273,2.0,89.5,14.0,1,75.0
253,2.0,2.4,H25 - CBA - PC,273,2.0,89.5,14.0,4,0.0
253,2.0,2.4,H25 - CBA - PC,273,2.0,89.5,14.0,5,0.0
253,2.0,2.4,H25 - CBA - PC,273,2.0,89.5,14.0,2,25.0
253,2.0,2.5,H25 - CBA - Universell porter,89,2.0,89.5,14.0,3,100.0
253,2.0,2.5,H25 - CBA - Universell porter,89,2.0,89.5,14.0,1,0.0
253,2.0,2.5,H25 - CBA - Universell porter,89,2.0,89.5,14.0,4,0.0
253,2.0,2.5,H25 - CBA - Universell porter,89,2.0,89.5,14.0,5,0.0
253,2.0,2.5,H25 - CBA - Universell porter,89,2.0,89.5,14.0,2,0.0
253,2.0,2.6,H25 - CBA - Pipeline ytelse,256,2.0,89.5,14.0,4,75.0
253,2.0,2.6,H25 - CBA - Pipeline ytelse,256,2.0,89.5,14.0,5,0.0
253,2.0,2.6,H25 - CBA - Pipeline ytelse,256,2.0,89.5,14.0,1,25.0
253,2.0,2.6,H25 - CBA - Pipeline ytelse,256,2.0,89.5,14.0,3,0.0
253,2.0,2.6,H25 - CBA - Pipeline ytelse,256,2.0,89.5,14.0,2,0.0
253,2.0,2.7,H25 - CBA - Seriell Adder,207,2.0,89.5,14.0,2,75.0
253,2.0,2.7,H25 - CBA - Seriell Adder,207,2.0,89.5,14.0,4,0.0
253,2.0,2.7,H25 - CBA - Seriell Adder,207,2.0,89.5,14.0,5,0.0
253,2.0,2.7,H25 - CBA - Seriell Adder,207,2.0,89.5,14.0,3,0.0
253,2.0,2.7,H25 - CBA - Seriell Adder,207,2.0,89.5,14.0,1,25.0
17,2.0,2.1,H25 - CBA - Cache-miss,72,2.0,86.48,8.0,2,100.0
17,2.0,2.2,H25 - CBA - Adder,200,0.0,86.48,8.0,2,75.0
17,2.0,2.2,H25 - CBA - Adder,200,0.0,86.48,8.0,3,25.0
17,2.0,2.3,H25 - CBA - ALU,90,0.0,86.48,8.0,1,50.0
17,2.0,2.3,H25 - CBA - ALU,90,0.0,86.48,8.0,2,50.0
17,2.0,2.4,H25 - CBA - PC,96,2.0,86.48,8.0,1,100.0
17,2.0,2.5,H25 - CBA - Universell porter,28,2.0,86.48,8.0,3,100.0
17,2.0,2.6,H25 - CBA - Pipeline ytelse,64,2.0,86.48,8.0,4,100.0
17,2.0,2.7,H25 - CBA - Seriell Adder,83,0.0,86.48,8.0,2,75.0
17,2.0,2.7,H25 - CBA - Seriell Adder,83,0.0,86.48,8.0,4,25.0
399,2.0,2.1,H25 - CBA - Cache-miss,82,2.0,62.32,14.0,2,75.0
399,2.0,2.1,H25 - CBA - Cache-miss,82,2.0,62.32,14.0,5,25.0
399,2.0,2.1,H25 - CBA - Cache-miss,82,2.0,62.32,14.0,4,0.0
399,2.0,2.1,H25 - CBA - Cache-miss,82,2.0,62.32,14.0,3,0.0
399,2.0,2.1,H25 - CBA - Cache-miss,82,2.0,62.32,14.0,1,0.0
399,2.0,2.2,H25 - CBA - Adder,189,2.0,62.32,14.0,1,0.0
399,2.0,2.2,H25 - CBA - Adder,189,2.0,62.32,14.0,3,0.0
399,2.0,2.2,H25 - CBA - Adder,189,2.0,62.32,14.0,4,0.0
399,2.0,2.2,H25 - CBA - Adder,189,2.0,62.32,14.0,2,100.0
399,2.0,2.2,H25 - CBA - Adder,189,2.0,62.32,14.0,5,0.0
399,2.0,2.3,H25 - CBA - ALU,155,2.0,62.32,14.0,3,0.0
399,2.0,2.3,H25 - CBA - ALU,155,2.0,62.32,14.0,4,0.0
399,2.0,2.3,H25 - CBA - ALU,155,2.0,62.32,14.0,2,75.0
399,2.0,2.3,H25 - CBA - ALU,155,2.0,62.32,14.0,5,0.0
399,2.0,2.3,H25 - CBA - ALU,155,2.0,62.32,14.0,1,25.0
399,2.0,2.4,H25 - CBA - PC,44,2.0,62.32,14.0,4,0.0
399,2.0,2.4,H25 - CBA - PC,44,2.0,62.32,14.0,5,0.0
399,2.0,2.4,H25 - CBA - PC,44,2.0,62.32,14.0,1,0.0
399,2.0,2.4,H25 - CBA - PC,44,2.0,62.32,14.0,3,100.0
399,2.0,2.4,H25 - CBA - PC,44,2.0,62.32,14.0,2,0.0
399,2.0,2.5,H25 - CBA - Universell porter,26,2.0,62.32,14.0,4,0.0
399,2.0,2.5,H25 - CBA - Universell porter,26,2.0,62.32,14.0,3,100.0
399,2.0,2.5,H25 - CBA - Universell porter,26,2.0,62.32,14.0,5,0.0
399,2.0,2.5,H25 - CBA - Universell porter,26,2.0,62.32,14.0,1,0.0
399,2.0,2.5,H25 - CBA - Universell porter,26,2.0,62.32,14.0,2,0.0
399,2.0,2.6,H25 - CBA - Pipeline ytelse,103,2.0,62.32,14.0,1,100.0
399,2.0,2.6,H25 - CBA - Pipeline ytelse,103,2.0,62.32,14.0,5,0.0
399,2.0,2.6,H25 - CBA - Pipeline ytelse,103,2.0,62.32,14.0,4,0.0
399,2.0,2.6,H25 - CBA - Pipeline ytelse,103,2.0,62.32,14.0,3,0.0
399,2.0,2.6,H25 - CBA - Pipeline ytelse,103,2.0,62.32,14.0,2,0.0
399,2.0,2.7,H25 - CBA - Seriell Adder,55,2.0,62.32,14.0,1,0.0
399,2.0,2.7,H25 - CBA - Seriell Adder,55,2.0,62.32,14.0,3,0.0
399,2.0,2.7,H25 - CBA - Seriell Adder,55,2.0,62.32,14.0,2,100.0
399,2.0,2.7,H25 - CBA - Seriell Adder,55,2.0,62.32,14.0,5,0.0
399,2.0,2.7,H25 - CBA - Seriell Adder,55,2.0,62.32,14.0,4,0.0
120,2.0,2.1,H25 - CBA - Cache-miss,28,2.0,78.5,10.0,2,100.0
120,2.0,2.2,H25 - CBA - Adder,46,2.0,78.5,10.0,2,100.0
120,2.0,2.3,H25 - CBA - ALU,70,0.0,78.5,10.0,1,75.0
120,2.0,2.3,H25 - CBA - ALU,70,0.0,78.5,10.0,2,25.0
120,2.0,2.4,H25 - CBA - PC,37,0.0,78.5,10.0,3,100.0
120,2.0,2.5,H25 - CBA - Universell porter,53,2.0,78.5,10.0,3,100.0
120,2.0,2.6,H25 - CBA - Pipeline ytelse,38,2.0,78.5,10.0,4,100.0
120,2.0,2.7,H25 - CBA - Seriell Adder,116,2.0,78.5,10.0,2,100.0
324,2.0,2.1,H25 - CBA - Cache-miss,271,2.0,81.48,14.0,2,100.0
324,2.0,2.1,H25 - CBA - Cache-miss,271,2.0,81.48,14.0,1,0.0
324,2.0,2.1,H25 - CBA - Cache-miss,271,2.0,81.48,14.0,4,0.0
324,2.0,2.1,H25 - CBA - Cache-miss,271,2.0,81.48,14.0,3,0.0
324,2.0,2.1,H25 - CBA - Cache-miss,271,2.0,81.48,14.0,5,0.0
324,2.0,2.2,H25 - CBA - Adder,122,2.0,81.48,14.0,2,100.0
324,2.0,2.2,H25 - CBA - Adder,122,2.0,81.48,14.0,3,0.0
324,2.0,2.2,H25 - CBA - Adder,122,2.0,81.48,14.0,4,0.0
324,2.0,2.2,H25 - CBA - Adder,122,2.0,81.48,14.0,1,0.0
324,2.0,2.2,H25 - CBA - Adder,122,2.0,81.48,14.0,5,0.0
324,2.0,2.3,H25 - CBA - ALU,131,2.0,81.48,14.0,1,100.0
324,2.0,2.3,H25 - CBA - ALU,131,2.0,81.48,14.0,4,0.0
324,2.0,2.3,H25 - CBA - ALU,131,2.0,81.48,14.0,2,0.0
324,2.0,2.3,H25 - CBA - ALU,131,2.0,81.48,14.0,3,0.0
324,2.0,2.3,H25 - CBA - ALU,131,2.0,81.48,14.0,5,0.0
324,2.0,2.4,H25 - CBA - PC,136,2.0,81.48,14.0,1,100.0
324,2.0,2.4,H25 - CBA - PC,136,2.0,81.48,14.0,3,0.0
324,2.0,2.4,H25 - CBA - PC,136,2.0,81.48,14.0,2,0.0
324,2.0,2.4,H25 - CBA - PC,136,2.0,81.48,14.0,4,0.0
324,2.0,2.4,H25 - CBA - PC,136,2.0,81.48,14.0,5,0.0
324,2.0,2.5,H25 - CBA - Universell porter,27,2.0,81.48,14.0,3,100.0
324,2.0,2.5,H25 - CBA - Universell porter,27,2.0,81.48,14.0,5,0.0
324,2.0,2.5,H25 - CBA - Universell porter,27,2.0,81.48,14.0,2,0.0
324,2.0,2.5,H25 - CBA - Universell porter,27,2.0,81.48,14.0,1,0.0
324,2.0,2.5,H25 - CBA - Universell porter,27,2.0,81.48,14.0,4,0.0
324,2.0,2.6,H25 - CBA - Pipeline ytelse,98,2.0,81.48,14.0,4,100.0
324,2.0,2.6,H25 - CBA - Pipeline ytelse,98,2.0,81.48,14.0,5,0.0
324,2.0,2.6,H25 - CBA - Pipeline ytelse,98,2.0,81.48,14.0,2,0.0
324,2.0,2.6,H25 - CBA - Pipeline ytelse,98,2.0,81.48,14.0,1,0.0
324,2.0,2.6,H25 - CBA - Pipeline ytelse,98,2.0,81.48,14.0,3,0.0
324,2.0,2.7,H25 - CBA - Seriell Adder,213,2.0,81.48,14.0,2,100.0
324,2.0,2.7,H25 - CBA - Seriell Adder,213,2.0,81.48,14.0,1,0.0
324,2.0,2.7,H25 - CBA - Seriell Adder,213,2.0,81.48,14.0,5,0.0
324,2.0,2.7,H25 - CBA - Seriell Adder,213,2.0,81.48,14.0,3,0.0
324,2.0,2.7,H25 - CBA - Seriell Adder,213,2.0,81.48,14.0,4,0.0
354,2.0,2.1,H25 - CBA - Cache-miss,35,2.0,63.98,14.0,1,0.0
354,2.0,2.1,H25 - CBA - Cache-miss,35,2.0,63.98,14.0,2,100.0
354,2.0,2.1,H25 - CBA - Cache-miss,35,2.0,63.98,14.0,3,0.0
354,2.0,2.1,H25 - CBA - Cache-miss,35,2.0,63.98,14.0,4,0.0
354,2.0,2.1,H25 - CBA - Cache-miss,35,2.0,63.98,14.0,5,0.0
354,2.0,2.2,H25 - CBA - Adder,17,2.0,63.98,14.0,2,100.0
354,2.0,2.2,H25 - CBA - Adder,17,2.0,63.98,14.0,5,0.0
354,2.0,2.2,H25 - CBA - Adder,17,2.0,63.98,14.0,1,0.0
354,2.0,2.2,H25 - CBA - Adder,17,2.0,63.98,14.0,3,0.0
354,2.0,2.2,H25 - CBA - Adder,17,2.0,63.98,14.0,4,0.0
354,2.0,2.5,H25 - CBA - Universell porter,32,2.0,63.98,14.0,4,0.0
354,2.0,2.5,H25 - CBA - Universell porter,32,2.0,63.98,14.0,2,0.0
354,2.0,2.5,H25 - CBA - Universell porter,32,2.0,63.98,14.0,5,0.0
354,2.0,2.5,H25 - CBA - Universell porter,32,2.0,63.98,14.0,3,100.0
354,2.0,2.5,H25 - CBA - Universell porter,32,2.0,63.98,14.0,1,0.0
354,2.0,2.6,H25 - CBA - Pipeline ytelse,17,2.0,63.98,14.0,4,100.0
354,2.0,2.6,H25 - CBA - Pipeline ytelse,17,2.0,63.98,14.0,5,0.0
354,2.0,2.6,H25 - CBA - Pipeline ytelse,17,2.0,63.98,14.0,1,0.0
354,2.0,2.6,H25 - CBA - Pipeline ytelse,17,2.0,63.98,14.0,3,0.0
354,2.0,2.6,H25 - CBA - Pipeline ytelse,17,2.0,63.98,14.0,2,0.0
429,2.0,2.1,H25 - CBA - Cache-miss,42,2.0,76.48,14.0,2,100.0
429,2.0,2.1,H25 - CBA - Cache-miss,42,2.0,76.48,14.0,4,0.0
429,2.0,2.1,H25 - CBA - Cache-miss,42,2.0,76.48,14.0,3,0.0
429,2.0,2.1,H25 - CBA - Cache-miss,42,2.0,76.48,14.0,1,0.0
429,2.0,2.1,H25 - CBA - Cache-miss,42,2.0,76.48,14.0,5,0.0
429,2.0,2.2,H25 - CBA - Adder,32,2.0,76.48,14.0,2,100.0
429,2.0,2.2,H25 - CBA - Adder,32,2.0,76.48,14.0,5,0.0
429,2.0,2.2,H25 - CBA - Adder,32,2.0,76.48,14.0,3,0.0
429,2.0,2.2,H25 - CBA - Adder,32,2.0,76.48,14.0,4,0.0
429,2.0,2.2,H25 - CBA - Adder,32,2.0,76.48,14.0,1,0.0
429,2.0,2.3,H25 - CBA - ALU,61,2.0,76.48,14.0,1,100.0
429,2.0,2.3,H25 - CBA - ALU,61,2.0,76.48,14.0,2,0.0
429,2.0,2.3,H25 - CBA - ALU,61,2.0,76.48,14.0,4,0.0
429,2.0,2.3,H25 - CBA - ALU,61,2.0,76.48,14.0,5,0.0
429,2.0,2.3,H25 - CBA - ALU,61,2.0,76.48,14.0,3,0.0
429,2.0,2.4,H25 - CBA - PC,349,2.0,76.48,14.0,3,50.0
429,2.0,2.4,H25 - CBA - PC,349,2.0,76.48,14.0,4,0.0
429,2.0,2.4,H25 - CBA - PC,349,2.0,76.48,14.0,2,0.0
429,2.0,2.4,H25 - CBA - PC,349,2.0,76.48,14.0,5,0.0
429,2.0,2.4,H25 - CBA - PC,349,2.0,76.48,14.0,1,50.0
429,2.0,2.5,H25 - CBA - Universell porter,28,2.0,76.48,14.0,3,100.0
429,2.0,2.5,H25 - CBA - Universell porter,28,2.0,76.48,14.0,5,0.0
429,2.0,2.5,H25 - CBA - Universell porter,28,2.0,76.48,14.0,4,0.0
429,2.0,2.5,H25 - CBA - Universell porter,28,2.0,76.48,14.0,2,0.0
429,2.0,2.5,H25 - CBA - Universell porter,28,2.0,76.48,14.0,1,0.0
429,2.0,2.6,H25 - CBA - Pipeline ytelse,94,2.0,76.48,14.0,4,100.0
429,2.0,2.6,H25 - CBA - Pipeline ytelse,94,2.0,76.48,14.0,2,0.0
429,2.0,2.6,H25 - CBA - Pipeline ytelse,94,2.0,76.48,14.0,5,0.0
429,2.0,2.6,H25 - CBA - Pipeline ytelse,94,2.0,76.48,14.0,3,0.0
429,2.0,2.6,H25 - CBA - Pipeline ytelse,94,2.0,76.48,14.0,1,0.0
429,2.0,2.7,H25 - CBA - Seriell Adder,60,2.0,76.48,14.0,1,0.0
429,2.0,2.7,H25 - CBA - Seriell Adder,60,2.0,76.48,14.0,4,0.0
429,2.0,2.7,H25 - CBA - Seriell Adder,60,2.0,76.48,14.0,2,100.0
429,2.0,2.7,H25 - CBA - Seriell Adder,60,2.0,76.48,14.0,3,0.0
429,2.0,2.7,H25 - CBA - Seriell Adder,60,2.0,76.48,14.0,5,0.0
163,2.0,2.1,H25 - CBA - Cache-miss,43,2.0,71.48,14.0,2,75.0
163,2.0,2.1,H25 - CBA - Cache-miss,43,2.0,71.48,14.0,4,25.0
163,2.0,2.1,H25 - CBA - Cache-miss,43,2.0,71.48,14.0,3,0.0
163,2.0,2.1,H25 - CBA - Cache-miss,43,2.0,71.48,14.0,1,0.0
163,2.0,2.1,H25 - CBA - Cache-miss,43,2.0,71.48,14.0,5,0.0
163,2.0,2.2,H25 - CBA - Adder,51,2.0,71.48,14.0,2,50.0
163,2.0,2.2,H25 - CBA - Adder,51,2.0,71.48,14.0,1,0.0
163,2.0,2.2,H25 - CBA - Adder,51,2.0,71.48,14.0,5,0.0
163,2.0,2.2,H25 - CBA - Adder,51,2.0,71.48,14.0,3,50.0
163,2.0,2.2,H25 - CBA - Adder,51,2.0,71.48,14.0,4,0.0
163,2.0,2.3,H25 - CBA - ALU,64,2.0,71.48,14.0,1,50.0
163,2.0,2.3,H25 - CBA - ALU,64,2.0,71.48,14.0,2,50.0
163,2.0,2.3,H25 - CBA - ALU,64,2.0,71.48,14.0,5,0.0
163,2.0,2.3,H25 - CBA - ALU,64,2.0,71.48,14.0,3,0.0
163,2.0,2.3,H25 - CBA - ALU,64,2.0,71.48,14.0,4,0.0
163,2.0,2.4,H25 - CBA - PC,78,2.0,71.48,14.0,3,50.0
163,2.0,2.4,H25 - CBA - PC,78,2.0,71.48,14.0,5,0.0
163,2.0,2.4,H25 - CBA - PC,78,2.0,71.48,14.0,4,0.0
163,2.0,2.4,H25 - CBA - PC,78,2.0,71.48,14.0,1,25.0
163,2.0,2.4,H25 - CBA - PC,78,2.0,71.48,14.0,2,25.0
163,2.0,2.5,H25 - CBA - Universell porter,59,2.0,71.48,14.0,3,75.0
163,2.0,2.5,H25 - CBA - Universell porter,59,2.0,71.48,14.0,2,0.0
163,2.0,2.5,H25 - CBA - Universell porter,59,2.0,71.48,14.0,4,0.0
163,2.0,2.5,H25 - CBA - Universell porter,59,2.0,71.48,14.0,5,0.0
163,2.0,2.5,H25 - CBA - Universell porter,59,2.0,71.48,14.0,1,25.0
163,2.0,2.6,H25 - CBA - Pipeline ytelse,27,2.0,71.48,14.0,4,100.0
163,2.0,2.6,H25 - CBA - Pipeline ytelse,27,2.0,71.48,14.0,5,0.0
163,2.0,2.6,H25 - CBA - Pipeline ytelse,27,2.0,71.48,14.0,1,0.0
163,2.0,2.6,H25 - CBA - Pipeline ytelse,27,2.0,71.48,14.0,2,0.0
163,2.0,2.6,H25 - CBA - Pipeline ytelse,27,2.0,71.48,14.0,3,0.0
163,2.0,2.7,H25 - CBA - Seriell Adder,75,2.0,71.48,14.0,2,75.0
163,2.0,2.7,H25 - CBA - Seriell Adder,75,2.0,71.48,14.0,4,25.0
163,2.0,2.7,H25 - CBA - Seriell Adder,75,2.0,71.48,14.0,1,0.0
163,2.0,2.7,H25 - CBA - Seriell Adder,75,2.0,71.48,14.0,5,0.0
163,2.0,2.7,H25 - CBA - Seriell Adder,75,2.0,71.48,14.0,3,0.0
442,2.0,2.1,H25 - CBA - Cache-miss,33,2.0,90.82,14.0,4,0.0
442,2.0,2.1,H25 - CBA - Cache-miss,33,2.0,90.82,14.0,3,0.0
442,2.0,2.1,H25 - CBA - Cache-miss,33,2.0,90.82,14.0,5,0.0
442,2.0,2.1,H25 - CBA - Cache-miss,33,2.0,90.82,14.0,2,100.0
442,2.0,2.1,H25 - CBA - Cache-miss,33,2.0,90.82,14.0,1,0.0
442,2.0,2.2,H25 - CBA - Adder,53,2.0,90.82,14.0,3,0.0
442,2.0,2.2,H25 - CBA - Adder,53,2.0,90.82,14.0,2,100.0
442,2.0,2.2,H25 - CBA - Adder,53,2.0,90.82,14.0,4,0.0
442,2.0,2.2,H25 - CBA - Adder,53,2.0,90.82,14.0,5,0.0
442,2.0,2.2,H25 - CBA - Adder,53,2.0,90.82,14.0,1,0.0
442,2.0,2.3,H25 - CBA - ALU,50,2.0,90.82,14.0,1,100.0
442,2.0,2.3,H25 - CBA - ALU,50,2.0,90.82,14.0,2,0.0
442,2.0,2.3,H25 - CBA - ALU,50,2.0,90.82,14.0,3,0.0
442,2.0,2.3,H25 - CBA - ALU,50,2.0,90.82,14.0,4,0.0
442,2.0,2.3,H25 - CBA - ALU,50,2.0,90.82,14.0,5,0.0
442,2.0,2.4,H25 - CBA - PC,115,2.0,90.82,14.0,5,0.0
442,2.0,2.4,H25 - CBA - PC,115,2.0,90.82,14.0,3,0.0
442,2.0,2.4,H25 - CBA - PC,115,2.0,90.82,14.0,1,100.0
442,2.0,2.4,H25 - CBA - PC,115,2.0,90.82,14.0,4,0.0
442,2.0,2.4,H25 - CBA - PC,115,2.0,90.82,14.0,2,0.0
442,2.0,2.5,H25 - CBA - Universell porter,20,2.0,90.82,14.0,1,0.0
442,2.0,2.5,H25 - CBA - Universell porter,20,2.0,90.82,14.0,2,0.0
442,2.0,2.5,H25 - CBA - Universell porter,20,2.0,90.82,14.0,4,0.0
442,2.0,2.5,H25 - CBA - Universell porter,20,2.0,90.82,14.0,5,0.0
442,2.0,2.5,H25 - CBA - Universell porter,20,2.0,90.82,14.0,3,100.0
442,2.0,2.6,H25 - CBA - Pipeline ytelse,29,2.0,90.82,14.0,4,100.0
442,2.0,2.6,H25 - CBA - Pipeline ytelse,29,2.0,90.82,14.0,5,0.0
442,2.0,2.6,H25 - CBA - Pipeline ytelse,29,2.0,90.82,14.0,2,0.0
442,2.0,2.6,H25 - CBA - Pipeline ytelse,29,2.0,90.82,14.0,1,0.0
442,2.0,2.6,H25 - CBA - Pipeline ytelse,29,2.0,90.82,14.0,3,0.0
442,2.0,2.7,H25 - CBA - Seriell Adder,41,2.0,90.82,14.0,5,0.0
442,2.0,2.7,H25 - CBA - Seriell Adder,41,2.0,90.82,14.0,4,0.0
442,2.0,2.7,H25 - CBA - Seriell Adder,41,2.0,90.82,14.0,1,0.0
442,2.0,2.7,H25 - CBA - Seriell Adder,41,2.0,90.82,14.0,3,0.0
442,2.0,2.7,H25 - CBA - Seriell Adder,41,2.0,90.82,14.0,2,100.0
473,2.0,2.1,H25 - CBA - Cache-miss,51,2.0,73.65,12.0,3,0.0
473,2.0,2.1,H25 - CBA - Cache-miss,51,2.0,73.65,12.0,4,0.0
473,2.0,2.1,H25 - CBA - Cache-miss,51,2.0,73.65,12.0,1,0.0
473,2.0,2.1,H25 - CBA - Cache-miss,51,2.0,73.65,12.0,5,0.0
473,2.0,2.1,H25 - CBA - Cache-miss,51,2.0,73.65,12.0,2,100.0
473,2.0,2.2,H25 - CBA - Adder,41,2.0,73.65,12.0,2,100.0
473,2.0,2.2,H25 - CBA - Adder,41,2.0,73.65,12.0,3,0.0
473,2.0,2.2,H25 - CBA - Adder,41,2.0,73.65,12.0,4,0.0
473,2.0,2.2,H25 - CBA - Adder,41,2.0,73.65,12.0,5,0.0
473,2.0,2.2,H25 - CBA - Adder,41,2.0,73.65,12.0,1,0.0
473,2.0,2.3,H25 - CBA - ALU,37,2.0,73.65,12.0,4,0.0
473,2.0,2.3,H25 - CBA - ALU,37,2.0,73.65,12.0,2,100.0
473,2.0,2.3,H25 - CBA - ALU,37,2.0,73.65,12.0,3,0.0
473,2.0,2.3,H25 - CBA - ALU,37,2.0,73.65,12.0,1,0.0
473,2.0,2.3,H25 - CBA - ALU,37,2.0,73.65,12.0,5,0.0
473,2.0,2.4,H25 - CBA - PC,48,2.0,73.65,12.0,4,0.0
473,2.0,2.4,H25 - CBA - PC,48,2.0,73.65,12.0,2,0.0
473,2.0,2.4,H25 - CBA - PC,48,2.0,73.65,12.0,3,0.0
473,2.0,2.4,H25 - CBA - PC,48,2.0,73.65,12.0,5,0.0
473,2.0,2.4,H25 - CBA - PC,48,2.0,73.65,12.0,1,100.0
473,2.0,2.5,H25 - CBA - Universell porter,41,2.0,73.65,12.0,4,0.0
473,2.0,2.5,H25 - CBA - Universell porter,41,2.0,73.65,12.0,1,0.0
473,2.0,2.5,H25 - CBA - Universell porter,41,2.0,73.65,12.0,5,0.0
473,2.0,2.5,H25 - CBA - Universell porter,41,2.0,73.65,12.0,2,0.0
473,2.0,2.5,H25 - CBA - Universell porter,41,2.0,73.65,12.0,3,100.0
473,2.0,2.6,H25 - CBA - Pipeline ytelse,170,0.0,73.65,12.0,1,25.0
473,2.0,2.6,H25 - CBA - Pipeline ytelse,170,0.0,73.65,12.0,3,75.0
473,2.0,2.7,H25 - CBA - Seriell Adder,118,2.0,73.65,12.0,2,75.0
473,2.0,2.7,H25 - CBA - Seriell Adder,118,2.0,73.65,12.0,1,0.0
473,2.0,2.7,H25 - CBA - Seriell Adder,118,2.0,73.65,12.0,5,0.0
473,2.0,2.7,H25 - CBA - Seriell Adder,118,2.0,73.65,12.0,4,0.0
473,2.0,2.7,H25 - CBA - Seriell Adder,118,2.0,73.65,12.0,3,25.0
161,2.0,2.1,H25 - CBA - Cache-miss,60,2.0,43.82,6.0,2,100.0
161,2.0,2.2,H25 - CBA - Adder,37,2.0,43.82,6.0,2,100.0
161,2.0,2.3,H25 - CBA - ALU,91,0.0,43.82,6.0,5,25.0
161,2.0,2.3,H25 - CBA - ALU,91,0.0,43.82,6.0,1,75.0
161,2.0,2.4,H25 - CBA - PC,154,0.0,43.82,6.0,3,75.0
161,2.0,2.4,H25 - CBA - PC,154,0.0,43.82,6.0,4,25.0
161,2.0,2.5,H25 - CBA - Universell porter,61,2.0,43.82,6.0,3,100.0
161,2.0,2.6,H25 - CBA - Pipeline ytelse,137,0.0,43.82,6.0,1,100.0
161,2.0,2.7,H25 - CBA - Seriell Adder,85,0.0,43.82,6.0,4,50.0
161,2.0,2.7,H25 - CBA - Seriell Adder,85,0.0,43.82,6.0,2,50.0
366,2.0,2.1,H25 - CBA - Cache-miss,46,2.0,75.32,14.0,1,0.0
366,2.0,2.1,H25 - CBA - Cache-miss,46,2.0,75.32,14.0,2,100.0
366,2.0,2.1,H25 - CBA - Cache-miss,46,2.0,75.32,14.0,3,0.0
366,2.0,2.1,H25 - CBA - Cache-miss,46,2.0,75.32,14.0,5,0.0
366,2.0,2.1,H25 - CBA - Cache-miss,46,2.0,75.32,14.0,4,0.0
366,2.0,2.2,H25 - CBA - Adder,16,2.0,75.32,14.0,2,100.0
366,2.0,2.2,H25 - CBA - Adder,16,2.0,75.32,14.0,4,0.0
366,2.0,2.2,H25 - CBA - Adder,16,2.0,75.32,14.0,1,0.0
366,2.0,2.2,H25 - CBA - Adder,16,2.0,75.32,14.0,3,0.0
366,2.0,2.2,H25 - CBA - Adder,16,2.0,75.32,14.0,5,0.0
366,2.0,2.3,H25 - CBA - ALU,43,2.0,75.32,14.0,2,100.0
366,2.0,2.3,H25 - CBA - ALU,43,2.0,75.32,14.0,5,0.0
366,2.0,2.3,H25 - CBA - ALU,43,2.0,75.32,14.0,4,0.0
366,2.0,2.3,H25 - CBA - ALU,43,2.0,75.32,14.0,1,0.0
366,2.0,2.3,H25 - CBA - ALU,43,2.0,75.32,14.0,3,0.0
366,2.0,2.4,H25 - CBA - PC,28,2.0,75.32,14.0,2,100.0
366,2.0,2.4,H25 - CBA - PC,28,2.0,75.32,14.0,5,0.0
366,2.0,2.4,H25 - CBA - PC,28,2.0,75.32,14.0,4,0.0
366,2.0,2.4,H25 - CBA - PC,28,2.0,75.32,14.0,1,0.0
366,2.0,2.4,H25 - CBA - PC,28,2.0,75.32,14.0,3,0.0
366,2.0,2.5,H25 - CBA - Universell porter,18,2.0,75.32,14.0,3,100.0
366,2.0,2.5,H25 - CBA - Universell porter,18,2.0,75.32,14.0,4,0.0
366,2.0,2.5,H25 - CBA - Universell porter,18,2.0,75.32,14.0,5,0.0
366,2.0,2.5,H25 - CBA - Universell porter,18,2.0,75.32,14.0,1,0.0
366,2.0,2.5,H25 - CBA - Universell porter,18,2.0,75.32,14.0,2,0.0
366,2.0,2.6,H25 - CBA - Pipeline ytelse,40,2.0,75.32,14.0,4,100.0
366,2.0,2.6,H25 - CBA - Pipeline ytelse,40,2.0,75.32,14.0,1,0.0
366,2.0,2.6,H25 - CBA - Pipeline ytelse,40,2.0,75.32,14.0,5,0.0
366,2.0,2.6,H25 - CBA - Pipeline ytelse,40,2.0,75.32,14.0,3,0.0
366,2.0,2.6,H25 - CBA - Pipeline ytelse,40,2.0,75.32,14.0,2,0.0
366,2.0,2.7,H25 - CBA - Seriell Adder,49,2.0,75.32,14.0,2,100.0
366,2.0,2.7,H25 - CBA - Seriell Adder,49,2.0,75.32,14.0,5,0.0
366,2.0,2.7,H25 - CBA - Seriell Adder,49,2.0,75.32,14.0,1,0.0
366,2.0,2.7,H25 - CBA - Seriell Adder,49,2.0,75.32,14.0,4,0.0
366,2.0,2.7,H25 - CBA - Seriell Adder,49,2.0,75.32,14.0,3,0.0
483,2.0,2.1,H25 - CBA - Cache-miss,46,2.0,71.0,12.0,5,0.0
483,2.0,2.1,H25 - CBA - Cache-miss,46,2.0,71.0,12.0,2,100.0
483,2.0,2.2,H25 - CBA - Adder,18,2.0,71.0,12.0,2,100.0
483,2.0,2.3,H25 - CBA - ALU,55,2.0,71.0,12.0,2,0.0
483,2.0,2.3,H25 - CBA - ALU,55,2.0,71.0,12.0,1,100.0
483,2.0,2.3,H25 - CBA - ALU,55,2.0,71.0,12.0,4,0.0
483,2.0,2.3,H25 - CBA - ALU,55,2.0,71.0,12.0,5,0.0
483,2.0,2.3,H25 - CBA - ALU,55,2.0,71.0,12.0,3,0.0
483,2.0,2.4,H25 - CBA - PC,67,0.0,71.0,12.0,5,50.0
483,2.0,2.4,H25 - CBA - PC,67,0.0,71.0,12.0,3,50.0
483,2.0,2.5,H25 - CBA - Universell porter,16,2.0,71.0,12.0,3,100.0
483,2.0,2.6,H25 - CBA - Pipeline ytelse,37,2.0,71.0,12.0,4,100.0
483,2.0,2.7,H25 - CBA - Seriell Adder,46,2.0,71.0,12.0,2,100.0
82,2.0,2.1,H25 - CBA - Cache-miss,104,2.0,80.98,14.0,1,0.0
82,2.0,2.1,H25 - CBA - Cache-miss,104,2.0,80.98,14.0,4,0.0
82,2.0,2.1,H25 - CBA - Cache-miss,104,2.0,80.98,14.0,2,100.0
82,2.0,2.1,H25 - CBA - Cache-miss,104,2.0,80.98,14.0,3,0.0
82,2.0,2.1,H25 - CBA - Cache-miss,104,2.0,80.98,14.0,5,0.0
82,2.0,2.2,H25 - CBA - Adder,71,2.0,80.98,14.0,2,100.0
82,2.0,2.2,H25 - CBA - Adder,71,2.0,80.98,14.0,4,0.0
82,2.0,2.2,H25 - CBA - Adder,71,2.0,80.98,14.0,1,0.0
82,2.0,2.2,H25 - CBA - Adder,71,2.0,80.98,14.0,5,0.0
82,2.0,2.2,H25 - CBA - Adder,71,2.0,80.98,14.0,3,0.0
82,2.0,2.3,H25 - CBA - ALU,441,2.0,80.98,14.0,5,0.0
82,2.0,2.3,H25 - CBA - ALU,441,2.0,80.98,14.0,3,0.0
82,2.0,2.3,H25 - CBA - ALU,441,2.0,80.98,14.0,2,0.0
82,2.0,2.3,H25 - CBA - ALU,441,2.0,80.98,14.0,4,50.0
82,2.0,2.3,H25 - CBA - ALU,441,2.0,80.98,14.0,1,50.0
82,2.0,2.4,H25 - CBA - PC,59,2.0,80.98,14.0,1,100.0
82,2.0,2.4,H25 - CBA - PC,59,2.0,80.98,14.0,4,0.0
82,2.0,2.4,H25 - CBA - PC,59,2.0,80.98,14.0,3,0.0
82,2.0,2.4,H25 - CBA - PC,59,2.0,80.98,14.0,2,0.0
82,2.0,2.4,H25 - CBA - PC,59,2.0,80.98,14.0,5,0.0
82,2.0,2.5,H25 - CBA - Universell porter,40,2.0,80.98,14.0,3,100.0
82,2.0,2.5,H25 - CBA - Universell porter,40,2.0,80.98,14.0,5,0.0
82,2.0,2.5,H25 - CBA - Universell porter,40,2.0,80.98,14.0,2,0.0
82,2.0,2.5,H25 - CBA - Universell porter,40,2.0,80.98,14.0,4,0.0
82,2.0,2.5,H25 - CBA - Universell porter,40,2.0,80.98,14.0,1,0.0
82,2.0,2.6,H25 - CBA - Pipeline ytelse,176,2.0,80.98,14.0,5,0.0
82,2.0,2.6,H25 - CBA - Pipeline ytelse,176,2.0,80.98,14.0,2,0.0
82,2.0,2.6,H25 - CBA - Pipeline ytelse,176,2.0,80.98,14.0,3,0.0
82,2.0,2.6,H25 - CBA - Pipeline ytelse,176,2.0,80.98,14.0,1,0.0
82,2.0,2.6,H25 - CBA - Pipeline ytelse,176,2.0,80.98,14.0,4,100.0
82,2.0,2.7,H25 - CBA - Seriell Adder,249,2.0,80.98,14.0,4,0.0
82,2.0,2.7,H25 - CBA - Seriell Adder,249,2.0,80.98,14.0,5,0.0
82,2.0,2.7,H25 - CBA - Seriell Adder,249,2.0,80.98,14.0,1,0.0
82,2.0,2.7,H25 - CBA - Seriell Adder,249,2.0,80.98,14.0,2,50.0
82,2.0,2.7,H25 - CBA - Seriell Adder,249,2.0,80.98,14.0,3,50.0
46,2.0,2.1,H25 - CBA - Cache-miss,233,2.0,39.31,14.0,1,0.0
46,2.0,2.1,H25 - CBA - Cache-miss,233,2.0,39.31,14.0,5,0.0
46,2.0,2.1,H25 - CBA - Cache-miss,233,2.0,39.31,14.0,3,100.0
46,2.0,2.1,H25 - CBA - Cache-miss,233,2.0,39.31,14.0,2,0.0
46,2.0,2.1,H25 - CBA - Cache-miss,233,2.0,39.31,14.0,4,0.0
46,2.0,2.2,H25 - CBA - Adder,105,2.0,39.31,14.0,4,0.0
46,2.0,2.2,H25 - CBA - Adder,105,2.0,39.31,14.0,5,0.0
46,2.0,2.2,H25 - CBA - Adder,105,2.0,39.31,14.0,3,75.0
46,2.0,2.2,H25 - CBA - Adder,105,2.0,39.31,14.0,1,0.0
46,2.0,2.2,H25 - CBA - Adder,105,2.0,39.31,14.0,2,25.0
46,2.0,2.3,H25 - CBA - ALU,256,2.0,39.31,14.0,1,50.0
46,2.0,2.3,H25 - CBA - ALU,256,2.0,39.31,14.0,2,50.0
46,2.0,2.3,H25 - CBA - ALU,256,2.0,39.31,14.0,5,0.0
46,2.0,2.3,H25 - CBA - ALU,256,2.0,39.31,14.0,4,0.0
46,2.0,2.3,H25 - CBA - ALU,256,2.0,39.31,14.0,3,0.0
46,2.0,2.4,H25 - CBA - PC,309,2.0,39.31,14.0,3,100.0
46,2.0,2.4,H25 - CBA - PC,309,2.0,39.31,14.0,4,0.0
46,2.0,2.4,H25 - CBA - PC,309,2.0,39.31,14.0,1,0.0
46,2.0,2.4,H25 - CBA - PC,309,2.0,39.31,14.0,5,0.0
46,2.0,2.4,H25 - CBA - PC,309,2.0,39.31,14.0,2,0.0
46,2.0,2.5,H25 - CBA - Universell porter,184,2.0,39.31,14.0,5,75.0
46,2.0,2.5,H25 - CBA - Universell porter,184,2.0,39.31,14.0,2,0.0
46,2.0,2.5,H25 - CBA - Universell porter,184,2.0,39.31,14.0,3,0.0
46,2.0,2.5,H25 - CBA - Universell porter,184,2.0,39.31,14.0,4,0.0
46,2.0,2.5,H25 - CBA - Universell porter,184,2.0,39.31,14.0,1,25.0
46,2.0,2.7,H25 - CBA - Seriell Adder,210,2.0,39.31,14.0,3,75.0
46,2.0,2.7,H25 - CBA - Seriell Adder,210,2.0,39.31,14.0,1,0.0
46,2.0,2.7,H25 - CBA - Seriell Adder,210,2.0,39.31,14.0,4,0.0
46,2.0,2.7,H25 - CBA - Seriell Adder,210,2.0,39.31,14.0,5,0.0
46,2.0,2.7,H25 - CBA - Seriell Adder,210,2.0,39.31,14.0,2,25.0
77,2.0,2.1,H25 - CBA - Cache-miss,277,2.0,74.17,14.0,1,0.0
77,2.0,2.1,H25 - CBA - Cache-miss,277,2.0,74.17,14.0,3,0.0
77,2.0,2.1,H25 - CBA - Cache-miss,277,2.0,74.17,14.0,4,0.0
77,2.0,2.1,H25 - CBA - Cache-miss,277,2.0,74.17,14.0,2,50.0
77,2.0,2.1,H25 - CBA - Cache-miss,277,2.0,74.17,14.0,5,50.0
77,2.0,2.2,H25 - CBA - Adder,183,2.0,74.17,14.0,1,0.0
77,2.0,2.2,H25 - CBA - Adder,183,2.0,74.17,14.0,3,0.0
77,2.0,2.2,H25 - CBA - Adder,183,2.0,74.17,14.0,4,0.0
77,2.0,2.2,H25 - CBA - Adder,183,2.0,74.17,14.0,5,100.0
77,2.0,2.2,H25 - CBA - Adder,183,2.0,74.17,14.0,2,0.0
77,2.0,2.3,H25 - CBA - ALU,126,2.0,74.17,14.0,4,0.0
77,2.0,2.3,H25 - CBA - ALU,126,2.0,74.17,14.0,3,0.0
77,2.0,2.3,H25 - CBA - ALU,126,2.0,74.17,14.0,5,100.0
77,2.0,2.3,H25 - CBA - ALU,126,2.0,74.17,14.0,2,0.0
77,2.0,2.3,H25 - CBA - ALU,126,2.0,74.17,14.0,1,0.0
77,2.0,2.4,H25 - CBA - PC,126,2.0,74.17,14.0,4,0.0
77,2.0,2.4,H25 - CBA - PC,126,2.0,74.17,14.0,5,0.0
77,2.0,2.4,H25 - CBA - PC,126,2.0,74.17,14.0,2,0.0
77,2.0,2.4,H25 - CBA - PC,126,2.0,74.17,14.0,3,50.0
77,2.0,2.4,H25 - CBA - PC,126,2.0,74.17,14.0,1,50.0
77,2.0,2.5,H25 - CBA - Universell porter,135,2.0,74.17,14.0,1,0.0
77,2.0,2.5,H25 - CBA - Universell porter,135,2.0,74.17,14.0,2,0.0
77,2.0,2.5,H25 - CBA - Universell porter,135,2.0,74.17,14.0,4,0.0
77,2.0,2.5,H25 - CBA - Universell porter,135,2.0,74.17,14.0,3,75.0
77,2.0,2.5,H25 - CBA - Universell porter,135,2.0,74.17,14.0,5,25.0
77,2.0,2.6,H25 - CBA - Pipeline ytelse,185,2.0,74.17,14.0,2,0.0
77,2.0,2.6,H25 - CBA - Pipeline ytelse,185,2.0,74.17,14.0,3,75.0
77,2.0,2.6,H25 - CBA - Pipeline ytelse,185,2.0,74.17,14.0,4,25.0
77,2.0,2.6,H25 - CBA - Pipeline ytelse,185,2.0,74.17,14.0,1,0.0
77,2.0,2.6,H25 - CBA - Pipeline ytelse,185,2.0,74.17,14.0,5,0.0
77,2.0,2.7,H25 - CBA - Seriell Adder,204,2.0,74.17,14.0,1,0.0
77,2.0,2.7,H25 - CBA - Seriell Adder,204,2.0,74.17,14.0,3,0.0
77,2.0,2.7,H25 - CBA - Seriell Adder,204,2.0,74.17,14.0,2,50.0
77,2.0,2.7,H25 - CBA - Seriell Adder,204,2.0,74.17,14.0,4,25.0
77,2.0,2.7,H25 - CBA - Seriell Adder,204,2.0,74.17,14.0,5,25.0
136,2.0,2.1,H25 - CBA - Cache-miss,74,2.0,59.14,14.0,5,0.0
136,2.0,2.1,H25 - CBA - Cache-miss,74,2.0,59.14,14.0,2,100.0
136,2.0,2.1,H25 - CBA - Cache-miss,74,2.0,59.14,14.0,3,0.0
136,2.0,2.1,H25 - CBA - Cache-miss,74,2.0,59.14,14.0,4,0.0
136,2.0,2.1,H25 - CBA - Cache-miss,74,2.0,59.14,14.0,1,0.0
136,2.0,2.2,H25 - CBA - Adder,43,2.0,59.14,14.0,2,100.0
136,2.0,2.2,H25 - CBA - Adder,43,2.0,59.14,14.0,5,0.0
136,2.0,2.2,H25 - CBA - Adder,43,2.0,59.14,14.0,4,0.0
136,2.0,2.2,H25 - CBA - Adder,43,2.0,59.14,14.0,1,0.0
136,2.0,2.2,H25 - CBA - Adder,43,2.0,59.14,14.0,3,0.0
136,2.0,2.3,H25 - CBA - ALU,144,2.0,59.14,14.0,5,75.0
136,2.0,2.3,H25 - CBA - ALU,144,2.0,59.14,14.0,2,0.0
136,2.0,2.3,H25 - CBA - ALU,144,2.0,59.14,14.0,1,25.0
136,2.0,2.3,H25 - CBA - ALU,144,2.0,59.14,14.0,3,0.0
136,2.0,2.3,H25 - CBA - ALU,144,2.0,59.14,14.0,4,0.0
136,2.0,2.4,H25 - CBA - PC,67,2.0,59.14,14.0,1,100.0
136,2.0,2.4,H25 - CBA - PC,67,2.0,59.14,14.0,3,0.0
136,2.0,2.4,H25 - CBA - PC,67,2.0,59.14,14.0,4,0.0
136,2.0,2.4,H25 - CBA - PC,67,2.0,59.14,14.0,2,0.0
136,2.0,2.4,H25 - CBA - PC,67,2.0,59.14,14.0,5,0.0
136,2.0,2.5,H25 - CBA - Universell porter,26,2.0,59.14,14.0,3,100.0
136,2.0,2.5,H25 - CBA - Universell porter,26,2.0,59.14,14.0,1,0.0
136,2.0,2.5,H25 - CBA - Universell porter,26,2.0,59.14,14.0,5,0.0
136,2.0,2.5,H25 - CBA - Universell porter,26,2.0,59.14,14.0,2,0.0
136,2.0,2.5,H25 - CBA - Universell porter,26,2.0,59.14,14.0,4,0.0
136,2.0,2.6,H25 - CBA - Pipeline ytelse,66,2.0,59.14,14.0,4,100.0
136,2.0,2.6,H25 - CBA - Pipeline ytelse,66,2.0,59.14,14.0,5,0.0
136,2.0,2.6,H25 - CBA - Pipeline ytelse,66,2.0,59.14,14.0,1,0.0
136,2.0,2.6,H25 - CBA - Pipeline ytelse,66,2.0,59.14,14.0,2,0.0
136,2.0,2.6,H25 - CBA - Pipeline ytelse,66,2.0,59.14,14.0,3,0.0
136,2.0,2.7,H25 - CBA - Seriell Adder,160,2.0,59.14,14.0,2,50.0
136,2.0,2.7,H25 - CBA - Seriell Adder,160,2.0,59.14,14.0,4,0.0
136,2.0,2.7,H25 - CBA - Seriell Adder,160,2.0,59.14,14.0,3,25.0
136,2.0,2.7,H25 - CBA - Seriell Adder,160,2.0,59.14,14.0,1,0.0
136,2.0,2.7,H25 - CBA - Seriell Adder,160,2.0,59.14,14.0,5,25.0
58,2.0,2.1,H25 - CBA - Cache-miss,28,2.0,70.05,14.0,2,100.0
58,2.0,2.1,H25 - CBA - Cache-miss,28,2.0,70.05,14.0,5,0.0
58,2.0,2.1,H25 - CBA - Cache-miss,28,2.0,70.05,14.0,3,0.0
58,2.0,2.1,H25 - CBA - Cache-miss,28,2.0,70.05,14.0,1,0.0
58,2.0,2.1,H25 - CBA - Cache-miss,28,2.0,70.05,14.0,4,0.0
58,2.0,2.2,H25 - CBA - Adder,38,2.0,70.05,14.0,2,100.0
58,2.0,2.2,H25 - CBA - Adder,38,2.0,70.05,14.0,5,0.0
58,2.0,2.2,H25 - CBA - Adder,38,2.0,70.05,14.0,1,0.0
58,2.0,2.2,H25 - CBA - Adder,38,2.0,70.05,14.0,3,0.0
58,2.0,2.2,H25 - CBA - Adder,38,2.0,70.05,14.0,4,0.0
58,2.0,2.3,H25 - CBA - ALU,33,2.0,70.05,14.0,1,50.0
58,2.0,2.3,H25 - CBA - ALU,33,2.0,70.05,14.0,2,25.0
58,2.0,2.3,H25 - CBA - ALU,33,2.0,70.05,14.0,3,25.0
58,2.0,2.3,H25 - CBA - ALU,33,2.0,70.05,14.0,4,0.0
58,2.0,2.3,H25 - CBA - ALU,33,2.0,70.05,14.0,5,0.0
58,2.0,2.4,H25 - CBA - PC,55,2.0,70.05,14.0,2,0.0
58,2.0,2.4,H25 - CBA - PC,55,2.0,70.05,14.0,5,0.0
58,2.0,2.4,H25 - CBA - PC,55,2.0,70.05,14.0,4,0.0
58,2.0,2.4,H25 - CBA - PC,55,2.0,70.05,14.0,3,0.0
58,2.0,2.4,H25 - CBA - PC,55,2.0,70.05,14.0,1,100.0
58,2.0,2.5,H25 - CBA - Universell porter,27,2.0,70.05,14.0,3,100.0
58,2.0,2.5,H25 - CBA - Universell porter,27,2.0,70.05,14.0,1,0.0
58,2.0,2.5,H25 - CBA - Universell porter,27,2.0,70.05,14.0,4,0.0
58,2.0,2.5,H25 - CBA - Universell porter,27,2.0,70.05,14.0,5,0.0
58,2.0,2.5,H25 - CBA - Universell porter,27,2.0,70.05,14.0,2,0.0
58,2.0,2.6,H25 - CBA - Pipeline ytelse,39,2.0,70.05,14.0,3,75.0
58,2.0,2.6,H25 - CBA - Pipeline ytelse,39,2.0,70.05,14.0,4,25.0
58,2.0,2.6,H25 - CBA - Pipeline ytelse,39,2.0,70.05,14.0,2,0.0
58,2.0,2.6,H25 - CBA - Pipeline ytelse,39,2.0,70.05,14.0,1,0.0
58,2.0,2.6,H25 - CBA - Pipeline ytelse,39,2.0,70.05,14.0,5,0.0
58,2.0,2.7,H25 - CBA - Seriell Adder,101,2.0,70.05,14.0,2,75.0
58,2.0,2.7,H25 - CBA - Seriell Adder,101,2.0,70.05,14.0,5,0.0
58,2.0,2.7,H25 - CBA - Seriell Adder,101,2.0,70.05,14.0,3,25.0
58,2.0,2.7,H25 - CBA - Seriell Adder,101,2.0,70.05,14.0,1,0.0
58,2.0,2.7,H25 - CBA - Seriell Adder,101,2.0,70.05,14.0,4,0.0
466,2.0,2.1,H25 - CBA - Cache-miss,181,2.0,60.82,14.0,3,0.0
466,2.0,2.1,H25 - CBA - Cache-miss,181,2.0,60.82,14.0,2,100.0
466,2.0,2.1,H25 - CBA - Cache-miss,181,2.0,60.82,14.0,5,0.0
466,2.0,2.1,H25 - CBA - Cache-miss,181,2.0,60.82,14.0,4,0.0
466,2.0,2.1,H25 - CBA - Cache-miss,181,2.0,60.82,14.0,1,0.0
466,2.0,2.2,H25 - CBA - Adder,59,2.0,60.82,14.0,3,100.0
466,2.0,2.2,H25 - CBA - Adder,59,2.0,60.82,14.0,5,0.0
466,2.0,2.2,H25 - CBA - Adder,59,2.0,60.82,14.0,1,0.0
466,2.0,2.2,H25 - CBA - Adder,59,2.0,60.82,14.0,4,0.0
466,2.0,2.2,H25 - CBA - Adder,59,2.0,60.82,14.0,2,0.0
466,2.0,2.3,H25 - CBA - ALU,68,2.0,60.82,14.0,1,100.0
466,2.0,2.3,H25 - CBA - ALU,68,2.0,60.82,14.0,2,0.0
466,2.0,2.3,H25 - CBA - ALU,68,2.0,60.82,14.0,4,0.0
466,2.0,2.3,H25 - CBA - ALU,68,2.0,60.82,14.0,5,0.0
466,2.0,2.3,H25 - CBA - ALU,68,2.0,60.82,14.0,3,0.0
466,2.0,2.4,H25 - CBA - PC,550,2.0,60.82,14.0,5,0.0
466,2.0,2.4,H25 - CBA - PC,550,2.0,60.82,14.0,2,100.0
466,2.0,2.4,H25 - CBA - PC,550,2.0,60.82,14.0,4,0.0
466,2.0,2.4,H25 - CBA - PC,550,2.0,60.82,14.0,1,0.0
466,2.0,2.4,H25 - CBA - PC,550,2.0,60.82,14.0,3,0.0
466,2.0,2.5,H25 - CBA - Universell porter,159,2.0,60.82,14.0,1,100.0
466,2.0,2.5,H25 - CBA - Universell porter,159,2.0,60.82,14.0,3,0.0
466,2.0,2.5,H25 - CBA - Universell porter,159,2.0,60.82,14.0,2,0.0
466,2.0,2.5,H25 - CBA - Universell porter,159,2.0,60.82,14.0,4,0.0
466,2.0,2.5,H25 - CBA - Universell porter,159,2.0,60.82,14.0,5,0.0
466,2.0,2.6,H25 - CBA - Pipeline ytelse,100,2.0,60.82,14.0,4,100.0
466,2.0,2.6,H25 - CBA - Pipeline ytelse,100,2.0,60.82,14.0,2,0.0
466,2.0,2.6,H25 - CBA - Pipeline ytelse,100,2.0,60.82,14.0,1,0.0
466,2.0,2.6,H25 - CBA - Pipeline ytelse,100,2.0,60.82,14.0,3,0.0
466,2.0,2.6,H25 - CBA - Pipeline ytelse,100,2.0,60.82,14.0,5,0.0
466,2.0,2.7,H25 - CBA - Seriell Adder,391,2.0,60.82,14.0,5,0.0
466,2.0,2.7,H25 - CBA - Seriell Adder,391,2.0,60.82,14.0,3,100.0
466,2.0,2.7,H25 - CBA - Seriell Adder,391,2.0,60.82,14.0,4,0.0
466,2.0,2.7,H25 - CBA - Seriell Adder,391,2.0,60.82,14.0,2,0.0
466,2.0,2.7,H25 - CBA - Seriell Adder,391,2.0,60.82,14.0,1,0.0
39,2.0,2.1,H25 - CBA - Cache-miss,51,2.0,69.65,14.0,2,100.0
39,2.0,2.1,H25 - CBA - Cache-miss,51,2.0,69.65,14.0,3,0.0
39,2.0,2.1,H25 - CBA - Cache-miss,51,2.0,69.65,14.0,4,0.0
39,2.0,2.1,H25 - CBA - Cache-miss,51,2.0,69.65,14.0,1,0.0
39,2.0,2.1,H25 - CBA - Cache-miss,51,2.0,69.65,14.0,5,0.0
39,2.0,2.2,H25 - CBA - Adder,131,2.0,69.65,14.0,1,0.0
39,2.0,2.2,H25 - CBA - Adder,131,2.0,69.65,14.0,4,0.0
39,2.0,2.2,H25 - CBA - Adder,131,2.0,69.65,14.0,3,25.0
39,2.0,2.2,H25 - CBA - Adder,131,2.0,69.65,14.0,2,75.0
39,2.0,2.2,H25 - CBA - Adder,131,2.0,69.65,14.0,5,0.0
39,2.0,2.3,H25 - CBA - ALU,183,2.0,69.65,14.0,4,50.0
39,2.0,2.3,H25 - CBA - ALU,183,2.0,69.65,14.0,5,0.0
39,2.0,2.3,H25 - CBA - ALU,183,2.0,69.65,14.0,2,0.0
39,2.0,2.3,H25 - CBA - ALU,183,2.0,69.65,14.0,3,50.0
39,2.0,2.3,H25 - CBA - ALU,183,2.0,69.65,14.0,1,0.0
39,2.0,2.4,H25 - CBA - PC,61,2.0,69.65,14.0,4,0.0
39,2.0,2.4,H25 - CBA - PC,61,2.0,69.65,14.0,5,0.0
39,2.0,2.4,H25 - CBA - PC,61,2.0,69.65,14.0,1,100.0
39,2.0,2.4,H25 - CBA - PC,61,2.0,69.65,14.0,3,0.0
39,2.0,2.4,H25 - CBA - PC,61,2.0,69.65,14.0,2,0.0
39,2.0,2.5,H25 - CBA - Universell porter,101,2.0,69.65,14.0,5,0.0
39,2.0,2.5,H25 - CBA - Universell porter,101,2.0,69.65,14.0,2,0.0
39,2.0,2.5,H25 - CBA - Universell porter,101,2.0,69.65,14.0,1,0.0
39,2.0,2.5,H25 - CBA - Universell porter,101,2.0,69.65,14.0,4,0.0
39,2.0,2.5,H25 - CBA - Universell porter,101,2.0,69.65,14.0,3,100.0
39,2.0,2.6,H25 - CBA - Pipeline ytelse,34,2.0,69.65,14.0,5,0.0
39,2.0,2.6,H25 - CBA - Pipeline ytelse,34,2.0,69.65,14.0,4,100.0
39,2.0,2.6,H25 - CBA - Pipeline ytelse,34,2.0,69.65,14.0,3,0.0
39,2.0,2.6,H25 - CBA - Pipeline ytelse,34,2.0,69.65,14.0,1,0.0
39,2.0,2.6,H25 - CBA - Pipeline ytelse,34,2.0,69.65,14.0,2,0.0
39,2.0,2.7,H25 - CBA - Seriell Adder,77,2.0,69.65,14.0,3,0.0
39,2.0,2.7,H25 - CBA - Seriell Adder,77,2.0,69.65,14.0,2,50.0
39,2.0,2.7,H25 - CBA - Seriell Adder,77,2.0,69.65,14.0,5,0.0
39,2.0,2.7,H25 - CBA - Seriell Adder,77,2.0,69.65,14.0,1,50.0
39,2.0,2.7,H25 - CBA - Seriell Adder,77,2.0,69.65,14.0,4,0.0
378,2.0,2.1,H25 - CBA - Cache-miss,115,2.0,48.59,14.0,2,75.0
378,2.0,2.1,H25 - CBA - Cache-miss,115,2.0,48.59,14.0,4,25.0
378,2.0,2.1,H25 - CBA - Cache-miss,115,2.0,48.59,14.0,3,0.0
378,2.0,2.1,H25 - CBA - Cache-miss,115,2.0,48.59,14.0,1,0.0
378,2.0,2.1,H25 - CBA - Cache-miss,115,2.0,48.59,14.0,5,0.0
378,2.0,2.2,H25 - CBA - Adder,89,2.0,48.59,14.0,2,75.0
378,2.0,2.2,H25 - CBA - Adder,89,2.0,48.59,14.0,5,25.0
378,2.0,2.2,H25 - CBA - Adder,89,2.0,48.59,14.0,4,0.0
378,2.0,2.2,H25 - CBA - Adder,89,2.0,48.59,14.0,3,0.0
378,2.0,2.2,H25 - CBA - Adder,89,2.0,48.59,14.0,1,0.0
378,2.0,2.3,H25 - CBA - ALU,158,2.0,48.59,14.0,3,0.0
378,2.0,2.3,H25 - CBA - ALU,158,2.0,48.59,14.0,5,25.0
378,2.0,2.3,H25 - CBA - ALU,158,2.0,48.59,14.0,2,25.0
378,2.0,2.3,H25 - CBA - ALU,158,2.0,48.59,14.0,4,0.0
378,2.0,2.3,H25 - CBA - ALU,158,2.0,48.59,14.0,1,50.0
378,2.0,2.4,H25 - CBA - PC,113,2.0,48.59,14.0,3,50.0
378,2.0,2.4,H25 - CBA - PC,113,2.0,48.59,14.0,2,50.0
378,2.0,2.4,H25 - CBA - PC,113,2.0,48.59,14.0,5,0.0
378,2.0,2.4,H25 - CBA - PC,113,2.0,48.59,14.0,1,0.0
378,2.0,2.4,H25 - CBA - PC,113,2.0,48.59,14.0,4,0.0
378,2.0,2.5,H25 - CBA - Universell porter,131,2.0,48.59,14.0,5,50.0
378,2.0,2.5,H25 - CBA - Universell porter,131,2.0,48.59,14.0,3,25.0
378,2.0,2.5,H25 - CBA - Universell porter,131,2.0,48.59,14.0,2,0.0
378,2.0,2.5,H25 - CBA - Universell porter,131,2.0,48.59,14.0,4,0.0
378,2.0,2.5,H25 - CBA - Universell porter,131,2.0,48.59,14.0,1,25.0
378,2.0,2.6,H25 - CBA - Pipeline ytelse,101,2.0,48.59,14.0,3,50.0
378,2.0,2.6,H25 - CBA - Pipeline ytelse,101,2.0,48.59,14.0,1,50.0
378,2.0,2.6,H25 - CBA - Pipeline ytelse,101,2.0,48.59,14.0,2,0.0
378,2.0,2.6,H25 - CBA - Pipeline ytelse,101,2.0,48.59,14.0,5,0.0
378,2.0,2.6,H25 - CBA - Pipeline ytelse,101,2.0,48.59,14.0,4,0.0
378,2.0,2.7,H25 - CBA - Seriell Adder,280,2.0,48.59,14.0,4,25.0
378,2.0,2.7,H25 - CBA - Seriell Adder,280,2.0,48.59,14.0,1,50.0
378,2.0,2.7,H25 - CBA - Seriell Adder,280,2.0,48.59,14.0,2,25.0
378,2.0,2.7,H25 - CBA - Seriell Adder,280,2.0,48.59,14.0,5,0.0
378,2.0,2.7,H25 - CBA - Seriell Adder,280,2.0,48.59,14.0,3,0.0
125,2.0,2.1,H25 - CBA - Cache-miss,79,2.0,88.78,14.0,2,100.0
125,2.0,2.1,H25 - CBA - Cache-miss,79,2.0,88.78,14.0,3,0.0
125,2.0,2.1,H25 - CBA - Cache-miss,79,2.0,88.78,14.0,5,0.0
125,2.0,2.1,H25 - CBA - Cache-miss,79,2.0,88.78,14.0,4,0.0
125,2.0,2.1,H25 - CBA - Cache-miss,79,2.0,88.78,14.0,1,0.0
125,2.0,2.2,H25 - CBA - Adder,48,2.0,88.78,14.0,2,100.0
125,2.0,2.2,H25 - CBA - Adder,48,2.0,88.78,14.0,3,0.0
125,2.0,2.2,H25 - CBA - Adder,48,2.0,88.78,14.0,1,0.0
125,2.0,2.2,H25 - CBA - Adder,48,2.0,88.78,14.0,4,0.0
125,2.0,2.2,H25 - CBA - Adder,48,2.0,88.78,14.0,5,0.0
125,2.0,2.3,H25 - CBA - ALU,75,2.0,88.78,14.0,5,0.0
125,2.0,2.3,H25 - CBA - ALU,75,2.0,88.78,14.0,2,50.0
125,2.0,2.3,H25 - CBA - ALU,75,2.0,88.78,14.0,3,0.0
125,2.0,2.3,H25 - CBA - ALU,75,2.0,88.78,14.0,4,0.0
125,2.0,2.3,H25 - CBA - ALU,75,2.0,88.78,14.0,1,50.0
125,2.0,2.4,H25 - CBA - PC,87,2.0,88.78,14.0,1,100.0
125,2.0,2.4,H25 - CBA - PC,87,2.0,88.78,14.0,3,0.0
125,2.0,2.4,H25 - CBA - PC,87,2.0,88.78,14.0,5,0.0
125,2.0,2.4,H25 - CBA - PC,87,2.0,88.78,14.0,4,0.0
125,2.0,2.4,H25 - CBA - PC,87,2.0,88.78,14.0,2,0.0
125,2.0,2.5,H25 - CBA - Universell porter,36,2.0,88.78,14.0,3,100.0
125,2.0,2.5,H25 - CBA - Universell porter,36,2.0,88.78,14.0,1,0.0
125,2.0,2.5,H25 - CBA - Universell porter,36,2.0,88.78,14.0,5,0.0
125,2.0,2.5,H25 - CBA - Universell porter,36,2.0,88.78,14.0,2,0.0
125,2.0,2.5,H25 - CBA - Universell porter,36,2.0,88.78,14.0,4,0.0
125,2.0,2.6,H25 - CBA - Pipeline ytelse,103,2.0,88.78,14.0,5,0.0
125,2.0,2.6,H25 - CBA - Pipeline ytelse,103,2.0,88.78,14.0,3,0.0
125,2.0,2.6,H25 - CBA - Pipeline ytelse,103,2.0,88.78,14.0,2,0.0
125,2.0,2.6,H25 - CBA - Pipeline ytelse,103,2.0,88.78,14.0,1,0.0
125,2.0,2.6,H25 - CBA - Pipeline ytelse,103,2.0,88.78,14.0,4,100.0
125,2.0,2.7,H25 - CBA - Seriell Adder,93,2.0,88.78,14.0,2,100.0
125,2.0,2.7,H25 - CBA - Seriell Adder,93,2.0,88.78,14.0,4,0.0
125,2.0,2.7,H25 - CBA - Seriell Adder,93,2.0,88.78,14.0,3,0.0
125,2.0,2.7,H25 - CBA - Seriell Adder,93,2.0,88.78,14.0,1,0.0
125,2.0,2.7,H25 - CBA - Seriell Adder,93,2.0,88.78,14.0,5,0.0
240,2.0,2.1,H25 - CBA - Cache-miss,180,2.0,89.15,14.0,2,100.0
240,2.0,2.1,H25 - CBA - Cache-miss,180,2.0,89.15,14.0,4,0.0
240,2.0,2.1,H25 - CBA - Cache-miss,180,2.0,89.15,14.0,1,0.0
240,2.0,2.1,H25 - CBA - Cache-miss,180,2.0,89.15,14.0,3,0.0
240,2.0,2.1,H25 - CBA - Cache-miss,180,2.0,89.15,14.0,5,0.0
240,2.0,2.2,H25 - CBA - Adder,69,2.0,89.15,14.0,2,100.0
240,2.0,2.2,H25 - CBA - Adder,69,2.0,89.15,14.0,4,0.0
240,2.0,2.2,H25 - CBA - Adder,69,2.0,89.15,14.0,1,0.0
240,2.0,2.2,H25 - CBA - Adder,69,2.0,89.15,14.0,5,0.0
240,2.0,2.2,H25 - CBA - Adder,69,2.0,89.15,14.0,3,0.0
240,2.0,2.3,H25 - CBA - ALU,162,2.0,89.15,14.0,2,50.0
240,2.0,2.3,H25 - CBA - ALU,162,2.0,89.15,14.0,1,50.0
240,2.0,2.3,H25 - CBA - ALU,162,2.0,89.15,14.0,5,0.0
240,2.0,2.3,H25 - CBA - ALU,162,2.0,89.15,14.0,4,0.0
240,2.0,2.3,H25 - CBA - ALU,162,2.0,89.15,14.0,3,0.0
240,2.0,2.4,H25 - CBA - PC,59,2.0,89.15,14.0,5,0.0
240,2.0,2.4,H25 - CBA - PC,59,2.0,89.15,14.0,1,75.0
240,2.0,2.4,H25 - CBA - PC,59,2.0,89.15,14.0,4,0.0
240,2.0,2.4,H25 - CBA - PC,59,2.0,89.15,14.0,3,0.0
240,2.0,2.4,H25 - CBA - PC,59,2.0,89.15,14.0,2,25.0
240,2.0,2.5,H25 - CBA - Universell porter,70,2.0,89.15,14.0,3,100.0
240,2.0,2.5,H25 - CBA - Universell porter,70,2.0,89.15,14.0,5,0.0
240,2.0,2.5,H25 - CBA - Universell porter,70,2.0,89.15,14.0,1,0.0
240,2.0,2.5,H25 - CBA - Universell porter,70,2.0,89.15,14.0,2,0.0
240,2.0,2.5,H25 - CBA - Universell porter,70,2.0,89.15,14.0,4,0.0
240,2.0,2.6,H25 - CBA - Pipeline ytelse,64,2.0,89.15,14.0,4,100.0
240,2.0,2.6,H25 - CBA - Pipeline ytelse,64,2.0,89.15,14.0,2,0.0
240,2.0,2.6,H25 - CBA - Pipeline ytelse,64,2.0,89.15,14.0,3,0.0
240,2.0,2.6,H25 - CBA - Pipeline ytelse,64,2.0,89.15,14.0,5,0.0
240,2.0,2.6,H25 - CBA - Pipeline ytelse,64,2.0,89.15,14.0,1,0.0
240,2.0,2.7,H25 - CBA - Seriell Adder,53,2.0,89.15,14.0,2,75.0
240,2.0,2.7,H25 - CBA - Seriell Adder,53,2.0,89.15,14.0,1,0.0
240,2.0,2.7,H25 - CBA - Seriell Adder,53,2.0,89.15,14.0,5,0.0
240,2.0,2.7,H25 - CBA - Seriell Adder,53,2.0,89.15,14.0,3,25.0
240,2.0,2.7,H25 - CBA - Seriell Adder,53,2.0,89.15,14.0,4,0.0
270,2.0,2.1,H25 - CBA - Cache-miss,21,2.0,87.28,14.0,2,100.0
270,2.0,2.1,H25 - CBA - Cache-miss,21,2.0,87.28,14.0,4,0.0
270,2.0,2.1,H25 - CBA - Cache-miss,21,2.0,87.28,14.0,5,0.0
270,2.0,2.1,H25 - CBA - Cache-miss,21,2.0,87.28,14.0,1,0.0
270,2.0,2.1,H25 - CBA - Cache-miss,21,2.0,87.28,14.0,3,0.0
270,2.0,2.2,H25 - CBA - Adder,60,2.0,87.28,14.0,2,100.0
270,2.0,2.2,H25 - CBA - Adder,60,2.0,87.28,14.0,1,0.0
270,2.0,2.2,H25 - CBA - Adder,60,2.0,87.28,14.0,4,0.0
270,2.0,2.2,H25 - CBA - Adder,60,2.0,87.28,14.0,3,0.0
270,2.0,2.2,H25 - CBA - Adder,60,2.0,87.28,14.0,5,0.0
270,2.0,2.3,H25 - CBA - ALU,52,2.0,87.28,14.0,1,75.0
270,2.0,2.3,H25 - CBA - ALU,52,2.0,87.28,14.0,2,25.0
270,2.0,2.3,H25 - CBA - ALU,52,2.0,87.28,14.0,4,0.0
270,2.0,2.3,H25 - CBA - ALU,52,2.0,87.28,14.0,5,0.0
270,2.0,2.3,H25 - CBA - ALU,52,2.0,87.28,14.0,3,0.0
270,2.0,2.4,H25 - CBA - PC,16,2.0,87.28,14.0,3,100.0
270,2.0,2.4,H25 - CBA - PC,16,2.0,87.28,14.0,1,0.0
270,2.0,2.4,H25 - CBA - PC,16,2.0,87.28,14.0,4,0.0
270,2.0,2.4,H25 - CBA - PC,16,2.0,87.28,14.0,5,0.0
270,2.0,2.4,H25 - CBA - PC,16,2.0,87.28,14.0,2,0.0
270,2.0,2.5,H25 - CBA - Universell porter,19,2.0,87.28,14.0,3,100.0
270,2.0,2.5,H25 - CBA - Universell porter,19,2.0,87.28,14.0,4,0.0
270,2.0,2.5,H25 - CBA - Universell porter,19,2.0,87.28,14.0,1,0.0
270,2.0,2.5,H25 - CBA - Universell porter,19,2.0,87.28,14.0,5,0.0
270,2.0,2.5,H25 - CBA - Universell porter,19,2.0,87.28,14.0,2,0.0
270,2.0,2.6,H25 - CBA - Pipeline ytelse,13,2.0,87.28,14.0,4,100.0
270,2.0,2.6,H25 - CBA - Pipeline ytelse,13,2.0,87.28,14.0,1,0.0
270,2.0,2.6,H25 - CBA - Pipeline ytelse,13,2.0,87.28,14.0,2,0.0
270,2.0,2.6,H25 - CBA - Pipeline ytelse,13,2.0,87.28,14.0,3,0.0
270,2.0,2.6,H25 - CBA - Pipeline ytelse,13,2.0,87.28,14.0,5,0.0
270,2.0,2.7,H25 - CBA - Seriell Adder,17,2.0,87.28,14.0,2,100.0
270,2.0,2.7,H25 - CBA - Seriell Adder,17,2.0,87.28,14.0,1,0.0
270,2.0,2.7,H25 - CBA - Seriell Adder,17,2.0,87.28,14.0,3,0.0
270,2.0,2.7,H25 - CBA - Seriell Adder,17,2.0,87.28,14.0,4,0.0
270,2.0,2.7,H25 - CBA - Seriell Adder,17,2.0,87.28,14.0,5,0.0
268,2.0,2.1,H25 - CBA - Cache-miss,111,2.0,52.86,14.0,2,0.0
268,2.0,2.1,H25 - CBA - Cache-miss,111,2.0,52.86,14.0,1,0.0
268,2.0,2.1,H25 - CBA - Cache-miss,111,2.0,52.86,14.0,5,75.0
268,2.0,2.1,H25 - CBA - Cache-miss,111,2.0,52.86,14.0,3,0.0
268,2.0,2.1,H25 - CBA - Cache-miss,111,2.0,52.86,14.0,4,25.0
268,2.0,2.2,H25 - CBA - Adder,56,2.0,52.86,14.0,1,50.0
268,2.0,2.2,H25 - CBA - Adder,56,2.0,52.86,14.0,5,50.0
268,2.0,2.2,H25 - CBA - Adder,56,2.0,52.86,14.0,4,0.0
268,2.0,2.2,H25 - CBA - Adder,56,2.0,52.86,14.0,2,0.0
268,2.0,2.2,H25 - CBA - Adder,56,2.0,52.86,14.0,3,0.0
268,2.0,2.3,H25 - CBA - ALU,121,2.0,52.86,14.0,4,0.0
268,2.0,2.3,H25 - CBA - ALU,121,2.0,52.86,14.0,2,50.0
268,2.0,2.3,H25 - CBA - ALU,121,2.0,52.86,14.0,1,25.0
268,2.0,2.3,H25 - CBA - ALU,121,2.0,52.86,14.0,5,0.0
268,2.0,2.3,H25 - CBA - ALU,121,2.0,52.86,14.0,3,25.0
268,2.0,2.4,H25 - CBA - PC,52,2.0,52.86,14.0,1,75.0
268,2.0,2.4,H25 - CBA - PC,52,2.0,52.86,14.0,2,25.0
268,2.0,2.4,H25 - CBA - PC,52,2.0,52.86,14.0,4,0.0
268,2.0,2.4,H25 - CBA - PC,52,2.0,52.86,14.0,5,0.0
268,2.0,2.4,H25 - CBA - PC,52,2.0,52.86,14.0,3,0.0
268,2.0,2.5,H25 - CBA - Universell porter,54,2.0,52.86,14.0,3,100.0
268,2.0,2.5,H25 - CBA - Universell porter,54,2.0,52.86,14.0,1,0.0
268,2.0,2.5,H25 - CBA - Universell porter,54,2.0,52.86,14.0,5,0.0
268,2.0,2.5,H25 - CBA - Universell porter,54,2.0,52.86,14.0,2,0.0
268,2.0,2.5,H25 - CBA - Universell porter,54,2.0,52.86,14.0,4,0.0
268,2.0,2.6,H25 - CBA - Pipeline ytelse,40,2.0,52.86,14.0,2,0.0
268,2.0,2.6,H25 - CBA - Pipeline ytelse,40,2.0,52.86,14.0,4,100.0
268,2.0,2.6,H25 - CBA - Pipeline ytelse,40,2.0,52.86,14.0,3,0.0
268,2.0,2.6,H25 - CBA - Pipeline ytelse,40,2.0,52.86,14.0,5,0.0
268,2.0,2.6,H25 - CBA - Pipeline ytelse,40,2.0,52.86,14.0,1,0.0
268,2.0,2.7,H25 - CBA - Seriell Adder,41,2.0,52.86,14.0,3,25.0
268,2.0,2.7,H25 - CBA - Seriell Adder,41,2.0,52.86,14.0,1,25.0
268,2.0,2.7,H25 - CBA - Seriell Adder,41,2.0,52.86,14.0,5,0.0
268,2.0,2.7,H25 - CBA - Seriell Adder,41,2.0,52.86,14.0,4,25.0
268,2.0,2.7,H25 - CBA - Seriell Adder,41,2.0,52.86,14.0,2,25.0
254,2.0,2.1,H25 - CBA - Cache-miss,171,2.0,59.24,12.0,2,50.0
254,2.0,2.1,H25 - CBA - Cache-miss,171,2.0,59.24,12.0,4,0.0
254,2.0,2.1,H25 - CBA - Cache-miss,171,2.0,59.24,12.0,1,0.0
254,2.0,2.1,H25 - CBA - Cache-miss,171,2.0,59.24,12.0,5,25.0
254,2.0,2.1,H25 - CBA - Cache-miss,171,2.0,59.24,12.0,3,25.0
431,2.0,2.1,H25 - CBA - Cache-miss,109,2.0,72.68,14.0,1,0.0
431,2.0,2.1,H25 - CBA - Cache-miss,109,2.0,72.68,14.0,2,100.0
431,2.0,2.1,H25 - CBA - Cache-miss,109,2.0,72.68,14.0,4,0.0
431,2.0,2.1,H25 - CBA - Cache-miss,109,2.0,72.68,14.0,3,0.0
431,2.0,2.1,H25 - CBA - Cache-miss,109,2.0,72.68,14.0,5,0.0
431,2.0,2.2,H25 - CBA - Adder,65,2.0,72.68,14.0,2,100.0
431,2.0,2.2,H25 - CBA - Adder,65,2.0,72.68,14.0,5,0.0
431,2.0,2.2,H25 - CBA - Adder,65,2.0,72.68,14.0,4,0.0
431,2.0,2.2,H25 - CBA - Adder,65,2.0,72.68,14.0,3,0.0
431,2.0,2.2,H25 - CBA - Adder,65,2.0,72.68,14.0,1,0.0
431,2.0,2.3,H25 - CBA - ALU,169,2.0,72.68,14.0,4,0.0
431,2.0,2.3,H25 - CBA - ALU,169,2.0,72.68,14.0,2,50.0
431,2.0,2.3,H25 - CBA - ALU,169,2.0,72.68,14.0,5,0.0
431,2.0,2.3,H25 - CBA - ALU,169,2.0,72.68,14.0,1,50.0
431,2.0,2.3,H25 - CBA - ALU,169,2.0,72.68,14.0,3,0.0
431,2.0,2.4,H25 - CBA - PC,97,2.0,72.68,14.0,3,50.0
431,2.0,2.4,H25 - CBA - PC,97,2.0,72.68,14.0,4,0.0
431,2.0,2.4,H25 - CBA - PC,97,2.0,72.68,14.0,2,0.0
431,2.0,2.4,H25 - CBA - PC,97,2.0,72.68,14.0,5,0.0
431,2.0,2.4,H25 - CBA - PC,97,2.0,72.68,14.0,1,50.0
431,2.0,2.5,H25 - CBA - Universell porter,35,2.0,72.68,14.0,3,100.0
431,2.0,2.5,H25 - CBA - Universell porter,35,2.0,72.68,14.0,2,0.0
431,2.0,2.5,H25 - CBA - Universell porter,35,2.0,72.68,14.0,5,0.0
431,2.0,2.5,H25 - CBA - Universell porter,35,2.0,72.68,14.0,1,0.0
431,2.0,2.5,H25 - CBA - Universell porter,35,2.0,72.68,14.0,4,0.0
431,2.0,2.6,H25 - CBA - Pipeline ytelse,36,2.0,72.68,14.0,1,0.0
431,2.0,2.6,H25 - CBA - Pipeline ytelse,36,2.0,72.68,14.0,3,0.0
431,2.0,2.6,H25 - CBA - Pipeline ytelse,36,2.0,72.68,14.0,2,0.0
431,2.0,2.6,H25 - CBA - Pipeline ytelse,36,2.0,72.68,14.0,5,25.0
431,2.0,2.6,H25 - CBA - Pipeline ytelse,36,2.0,72.68,14.0,4,75.0
431,2.0,2.7,H25 - CBA - Seriell Adder,41,2.0,72.68,14.0,4,0.0
431,2.0,2.7,H25 - CBA - Seriell Adder,41,2.0,72.68,14.0,5,0.0
431,2.0,2.7,H25 - CBA - Seriell Adder,41,2.0,72.68,14.0,1,0.0
431,2.0,2.7,H25 - CBA - Seriell Adder,41,2.0,72.68,14.0,3,0.0
431,2.0,2.7,H25 - CBA - Seriell Adder,41,2.0,72.68,14.0,2,100.0
36,2.0,2.1,H25 - CBA - Cache-miss,59,2.0,52.82,4.0,2,100.0
36,2.0,2.2,H25 - CBA - Adder,120,0.0,52.82,4.0,2,75.0
36,2.0,2.2,H25 - CBA - Adder,120,0.0,52.82,4.0,5,25.0
36,2.0,2.3,H25 - CBA - ALU,171,0.0,52.82,4.0,2,50.0
36,2.0,2.3,H25 - CBA - ALU,171,0.0,52.82,4.0,5,50.0
36,2.0,2.4,H25 - CBA - PC,111,0.0,52.82,4.0,2,100.0
36,2.0,2.5,H25 - CBA - Universell porter,97,2.0,52.82,4.0,3,100.0
36,2.0,2.6,H25 - CBA - Pipeline ytelse,60,0.0,52.82,4.0,4,50.0
36,2.0,2.6,H25 - CBA - Pipeline ytelse,60,0.0,52.82,4.0,1,50.0
36,2.0,2.7,H25 - CBA - Seriell Adder,89,0.0,52.82,4.0,1,50.0
36,2.0,2.7,H25 - CBA - Seriell Adder,89,0.0,52.82,4.0,2,25.0
36,2.0,2.7,H25 - CBA - Seriell Adder,89,0.0,52.82,4.0,4,25.0
181,2.0,2.1,H25 - CBA - Cache-miss,74,2.0,65.01,14.0,1,0.0
181,2.0,2.1,H25 - CBA - Cache-miss,74,2.0,65.01,14.0,2,100.0
181,2.0,2.1,H25 - CBA - Cache-miss,74,2.0,65.01,14.0,4,0.0
181,2.0,2.1,H25 - CBA - Cache-miss,74,2.0,65.01,14.0,5,0.0
181,2.0,2.2,H25 - CBA - Adder,196,2.0,65.01,14.0,2,75.0
181,2.0,2.2,H25 - CBA - Adder,196,2.0,65.01,14.0,5,25.0
181,2.0,2.2,H25 - CBA - Adder,196,2.0,65.01,14.0,4,0.0
181,2.0,2.2,H25 - CBA - Adder,196,2.0,65.01,14.0,1,0.0
181,2.0,2.2,H25 - CBA - Adder,196,2.0,65.01,14.0,3,0.0
181,2.0,2.3,H25 - CBA - ALU,181,2.0,65.01,14.0,5,50.0
181,2.0,2.3,H25 - CBA - ALU,181,2.0,65.01,14.0,1,0.0
181,2.0,2.3,H25 - CBA - ALU,181,2.0,65.01,14.0,4,0.0
181,2.0,2.3,H25 - CBA - ALU,181,2.0,65.01,14.0,3,50.0
181,2.0,2.3,H25 - CBA - ALU,181,2.0,65.01,14.0,2,0.0
181,2.0,2.4,H25 - CBA - PC,261,2.0,65.01,14.0,2,50.0
181,2.0,2.4,H25 - CBA - PC,261,2.0,65.01,14.0,3,50.0
181,2.0,2.4,H25 - CBA - PC,261,2.0,65.01,14.0,1,0.0
181,2.0,2.4,H25 - CBA - PC,261,2.0,65.01,14.0,5,0.0
181,2.0,2.4,H25 - CBA - PC,261,2.0,65.01,14.0,4,0.0
181,2.0,2.5,H25 - CBA - Universell porter,35,2.0,65.01,14.0,3,50.0
181,2.0,2.5,H25 - CBA - Universell porter,35,2.0,65.01,14.0,5,25.0
181,2.0,2.5,H25 - CBA - Universell porter,35,2.0,65.01,14.0,1,25.0
181,2.0,2.5,H25 - CBA - Universell porter,35,2.0,65.01,14.0,2,0.0
181,2.0,2.5,H25 - CBA - Universell porter,35,2.0,65.01,14.0,4,0.0
181,2.0,2.6,H25 - CBA - Pipeline ytelse,47,2.0,65.01,14.0,4,100.0
181,2.0,2.6,H25 - CBA - Pipeline ytelse,47,2.0,65.01,14.0,3,0.0
181,2.0,2.6,H25 - CBA - Pipeline ytelse,47,2.0,65.01,14.0,5,0.0
181,2.0,2.6,H25 - CBA - Pipeline ytelse,47,2.0,65.01,14.0,1,0.0
181,2.0,2.6,H25 - CBA - Pipeline ytelse,47,2.0,65.01,14.0,2,0.0
181,2.0,2.7,H25 - CBA - Seriell Adder,75,2.0,65.01,14.0,2,50.0
181,2.0,2.7,H25 - CBA - Seriell Adder,75,2.0,65.01,14.0,5,50.0
181,2.0,2.7,H25 - CBA - Seriell Adder,75,2.0,65.01,14.0,4,0.0
181,2.0,2.7,H25 - CBA - Seriell Adder,75,2.0,65.01,14.0,3,0.0
181,2.0,2.7,H25 - CBA - Seriell Adder,75,2.0,65.01,14.0,1,0.0
276,2.0,2.1,H25 - CBA - Cache-miss,109,2.0,82.32,14.0,2,50.0
276,2.0,2.1,H25 - CBA - Cache-miss,109,2.0,82.32,14.0,3,25.0
276,2.0,2.1,H25 - CBA - Cache-miss,109,2.0,82.32,14.0,4,25.0
276,2.0,2.1,H25 - CBA - Cache-miss,109,2.0,82.32,14.0,1,0.0
276,2.0,2.1,H25 - CBA - Cache-miss,109,2.0,82.32,14.0,5,0.0
276,2.0,2.2,H25 - CBA - Adder,37,2.0,82.32,14.0,2,100.0
276,2.0,2.2,H25 - CBA - Adder,37,2.0,82.32,14.0,5,0.0
276,2.0,2.2,H25 - CBA - Adder,37,2.0,82.32,14.0,4,0.0
276,2.0,2.2,H25 - CBA - Adder,37,2.0,82.32,14.0,3,0.0
276,2.0,2.2,H25 - CBA - Adder,37,2.0,82.32,14.0,1,0.0
276,2.0,2.3,H25 - CBA - ALU,92,2.0,82.32,14.0,1,25.0
276,2.0,2.3,H25 - CBA - ALU,92,2.0,82.32,14.0,5,0.0
276,2.0,2.3,H25 - CBA - ALU,92,2.0,82.32,14.0,2,75.0
276,2.0,2.3,H25 - CBA - ALU,92,2.0,82.32,14.0,3,0.0
276,2.0,2.3,H25 - CBA - ALU,92,2.0,82.32,14.0,4,0.0
276,2.0,2.4,H25 - CBA - PC,75,2.0,82.32,14.0,3,0.0
276,2.0,2.4,H25 - CBA - PC,75,2.0,82.32,14.0,2,0.0
276,2.0,2.4,H25 - CBA - PC,75,2.0,82.32,14.0,4,0.0
276,2.0,2.4,H25 - CBA - PC,75,2.0,82.32,14.0,5,0.0
276,2.0,2.4,H25 - CBA - PC,75,2.0,82.32,14.0,1,100.0
276,2.0,2.5,H25 - CBA - Universell porter,62,2.0,82.32,14.0,3,100.0
276,2.0,2.5,H25 - CBA - Universell porter,62,2.0,82.32,14.0,2,0.0
276,2.0,2.5,H25 - CBA - Universell porter,62,2.0,82.32,14.0,1,0.0
276,2.0,2.5,H25 - CBA - Universell porter,62,2.0,82.32,14.0,4,0.0
276,2.0,2.5,H25 - CBA - Universell porter,62,2.0,82.32,14.0,5,0.0
276,2.0,2.6,H25 - CBA - Pipeline ytelse,72,2.0,82.32,14.0,4,75.0
276,2.0,2.6,H25 - CBA - Pipeline ytelse,72,2.0,82.32,14.0,2,0.0
276,2.0,2.6,H25 - CBA - Pipeline ytelse,72,2.0,82.32,14.0,3,0.0
276,2.0,2.6,H25 - CBA - Pipeline ytelse,72,2.0,82.32,14.0,1,25.0
276,2.0,2.6,H25 - CBA - Pipeline ytelse,72,2.0,82.32,14.0,5,0.0
276,2.0,2.7,H25 - CBA - Seriell Adder,119,2.0,82.32,14.0,3,50.0
276,2.0,2.7,H25 - CBA - Seriell Adder,119,2.0,82.32,14.0,5,0.0
276,2.0,2.7,H25 - CBA - Seriell Adder,119,2.0,82.32,14.0,1,0.0
276,2.0,2.7,H25 - CBA - Seriell Adder,119,2.0,82.32,14.0,2,50.0
276,2.0,2.7,H25 - CBA - Seriell Adder,119,2.0,82.32,14.0,4,0.0
201,2.0,2.1,H25 - CBA - Cache-miss,75,2.0,70.65,14.0,2,75.0
201,2.0,2.1,H25 - CBA - Cache-miss,75,2.0,70.65,14.0,3,0.0
201,2.0,2.1,H25 - CBA - Cache-miss,75,2.0,70.65,14.0,1,0.0
201,2.0,2.1,H25 - CBA - Cache-miss,75,2.0,70.65,14.0,4,0.0
201,2.0,2.1,H25 - CBA - Cache-miss,75,2.0,70.65,14.0,5,25.0
201,2.0,2.2,H25 - CBA - Adder,68,2.0,70.65,14.0,2,25.0
201,2.0,2.2,H25 - CBA - Adder,68,2.0,70.65,14.0,3,75.0
201,2.0,2.2,H25 - CBA - Adder,68,2.0,70.65,14.0,4,0.0
201,2.0,2.2,H25 - CBA - Adder,68,2.0,70.65,14.0,5,0.0
201,2.0,2.2,H25 - CBA - Adder,68,2.0,70.65,14.0,1,0.0
201,2.0,2.3,H25 - CBA - ALU,37,2.0,70.65,14.0,2,50.0
201,2.0,2.3,H25 - CBA - ALU,37,2.0,70.65,14.0,3,0.0
201,2.0,2.3,H25 - CBA - ALU,37,2.0,70.65,14.0,4,0.0
201,2.0,2.3,H25 - CBA - ALU,37,2.0,70.65,14.0,1,50.0
201,2.0,2.3,H25 - CBA - ALU,37,2.0,70.65,14.0,5,0.0
201,2.0,2.4,H25 - CBA - PC,76,2.0,70.65,14.0,3,75.0
201,2.0,2.4,H25 - CBA - PC,76,2.0,70.65,14.0,4,0.0
201,2.0,2.4,H25 - CBA - PC,76,2.0,70.65,14.0,2,0.0
201,2.0,2.4,H25 - CBA - PC,76,2.0,70.65,14.0,1,25.0
201,2.0,2.4,H25 - CBA - PC,76,2.0,70.65,14.0,5,0.0
201,2.0,2.5,H25 - CBA - Universell porter,23,2.0,70.65,14.0,3,100.0
201,2.0,2.5,H25 - CBA - Universell porter,23,2.0,70.65,14.0,4,0.0
201,2.0,2.5,H25 - CBA - Universell porter,23,2.0,70.65,14.0,5,0.0
201,2.0,2.5,H25 - CBA - Universell porter,23,2.0,70.65,14.0,1,0.0
201,2.0,2.5,H25 - CBA - Universell porter,23,2.0,70.65,14.0,2,0.0
201,2.0,2.6,H25 - CBA - Pipeline ytelse,32,2.0,70.65,14.0,1,100.0
201,2.0,2.6,H25 - CBA - Pipeline ytelse,32,2.0,70.65,14.0,3,0.0
201,2.0,2.6,H25 - CBA - Pipeline ytelse,32,2.0,70.65,14.0,4,0.0
201,2.0,2.6,H25 - CBA - Pipeline ytelse,32,2.0,70.65,14.0,2,0.0
201,2.0,2.6,H25 - CBA - Pipeline ytelse,32,2.0,70.65,14.0,5,0.0
201,2.0,2.7,H25 - CBA - Seriell Adder,33,2.0,70.65,14.0,2,100.0
201,2.0,2.7,H25 - CBA - Seriell Adder,33,2.0,70.65,14.0,4,0.0
201,2.0,2.7,H25 - CBA - Seriell Adder,33,2.0,70.65,14.0,5,0.0
201,2.0,2.7,H25 - CBA - Seriell Adder,33,2.0,70.65,14.0,3,0.0
201,2.0,2.7,H25 - CBA - Seriell Adder,33,2.0,70.65,14.0,1,0.0
278,2.0,2.1,H25 - CBA - Cache-miss,67,2.0,89.34,14.0,2,100.0
278,2.0,2.1,H25 - CBA - Cache-miss,67,2.0,89.34,14.0,4,0.0
278,2.0,2.1,H25 - CBA - Cache-miss,67,2.0,89.34,14.0,3,0.0
278,2.0,2.1,H25 - CBA - Cache-miss,67,2.0,89.34,14.0,1,0.0
278,2.0,2.1,H25 - CBA - Cache-miss,67,2.0,89.34,14.0,5,0.0
278,2.0,2.2,H25 - CBA - Adder,45,2.0,89.34,14.0,2,100.0
278,2.0,2.2,H25 - CBA - Adder,45,2.0,89.34,14.0,4,0.0
278,2.0,2.2,H25 - CBA - Adder,45,2.0,89.34,14.0,5,0.0
278,2.0,2.2,H25 - CBA - Adder,45,2.0,89.34,14.0,3,0.0
278,2.0,2.2,H25 - CBA - Adder,45,2.0,89.34,14.0,1,0.0
278,2.0,2.3,H25 - CBA - ALU,31,2.0,89.34,14.0,1,100.0
278,2.0,2.3,H25 - CBA - ALU,31,2.0,89.34,14.0,3,0.0
278,2.0,2.3,H25 - CBA - ALU,31,2.0,89.34,14.0,2,0.0
278,2.0,2.3,H25 - CBA - ALU,31,2.0,89.34,14.0,4,0.0
278,2.0,2.3,H25 - CBA - ALU,31,2.0,89.34,14.0,5,0.0
278,2.0,2.4,H25 - CBA - PC,45,2.0,89.34,14.0,3,100.0
278,2.0,2.4,H25 - CBA - PC,45,2.0,89.34,14.0,1,0.0
278,2.0,2.4,H25 - CBA - PC,45,2.0,89.34,14.0,4,0.0
278,2.0,2.4,H25 - CBA - PC,45,2.0,89.34,14.0,5,0.0
278,2.0,2.4,H25 - CBA - PC,45,2.0,89.34,14.0,2,0.0
278,2.0,2.5,H25 - CBA - Universell porter,21,2.0,89.34,14.0,3,100.0
278,2.0,2.5,H25 - CBA - Universell porter,21,2.0,89.34,14.0,5,0.0
278,2.0,2.5,H25 - CBA - Universell porter,21,2.0,89.34,14.0,1,0.0
278,2.0,2.5,H25 - CBA - Universell porter,21,2.0,89.34,14.0,4,0.0
278,2.0,2.5,H25 - CBA - Universell porter,21,2.0,89.34,14.0,2,0.0
278,2.0,2.6,H25 - CBA - Pipeline ytelse,42,2.0,89.34,14.0,4,100.0
278,2.0,2.6,H25 - CBA - Pipeline ytelse,42,2.0,89.34,14.0,2,0.0
278,2.0,2.6,H25 - CBA - Pipeline ytelse,42,2.0,89.34,14.0,5,0.0
278,2.0,2.6,H25 - CBA - Pipeline ytelse,42,2.0,89.34,14.0,3,0.0
278,2.0,2.6,H25 - CBA - Pipeline ytelse,42,2.0,89.34,14.0,1,0.0
278,2.0,2.7,H25 - CBA - Seriell Adder,102,2.0,89.34,14.0,2,100.0
278,2.0,2.7,H25 - CBA - Seriell Adder,102,2.0,89.34,14.0,3,0.0
278,2.0,2.7,H25 - CBA - Seriell Adder,102,2.0,89.34,14.0,4,0.0
278,2.0,2.7,H25 - CBA - Seriell Adder,102,2.0,89.34,14.0,1,0.0
278,2.0,2.7,H25 - CBA - Seriell Adder,102,2.0,89.34,14.0,5,0.0
229,2.0,2.1,H25 - CBA - Cache-miss,43,2.0,60.05,14.0,4,0.0
229,2.0,2.1,H25 - CBA - Cache-miss,43,2.0,60.05,14.0,3,0.0
229,2.0,2.1,H25 - CBA - Cache-miss,43,2.0,60.05,14.0,5,100.0
229,2.0,2.1,H25 - CBA - Cache-miss,43,2.0,60.05,14.0,1,0.0
229,2.0,2.1,H25 - CBA - Cache-miss,43,2.0,60.05,14.0,2,0.0
229,2.0,2.2,H25 - CBA - Adder,44,2.0,60.05,14.0,2,50.0
229,2.0,2.2,H25 - CBA - Adder,44,2.0,60.05,14.0,1,0.0
229,2.0,2.2,H25 - CBA - Adder,44,2.0,60.05,14.0,4,0.0
229,2.0,2.2,H25 - CBA - Adder,44,2.0,60.05,14.0,5,50.0
229,2.0,2.2,H25 - CBA - Adder,44,2.0,60.05,14.0,3,0.0
229,2.0,2.3,H25 - CBA - ALU,51,2.0,60.05,14.0,2,50.0
229,2.0,2.3,H25 - CBA - ALU,51,2.0,60.05,14.0,4,0.0
229,2.0,2.3,H25 - CBA - ALU,51,2.0,60.05,14.0,5,0.0
229,2.0,2.3,H25 - CBA - ALU,51,2.0,60.05,14.0,3,0.0
229,2.0,2.3,H25 - CBA - ALU,51,2.0,60.05,14.0,1,50.0
229,2.0,2.4,H25 - CBA - PC,12,2.0,60.05,14.0,3,100.0
229,2.0,2.4,H25 - CBA - PC,12,2.0,60.05,14.0,1,0.0
229,2.0,2.4,H25 - CBA - PC,12,2.0,60.05,14.0,5,0.0
229,2.0,2.4,H25 - CBA - PC,12,2.0,60.05,14.0,4,0.0
229,2.0,2.4,H25 - CBA - PC,12,2.0,60.05,14.0,2,0.0
229,2.0,2.5,H25 - CBA - Universell porter,20,2.0,60.05,14.0,3,100.0
229,2.0,2.5,H25 - CBA - Universell porter,20,2.0,60.05,14.0,5,0.0
229,2.0,2.5,H25 - CBA - Universell porter,20,2.0,60.05,14.0,2,0.0
229,2.0,2.5,H25 - CBA - Universell porter,20,2.0,60.05,14.0,4,0.0
229,2.0,2.5,H25 - CBA - Universell porter,20,2.0,60.05,14.0,1,0.0
229,2.0,2.6,H25 - CBA - Pipeline ytelse,32,2.0,60.05,14.0,4,75.0
229,2.0,2.6,H25 - CBA - Pipeline ytelse,32,2.0,60.05,14.0,3,0.0
229,2.0,2.6,H25 - CBA - Pipeline ytelse,32,2.0,60.05,14.0,1,0.0
229,2.0,2.6,H25 - CBA - Pipeline ytelse,32,2.0,60.05,14.0,2,0.0
229,2.0,2.6,H25 - CBA - Pipeline ytelse,32,2.0,60.05,14.0,5,25.0
229,2.0,2.7,H25 - CBA - Seriell Adder,29,2.0,60.05,14.0,1,50.0
229,2.0,2.7,H25 - CBA - Seriell Adder,29,2.0,60.05,14.0,4,0.0
229,2.0,2.7,H25 - CBA - Seriell Adder,29,2.0,60.05,14.0,3,0.0
229,2.0,2.7,H25 - CBA - Seriell Adder,29,2.0,60.05,14.0,5,0.0
229,2.0,2.7,H25 - CBA - Seriell Adder,29,2.0,60.05,14.0,2,50.0
210,2.0,2.1,H25 - CBA - Cache-miss,55,2.0,46.82,6.0,3,50.0
210,2.0,2.1,H25 - CBA - Cache-miss,55,2.0,46.82,6.0,2,50.0
210,2.0,2.1,H25 - CBA - Cache-miss,55,2.0,46.82,6.0,5,0.0
210,2.0,2.1,H25 - CBA - Cache-miss,55,2.0,46.82,6.0,4,0.0
210,2.0,2.1,H25 - CBA - Cache-miss,55,2.0,46.82,6.0,1,0.0
210,2.0,2.2,H25 - CBA - Adder,77,0.0,46.82,6.0,5,50.0
210,2.0,2.2,H25 - CBA - Adder,77,0.0,46.82,6.0,3,25.0
210,2.0,2.2,H25 - CBA - Adder,77,0.0,46.82,6.0,2,25.0
210,2.0,2.3,H25 - CBA - ALU,63,0.0,46.82,6.0,3,50.0
210,2.0,2.3,H25 - CBA - ALU,63,0.0,46.82,6.0,2,25.0
210,2.0,2.3,H25 - CBA - ALU,63,0.0,46.82,6.0,1,25.0
210,2.0,2.4,H25 - CBA - PC,31,2.0,46.82,6.0,1,100.0
210,2.0,2.5,H25 - CBA - Universell porter,109,0.0,46.82,6.0,4,50.0
210,2.0,2.5,H25 - CBA - Universell porter,109,0.0,46.82,6.0,3,50.0
210,2.0,2.6,H25 - CBA - Pipeline ytelse,17,2.0,46.82,6.0,4,100.0
210,2.0,2.7,H25 - CBA - Seriell Adder,90,0.0,46.82,6.0,1,75.0
210,2.0,2.7,H25 - CBA - Seriell Adder,90,0.0,46.82,6.0,4,25.0
247,2.0,2.1,H25 - CBA - Cache-miss,59,2.0,68.14,14.0,2,75.0
247,2.0,2.1,H25 - CBA - Cache-miss,59,2.0,68.14,14.0,5,25.0
247,2.0,2.1,H25 - CBA - Cache-miss,59,2.0,68.14,14.0,3,0.0
247,2.0,2.1,H25 - CBA - Cache-miss,59,2.0,68.14,14.0,4,0.0
247,2.0,2.1,H25 - CBA - Cache-miss,59,2.0,68.14,14.0,1,0.0
247,2.0,2.2,H25 - CBA - Adder,33,2.0,68.14,14.0,5,100.0
247,2.0,2.2,H25 - CBA - Adder,33,2.0,68.14,14.0,4,0.0
247,2.0,2.2,H25 - CBA - Adder,33,2.0,68.14,14.0,1,0.0
247,2.0,2.2,H25 - CBA - Adder,33,2.0,68.14,14.0,2,0.0
247,2.0,2.2,H25 - CBA - Adder,33,2.0,68.14,14.0,3,0.0
247,2.0,2.3,H25 - CBA - ALU,32,2.0,68.14,14.0,5,50.0
247,2.0,2.3,H25 - CBA - ALU,32,2.0,68.14,14.0,2,25.0
247,2.0,2.3,H25 - CBA - ALU,32,2.0,68.14,14.0,1,25.0
247,2.0,2.3,H25 - CBA - ALU,32,2.0,68.14,14.0,3,0.0
247,2.0,2.3,H25 - CBA - ALU,32,2.0,68.14,14.0,4,0.0
247,2.0,2.4,H25 - CBA - PC,52,2.0,68.14,14.0,1,75.0
247,2.0,2.4,H25 - CBA - PC,52,2.0,68.14,14.0,5,0.0
247,2.0,2.4,H25 - CBA - PC,52,2.0,68.14,14.0,4,0.0
247,2.0,2.4,H25 - CBA - PC,52,2.0,68.14,14.0,2,25.0
247,2.0,2.4,H25 - CBA - PC,52,2.0,68.14,14.0,3,0.0
247,2.0,2.5,H25 - CBA - Universell porter,35,2.0,68.14,14.0,3,100.0
247,2.0,2.5,H25 - CBA - Universell porter,35,2.0,68.14,14.0,4,0.0
247,2.0,2.5,H25 - CBA - Universell porter,35,2.0,68.14,14.0,1,0.0
247,2.0,2.5,H25 - CBA - Universell porter,35,2.0,68.14,14.0,5,0.0
247,2.0,2.5,H25 - CBA - Universell porter,35,2.0,68.14,14.0,2,0.0
247,2.0,2.6,H25 - CBA - Pipeline ytelse,25,2.0,68.14,14.0,3,75.0
247,2.0,2.6,H25 - CBA - Pipeline ytelse,25,2.0,68.14,14.0,4,25.0
247,2.0,2.6,H25 - CBA - Pipeline ytelse,25,2.0,68.14,14.0,5,0.0
247,2.0,2.6,H25 - CBA - Pipeline ytelse,25,2.0,68.14,14.0,1,0.0
247,2.0,2.6,H25 - CBA - Pipeline ytelse,25,2.0,68.14,14.0,2,0.0
247,2.0,2.7,H25 - CBA - Seriell Adder,38,2.0,68.14,14.0,4,0.0
247,2.0,2.7,H25 - CBA - Seriell Adder,38,2.0,68.14,14.0,5,25.0
247,2.0,2.7,H25 - CBA - Seriell Adder,38,2.0,68.14,14.0,1,25.0
247,2.0,2.7,H25 - CBA - Seriell Adder,38,2.0,68.14,14.0,3,25.0
247,2.0,2.7,H25 - CBA - Seriell Adder,38,2.0,68.14,14.0,2,25.0
185,2.0,2.1,H25 - CBA - Cache-miss,45,2.0,73.65,14.0,2,100.0
185,2.0,2.1,H25 - CBA - Cache-miss,45,2.0,73.65,14.0,5,0.0
185,2.0,2.1,H25 - CBA - Cache-miss,45,2.0,73.65,14.0,4,0.0
185,2.0,2.1,H25 - CBA - Cache-miss,45,2.0,73.65,14.0,3,0.0
185,2.0,2.1,H25 - CBA - Cache-miss,45,2.0,73.65,14.0,1,0.0
185,2.0,2.2,H25 - CBA - Adder,39,2.0,73.65,14.0,4,0.0
185,2.0,2.2,H25 - CBA - Adder,39,2.0,73.65,14.0,1,0.0
185,2.0,2.2,H25 - CBA - Adder,39,2.0,73.65,14.0,5,0.0
185,2.0,2.2,H25 - CBA - Adder,39,2.0,73.65,14.0,2,100.0
185,2.0,2.2,H25 - CBA - Adder,39,2.0,73.65,14.0,3,0.0
185,2.0,2.3,H25 - CBA - ALU,75,2.0,73.65,14.0,3,0.0
185,2.0,2.3,H25 - CBA - ALU,75,2.0,73.65,14.0,2,0.0
185,2.0,2.3,H25 - CBA - ALU,75,2.0,73.65,14.0,4,0.0
185,2.0,2.3,H25 - CBA - ALU,75,2.0,73.65,14.0,1,75.0
185,2.0,2.3,H25 - CBA - ALU,75,2.0,73.65,14.0,5,25.0
185,2.0,2.4,H25 - CBA - PC,111,2.0,73.65,14.0,1,100.0
185,2.0,2.4,H25 - CBA - PC,111,2.0,73.65,14.0,3,0.0
185,2.0,2.4,H25 - CBA - PC,111,2.0,73.65,14.0,4,0.0
185,2.0,2.4,H25 - CBA - PC,111,2.0,73.65,14.0,5,0.0
185,2.0,2.4,H25 - CBA - PC,111,2.0,73.65,14.0,2,0.0
185,2.0,2.5,H25 - CBA - Universell porter,64,2.0,73.65,14.0,4,0.0
185,2.0,2.5,H25 - CBA - Universell porter,64,2.0,73.65,14.0,1,0.0
185,2.0,2.5,H25 - CBA - Universell porter,64,2.0,73.65,14.0,2,0.0
185,2.0,2.5,H25 - CBA - Universell porter,64,2.0,73.65,14.0,5,25.0
185,2.0,2.5,H25 - CBA - Universell porter,64,2.0,73.65,14.0,3,75.0
185,2.0,2.6,H25 - CBA - Pipeline ytelse,45,2.0,73.65,14.0,4,100.0
185,2.0,2.6,H25 - CBA - Pipeline ytelse,45,2.0,73.65,14.0,5,0.0
185,2.0,2.6,H25 - CBA - Pipeline ytelse,45,2.0,73.65,14.0,2,0.0
185,2.0,2.6,H25 - CBA - Pipeline ytelse,45,2.0,73.65,14.0,1,0.0
185,2.0,2.6,H25 - CBA - Pipeline ytelse,45,2.0,73.65,14.0,3,0.0
185,2.0,2.7,H25 - CBA - Seriell Adder,161,2.0,73.65,14.0,1,0.0
185,2.0,2.7,H25 - CBA - Seriell Adder,161,2.0,73.65,14.0,3,0.0
185,2.0,2.7,H25 - CBA - Seriell Adder,161,2.0,73.65,14.0,5,100.0
185,2.0,2.7,H25 - CBA - Seriell Adder,161,2.0,73.65,14.0,4,0.0
185,2.0,2.7,H25 - CBA - Seriell Adder,161,2.0,73.65,14.0,2,0.0
304,2.0,2.1,H25 - CBA - Cache-miss,25,2.0,67.98,14.0,2,100.0
304,2.0,2.1,H25 - CBA - Cache-miss,25,2.0,67.98,14.0,1,0.0
304,2.0,2.1,H25 - CBA - Cache-miss,25,2.0,67.98,14.0,5,0.0
304,2.0,2.1,H25 - CBA - Cache-miss,25,2.0,67.98,14.0,4,0.0
304,2.0,2.1,H25 - CBA - Cache-miss,25,2.0,67.98,14.0,3,0.0
304,2.0,2.2,H25 - CBA - Adder,57,2.0,67.98,14.0,2,100.0
304,2.0,2.2,H25 - CBA - Adder,57,2.0,67.98,14.0,5,0.0
304,2.0,2.2,H25 - CBA - Adder,57,2.0,67.98,14.0,4,0.0
304,2.0,2.2,H25 - CBA - Adder,57,2.0,67.98,14.0,1,0.0
304,2.0,2.2,H25 - CBA - Adder,57,2.0,67.98,14.0,3,0.0
304,2.0,2.3,H25 - CBA - ALU,145,2.0,67.98,14.0,1,75.0
304,2.0,2.3,H25 - CBA - ALU,145,2.0,67.98,14.0,3,0.0
304,2.0,2.3,H25 - CBA - ALU,145,2.0,67.98,14.0,4,0.0
304,2.0,2.3,H25 - CBA - ALU,145,2.0,67.98,14.0,5,0.0
304,2.0,2.3,H25 - CBA - ALU,145,2.0,67.98,14.0,2,25.0
304,2.0,2.4,H25 - CBA - PC,23,2.0,67.98,14.0,1,100.0
304,2.0,2.4,H25 - CBA - PC,23,2.0,67.98,14.0,2,0.0
304,2.0,2.4,H25 - CBA - PC,23,2.0,67.98,14.0,4,0.0
304,2.0,2.4,H25 - CBA - PC,23,2.0,67.98,14.0,3,0.0
304,2.0,2.4,H25 - CBA - PC,23,2.0,67.98,14.0,5,0.0
304,2.0,2.5,H25 - CBA - Universell porter,20,2.0,67.98,14.0,3,100.0
304,2.0,2.5,H25 - CBA - Universell porter,20,2.0,67.98,14.0,2,0.0
304,2.0,2.5,H25 - CBA - Universell porter,20,2.0,67.98,14.0,4,0.0
304,2.0,2.5,H25 - CBA - Universell porter,20,2.0,67.98,14.0,1,0.0
304,2.0,2.5,H25 - CBA - Universell porter,20,2.0,67.98,14.0,5,0.0
304,2.0,2.6,H25 - CBA - Pipeline ytelse,56,2.0,67.98,14.0,4,75.0
304,2.0,2.6,H25 - CBA - Pipeline ytelse,56,2.0,67.98,14.0,1,25.0
304,2.0,2.6,H25 - CBA - Pipeline ytelse,56,2.0,67.98,14.0,5,0.0
304,2.0,2.6,H25 - CBA - Pipeline ytelse,56,2.0,67.98,14.0,2,0.0
304,2.0,2.6,H25 - CBA - Pipeline ytelse,56,2.0,67.98,14.0,3,0.0
304,2.0,2.7,H25 - CBA - Seriell Adder,161,2.0,67.98,14.0,2,50.0
304,2.0,2.7,H25 - CBA - Seriell Adder,161,2.0,67.98,14.0,5,0.0
304,2.0,2.7,H25 - CBA - Seriell Adder,161,2.0,67.98,14.0,1,25.0
304,2.0,2.7,H25 - CBA - Seriell Adder,161,2.0,67.98,14.0,3,0.0
304,2.0,2.7,H25 - CBA - Seriell Adder,161,2.0,67.98,14.0,4,25.0
50,2.0,2.1,H25 - CBA - Cache-miss,87,0.0,71.15,10.0,2,50.0
50,2.0,2.1,H25 - CBA - Cache-miss,87,0.0,71.15,10.0,4,50.0
50,2.0,2.2,H25 - CBA - Adder,22,2.0,71.15,10.0,2,100.0
50,2.0,2.3,H25 - CBA - ALU,80,2.0,71.15,10.0,1,100.0
50,2.0,2.4,H25 - CBA - PC,35,2.0,71.15,10.0,1,100.0
50,2.0,2.4,H25 - CBA - PC,35,2.0,71.15,10.0,3,0.0
50,2.0,2.4,H25 - CBA - PC,35,2.0,71.15,10.0,5,0.0
50,2.0,2.4,H25 - CBA - PC,35,2.0,71.15,10.0,2,0.0
50,2.0,2.4,H25 - CBA - PC,35,2.0,71.15,10.0,4,0.0
50,2.0,2.5,H25 - CBA - Universell porter,20,2.0,71.15,10.0,3,100.0
50,2.0,2.6,H25 - CBA - Pipeline ytelse,57,0.0,71.15,10.0,4,50.0
50,2.0,2.6,H25 - CBA - Pipeline ytelse,57,0.0,71.15,10.0,1,50.0
50,2.0,2.7,H25 - CBA - Seriell Adder,38,2.0,71.15,10.0,2,100.0
226,2.0,2.1,H25 - CBA - Cache-miss,104,2.0,73.2,14.0,3,0.0
226,2.0,2.1,H25 - CBA - Cache-miss,104,2.0,73.2,14.0,4,0.0
226,2.0,2.1,H25 - CBA - Cache-miss,104,2.0,73.2,14.0,1,0.0
226,2.0,2.1,H25 - CBA - Cache-miss,104,2.0,73.2,14.0,5,0.0
226,2.0,2.1,H25 - CBA - Cache-miss,104,2.0,73.2,14.0,2,100.0
226,2.0,2.2,H25 - CBA - Adder,156,2.0,73.2,14.0,2,100.0
226,2.0,2.2,H25 - CBA - Adder,156,2.0,73.2,14.0,1,0.0
226,2.0,2.2,H25 - CBA - Adder,156,2.0,73.2,14.0,5,0.0
226,2.0,2.2,H25 - CBA - Adder,156,2.0,73.2,14.0,3,0.0
226,2.0,2.2,H25 - CBA - Adder,156,2.0,73.2,14.0,4,0.0
226,2.0,2.3,H25 - CBA - ALU,204,2.0,73.2,14.0,5,0.0
226,2.0,2.3,H25 - CBA - ALU,204,2.0,73.2,14.0,3,0.0
226,2.0,2.3,H25 - CBA - ALU,204,2.0,73.2,14.0,2,50.0
226,2.0,2.3,H25 - CBA - ALU,204,2.0,73.2,14.0,4,0.0
226,2.0,2.3,H25 - CBA - ALU,204,2.0,73.2,14.0,1,50.0
226,2.0,2.4,H25 - CBA - PC,236,2.0,73.2,14.0,3,50.0
226,2.0,2.4,H25 - CBA - PC,236,2.0,73.2,14.0,5,0.0
226,2.0,2.4,H25 - CBA - PC,236,2.0,73.2,14.0,2,25.0
226,2.0,2.4,H25 - CBA - PC,236,2.0,73.2,14.0,4,0.0
226,2.0,2.4,H25 - CBA - PC,236,2.0,73.2,14.0,1,25.0
226,2.0,2.5,H25 - CBA - Universell porter,56,2.0,73.2,14.0,3,100.0
226,2.0,2.5,H25 - CBA - Universell porter,56,2.0,73.2,14.0,2,0.0
226,2.0,2.5,H25 - CBA - Universell porter,56,2.0,73.2,14.0,4,0.0
226,2.0,2.5,H25 - CBA - Universell porter,56,2.0,73.2,14.0,5,0.0
226,2.0,2.5,H25 - CBA - Universell porter,56,2.0,73.2,14.0,1,0.0
226,2.0,2.6,H25 - CBA - Pipeline ytelse,80,2.0,73.2,14.0,1,0.0
226,2.0,2.6,H25 - CBA - Pipeline ytelse,80,2.0,73.2,14.0,3,0.0
226,2.0,2.6,H25 - CBA - Pipeline ytelse,80,2.0,73.2,14.0,2,0.0
226,2.0,2.6,H25 - CBA - Pipeline ytelse,80,2.0,73.2,14.0,5,0.0
226,2.0,2.6,H25 - CBA - Pipeline ytelse,80,2.0,73.2,14.0,4,100.0
226,2.0,2.7,H25 - CBA - Seriell Adder,219,2.0,73.2,14.0,4,50.0
226,2.0,2.7,H25 - CBA - Seriell Adder,219,2.0,73.2,14.0,3,0.0
226,2.0,2.7,H25 - CBA - Seriell Adder,219,2.0,73.2,14.0,1,0.0
226,2.0,2.7,H25 - CBA - Seriell Adder,219,2.0,73.2,14.0,5,0.0
226,2.0,2.7,H25 - CBA - Seriell Adder,219,2.0,73.2,14.0,2,50.0
194,2.0,2.1,H25 - CBA - Cache-miss,138,2.0,86.18,14.0,1,0.0
194,2.0,2.1,H25 - CBA - Cache-miss,138,2.0,86.18,14.0,2,100.0
194,2.0,2.1,H25 - CBA - Cache-miss,138,2.0,86.18,14.0,4,0.0
194,2.0,2.1,H25 - CBA - Cache-miss,138,2.0,86.18,14.0,3,0.0
194,2.0,2.1,H25 - CBA - Cache-miss,138,2.0,86.18,14.0,5,0.0
194,2.0,2.2,H25 - CBA - Adder,88,2.0,86.18,14.0,2,100.0
194,2.0,2.2,H25 - CBA - Adder,88,2.0,86.18,14.0,3,0.0
194,2.0,2.2,H25 - CBA - Adder,88,2.0,86.18,14.0,4,0.0
194,2.0,2.2,H25 - CBA - Adder,88,2.0,86.18,14.0,1,0.0
194,2.0,2.2,H25 - CBA - Adder,88,2.0,86.18,14.0,5,0.0
194,2.0,2.3,H25 - CBA - ALU,108,2.0,86.18,14.0,1,100.0
194,2.0,2.3,H25 - CBA - ALU,108,2.0,86.18,14.0,4,0.0
194,2.0,2.3,H25 - CBA - ALU,108,2.0,86.18,14.0,2,0.0
194,2.0,2.3,H25 - CBA - ALU,108,2.0,86.18,14.0,5,0.0
194,2.0,2.3,H25 - CBA - ALU,108,2.0,86.18,14.0,3,0.0
194,2.0,2.4,H25 - CBA - PC,196,2.0,86.18,14.0,2,0.0
194,2.0,2.4,H25 - CBA - PC,196,2.0,86.18,14.0,5,0.0
194,2.0,2.4,H25 - CBA - PC,196,2.0,86.18,14.0,3,0.0
194,2.0,2.4,H25 - CBA - PC,196,2.0,86.18,14.0,4,0.0
194,2.0,2.4,H25 - CBA - PC,196,2.0,86.18,14.0,1,100.0
194,2.0,2.5,H25 - CBA - Universell porter,86,2.0,86.18,14.0,3,100.0
194,2.0,2.5,H25 - CBA - Universell porter,86,2.0,86.18,14.0,5,0.0
194,2.0,2.5,H25 - CBA - Universell porter,86,2.0,86.18,14.0,2,0.0
194,2.0,2.5,H25 - CBA - Universell porter,86,2.0,86.18,14.0,4,0.0
194,2.0,2.5,H25 - CBA - Universell porter,86,2.0,86.18,14.0,1,0.0
194,2.0,2.6,H25 - CBA - Pipeline ytelse,86,2.0,86.18,14.0,4,100.0
194,2.0,2.6,H25 - CBA - Pipeline ytelse,86,2.0,86.18,14.0,1,0.0
194,2.0,2.6,H25 - CBA - Pipeline ytelse,86,2.0,86.18,14.0,2,0.0
194,2.0,2.6,H25 - CBA - Pipeline ytelse,86,2.0,86.18,14.0,5,0.0
194,2.0,2.6,H25 - CBA - Pipeline ytelse,86,2.0,86.18,14.0,3,0.0
194,2.0,2.7,H25 - CBA - Seriell Adder,94,2.0,86.18,14.0,2,100.0
194,2.0,2.7,H25 - CBA - Seriell Adder,94,2.0,86.18,14.0,1,0.0
194,2.0,2.7,H25 - CBA - Seriell Adder,94,2.0,86.18,14.0,3,0.0
194,2.0,2.7,H25 - CBA - Seriell Adder,94,2.0,86.18,14.0,4,0.0
194,2.0,2.7,H25 - CBA - Seriell Adder,94,2.0,86.18,14.0,5,0.0
26,2.0,2.1,H25 - CBA - Cache-miss,56,2.0,71.32,14.0,2,100.0
26,2.0,2.1,H25 - CBA - Cache-miss,56,2.0,71.32,14.0,3,0.0
26,2.0,2.1,H25 - CBA - Cache-miss,56,2.0,71.32,14.0,1,0.0
26,2.0,2.1,H25 - CBA - Cache-miss,56,2.0,71.32,14.0,5,0.0
26,2.0,2.1,H25 - CBA - Cache-miss,56,2.0,71.32,14.0,4,0.0
26,2.0,2.2,H25 - CBA - Adder,12,2.0,71.32,14.0,2,100.0
26,2.0,2.2,H25 - CBA - Adder,12,2.0,71.32,14.0,4,0.0
26,2.0,2.2,H25 - CBA - Adder,12,2.0,71.32,14.0,5,0.0
26,2.0,2.2,H25 - CBA - Adder,12,2.0,71.32,14.0,1,0.0
26,2.0,2.2,H25 - CBA - Adder,12,2.0,71.32,14.0,3,0.0
26,2.0,2.3,H25 - CBA - ALU,324,2.0,71.32,14.0,3,0.0
26,2.0,2.3,H25 - CBA - ALU,324,2.0,71.32,14.0,5,75.0
26,2.0,2.3,H25 - CBA - ALU,324,2.0,71.32,14.0,4,0.0
26,2.0,2.3,H25 - CBA - ALU,324,2.0,71.32,14.0,2,0.0
26,2.0,2.3,H25 - CBA - ALU,324,2.0,71.32,14.0,1,25.0
26,2.0,2.4,H25 - CBA - PC,106,2.0,71.32,14.0,4,0.0
26,2.0,2.4,H25 - CBA - PC,106,2.0,71.32,14.0,5,0.0
26,2.0,2.4,H25 - CBA - PC,106,2.0,71.32,14.0,3,50.0
26,2.0,2.4,H25 - CBA - PC,106,2.0,71.32,14.0,2,50.0
26,2.0,2.4,H25 - CBA - PC,106,2.0,71.32,14.0,1,0.0
26,2.0,2.5,H25 - CBA - Universell porter,21,2.0,71.32,14.0,3,100.0
26,2.0,2.5,H25 - CBA - Universell porter,21,2.0,71.32,14.0,2,0.0
26,2.0,2.5,H25 - CBA - Universell porter,21,2.0,71.32,14.0,5,0.0
26,2.0,2.5,H25 - CBA - Universell porter,21,2.0,71.32,14.0,1,0.0
26,2.0,2.5,H25 - CBA - Universell porter,21,2.0,71.32,14.0,4,0.0
26,2.0,2.6,H25 - CBA - Pipeline ytelse,70,2.0,71.32,14.0,1,0.0
26,2.0,2.6,H25 - CBA - Pipeline ytelse,70,2.0,71.32,14.0,5,0.0
26,2.0,2.6,H25 - CBA - Pipeline ytelse,70,2.0,71.32,14.0,2,0.0
26,2.0,2.6,H25 - CBA - Pipeline ytelse,70,2.0,71.32,14.0,3,25.0
26,2.0,2.6,H25 - CBA - Pipeline ytelse,70,2.0,71.32,14.0,4,75.0
26,2.0,2.7,H25 - CBA - Seriell Adder,47,2.0,71.32,14.0,4,0.0
26,2.0,2.7,H25 - CBA - Seriell Adder,47,2.0,71.32,14.0,5,0.0
26,2.0,2.7,H25 - CBA - Seriell Adder,47,2.0,71.32,14.0,3,0.0
26,2.0,2.7,H25 - CBA - Seriell Adder,47,2.0,71.32,14.0,2,50.0
26,2.0,2.7,H25 - CBA - Seriell Adder,47,2.0,71.32,14.0,1,50.0
262,2.0,2.1,H25 - CBA - Cache-miss,43,2.0,82.68,14.0,2,100.0
262,2.0,2.1,H25 - CBA - Cache-miss,43,2.0,82.68,14.0,4,0.0
262,2.0,2.1,H25 - CBA - Cache-miss,43,2.0,82.68,14.0,1,0.0
262,2.0,2.1,H25 - CBA - Cache-miss,43,2.0,82.68,14.0,3,0.0
262,2.0,2.1,H25 - CBA - Cache-miss,43,2.0,82.68,14.0,5,0.0
262,2.0,2.2,H25 - CBA - Adder,47,2.0,82.68,14.0,2,100.0
262,2.0,2.2,H25 - CBA - Adder,47,2.0,82.68,14.0,5,0.0
262,2.0,2.2,H25 - CBA - Adder,47,2.0,82.68,14.0,1,0.0
262,2.0,2.2,H25 - CBA - Adder,47,2.0,82.68,14.0,3,0.0
262,2.0,2.2,H25 - CBA - Adder,47,2.0,82.68,14.0,4,0.0
262,2.0,2.3,H25 - CBA - ALU,115,2.0,82.68,14.0,1,100.0
262,2.0,2.3,H25 - CBA - ALU,115,2.0,82.68,14.0,4,0.0
262,2.0,2.3,H25 - CBA - ALU,115,2.0,82.68,14.0,5,0.0
262,2.0,2.3,H25 - CBA - ALU,115,2.0,82.68,14.0,3,0.0
262,2.0,2.3,H25 - CBA - ALU,115,2.0,82.68,14.0,2,0.0
262,2.0,2.4,H25 - CBA - PC,78,2.0,82.68,14.0,1,100.0
262,2.0,2.4,H25 - CBA - PC,78,2.0,82.68,14.0,3,0.0
262,2.0,2.4,H25 - CBA - PC,78,2.0,82.68,14.0,2,0.0
262,2.0,2.4,H25 - CBA - PC,78,2.0,82.68,14.0,5,0.0
262,2.0,2.4,H25 - CBA - PC,78,2.0,82.68,14.0,4,0.0
262,2.0,2.5,H25 - CBA - Universell porter,47,2.0,82.68,14.0,3,100.0
262,2.0,2.5,H25 - CBA - Universell porter,47,2.0,82.68,14.0,5,0.0
262,2.0,2.5,H25 - CBA - Universell porter,47,2.0,82.68,14.0,1,0.0
262,2.0,2.5,H25 - CBA - Universell porter,47,2.0,82.68,14.0,4,0.0
262,2.0,2.5,H25 - CBA - Universell porter,47,2.0,82.68,14.0,2,0.0
262,2.0,2.6,H25 - CBA - Pipeline ytelse,88,2.0,82.68,14.0,4,75.0
262,2.0,2.6,H25 - CBA - Pipeline ytelse,88,2.0,82.68,14.0,2,0.0
262,2.0,2.6,H25 - CBA - Pipeline ytelse,88,2.0,82.68,14.0,3,0.0
262,2.0,2.6,H25 - CBA - Pipeline ytelse,88,2.0,82.68,14.0,5,0.0
262,2.0,2.6,H25 - CBA - Pipeline ytelse,88,2.0,82.68,14.0,1,25.0
262,2.0,2.7,H25 - CBA - Seriell Adder,236,2.0,82.68,14.0,2,50.0
262,2.0,2.7,H25 - CBA - Seriell Adder,236,2.0,82.68,14.0,5,0.0
262,2.0,2.7,H25 - CBA - Seriell Adder,236,2.0,82.68,14.0,3,0.0
262,2.0,2.7,H25 - CBA - Seriell Adder,236,2.0,82.68,14.0,1,50.0
262,2.0,2.7,H25 - CBA - Seriell Adder,236,2.0,82.68,14.0,4,0.0
390,2.0,2.1,H25 - CBA - Cache-miss,104,2.0,51.52,8.0,2,100.0
390,2.0,2.1,H25 - CBA - Cache-miss,104,2.0,51.52,8.0,4,0.0
390,2.0,2.2,H25 - CBA - Adder,170,0.0,51.52,8.0,2,75.0
390,2.0,2.2,H25 - CBA - Adder,170,0.0,51.52,8.0,5,25.0
390,2.0,2.3,H25 - CBA - ALU,353,0.0,51.52,8.0,1,25.0
390,2.0,2.3,H25 - CBA - ALU,353,0.0,51.52,8.0,3,75.0
390,2.0,2.4,H25 - CBA - PC,322,0.0,51.52,8.0,1,0.0
390,2.0,2.4,H25 - CBA - PC,322,0.0,51.52,8.0,3,25.0
390,2.0,2.4,H25 - CBA - PC,322,0.0,51.52,8.0,5,75.0
390,2.0,2.5,H25 - CBA - Universell porter,177,2.0,51.52,8.0,3,75.0
390,2.0,2.5,H25 - CBA - Universell porter,177,2.0,51.52,8.0,5,0.0
390,2.0,2.5,H25 - CBA - Universell porter,177,2.0,51.52,8.0,1,25.0
390,2.0,2.6,H25 - CBA - Pipeline ytelse,63,2.0,51.52,8.0,4,100.0
390,2.0,2.6,H25 - CBA - Pipeline ytelse,63,2.0,51.52,8.0,1,0.0
390,2.0,2.7,H25 - CBA - Seriell Adder,107,2.0,51.52,8.0,2,100.0
446,2.0,2.1,H25 - CBA - Cache-miss,61,2.0,49.61,10.0,2,0.0
446,2.0,2.1,H25 - CBA - Cache-miss,61,2.0,49.61,10.0,1,0.0
446,2.0,2.1,H25 - CBA - Cache-miss,61,2.0,49.61,10.0,3,0.0
446,2.0,2.1,H25 - CBA - Cache-miss,61,2.0,49.61,10.0,5,75.0
446,2.0,2.1,H25 - CBA - Cache-miss,61,2.0,49.61,10.0,4,25.0
446,2.0,2.2,H25 - CBA - Adder,36,0.0,49.61,10.0,3,50.0
446,2.0,2.2,H25 - CBA - Adder,36,0.0,49.61,10.0,5,50.0
446,2.0,2.3,H25 - CBA - ALU,45,2.0,49.61,10.0,5,75.0
446,2.0,2.3,H25 - CBA - ALU,45,2.0,49.61,10.0,1,25.0
446,2.0,2.3,H25 - CBA - ALU,45,2.0,49.61,10.0,4,0.0
446,2.0,2.3,H25 - CBA - ALU,45,2.0,49.61,10.0,3,0.0
446,2.0,2.3,H25 - CBA - ALU,45,2.0,49.61,10.0,2,0.0
446,2.0,2.4,H25 - CBA - PC,65,2.0,49.61,10.0,3,75.0
446,2.0,2.4,H25 - CBA - PC,65,2.0,49.61,10.0,4,25.0
446,2.0,2.4,H25 - CBA - PC,65,2.0,49.61,10.0,1,0.0
446,2.0,2.4,H25 - CBA - PC,65,2.0,49.61,10.0,2,0.0
446,2.0,2.4,H25 - CBA - PC,65,2.0,49.61,10.0,5,0.0
446,2.0,2.5,H25 - CBA - Universell porter,28,2.0,49.61,10.0,3,100.0
446,2.0,2.6,H25 - CBA - Pipeline ytelse,73,2.0,49.61,10.0,4,100.0
446,2.0,2.7,H25 - CBA - Seriell Adder,67,0.0,49.61,10.0,4,50.0
446,2.0,2.7,H25 - CBA - Seriell Adder,67,0.0,49.61,10.0,2,25.0
446,2.0,2.7,H25 - CBA - Seriell Adder,67,0.0,49.61,10.0,1,25.0
439,2.0,2.1,H25 - CBA - Cache-miss,93,0.0,76.67,10.0,2,75.0
439,2.0,2.1,H25 - CBA - Cache-miss,93,0.0,76.67,10.0,4,25.0
439,2.0,2.2,H25 - CBA - Adder,17,2.0,76.67,10.0,2,100.0
439,2.0,2.3,H25 - CBA - ALU,60,0.0,76.67,10.0,1,50.0
439,2.0,2.3,H25 - CBA - ALU,60,0.0,76.67,10.0,3,50.0
439,2.0,2.4,H25 - CBA - PC,25,2.0,76.67,10.0,1,100.0
439,2.0,2.5,H25 - CBA - Universell porter,27,2.0,76.67,10.0,3,100.0
439,2.0,2.6,H25 - CBA - Pipeline ytelse,28,2.0,76.67,10.0,4,100.0
439,2.0,2.7,H25 - CBA - Seriell Adder,32,2.0,76.67,10.0,2,100.0
103,2.0,2.1,H25 - CBA - Cache-miss,56,2.0,54.17,8.0,2,100.0
103,2.0,2.2,H25 - CBA - Adder,32,2.0,54.17,8.0,2,100.0
103,2.0,2.3,H25 - CBA - ALU,25,2.0,54.17,8.0,1,100.0
103,2.0,2.4,H25 - CBA - PC,33,0.0,54.17,8.0,3,100.0
103,2.0,2.5,H25 - CBA - Universell porter,22,2.0,54.17,8.0,3,100.0
103,2.0,2.6,H25 - CBA - Pipeline ytelse,30,0.0,54.17,8.0,3,50.0
103,2.0,2.6,H25 - CBA - Pipeline ytelse,30,0.0,54.17,8.0,4,50.0
103,2.0,2.7,H25 - CBA - Seriell Adder,32,0.0,54.17,8.0,1,75.0
103,2.0,2.7,H25 - CBA - Seriell Adder,32,0.0,54.17,8.0,2,25.0
348,2.0,2.1,H25 - CBA - Cache-miss,187,2.0,50.82,14.0,3,0.0
348,2.0,2.1,H25 - CBA - Cache-miss,187,2.0,50.82,14.0,2,100.0
348,2.0,2.1,H25 - CBA - Cache-miss,187,2.0,50.82,14.0,1,0.0
348,2.0,2.1,H25 - CBA - Cache-miss,187,2.0,50.82,14.0,4,0.0
348,2.0,2.1,H25 - CBA - Cache-miss,187,2.0,50.82,14.0,5,0.0
348,2.0,2.2,H25 - CBA - Adder,77,2.0,50.82,14.0,2,100.0
348,2.0,2.2,H25 - CBA - Adder,77,2.0,50.82,14.0,1,0.0
348,2.0,2.2,H25 - CBA - Adder,77,2.0,50.82,14.0,4,0.0
348,2.0,2.2,H25 - CBA - Adder,77,2.0,50.82,14.0,3,0.0
348,2.0,2.2,H25 - CBA - Adder,77,2.0,50.82,14.0,5,0.0
348,2.0,2.3,H25 - CBA - ALU,58,2.0,50.82,14.0,1,0.0
348,2.0,2.3,H25 - CBA - ALU,58,2.0,50.82,14.0,4,0.0
348,2.0,2.3,H25 - CBA - ALU,58,2.0,50.82,14.0,5,0.0
348,2.0,2.3,H25 - CBA - ALU,58,2.0,50.82,14.0,2,100.0
348,2.0,2.3,H25 - CBA - ALU,58,2.0,50.82,14.0,3,0.0
348,2.0,2.4,H25 - CBA - PC,188,2.0,50.82,14.0,1,75.0
348,2.0,2.4,H25 - CBA - PC,188,2.0,50.82,14.0,5,0.0
348,2.0,2.4,H25 - CBA - PC,188,2.0,50.82,14.0,2,0.0
348,2.0,2.4,H25 - CBA - PC,188,2.0,50.82,14.0,4,0.0
348,2.0,2.4,H25 - CBA - PC,188,2.0,50.82,14.0,3,25.0
348,2.0,2.5,H25 - CBA - Universell porter,110,2.0,50.82,14.0,4,0.0
348,2.0,2.5,H25 - CBA - Universell porter,110,2.0,50.82,14.0,5,0.0
348,2.0,2.5,H25 - CBA - Universell porter,110,2.0,50.82,14.0,3,100.0
348,2.0,2.5,H25 - CBA - Universell porter,110,2.0,50.82,14.0,2,0.0
348,2.0,2.5,H25 - CBA - Universell porter,110,2.0,50.82,14.0,1,0.0
348,2.0,2.6,H25 - CBA - Pipeline ytelse,161,2.0,50.82,14.0,4,0.0
348,2.0,2.6,H25 - CBA - Pipeline ytelse,161,2.0,50.82,14.0,2,0.0
348,2.0,2.6,H25 - CBA - Pipeline ytelse,161,2.0,50.82,14.0,5,25.0
348,2.0,2.6,H25 - CBA - Pipeline ytelse,161,2.0,50.82,14.0,3,50.0
348,2.0,2.6,H25 - CBA - Pipeline ytelse,161,2.0,50.82,14.0,1,25.0
348,2.0,2.7,H25 - CBA - Seriell Adder,107,2.0,50.82,14.0,2,0.0
348,2.0,2.7,H25 - CBA - Seriell Adder,107,2.0,50.82,14.0,4,50.0
348,2.0,2.7,H25 - CBA - Seriell Adder,107,2.0,50.82,14.0,3,0.0
348,2.0,2.7,H25 - CBA - Seriell Adder,107,2.0,50.82,14.0,5,0.0
348,2.0,2.7,H25 - CBA - Seriell Adder,107,2.0,50.82,14.0,1,50.0
359,2.0,2.1,H25 - CBA - Cache-miss,116,2.0,91.18,14.0,2,100.0
359,2.0,2.1,H25 - CBA - Cache-miss,116,2.0,91.18,14.0,4,0.0
359,2.0,2.1,H25 - CBA - Cache-miss,116,2.0,91.18,14.0,3,0.0
359,2.0,2.1,H25 - CBA - Cache-miss,116,2.0,91.18,14.0,1,0.0
359,2.0,2.1,H25 - CBA - Cache-miss,116,2.0,91.18,14.0,5,0.0
359,2.0,2.2,H25 - CBA - Adder,104,2.0,91.18,14.0,2,100.0
359,2.0,2.2,H25 - CBA - Adder,104,2.0,91.18,14.0,3,0.0
359,2.0,2.2,H25 - CBA - Adder,104,2.0,91.18,14.0,5,0.0
359,2.0,2.2,H25 - CBA - Adder,104,2.0,91.18,14.0,4,0.0
359,2.0,2.2,H25 - CBA - Adder,104,2.0,91.18,14.0,1,0.0
359,2.0,2.3,H25 - CBA - ALU,67,2.0,91.18,14.0,1,100.0
359,2.0,2.3,H25 - CBA - ALU,67,2.0,91.18,14.0,2,0.0
359,2.0,2.3,H25 - CBA - ALU,67,2.0,91.18,14.0,5,0.0
359,2.0,2.3,H25 - CBA - ALU,67,2.0,91.18,14.0,4,0.0
359,2.0,2.3,H25 - CBA - ALU,67,2.0,91.18,14.0,3,0.0
359,2.0,2.4,H25 - CBA - PC,53,2.0,91.18,14.0,2,100.0
359,2.0,2.4,H25 - CBA - PC,53,2.0,91.18,14.0,3,0.0
359,2.0,2.4,H25 - CBA - PC,53,2.0,91.18,14.0,1,0.0
359,2.0,2.4,H25 - CBA - PC,53,2.0,91.18,14.0,5,0.0
359,2.0,2.4,H25 - CBA - PC,53,2.0,91.18,14.0,4,0.0
359,2.0,2.5,H25 - CBA - Universell porter,69,2.0,91.18,14.0,3,100.0
359,2.0,2.5,H25 - CBA - Universell porter,69,2.0,91.18,14.0,1,0.0
359,2.0,2.5,H25 - CBA - Universell porter,69,2.0,91.18,14.0,4,0.0
359,2.0,2.5,H25 - CBA - Universell porter,69,2.0,91.18,14.0,5,0.0
359,2.0,2.5,H25 - CBA - Universell porter,69,2.0,91.18,14.0,2,0.0
359,2.0,2.6,H25 - CBA - Pipeline ytelse,101,2.0,91.18,14.0,4,100.0
359,2.0,2.6,H25 - CBA - Pipeline ytelse,101,2.0,91.18,14.0,3,0.0
359,2.0,2.6,H25 - CBA - Pipeline ytelse,101,2.0,91.18,14.0,2,0.0
359,2.0,2.6,H25 - CBA - Pipeline ytelse,101,2.0,91.18,14.0,5,0.0
359,2.0,2.6,H25 - CBA - Pipeline ytelse,101,2.0,91.18,14.0,1,0.0
359,2.0,2.7,H25 - CBA - Seriell Adder,49,2.0,91.18,14.0,2,100.0
359,2.0,2.7,H25 - CBA - Seriell Adder,49,2.0,91.18,14.0,1,0.0
359,2.0,2.7,H25 - CBA - Seriell Adder,49,2.0,91.18,14.0,5,0.0
359,2.0,2.7,H25 - CBA - Seriell Adder,49,2.0,91.18,14.0,4,0.0
359,2.0,2.7,H25 - CBA - Seriell Adder,49,2.0,91.18,14.0,3,0.0
73,2.0,2.1,H25 - CBA - Cache-miss,73,2.0,62.72,14.0,2,100.0
73,2.0,2.1,H25 - CBA - Cache-miss,73,2.0,62.72,14.0,5,0.0
73,2.0,2.1,H25 - CBA - Cache-miss,73,2.0,62.72,14.0,1,0.0
73,2.0,2.1,H25 - CBA - Cache-miss,73,2.0,62.72,14.0,3,0.0
73,2.0,2.1,H25 - CBA - Cache-miss,73,2.0,62.72,14.0,4,0.0
73,2.0,2.2,H25 - CBA - Adder,29,2.0,62.72,14.0,2,100.0
73,2.0,2.2,H25 - CBA - Adder,29,2.0,62.72,14.0,4,0.0
73,2.0,2.2,H25 - CBA - Adder,29,2.0,62.72,14.0,3,0.0
73,2.0,2.2,H25 - CBA - Adder,29,2.0,62.72,14.0,5,0.0
73,2.0,2.2,H25 - CBA - Adder,29,2.0,62.72,14.0,1,0.0
73,2.0,2.3,H25 - CBA - ALU,132,2.0,62.72,14.0,5,0.0
73,2.0,2.3,H25 - CBA - ALU,132,2.0,62.72,14.0,3,0.0
73,2.0,2.3,H25 - CBA - ALU,132,2.0,62.72,14.0,1,0.0
73,2.0,2.3,H25 - CBA - ALU,132,2.0,62.72,14.0,2,25.0
73,2.0,2.3,H25 - CBA - ALU,132,2.0,62.72,14.0,4,75.0
73,2.0,2.4,H25 - CBA - PC,88,2.0,62.72,14.0,3,25.0
73,2.0,2.4,H25 - CBA - PC,88,2.0,62.72,14.0,5,0.0
73,2.0,2.4,H25 - CBA - PC,88,2.0,62.72,14.0,2,0.0
73,2.0,2.4,H25 - CBA - PC,88,2.0,62.72,14.0,1,75.0
73,2.0,2.4,H25 - CBA - PC,88,2.0,62.72,14.0,4,0.0
73,2.0,2.5,H25 - CBA - Universell porter,22,2.0,62.72,14.0,3,100.0
73,2.0,2.5,H25 - CBA - Universell porter,22,2.0,62.72,14.0,2,0.0
73,2.0,2.5,H25 - CBA - Universell porter,22,2.0,62.72,14.0,1,0.0
73,2.0,2.5,H25 - CBA - Universell porter,22,2.0,62.72,14.0,5,0.0
73,2.0,2.5,H25 - CBA - Universell porter,22,2.0,62.72,14.0,4,0.0
73,2.0,2.6,H25 - CBA - Pipeline ytelse,122,2.0,62.72,14.0,4,100.0
73,2.0,2.6,H25 - CBA - Pipeline ytelse,122,2.0,62.72,14.0,3,0.0
73,2.0,2.6,H25 - CBA - Pipeline ytelse,122,2.0,62.72,14.0,5,0.0
73,2.0,2.6,H25 - CBA - Pipeline ytelse,122,2.0,62.72,14.0,1,0.0
73,2.0,2.6,H25 - CBA - Pipeline ytelse,122,2.0,62.72,14.0,2,0.0
73,2.0,2.7,H25 - CBA - Seriell Adder,85,2.0,62.72,14.0,2,75.0
73,2.0,2.7,H25 - CBA - Seriell Adder,85,2.0,62.72,14.0,5,0.0
73,2.0,2.7,H25 - CBA - Seriell Adder,85,2.0,62.72,14.0,4,0.0
73,2.0,2.7,H25 - CBA - Seriell Adder,85,2.0,62.72,14.0,3,25.0
73,2.0,2.7,H25 - CBA - Seriell Adder,85,2.0,62.72,14.0,1,0.0
352,2.0,2.1,H25 - CBA - Cache-miss,34,2.0,62.02,14.0,2,100.0
352,2.0,2.1,H25 - CBA - Cache-miss,34,2.0,62.02,14.0,1,0.0
352,2.0,2.1,H25 - CBA - Cache-miss,34,2.0,62.02,14.0,3,0.0
352,2.0,2.1,H25 - CBA - Cache-miss,34,2.0,62.02,14.0,4,0.0
352,2.0,2.1,H25 - CBA - Cache-miss,34,2.0,62.02,14.0,5,0.0
352,2.0,2.2,H25 - CBA - Adder,125,2.0,62.02,14.0,4,75.0
352,2.0,2.2,H25 - CBA - Adder,125,2.0,62.02,14.0,2,25.0
352,2.0,2.2,H25 - CBA - Adder,125,2.0,62.02,14.0,1,0.0
352,2.0,2.2,H25 - CBA - Adder,125,2.0,62.02,14.0,5,0.0
352,2.0,2.2,H25 - CBA - Adder,125,2.0,62.02,14.0,3,0.0
352,2.0,2.3,H25 - CBA - ALU,87,2.0,62.02,14.0,3,25.0
352,2.0,2.3,H25 - CBA - ALU,87,2.0,62.02,14.0,2,25.0
352,2.0,2.3,H25 - CBA - ALU,87,2.0,62.02,14.0,5,25.0
352,2.0,2.3,H25 - CBA - ALU,87,2.0,62.02,14.0,1,25.0
352,2.0,2.3,H25 - CBA - ALU,87,2.0,62.02,14.0,4,0.0
352,2.0,2.4,H25 - CBA - PC,49,2.0,62.02,14.0,3,100.0
352,2.0,2.4,H25 - CBA - PC,49,2.0,62.02,14.0,2,0.0
352,2.0,2.4,H25 - CBA - PC,49,2.0,62.02,14.0,4,0.0
352,2.0,2.4,H25 - CBA - PC,49,2.0,62.02,14.0,1,0.0
352,2.0,2.4,H25 - CBA - PC,49,2.0,62.02,14.0,5,0.0
352,2.0,2.5,H25 - CBA - Universell porter,31,2.0,62.02,14.0,3,100.0
352,2.0,2.5,H25 - CBA - Universell porter,31,2.0,62.02,14.0,1,0.0
352,2.0,2.5,H25 - CBA - Universell porter,31,2.0,62.02,14.0,4,0.0
352,2.0,2.5,H25 - CBA - Universell porter,31,2.0,62.02,14.0,5,0.0
352,2.0,2.5,H25 - CBA - Universell porter,31,2.0,62.02,14.0,2,0.0
352,2.0,2.6,H25 - CBA - Pipeline ytelse,50,2.0,62.02,14.0,1,50.0
352,2.0,2.6,H25 - CBA - Pipeline ytelse,50,2.0,62.02,14.0,2,0.0
352,2.0,2.6,H25 - CBA - Pipeline ytelse,50,2.0,62.02,14.0,4,0.0
352,2.0,2.6,H25 - CBA - Pipeline ytelse,50,2.0,62.02,14.0,3,50.0
352,2.0,2.6,H25 - CBA - Pipeline ytelse,50,2.0,62.02,14.0,5,0.0
352,2.0,2.7,H25 - CBA - Seriell Adder,109,2.0,62.02,14.0,5,0.0
352,2.0,2.7,H25 - CBA - Seriell Adder,109,2.0,62.02,14.0,1,25.0
352,2.0,2.7,H25 - CBA - Seriell Adder,109,2.0,62.02,14.0,2,50.0
352,2.0,2.7,H25 - CBA - Seriell Adder,109,2.0,62.02,14.0,3,0.0
352,2.0,2.7,H25 - CBA - Seriell Adder,109,2.0,62.02,14.0,4,25.0
18,2.0,2.1,H25 - CBA - Cache-miss,97,2.0,53.35,4.0,2,100.0
18,2.0,2.2,H25 - CBA - Adder,55,0.0,53.35,4.0,2,50.0
18,2.0,2.2,H25 - CBA - Adder,55,0.0,53.35,4.0,5,50.0
18,2.0,2.3,H25 - CBA - ALU,157,0.0,53.35,4.0,5,50.0
18,2.0,2.3,H25 - CBA - ALU,157,0.0,53.35,4.0,1,50.0
18,2.0,2.4,H25 - CBA - PC,66,0.0,53.35,4.0,3,75.0
18,2.0,2.4,H25 - CBA - PC,66,0.0,53.35,4.0,4,25.0
18,2.0,2.5,H25 - CBA - Universell porter,66,0.0,53.35,4.0,1,50.0
18,2.0,2.5,H25 - CBA - Universell porter,66,0.0,53.35,4.0,3,50.0
18,2.0,2.7,H25 - CBA - Seriell Adder,19,2.0,53.35,4.0,2,100.0
384,2.0,2.1,H25 - CBA - Cache-miss,440,2.0,81.15,14.0,2,100.0
384,2.0,2.1,H25 - CBA - Cache-miss,440,2.0,81.15,14.0,4,0.0
384,2.0,2.1,H25 - CBA - Cache-miss,440,2.0,81.15,14.0,5,0.0
384,2.0,2.1,H25 - CBA - Cache-miss,440,2.0,81.15,14.0,3,0.0
384,2.0,2.1,H25 - CBA - Cache-miss,440,2.0,81.15,14.0,1,0.0
384,2.0,2.2,H25 - CBA - Adder,104,2.0,81.15,14.0,3,75.0
384,2.0,2.2,H25 - CBA - Adder,104,2.0,81.15,14.0,2,0.0
384,2.0,2.2,H25 - CBA - Adder,104,2.0,81.15,14.0,1,0.0
384,2.0,2.2,H25 - CBA - Adder,104,2.0,81.15,14.0,5,25.0
384,2.0,2.2,H25 - CBA - Adder,104,2.0,81.15,14.0,4,0.0
384,2.0,2.3,H25 - CBA - ALU,114,2.0,81.15,14.0,1,75.0
384,2.0,2.3,H25 - CBA - ALU,114,2.0,81.15,14.0,2,25.0
384,2.0,2.3,H25 - CBA - ALU,114,2.0,81.15,14.0,3,0.0
384,2.0,2.3,H25 - CBA - ALU,114,2.0,81.15,14.0,4,0.0
384,2.0,2.3,H25 - CBA - ALU,114,2.0,81.15,14.0,5,0.0
384,2.0,2.4,H25 - CBA - PC,98,2.0,81.15,14.0,3,100.0
384,2.0,2.4,H25 - CBA - PC,98,2.0,81.15,14.0,5,0.0
384,2.0,2.4,H25 - CBA - PC,98,2.0,81.15,14.0,2,0.0
384,2.0,2.4,H25 - CBA - PC,98,2.0,81.15,14.0,4,0.0
384,2.0,2.4,H25 - CBA - PC,98,2.0,81.15,14.0,1,0.0
384,2.0,2.5,H25 - CBA - Universell porter,53,2.0,81.15,14.0,3,100.0
384,2.0,2.5,H25 - CBA - Universell porter,53,2.0,81.15,14.0,2,0.0
384,2.0,2.5,H25 - CBA - Universell porter,53,2.0,81.15,14.0,1,0.0
384,2.0,2.5,H25 - CBA - Universell porter,53,2.0,81.15,14.0,5,0.0
384,2.0,2.5,H25 - CBA - Universell porter,53,2.0,81.15,14.0,4,0.0
384,2.0,2.6,H25 - CBA - Pipeline ytelse,196,2.0,81.15,14.0,4,75.0
384,2.0,2.6,H25 - CBA - Pipeline ytelse,196,2.0,81.15,14.0,1,25.0
384,2.0,2.6,H25 - CBA - Pipeline ytelse,196,2.0,81.15,14.0,3,0.0
384,2.0,2.6,H25 - CBA - Pipeline ytelse,196,2.0,81.15,14.0,2,0.0
384,2.0,2.6,H25 - CBA - Pipeline ytelse,196,2.0,81.15,14.0,5,0.0
384,2.0,2.7,H25 - CBA - Seriell Adder,180,2.0,81.15,14.0,3,25.0
384,2.0,2.7,H25 - CBA - Seriell Adder,180,2.0,81.15,14.0,5,25.0
384,2.0,2.7,H25 - CBA - Seriell Adder,180,2.0,81.15,14.0,4,0.0
384,2.0,2.7,H25 - CBA - Seriell Adder,180,2.0,81.15,14.0,2,50.0
384,2.0,2.7,H25 - CBA - Seriell Adder,180,2.0,81.15,14.0,1,0.0
455,2.0,2.1,H25 - CBA - Cache-miss,61,2.0,73.15,14.0,5,0.0
455,2.0,2.1,H25 - CBA - Cache-miss,61,2.0,73.15,14.0,2,75.0
455,2.0,2.1,H25 - CBA - Cache-miss,61,2.0,73.15,14.0,4,25.0
455,2.0,2.1,H25 - CBA - Cache-miss,61,2.0,73.15,14.0,1,0.0
455,2.0,2.1,H25 - CBA - Cache-miss,61,2.0,73.15,14.0,3,0.0
455,2.0,2.2,H25 - CBA - Adder,30,2.0,73.15,14.0,2,75.0
455,2.0,2.2,H25 - CBA - Adder,30,2.0,73.15,14.0,3,0.0
455,2.0,2.2,H25 - CBA - Adder,30,2.0,73.15,14.0,4,25.0
455,2.0,2.2,H25 - CBA - Adder,30,2.0,73.15,14.0,5,0.0
455,2.0,2.2,H25 - CBA - Adder,30,2.0,73.15,14.0,1,0.0
455,2.0,2.3,H25 - CBA - ALU,50,2.0,73.15,14.0,4,25.0
455,2.0,2.3,H25 - CBA - ALU,50,2.0,73.15,14.0,1,50.0
455,2.0,2.3,H25 - CBA - ALU,50,2.0,73.15,14.0,2,0.0
455,2.0,2.3,H25 - CBA - ALU,50,2.0,73.15,14.0,5,25.0
455,2.0,2.3,H25 - CBA - ALU,50,2.0,73.15,14.0,3,0.0
455,2.0,2.4,H25 - CBA - PC,46,2.0,73.15,14.0,2,75.0
455,2.0,2.4,H25 - CBA - PC,46,2.0,73.15,14.0,4,0.0
455,2.0,2.4,H25 - CBA - PC,46,2.0,73.15,14.0,3,0.0
455,2.0,2.4,H25 - CBA - PC,46,2.0,73.15,14.0,1,25.0
455,2.0,2.4,H25 - CBA - PC,46,2.0,73.15,14.0,5,0.0
455,2.0,2.5,H25 - CBA - Universell porter,45,2.0,73.15,14.0,3,100.0
455,2.0,2.5,H25 - CBA - Universell porter,45,2.0,73.15,14.0,2,0.0
455,2.0,2.5,H25 - CBA - Universell porter,45,2.0,73.15,14.0,1,0.0
455,2.0,2.5,H25 - CBA - Universell porter,45,2.0,73.15,14.0,4,0.0
455,2.0,2.5,H25 - CBA - Universell porter,45,2.0,73.15,14.0,5,0.0
455,2.0,2.6,H25 - CBA - Pipeline ytelse,31,2.0,73.15,14.0,4,50.0
455,2.0,2.6,H25 - CBA - Pipeline ytelse,31,2.0,73.15,14.0,1,50.0
455,2.0,2.6,H25 - CBA - Pipeline ytelse,31,2.0,73.15,14.0,3,0.0
455,2.0,2.6,H25 - CBA - Pipeline ytelse,31,2.0,73.15,14.0,2,0.0
455,2.0,2.6,H25 - CBA - Pipeline ytelse,31,2.0,73.15,14.0,5,0.0
455,2.0,2.7,H25 - CBA - Seriell Adder,35,2.0,73.15,14.0,4,50.0
455,2.0,2.7,H25 - CBA - Seriell Adder,35,2.0,73.15,14.0,2,50.0
455,2.0,2.7,H25 - CBA - Seriell Adder,35,2.0,73.15,14.0,5,0.0
455,2.0,2.7,H25 - CBA - Seriell Adder,35,2.0,73.15,14.0,3,0.0
455,2.0,2.7,H25 - CBA - Seriell Adder,35,2.0,73.15,14.0,1,0.0
419,2.0,2.1,H25 - CBA - Cache-miss,96,2.0,82.68,14.0,2,100.0
419,2.0,2.1,H25 - CBA - Cache-miss,96,2.0,82.68,14.0,1,0.0
419,2.0,2.1,H25 - CBA - Cache-miss,96,2.0,82.68,14.0,3,0.0
419,2.0,2.1,H25 - CBA - Cache-miss,96,2.0,82.68,14.0,5,0.0
419,2.0,2.1,H25 - CBA - Cache-miss,96,2.0,82.68,14.0,4,0.0
419,2.0,2.2,H25 - CBA - Adder,114,2.0,82.68,14.0,2,75.0
419,2.0,2.2,H25 - CBA - Adder,114,2.0,82.68,14.0,1,0.0
419,2.0,2.2,H25 - CBA - Adder,114,2.0,82.68,14.0,5,0.0
419,2.0,2.2,H25 - CBA - Adder,114,2.0,82.68,14.0,4,0.0
419,2.0,2.2,H25 - CBA - Adder,114,2.0,82.68,14.0,3,25.0
419,2.0,2.3,H25 - CBA - ALU,178,2.0,82.68,14.0,1,50.0
419,2.0,2.3,H25 - CBA - ALU,178,2.0,82.68,14.0,3,0.0
419,2.0,2.3,H25 - CBA - ALU,178,2.0,82.68,14.0,2,50.0
419,2.0,2.3,H25 - CBA - ALU,178,2.0,82.68,14.0,5,0.0
419,2.0,2.3,H25 - CBA - ALU,178,2.0,82.68,14.0,4,0.0
419,2.0,2.4,H25 - CBA - PC,107,2.0,82.68,14.0,2,75.0
419,2.0,2.4,H25 - CBA - PC,107,2.0,82.68,14.0,1,25.0
419,2.0,2.4,H25 - CBA - PC,107,2.0,82.68,14.0,3,0.0
419,2.0,2.4,H25 - CBA - PC,107,2.0,82.68,14.0,5,0.0
419,2.0,2.4,H25 - CBA - PC,107,2.0,82.68,14.0,4,0.0
419,2.0,2.5,H25 - CBA - Universell porter,61,2.0,82.68,14.0,3,100.0
419,2.0,2.5,H25 - CBA - Universell porter,61,2.0,82.68,14.0,4,0.0
419,2.0,2.5,H25 - CBA - Universell porter,61,2.0,82.68,14.0,5,0.0
419,2.0,2.5,H25 - CBA - Universell porter,61,2.0,82.68,14.0,2,0.0
419,2.0,2.5,H25 - CBA - Universell porter,61,2.0,82.68,14.0,1,0.0
419,2.0,2.6,H25 - CBA - Pipeline ytelse,51,2.0,82.68,14.0,4,100.0
419,2.0,2.6,H25 - CBA - Pipeline ytelse,51,2.0,82.68,14.0,3,0.0
419,2.0,2.6,H25 - CBA - Pipeline ytelse,51,2.0,82.68,14.0,5,0.0
419,2.0,2.6,H25 - CBA - Pipeline ytelse,51,2.0,82.68,14.0,2,0.0
419,2.0,2.6,H25 - CBA - Pipeline ytelse,51,2.0,82.68,14.0,1,0.0
419,2.0,2.7,H25 - CBA - Seriell Adder,132,2.0,82.68,14.0,2,75.0
419,2.0,2.7,H25 - CBA - Seriell Adder,132,2.0,82.68,14.0,1,25.0
419,2.0,2.7,H25 - CBA - Seriell Adder,132,2.0,82.68,14.0,4,0.0
419,2.0,2.7,H25 - CBA - Seriell Adder,132,2.0,82.68,14.0,3,0.0
419,2.0,2.7,H25 - CBA - Seriell Adder,132,2.0,82.68,14.0,5,0.0
437,2.0,2.1,H25 - CBA - Cache-miss,233,2.0,82.5,14.0,3,0.0
437,2.0,2.1,H25 - CBA - Cache-miss,233,2.0,82.5,14.0,2,75.0
437,2.0,2.1,H25 - CBA - Cache-miss,233,2.0,82.5,14.0,5,25.0
437,2.0,2.1,H25 - CBA - Cache-miss,233,2.0,82.5,14.0,1,0.0
437,2.0,2.1,H25 - CBA - Cache-miss,233,2.0,82.5,14.0,4,0.0
437,2.0,2.2,H25 - CBA - Adder,69,2.0,82.5,14.0,2,100.0
437,2.0,2.2,H25 - CBA - Adder,69,2.0,82.5,14.0,5,0.0
437,2.0,2.2,H25 - CBA - Adder,69,2.0,82.5,14.0,1,0.0
437,2.0,2.2,H25 - CBA - Adder,69,2.0,82.5,14.0,3,0.0
437,2.0,2.2,H25 - CBA - Adder,69,2.0,82.5,14.0,4,0.0
437,2.0,2.3,H25 - CBA - ALU,164,2.0,82.5,14.0,4,0.0
437,2.0,2.3,H25 - CBA - ALU,164,2.0,82.5,14.0,1,50.0
437,2.0,2.3,H25 - CBA - ALU,164,2.0,82.5,14.0,3,0.0
437,2.0,2.3,H25 - CBA - ALU,164,2.0,82.5,14.0,2,50.0
437,2.0,2.3,H25 - CBA - ALU,164,2.0,82.5,14.0,5,0.0
437,2.0,2.4,H25 - CBA - PC,667,2.0,82.5,14.0,5,0.0
437,2.0,2.4,H25 - CBA - PC,667,2.0,82.5,14.0,4,25.0
437,2.0,2.4,H25 - CBA - PC,667,2.0,82.5,14.0,3,0.0
437,2.0,2.4,H25 - CBA - PC,667,2.0,82.5,14.0,1,75.0
437,2.0,2.4,H25 - CBA - PC,667,2.0,82.5,14.0,2,0.0
437,2.0,2.5,H25 - CBA - Universell porter,63,2.0,82.5,14.0,3,100.0
437,2.0,2.5,H25 - CBA - Universell porter,63,2.0,82.5,14.0,4,0.0
437,2.0,2.5,H25 - CBA - Universell porter,63,2.0,82.5,14.0,1,0.0
437,2.0,2.5,H25 - CBA - Universell porter,63,2.0,82.5,14.0,2,0.0
437,2.0,2.5,H25 - CBA - Universell porter,63,2.0,82.5,14.0,5,0.0
437,2.0,2.6,H25 - CBA - Pipeline ytelse,177,2.0,82.5,14.0,3,50.0
437,2.0,2.6,H25 - CBA - Pipeline ytelse,177,2.0,82.5,14.0,2,0.0
437,2.0,2.6,H25 - CBA - Pipeline ytelse,177,2.0,82.5,14.0,1,0.0
437,2.0,2.6,H25 - CBA - Pipeline ytelse,177,2.0,82.5,14.0,4,50.0
437,2.0,2.6,H25 - CBA - Pipeline ytelse,177,2.0,82.5,14.0,5,0.0
437,2.0,2.7,H25 - CBA - Seriell Adder,150,2.0,82.5,14.0,4,0.0
437,2.0,2.7,H25 - CBA - Seriell Adder,150,2.0,82.5,14.0,3,0.0
437,2.0,2.7,H25 - CBA - Seriell Adder,150,2.0,82.5,14.0,1,0.0
437,2.0,2.7,H25 - CBA - Seriell Adder,150,2.0,82.5,14.0,2,100.0
437,2.0,2.7,H25 - CBA - Seriell Adder,150,2.0,82.5,14.0,5,0.0
153,2.0,2.1,H25 - CBA - Cache-miss,117,2.0,70.15,14.0,2,100.0
153,2.0,2.1,H25 - CBA - Cache-miss,117,2.0,70.15,14.0,1,0.0
153,2.0,2.1,H25 - CBA - Cache-miss,117,2.0,70.15,14.0,3,0.0
153,2.0,2.1,H25 - CBA - Cache-miss,117,2.0,70.15,14.0,5,0.0
153,2.0,2.1,H25 - CBA - Cache-miss,117,2.0,70.15,14.0,4,0.0
153,2.0,2.2,H25 - CBA - Adder,61,2.0,70.15,14.0,2,100.0
153,2.0,2.2,H25 - CBA - Adder,61,2.0,70.15,14.0,5,0.0
153,2.0,2.2,H25 - CBA - Adder,61,2.0,70.15,14.0,1,0.0
153,2.0,2.2,H25 - CBA - Adder,61,2.0,70.15,14.0,3,0.0
153,2.0,2.2,H25 - CBA - Adder,61,2.0,70.15,14.0,4,0.0
153,2.0,2.3,H25 - CBA - ALU,86,2.0,70.15,14.0,2,50.0
153,2.0,2.3,H25 - CBA - ALU,86,2.0,70.15,14.0,1,50.0
153,2.0,2.3,H25 - CBA - ALU,86,2.0,70.15,14.0,4,0.0
153,2.0,2.3,H25 - CBA - ALU,86,2.0,70.15,14.0,3,0.0
153,2.0,2.3,H25 - CBA - ALU,86,2.0,70.15,14.0,5,0.0
153,2.0,2.4,H25 - CBA - PC,89,2.0,70.15,14.0,2,50.0
153,2.0,2.4,H25 - CBA - PC,89,2.0,70.15,14.0,1,50.0
153,2.0,2.4,H25 - CBA - PC,89,2.0,70.15,14.0,4,0.0
153,2.0,2.4,H25 - CBA - PC,89,2.0,70.15,14.0,5,0.0
153,2.0,2.4,H25 - CBA - PC,89,2.0,70.15,14.0,3,0.0
153,2.0,2.5,H25 - CBA - Universell porter,210,2.0,70.15,14.0,3,0.0
153,2.0,2.5,H25 - CBA - Universell porter,210,2.0,70.15,14.0,4,0.0
153,2.0,2.5,H25 - CBA - Universell porter,210,2.0,70.15,14.0,5,0.0
153,2.0,2.5,H25 - CBA - Universell porter,210,2.0,70.15,14.0,2,50.0
153,2.0,2.5,H25 - CBA - Universell porter,210,2.0,70.15,14.0,1,50.0
153,2.0,2.6,H25 - CBA - Pipeline ytelse,40,2.0,70.15,14.0,1,0.0
153,2.0,2.6,H25 - CBA - Pipeline ytelse,40,2.0,70.15,14.0,4,100.0
153,2.0,2.6,H25 - CBA - Pipeline ytelse,40,2.0,70.15,14.0,3,0.0
153,2.0,2.6,H25 - CBA - Pipeline ytelse,40,2.0,70.15,14.0,5,0.0
153,2.0,2.6,H25 - CBA - Pipeline ytelse,40,2.0,70.15,14.0,2,0.0
153,2.0,2.7,H25 - CBA - Seriell Adder,46,2.0,70.15,14.0,2,100.0
153,2.0,2.7,H25 - CBA - Seriell Adder,46,2.0,70.15,14.0,3,0.0
153,2.0,2.7,H25 - CBA - Seriell Adder,46,2.0,70.15,14.0,5,0.0
153,2.0,2.7,H25 - CBA - Seriell Adder,46,2.0,70.15,14.0,4,0.0
153,2.0,2.7,H25 - CBA - Seriell Adder,46,2.0,70.15,14.0,1,0.0
459,2.0,2.1,H25 - CBA - Cache-miss,46,2.0,82.48,14.0,2,100.0
459,2.0,2.1,H25 - CBA - Cache-miss,46,2.0,82.48,14.0,4,0.0
459,2.0,2.1,H25 - CBA - Cache-miss,46,2.0,82.48,14.0,5,0.0
459,2.0,2.1,H25 - CBA - Cache-miss,46,2.0,82.48,14.0,3,0.0
459,2.0,2.1,H25 - CBA - Cache-miss,46,2.0,82.48,14.0,1,0.0
459,2.0,2.2,H25 - CBA - Adder,65,2.0,82.48,14.0,3,0.0
459,2.0,2.2,H25 - CBA - Adder,65,2.0,82.48,14.0,1,0.0
459,2.0,2.2,H25 - CBA - Adder,65,2.0,82.48,14.0,4,0.0
459,2.0,2.2,H25 - CBA - Adder,65,2.0,82.48,14.0,2,75.0
459,2.0,2.2,H25 - CBA - Adder,65,2.0,82.48,14.0,5,25.0
459,2.0,2.3,H25 - CBA - ALU,77,2.0,82.48,14.0,4,0.0
459,2.0,2.3,H25 - CBA - ALU,77,2.0,82.48,14.0,3,0.0
459,2.0,2.3,H25 - CBA - ALU,77,2.0,82.48,14.0,2,0.0
459,2.0,2.3,H25 - CBA - ALU,77,2.0,82.48,14.0,1,75.0
459,2.0,2.3,H25 - CBA - ALU,77,2.0,82.48,14.0,5,25.0
459,2.0,2.4,H25 - CBA - PC,66,2.0,82.48,14.0,5,0.0
459,2.0,2.4,H25 - CBA - PC,66,2.0,82.48,14.0,3,0.0
459,2.0,2.4,H25 - CBA - PC,66,2.0,82.48,14.0,4,0.0
459,2.0,2.4,H25 - CBA - PC,66,2.0,82.48,14.0,2,0.0
459,2.0,2.4,H25 - CBA - PC,66,2.0,82.48,14.0,1,100.0
459,2.0,2.5,H25 - CBA - Universell porter,58,2.0,82.48,14.0,2,0.0
459,2.0,2.5,H25 - CBA - Universell porter,58,2.0,82.48,14.0,4,0.0
459,2.0,2.5,H25 - CBA - Universell porter,58,2.0,82.48,14.0,3,100.0
459,2.0,2.5,H25 - CBA - Universell porter,58,2.0,82.48,14.0,1,0.0
459,2.0,2.5,H25 - CBA - Universell porter,58,2.0,82.48,14.0,5,0.0
459,2.0,2.6,H25 - CBA - Pipeline ytelse,24,2.0,82.48,14.0,4,100.0
459,2.0,2.6,H25 - CBA - Pipeline ytelse,24,2.0,82.48,14.0,1,0.0
459,2.0,2.6,H25 - CBA - Pipeline ytelse,24,2.0,82.48,14.0,3,0.0
459,2.0,2.6,H25 - CBA - Pipeline ytelse,24,2.0,82.48,14.0,2,0.0
459,2.0,2.6,H25 - CBA - Pipeline ytelse,24,2.0,82.48,14.0,5,0.0
459,2.0,2.7,H25 - CBA - Seriell Adder,48,2.0,82.48,14.0,2,100.0
459,2.0,2.7,H25 - CBA - Seriell Adder,48,2.0,82.48,14.0,4,0.0
459,2.0,2.7,H25 - CBA - Seriell Adder,48,2.0,82.48,14.0,3,0.0
459,2.0,2.7,H25 - CBA - Seriell Adder,48,2.0,82.48,14.0,5,0.0
459,2.0,2.7,H25 - CBA - Seriell Adder,48,2.0,82.48,14.0,1,0.0
266,2.0,2.1,H25 - CBA - Cache-miss,236,2.0,66.99,14.0,1,0.0
266,2.0,2.1,H25 - CBA - Cache-miss,236,2.0,66.99,14.0,3,0.0
266,2.0,2.1,H25 - CBA - Cache-miss,236,2.0,66.99,14.0,2,50.0
266,2.0,2.1,H25 - CBA - Cache-miss,236,2.0,66.99,14.0,4,0.0
266,2.0,2.1,H25 - CBA - Cache-miss,236,2.0,66.99,14.0,5,50.0
266,2.0,2.2,H25 - CBA - Adder,52,2.0,66.99,14.0,2,100.0
266,2.0,2.2,H25 - CBA - Adder,52,2.0,66.99,14.0,5,0.0
266,2.0,2.2,H25 - CBA - Adder,52,2.0,66.99,14.0,4,0.0
266,2.0,2.2,H25 - CBA - Adder,52,2.0,66.99,14.0,3,0.0
266,2.0,2.2,H25 - CBA - Adder,52,2.0,66.99,14.0,1,0.0
266,2.0,2.3,H25 - CBA - ALU,134,2.0,66.99,14.0,5,25.0
266,2.0,2.3,H25 - CBA - ALU,134,2.0,66.99,14.0,1,50.0
266,2.0,2.3,H25 - CBA - ALU,134,2.0,66.99,14.0,3,0.0
266,2.0,2.3,H25 - CBA - ALU,134,2.0,66.99,14.0,4,0.0
266,2.0,2.3,H25 - CBA - ALU,134,2.0,66.99,14.0,2,25.0
266,2.0,2.4,H25 - CBA - PC,104,2.0,66.99,14.0,2,25.0
266,2.0,2.4,H25 - CBA - PC,104,2.0,66.99,14.0,1,75.0
266,2.0,2.4,H25 - CBA - PC,104,2.0,66.99,14.0,5,0.0
266,2.0,2.4,H25 - CBA - PC,104,2.0,66.99,14.0,4,0.0
266,2.0,2.4,H25 - CBA - PC,104,2.0,66.99,14.0,3,0.0
266,2.0,2.5,H25 - CBA - Universell porter,32,2.0,66.99,14.0,3,100.0
266,2.0,2.5,H25 - CBA - Universell porter,32,2.0,66.99,14.0,4,0.0
266,2.0,2.5,H25 - CBA - Universell porter,32,2.0,66.99,14.0,2,0.0
266,2.0,2.5,H25 - CBA - Universell porter,32,2.0,66.99,14.0,5,0.0
266,2.0,2.5,H25 - CBA - Universell porter,32,2.0,66.99,14.0,1,0.0
266,2.0,2.6,H25 - CBA - Pipeline ytelse,46,2.0,66.99,14.0,4,100.0
266,2.0,2.6,H25 - CBA - Pipeline ytelse,46,2.0,66.99,14.0,1,0.0
266,2.0,2.6,H25 - CBA - Pipeline ytelse,46,2.0,66.99,14.0,2,0.0
266,2.0,2.6,H25 - CBA - Pipeline ytelse,46,2.0,66.99,14.0,5,0.0
266,2.0,2.6,H25 - CBA - Pipeline ytelse,46,2.0,66.99,14.0,3,0.0
266,2.0,2.7,H25 - CBA - Seriell Adder,52,2.0,66.99,14.0,2,75.0
266,2.0,2.7,H25 - CBA - Seriell Adder,52,2.0,66.99,14.0,4,25.0
266,2.0,2.7,H25 - CBA - Seriell Adder,52,2.0,66.99,14.0,3,0.0
266,2.0,2.7,H25 - CBA - Seriell Adder,52,2.0,66.99,14.0,1,0.0
266,2.0,2.7,H25 - CBA - Seriell Adder,52,2.0,66.99,14.0,5,0.0
332,2.0,2.1,H25 - CBA - Cache-miss,437,2.0,75.78,14.0,2,100.0
332,2.0,2.1,H25 - CBA - Cache-miss,437,2.0,75.78,14.0,3,0.0
332,2.0,2.1,H25 - CBA - Cache-miss,437,2.0,75.78,14.0,5,0.0
332,2.0,2.1,H25 - CBA - Cache-miss,437,2.0,75.78,14.0,1,0.0
332,2.0,2.1,H25 - CBA - Cache-miss,437,2.0,75.78,14.0,4,0.0
332,2.0,2.2,H25 - CBA - Adder,271,2.0,75.78,14.0,1,0.0
332,2.0,2.2,H25 - CBA - Adder,271,2.0,75.78,14.0,5,75.0
332,2.0,2.2,H25 - CBA - Adder,271,2.0,75.78,14.0,2,0.0
332,2.0,2.2,H25 - CBA - Adder,271,2.0,75.78,14.0,4,25.0
332,2.0,2.2,H25 - CBA - Adder,271,2.0,75.78,14.0,3,0.0
332,2.0,2.3,H25 - CBA - ALU,344,2.0,75.78,14.0,2,0.0
332,2.0,2.3,H25 - CBA - ALU,344,2.0,75.78,14.0,1,100.0
332,2.0,2.3,H25 - CBA - ALU,344,2.0,75.78,14.0,4,0.0
332,2.0,2.3,H25 - CBA - ALU,344,2.0,75.78,14.0,3,0.0
332,2.0,2.3,H25 - CBA - ALU,344,2.0,75.78,14.0,5,0.0
332,2.0,2.4,H25 - CBA - PC,82,2.0,75.78,14.0,3,100.0
332,2.0,2.4,H25 - CBA - PC,82,2.0,75.78,14.0,5,0.0
332,2.0,2.4,H25 - CBA - PC,82,2.0,75.78,14.0,2,0.0
332,2.0,2.4,H25 - CBA - PC,82,2.0,75.78,14.0,4,0.0
332,2.0,2.4,H25 - CBA - PC,82,2.0,75.78,14.0,1,0.0
332,2.0,2.5,H25 - CBA - Universell porter,159,2.0,75.78,14.0,3,100.0
332,2.0,2.5,H25 - CBA - Universell porter,159,2.0,75.78,14.0,5,0.0
332,2.0,2.5,H25 - CBA - Universell porter,159,2.0,75.78,14.0,4,0.0
332,2.0,2.5,H25 - CBA - Universell porter,159,2.0,75.78,14.0,2,0.0
332,2.0,2.5,H25 - CBA - Universell porter,159,2.0,75.78,14.0,1,0.0
332,2.0,2.6,H25 - CBA - Pipeline ytelse,485,2.0,75.78,14.0,4,100.0
332,2.0,2.6,H25 - CBA - Pipeline ytelse,485,2.0,75.78,14.0,2,0.0
332,2.0,2.6,H25 - CBA - Pipeline ytelse,485,2.0,75.78,14.0,5,0.0
332,2.0,2.6,H25 - CBA - Pipeline ytelse,485,2.0,75.78,14.0,1,0.0
332,2.0,2.6,H25 - CBA - Pipeline ytelse,485,2.0,75.78,14.0,3,0.0
332,2.0,2.7,H25 - CBA - Seriell Adder,317,2.0,75.78,14.0,4,75.0
332,2.0,2.7,H25 - CBA - Seriell Adder,317,2.0,75.78,14.0,1,0.0
332,2.0,2.7,H25 - CBA - Seriell Adder,317,2.0,75.78,14.0,3,0.0
332,2.0,2.7,H25 - CBA - Seriell Adder,317,2.0,75.78,14.0,5,0.0
332,2.0,2.7,H25 - CBA - Seriell Adder,317,2.0,75.78,14.0,2,25.0
305,2.0,2.1,H25 - CBA - Cache-miss,104,2.0,72.82,14.0,2,100.0
305,2.0,2.1,H25 - CBA - Cache-miss,104,2.0,72.82,14.0,5,0.0
305,2.0,2.1,H25 - CBA - Cache-miss,104,2.0,72.82,14.0,3,0.0
305,2.0,2.1,H25 - CBA - Cache-miss,104,2.0,72.82,14.0,1,0.0
305,2.0,2.1,H25 - CBA - Cache-miss,104,2.0,72.82,14.0,4,0.0
305,2.0,2.2,H25 - CBA - Adder,44,2.0,72.82,14.0,2,100.0
305,2.0,2.2,H25 - CBA - Adder,44,2.0,72.82,14.0,3,0.0
305,2.0,2.2,H25 - CBA - Adder,44,2.0,72.82,14.0,5,0.0
305,2.0,2.2,H25 - CBA - Adder,44,2.0,72.82,14.0,1,0.0
305,2.0,2.2,H25 - CBA - Adder,44,2.0,72.82,14.0,4,0.0
305,2.0,2.3,H25 - CBA - ALU,169,2.0,72.82,14.0,2,25.0
305,2.0,2.3,H25 - CBA - ALU,169,2.0,72.82,14.0,4,0.0
305,2.0,2.3,H25 - CBA - ALU,169,2.0,72.82,14.0,1,75.0
305,2.0,2.3,H25 - CBA - ALU,169,2.0,72.82,14.0,3,0.0
305,2.0,2.4,H25 - CBA - PC,101,2.0,72.82,14.0,1,100.0
305,2.0,2.4,H25 - CBA - PC,101,2.0,72.82,14.0,2,0.0
305,2.0,2.4,H25 - CBA - PC,101,2.0,72.82,14.0,5,0.0
305,2.0,2.4,H25 - CBA - PC,101,2.0,72.82,14.0,4,0.0
305,2.0,2.4,H25 - CBA - PC,101,2.0,72.82,14.0,3,0.0
305,2.0,2.5,H25 - CBA - Universell porter,72,2.0,72.82,14.0,3,100.0
305,2.0,2.5,H25 - CBA - Universell porter,72,2.0,72.82,14.0,4,0.0
305,2.0,2.5,H25 - CBA - Universell porter,72,2.0,72.82,14.0,1,0.0
305,2.0,2.5,H25 - CBA - Universell porter,72,2.0,72.82,14.0,2,0.0
305,2.0,2.5,H25 - CBA - Universell porter,72,2.0,72.82,14.0,5,0.0
305,2.0,2.6,H25 - CBA - Pipeline ytelse,126,2.0,72.82,14.0,4,75.0
305,2.0,2.6,H25 - CBA - Pipeline ytelse,126,2.0,72.82,14.0,1,25.0
305,2.0,2.6,H25 - CBA - Pipeline ytelse,126,2.0,72.82,14.0,2,0.0
305,2.0,2.6,H25 - CBA - Pipeline ytelse,126,2.0,72.82,14.0,3,0.0
305,2.0,2.6,H25 - CBA - Pipeline ytelse,126,2.0,72.82,14.0,5,0.0
305,2.0,2.7,H25 - CBA - Seriell Adder,113,2.0,72.82,14.0,2,50.0
305,2.0,2.7,H25 - CBA - Seriell Adder,113,2.0,72.82,14.0,1,50.0
305,2.0,2.7,H25 - CBA - Seriell Adder,113,2.0,72.82,14.0,3,0.0
305,2.0,2.7,H25 - CBA - Seriell Adder,113,2.0,72.82,14.0,5,0.0
305,2.0,2.7,H25 - CBA - Seriell Adder,113,2.0,72.82,14.0,4,0.0
10,2.0,2.1,H25 - CBA - Cache-miss,99,2.0,85.15,14.0,2,100.0
10,2.0,2.1,H25 - CBA - Cache-miss,99,2.0,85.15,14.0,1,0.0
10,2.0,2.1,H25 - CBA - Cache-miss,99,2.0,85.15,14.0,3,0.0
10,2.0,2.1,H25 - CBA - Cache-miss,99,2.0,85.15,14.0,5,0.0
10,2.0,2.1,H25 - CBA - Cache-miss,99,2.0,85.15,14.0,4,0.0
10,2.0,2.2,H25 - CBA - Adder,106,2.0,85.15,14.0,2,100.0
10,2.0,2.2,H25 - CBA - Adder,106,2.0,85.15,14.0,1,0.0
10,2.0,2.2,H25 - CBA - Adder,106,2.0,85.15,14.0,3,0.0
10,2.0,2.2,H25 - CBA - Adder,106,2.0,85.15,14.0,5,0.0
10,2.0,2.2,H25 - CBA - Adder,106,2.0,85.15,14.0,4,0.0
10,2.0,2.3,H25 - CBA - ALU,181,2.0,85.15,14.0,4,0.0
10,2.0,2.3,H25 - CBA - ALU,181,2.0,85.15,14.0,3,0.0
10,2.0,2.3,H25 - CBA - ALU,181,2.0,85.15,14.0,5,0.0
10,2.0,2.3,H25 - CBA - ALU,181,2.0,85.15,14.0,1,100.0
10,2.0,2.3,H25 - CBA - ALU,181,2.0,85.15,14.0,2,0.0
10,2.0,2.4,H25 - CBA - PC,59,2.0,85.15,14.0,1,100.0
10,2.0,2.4,H25 - CBA - PC,59,2.0,85.15,14.0,3,0.0
10,2.0,2.4,H25 - CBA - PC,59,2.0,85.15,14.0,4,0.0
10,2.0,2.4,H25 - CBA - PC,59,2.0,85.15,14.0,5,0.0
10,2.0,2.4,H25 - CBA - PC,59,2.0,85.15,14.0,2,0.0
10,2.0,2.5,H25 - CBA - Universell porter,18,2.0,85.15,14.0,3,100.0
10,2.0,2.5,H25 - CBA - Universell porter,18,2.0,85.15,14.0,2,0.0
10,2.0,2.5,H25 - CBA - Universell porter,18,2.0,85.15,14.0,4,0.0
10,2.0,2.5,H25 - CBA - Universell porter,18,2.0,85.15,14.0,5,0.0
10,2.0,2.5,H25 - CBA - Universell porter,18,2.0,85.15,14.0,1,0.0
10,2.0,2.6,H25 - CBA - Pipeline ytelse,175,2.0,85.15,14.0,4,100.0
10,2.0,2.6,H25 - CBA - Pipeline ytelse,175,2.0,85.15,14.0,5,0.0
10,2.0,2.6,H25 - CBA - Pipeline ytelse,175,2.0,85.15,14.0,2,0.0
10,2.0,2.6,H25 - CBA - Pipeline ytelse,175,2.0,85.15,14.0,1,0.0
10,2.0,2.6,H25 - CBA - Pipeline ytelse,175,2.0,85.15,14.0,3,0.0
10,2.0,2.7,H25 - CBA - Seriell Adder,149,2.0,85.15,14.0,2,100.0
10,2.0,2.7,H25 - CBA - Seriell Adder,149,2.0,85.15,14.0,5,0.0
10,2.0,2.7,H25 - CBA - Seriell Adder,149,2.0,85.15,14.0,1,0.0
10,2.0,2.7,H25 - CBA - Seriell Adder,149,2.0,85.15,14.0,4,0.0
10,2.0,2.7,H25 - CBA - Seriell Adder,149,2.0,85.15,14.0,3,0.0
67,2.0,2.1,H25 - CBA - Cache-miss,226,2.0,72.07,14.0,5,0.0
67,2.0,2.1,H25 - CBA - Cache-miss,226,2.0,72.07,14.0,1,0.0
67,2.0,2.1,H25 - CBA - Cache-miss,226,2.0,72.07,14.0,2,100.0
67,2.0,2.1,H25 - CBA - Cache-miss,226,2.0,72.07,14.0,3,0.0
67,2.0,2.1,H25 - CBA - Cache-miss,226,2.0,72.07,14.0,4,0.0
67,2.0,2.2,H25 - CBA - Adder,93,2.0,72.07,14.0,1,0.0
67,2.0,2.2,H25 - CBA - Adder,93,2.0,72.07,14.0,2,100.0
67,2.0,2.2,H25 - CBA - Adder,93,2.0,72.07,14.0,3,0.0
67,2.0,2.2,H25 - CBA - Adder,93,2.0,72.07,14.0,5,0.0
67,2.0,2.2,H25 - CBA - Adder,93,2.0,72.07,14.0,4,0.0
67,2.0,2.3,H25 - CBA - ALU,121,2.0,72.07,14.0,4,0.0
67,2.0,2.3,H25 - CBA - ALU,121,2.0,72.07,14.0,3,0.0
67,2.0,2.3,H25 - CBA - ALU,121,2.0,72.07,14.0,1,50.0
67,2.0,2.3,H25 - CBA - ALU,121,2.0,72.07,14.0,2,50.0
67,2.0,2.4,H25 - CBA - PC,36,2.0,72.07,14.0,1,100.0
67,2.0,2.4,H25 - CBA - PC,36,2.0,72.07,14.0,4,0.0
67,2.0,2.4,H25 - CBA - PC,36,2.0,72.07,14.0,5,0.0
67,2.0,2.4,H25 - CBA - PC,36,2.0,72.07,14.0,2,0.0
67,2.0,2.4,H25 - CBA - PC,36,2.0,72.07,14.0,3,0.0
67,2.0,2.5,H25 - CBA - Universell porter,65,2.0,72.07,14.0,2,0.0
67,2.0,2.5,H25 - CBA - Universell porter,65,2.0,72.07,14.0,4,25.0
67,2.0,2.5,H25 - CBA - Universell porter,65,2.0,72.07,14.0,5,25.0
67,2.0,2.5,H25 - CBA - Universell porter,65,2.0,72.07,14.0,1,25.0
67,2.0,2.5,H25 - CBA - Universell porter,65,2.0,72.07,14.0,3,25.0
67,2.0,2.6,H25 - CBA - Pipeline ytelse,46,2.0,72.07,14.0,2,0.0
67,2.0,2.6,H25 - CBA - Pipeline ytelse,46,2.0,72.07,14.0,3,50.0
67,2.0,2.6,H25 - CBA - Pipeline ytelse,46,2.0,72.07,14.0,4,50.0
67,2.0,2.6,H25 - CBA - Pipeline ytelse,46,2.0,72.07,14.0,5,0.0
67,2.0,2.6,H25 - CBA - Pipeline ytelse,46,2.0,72.07,14.0,1,0.0
67,2.0,2.7,H25 - CBA - Seriell Adder,78,2.0,72.07,14.0,1,0.0
67,2.0,2.7,H25 - CBA - Seriell Adder,78,2.0,72.07,14.0,2,50.0
67,2.0,2.7,H25 - CBA - Seriell Adder,78,2.0,72.07,14.0,3,0.0
67,2.0,2.7,H25 - CBA - Seriell Adder,78,2.0,72.07,14.0,4,50.0
67,2.0,2.7,H25 - CBA - Seriell Adder,78,2.0,72.07,14.0,5,0.0
166,2.0,2.1,H25 - CBA - Cache-miss,98,2.0,75.95,14.0,5,0.0
166,2.0,2.1,H25 - CBA - Cache-miss,98,2.0,75.95,14.0,4,0.0
166,2.0,2.1,H25 - CBA - Cache-miss,98,2.0,75.95,14.0,2,100.0
166,2.0,2.1,H25 - CBA - Cache-miss,98,2.0,75.95,14.0,3,0.0
166,2.0,2.1,H25 - CBA - Cache-miss,98,2.0,75.95,14.0,1,0.0
166,2.0,2.2,H25 - CBA - Adder,56,2.0,75.95,14.0,5,0.0
166,2.0,2.2,H25 - CBA - Adder,56,2.0,75.95,14.0,2,100.0
166,2.0,2.2,H25 - CBA - Adder,56,2.0,75.95,14.0,3,0.0
166,2.0,2.2,H25 - CBA - Adder,56,2.0,75.95,14.0,4,0.0
166,2.0,2.2,H25 - CBA - Adder,56,2.0,75.95,14.0,1,0.0
166,2.0,2.3,H25 - CBA - ALU,143,2.0,75.95,14.0,4,0.0
166,2.0,2.3,H25 - CBA - ALU,143,2.0,75.95,14.0,5,0.0
166,2.0,2.3,H25 - CBA - ALU,143,2.0,75.95,14.0,3,0.0
166,2.0,2.3,H25 - CBA - ALU,143,2.0,75.95,14.0,1,50.0
166,2.0,2.3,H25 - CBA - ALU,143,2.0,75.95,14.0,2,50.0
166,2.0,2.4,H25 - CBA - PC,66,2.0,75.95,14.0,2,0.0
166,2.0,2.4,H25 - CBA - PC,66,2.0,75.95,14.0,3,0.0
166,2.0,2.4,H25 - CBA - PC,66,2.0,75.95,14.0,4,0.0
166,2.0,2.4,H25 - CBA - PC,66,2.0,75.95,14.0,5,0.0
166,2.0,2.4,H25 - CBA - PC,66,2.0,75.95,14.0,1,100.0
166,2.0,2.5,H25 - CBA - Universell porter,31,2.0,75.95,14.0,1,0.0
166,2.0,2.5,H25 - CBA - Universell porter,31,2.0,75.95,14.0,5,0.0
166,2.0,2.5,H25 - CBA - Universell porter,31,2.0,75.95,14.0,2,0.0
166,2.0,2.5,H25 - CBA - Universell porter,31,2.0,75.95,14.0,4,0.0
166,2.0,2.5,H25 - CBA - Universell porter,31,2.0,75.95,14.0,3,100.0
166,2.0,2.6,H25 - CBA - Pipeline ytelse,94,2.0,75.95,14.0,4,0.0
166,2.0,2.6,H25 - CBA - Pipeline ytelse,94,2.0,75.95,14.0,5,0.0
166,2.0,2.6,H25 - CBA - Pipeline ytelse,94,2.0,75.95,14.0,2,0.0
166,2.0,2.6,H25 - CBA - Pipeline ytelse,94,2.0,75.95,14.0,3,100.0
166,2.0,2.6,H25 - CBA - Pipeline ytelse,94,2.0,75.95,14.0,1,0.0
166,2.0,2.7,H25 - CBA - Seriell Adder,35,2.0,75.95,14.0,2,100.0
166,2.0,2.7,H25 - CBA - Seriell Adder,35,2.0,75.95,14.0,3,0.0
166,2.0,2.7,H25 - CBA - Seriell Adder,35,2.0,75.95,14.0,4,0.0
166,2.0,2.7,H25 - CBA - Seriell Adder,35,2.0,75.95,14.0,5,0.0
166,2.0,2.7,H25 - CBA - Seriell Adder,35,2.0,75.95,14.0,1,0.0
171,2.0,2.1,H25 - CBA - Cache-miss,110,2.0,85.48,14.0,2,75.0
171,2.0,2.1,H25 - CBA - Cache-miss,110,2.0,85.48,14.0,5,0.0
171,2.0,2.1,H25 - CBA - Cache-miss,110,2.0,85.48,14.0,1,0.0
171,2.0,2.1,H25 - CBA - Cache-miss,110,2.0,85.48,14.0,4,0.0
171,2.0,2.1,H25 - CBA - Cache-miss,110,2.0,85.48,14.0,3,25.0
171,2.0,2.2,H25 - CBA - Adder,153,2.0,85.48,14.0,2,100.0
171,2.0,2.2,H25 - CBA - Adder,153,2.0,85.48,14.0,5,0.0
171,2.0,2.2,H25 - CBA - Adder,153,2.0,85.48,14.0,3,0.0
171,2.0,2.2,H25 - CBA - Adder,153,2.0,85.48,14.0,4,0.0
171,2.0,2.2,H25 - CBA - Adder,153,2.0,85.48,14.0,1,0.0
171,2.0,2.3,H25 - CBA - ALU,45,2.0,85.48,14.0,4,100.0
171,2.0,2.3,H25 - CBA - ALU,45,2.0,85.48,14.0,2,0.0
171,2.0,2.3,H25 - CBA - ALU,45,2.0,85.48,14.0,1,0.0
171,2.0,2.3,H25 - CBA - ALU,45,2.0,85.48,14.0,3,0.0
171,2.0,2.3,H25 - CBA - ALU,45,2.0,85.48,14.0,5,0.0
171,2.0,2.4,H25 - CBA - PC,86,2.0,85.48,14.0,1,75.0
171,2.0,2.4,H25 - CBA - PC,86,2.0,85.48,14.0,4,0.0
171,2.0,2.4,H25 - CBA - PC,86,2.0,85.48,14.0,2,0.0
171,2.0,2.4,H25 - CBA - PC,86,2.0,85.48,14.0,3,25.0
171,2.0,2.4,H25 - CBA - PC,86,2.0,85.48,14.0,5,0.0
171,2.0,2.5,H25 - CBA - Universell porter,51,2.0,85.48,14.0,3,100.0
171,2.0,2.5,H25 - CBA - Universell porter,51,2.0,85.48,14.0,4,0.0
171,2.0,2.5,H25 - CBA - Universell porter,51,2.0,85.48,14.0,5,0.0
171,2.0,2.5,H25 - CBA - Universell porter,51,2.0,85.48,14.0,2,0.0
171,2.0,2.5,H25 - CBA - Universell porter,51,2.0,85.48,14.0,1,0.0
171,2.0,2.6,H25 - CBA - Pipeline ytelse,70,2.0,85.48,14.0,4,100.0
171,2.0,2.6,H25 - CBA - Pipeline ytelse,70,2.0,85.48,14.0,2,0.0
171,2.0,2.6,H25 - CBA - Pipeline ytelse,70,2.0,85.48,14.0,3,0.0
171,2.0,2.6,H25 - CBA - Pipeline ytelse,70,2.0,85.48,14.0,5,0.0
171,2.0,2.6,H25 - CBA - Pipeline ytelse,70,2.0,85.48,14.0,1,0.0
171,2.0,2.7,H25 - CBA - Seriell Adder,48,2.0,85.48,14.0,2,100.0
171,2.0,2.7,H25 - CBA - Seriell Adder,48,2.0,85.48,14.0,3,0.0
171,2.0,2.7,H25 - CBA - Seriell Adder,48,2.0,85.48,14.0,1,0.0
171,2.0,2.7,H25 - CBA - Seriell Adder,48,2.0,85.48,14.0,4,0.0
171,2.0,2.7,H25 - CBA - Seriell Adder,48,2.0,85.48,14.0,5,0.0
31,2.0,2.1,H25 - CBA - Cache-miss,58,2.0,62.32,10.0,2,100.0
31,2.0,2.2,H25 - CBA - Adder,35,2.0,62.32,10.0,2,100.0
31,2.0,2.3,H25 - CBA - ALU,249,2.0,62.32,10.0,1,75.0
31,2.0,2.3,H25 - CBA - ALU,249,2.0,62.32,10.0,5,0.0
31,2.0,2.3,H25 - CBA - ALU,249,2.0,62.32,10.0,2,25.0
31,2.0,2.3,H25 - CBA - ALU,249,2.0,62.32,10.0,3,0.0
31,2.0,2.4,H25 - CBA - PC,79,2.0,62.32,10.0,1,100.0
31,2.0,2.5,H25 - CBA - Universell porter,203,0.0,62.32,10.0,5,50.0
31,2.0,2.5,H25 - CBA - Universell porter,203,0.0,62.32,10.0,1,25.0
31,2.0,2.5,H25 - CBA - Universell porter,203,0.0,62.32,10.0,4,25.0
31,2.0,2.6,H25 - CBA - Pipeline ytelse,102,0.0,62.32,10.0,4,75.0
31,2.0,2.6,H25 - CBA - Pipeline ytelse,102,0.0,62.32,10.0,1,25.0
31,2.0,2.7,H25 - CBA - Seriell Adder,231,2.0,62.32,10.0,2,50.0
31,2.0,2.7,H25 - CBA - Seriell Adder,231,2.0,62.32,10.0,5,25.0
31,2.0,2.7,H25 - CBA - Seriell Adder,231,2.0,62.32,10.0,4,0.0
31,2.0,2.7,H25 - CBA - Seriell Adder,231,2.0,62.32,10.0,1,0.0
31,2.0,2.7,H25 - CBA - Seriell Adder,231,2.0,62.32,10.0,3,25.0
133,2.0,2.1,H25 - CBA - Cache-miss,26,2.0,66.68,14.0,3,0.0
133,2.0,2.1,H25 - CBA - Cache-miss,26,2.0,66.68,14.0,5,0.0
133,2.0,2.1,H25 - CBA - Cache-miss,26,2.0,66.68,14.0,4,0.0
133,2.0,2.1,H25 - CBA - Cache-miss,26,2.0,66.68,14.0,2,100.0
133,2.0,2.1,H25 - CBA - Cache-miss,26,2.0,66.68,14.0,1,0.0
133,2.0,2.2,H25 - CBA - Adder,13,2.0,66.68,14.0,3,0.0
133,2.0,2.2,H25 - CBA - Adder,13,2.0,66.68,14.0,4,0.0
133,2.0,2.2,H25 - CBA - Adder,13,2.0,66.68,14.0,2,100.0
133,2.0,2.2,H25 - CBA - Adder,13,2.0,66.68,14.0,5,0.0
133,2.0,2.2,H25 - CBA - Adder,13,2.0,66.68,14.0,1,0.0
133,2.0,2.5,H25 - CBA - Universell porter,20,2.0,66.68,14.0,5,0.0
133,2.0,2.5,H25 - CBA - Universell porter,20,2.0,66.68,14.0,1,0.0
133,2.0,2.5,H25 - CBA - Universell porter,20,2.0,66.68,14.0,4,0.0
133,2.0,2.5,H25 - CBA - Universell porter,20,2.0,66.68,14.0,3,100.0
133,2.0,2.5,H25 - CBA - Universell porter,20,2.0,66.68,14.0,2,0.0
133,2.0,2.6,H25 - CBA - Pipeline ytelse,50,2.0,66.68,14.0,3,0.0
133,2.0,2.6,H25 - CBA - Pipeline ytelse,50,2.0,66.68,14.0,5,0.0
133,2.0,2.6,H25 - CBA - Pipeline ytelse,50,2.0,66.68,14.0,2,0.0
133,2.0,2.6,H25 - CBA - Pipeline ytelse,50,2.0,66.68,14.0,1,0.0
133,2.0,2.6,H25 - CBA - Pipeline ytelse,50,2.0,66.68,14.0,4,100.0
133,2.0,2.7,H25 - CBA - Seriell Adder,19,2.0,66.68,14.0,2,100.0
133,2.0,2.7,H25 - CBA - Seriell Adder,19,2.0,66.68,14.0,5,0.0
133,2.0,2.7,H25 - CBA - Seriell Adder,19,2.0,66.68,14.0,3,0.0
133,2.0,2.7,H25 - CBA - Seriell Adder,19,2.0,66.68,14.0,1,0.0
133,2.0,2.7,H25 - CBA - Seriell Adder,19,2.0,66.68,14.0,4,0.0
259,2.0,2.1,H25 - CBA - Cache-miss,34,2.0,45.15,14.0,2,100.0
259,2.0,2.1,H25 - CBA - Cache-miss,34,2.0,45.15,14.0,5,0.0
259,2.0,2.1,H25 - CBA - Cache-miss,34,2.0,45.15,14.0,3,0.0
259,2.0,2.1,H25 - CBA - Cache-miss,34,2.0,45.15,14.0,4,0.0
259,2.0,2.1,H25 - CBA - Cache-miss,34,2.0,45.15,14.0,1,0.0
259,2.0,2.2,H25 - CBA - Adder,45,2.0,45.15,14.0,5,75.0
259,2.0,2.2,H25 - CBA - Adder,45,2.0,45.15,14.0,3,25.0
259,2.0,2.2,H25 - CBA - Adder,45,2.0,45.15,14.0,1,0.0
259,2.0,2.2,H25 - CBA - Adder,45,2.0,45.15,14.0,2,0.0
259,2.0,2.2,H25 - CBA - Adder,45,2.0,45.15,14.0,4,0.0
259,2.0,2.3,H25 - CBA - ALU,40,2.0,45.15,14.0,1,75.0
259,2.0,2.3,H25 - CBA - ALU,40,2.0,45.15,14.0,3,0.0
259,2.0,2.3,H25 - CBA - ALU,40,2.0,45.15,14.0,2,0.0
259,2.0,2.3,H25 - CBA - ALU,40,2.0,45.15,14.0,4,0.0
259,2.0,2.3,H25 - CBA - ALU,40,2.0,45.15,14.0,5,25.0
259,2.0,2.4,H25 - CBA - PC,39,2.0,45.15,14.0,1,100.0
259,2.0,2.4,H25 - CBA - PC,39,2.0,45.15,14.0,3,0.0
259,2.0,2.4,H25 - CBA - PC,39,2.0,45.15,14.0,2,0.0
259,2.0,2.4,H25 - CBA - PC,39,2.0,45.15,14.0,5,0.0
259,2.0,2.4,H25 - CBA - PC,39,2.0,45.15,14.0,4,0.0
259,2.0,2.5,H25 - CBA - Universell porter,66,2.0,45.15,14.0,5,100.0
259,2.0,2.5,H25 - CBA - Universell porter,66,2.0,45.15,14.0,2,0.0
259,2.0,2.5,H25 - CBA - Universell porter,66,2.0,45.15,14.0,4,0.0
259,2.0,2.5,H25 - CBA - Universell porter,66,2.0,45.15,14.0,3,0.0
259,2.0,2.5,H25 - CBA - Universell porter,66,2.0,45.15,14.0,1,0.0
259,2.0,2.6,H25 - CBA - Pipeline ytelse,49,2.0,45.15,14.0,5,0.0
259,2.0,2.6,H25 - CBA - Pipeline ytelse,49,2.0,45.15,14.0,2,0.0
259,2.0,2.6,H25 - CBA - Pipeline ytelse,49,2.0,45.15,14.0,1,100.0
259,2.0,2.6,H25 - CBA - Pipeline ytelse,49,2.0,45.15,14.0,3,0.0
259,2.0,2.6,H25 - CBA - Pipeline ytelse,49,2.0,45.15,14.0,4,0.0
259,2.0,2.7,H25 - CBA - Seriell Adder,36,2.0,45.15,14.0,4,25.0
259,2.0,2.7,H25 - CBA - Seriell Adder,36,2.0,45.15,14.0,3,75.0
259,2.0,2.7,H25 - CBA - Seriell Adder,36,2.0,45.15,14.0,2,0.0
259,2.0,2.7,H25 - CBA - Seriell Adder,36,2.0,45.15,14.0,1,0.0
259,2.0,2.7,H25 - CBA - Seriell Adder,36,2.0,45.15,14.0,5,0.0
475,2.0,2.1,H25 - CBA - Cache-miss,14,2.0,89.0,10.0,2,100.0
475,2.0,2.2,H25 - CBA - Adder,16,2.0,89.0,10.0,2,100.0
475,2.0,2.3,H25 - CBA - ALU,30,2.0,89.0,10.0,1,100.0
475,2.0,2.4,H25 - CBA - PC,25,0.0,89.0,10.0,2,100.0
475,2.0,2.5,H25 - CBA - Universell porter,15,2.0,89.0,10.0,3,100.0
475,2.0,2.6,H25 - CBA - Pipeline ytelse,64,0.0,89.0,10.0,1,75.0
475,2.0,2.6,H25 - CBA - Pipeline ytelse,64,0.0,89.0,10.0,4,25.0
475,2.0,2.7,H25 - CBA - Seriell Adder,137,2.0,89.0,10.0,4,100.0
475,2.0,2.7,H25 - CBA - Seriell Adder,137,2.0,89.0,10.0,1,0.0
55,2.0,2.1,H25 - CBA - Cache-miss,179,2.0,71.82,14.0,3,50.0
55,2.0,2.1,H25 - CBA - Cache-miss,179,2.0,71.82,14.0,2,0.0
55,2.0,2.1,H25 - CBA - Cache-miss,179,2.0,71.82,14.0,5,25.0
55,2.0,2.1,H25 - CBA - Cache-miss,179,2.0,71.82,14.0,4,25.0
55,2.0,2.1,H25 - CBA - Cache-miss,179,2.0,71.82,14.0,1,0.0
55,2.0,2.2,H25 - CBA - Adder,92,2.0,71.82,14.0,5,0.0
55,2.0,2.2,H25 - CBA - Adder,92,2.0,71.82,14.0,1,0.0
55,2.0,2.2,H25 - CBA - Adder,92,2.0,71.82,14.0,2,50.0
55,2.0,2.2,H25 - CBA - Adder,92,2.0,71.82,14.0,3,50.0
55,2.0,2.2,H25 - CBA - Adder,92,2.0,71.82,14.0,4,0.0
55,2.0,2.3,H25 - CBA - ALU,87,2.0,71.82,14.0,2,100.0
55,2.0,2.3,H25 - CBA - ALU,87,2.0,71.82,14.0,3,0.0
55,2.0,2.3,H25 - CBA - ALU,87,2.0,71.82,14.0,1,0.0
55,2.0,2.3,H25 - CBA - ALU,87,2.0,71.82,14.0,5,0.0
55,2.0,2.3,H25 - CBA - ALU,87,2.0,71.82,14.0,4,0.0
55,2.0,2.4,H25 - CBA - PC,91,2.0,71.82,14.0,5,0.0
55,2.0,2.4,H25 - CBA - PC,91,2.0,71.82,14.0,3,100.0
55,2.0,2.4,H25 - CBA - PC,91,2.0,71.82,14.0,2,0.0
55,2.0,2.4,H25 - CBA - PC,91,2.0,71.82,14.0,1,0.0
55,2.0,2.4,H25 - CBA - PC,91,2.0,71.82,14.0,4,0.0
55,2.0,2.5,H25 - CBA - Universell porter,73,2.0,71.82,14.0,3,75.0
55,2.0,2.5,H25 - CBA - Universell porter,73,2.0,71.82,14.0,1,25.0
55,2.0,2.5,H25 - CBA - Universell porter,73,2.0,71.82,14.0,5,0.0
55,2.0,2.5,H25 - CBA - Universell porter,73,2.0,71.82,14.0,2,0.0
55,2.0,2.5,H25 - CBA - Universell porter,73,2.0,71.82,14.0,4,0.0
55,2.0,2.6,H25 - CBA - Pipeline ytelse,178,2.0,71.82,14.0,3,50.0
55,2.0,2.6,H25 - CBA - Pipeline ytelse,178,2.0,71.82,14.0,1,50.0
55,2.0,2.6,H25 - CBA - Pipeline ytelse,178,2.0,71.82,14.0,5,0.0
55,2.0,2.6,H25 - CBA - Pipeline ytelse,178,2.0,71.82,14.0,4,0.0
55,2.0,2.6,H25 - CBA - Pipeline ytelse,178,2.0,71.82,14.0,2,0.0
55,2.0,2.7,H25 - CBA - Seriell Adder,73,2.0,71.82,14.0,2,50.0
55,2.0,2.7,H25 - CBA - Seriell Adder,73,2.0,71.82,14.0,1,50.0
55,2.0,2.7,H25 - CBA - Seriell Adder,73,2.0,71.82,14.0,4,0.0
55,2.0,2.7,H25 - CBA - Seriell Adder,73,2.0,71.82,14.0,5,0.0
55,2.0,2.7,H25 - CBA - Seriell Adder,73,2.0,71.82,14.0,3,0.0
493,2.0,2.1,H25 - CBA - Cache-miss,160,2.0,55.08,14.0,4,0.0
493,2.0,2.1,H25 - CBA - Cache-miss,160,2.0,55.08,14.0,1,0.0
493,2.0,2.1,H25 - CBA - Cache-miss,160,2.0,55.08,14.0,2,0.0
493,2.0,2.1,H25 - CBA - Cache-miss,160,2.0,55.08,14.0,5,0.0
493,2.0,2.1,H25 - CBA - Cache-miss,160,2.0,55.08,14.0,3,100.0
493,2.0,2.2,H25 - CBA - Adder,69,2.0,55.08,14.0,1,0.0
493,2.0,2.2,H25 - CBA - Adder,69,2.0,55.08,14.0,4,0.0
493,2.0,2.2,H25 - CBA - Adder,69,2.0,55.08,14.0,3,50.0
493,2.0,2.2,H25 - CBA - Adder,69,2.0,55.08,14.0,5,50.0
493,2.0,2.2,H25 - CBA - Adder,69,2.0,55.08,14.0,2,0.0
493,2.0,2.3,H25 - CBA - ALU,52,2.0,55.08,14.0,3,0.0
493,2.0,2.3,H25 - CBA - ALU,52,2.0,55.08,14.0,1,50.0
493,2.0,2.3,H25 - CBA - ALU,52,2.0,55.08,14.0,2,50.0
493,2.0,2.3,H25 - CBA - ALU,52,2.0,55.08,14.0,5,0.0
493,2.0,2.3,H25 - CBA - ALU,52,2.0,55.08,14.0,4,0.0
493,2.0,2.4,H25 - CBA - PC,55,2.0,55.08,14.0,1,100.0
493,2.0,2.4,H25 - CBA - PC,55,2.0,55.08,14.0,2,0.0
493,2.0,2.4,H25 - CBA - PC,55,2.0,55.08,14.0,4,0.0
493,2.0,2.4,H25 - CBA - PC,55,2.0,55.08,14.0,3,0.0
493,2.0,2.4,H25 - CBA - PC,55,2.0,55.08,14.0,5,0.0
493,2.0,2.5,H25 - CBA - Universell porter,28,2.0,55.08,14.0,3,100.0
493,2.0,2.5,H25 - CBA - Universell porter,28,2.0,55.08,14.0,1,0.0
493,2.0,2.5,H25 - CBA - Universell porter,28,2.0,55.08,14.0,4,0.0
493,2.0,2.5,H25 - CBA - Universell porter,28,2.0,55.08,14.0,5,0.0
493,2.0,2.5,H25 - CBA - Universell porter,28,2.0,55.08,14.0,2,0.0
493,2.0,2.6,H25 - CBA - Pipeline ytelse,29,2.0,55.08,14.0,4,100.0
493,2.0,2.6,H25 - CBA - Pipeline ytelse,29,2.0,55.08,14.0,2,0.0
493,2.0,2.6,H25 - CBA - Pipeline ytelse,29,2.0,55.08,14.0,1,0.0
493,2.0,2.6,H25 - CBA - Pipeline ytelse,29,2.0,55.08,14.0,3,0.0
493,2.0,2.6,H25 - CBA - Pipeline ytelse,29,2.0,55.08,14.0,5,0.0
493,2.0,2.7,H25 - CBA - Seriell Adder,96,2.0,55.08,14.0,3,0.0
493,2.0,2.7,H25 - CBA - Seriell Adder,96,2.0,55.08,14.0,4,50.0
493,2.0,2.7,H25 - CBA - Seriell Adder,96,2.0,55.08,14.0,1,50.0
493,2.0,2.7,H25 - CBA - Seriell Adder,96,2.0,55.08,14.0,2,0.0
493,2.0,2.7,H25 - CBA - Seriell Adder,96,2.0,55.08,14.0,5,0.0
356,2.0,2.1,H25 - CBA - Cache-miss,306,2.0,54.85,14.0,1,0.0
356,2.0,2.1,H25 - CBA - Cache-miss,306,2.0,54.85,14.0,4,25.0
356,2.0,2.1,H25 - CBA - Cache-miss,306,2.0,54.85,14.0,3,0.0
356,2.0,2.1,H25 - CBA - Cache-miss,306,2.0,54.85,14.0,5,25.0
356,2.0,2.1,H25 - CBA - Cache-miss,306,2.0,54.85,14.0,2,50.0
356,2.0,2.2,H25 - CBA - Adder,89,2.0,54.85,14.0,3,0.0
356,2.0,2.2,H25 - CBA - Adder,89,2.0,54.85,14.0,4,0.0
356,2.0,2.2,H25 - CBA - Adder,89,2.0,54.85,14.0,5,50.0
356,2.0,2.2,H25 - CBA - Adder,89,2.0,54.85,14.0,2,50.0
356,2.0,2.2,H25 - CBA - Adder,89,2.0,54.85,14.0,1,0.0
356,2.0,2.3,H25 - CBA - ALU,102,2.0,54.85,14.0,4,0.0
356,2.0,2.3,H25 - CBA - ALU,102,2.0,54.85,14.0,3,0.0
356,2.0,2.3,H25 - CBA - ALU,102,2.0,54.85,14.0,2,0.0
356,2.0,2.3,H25 - CBA - ALU,102,2.0,54.85,14.0,1,50.0
356,2.0,2.3,H25 - CBA - ALU,102,2.0,54.85,14.0,5,50.0
356,2.0,2.4,H25 - CBA - PC,225,2.0,54.85,14.0,3,25.0
356,2.0,2.4,H25 - CBA - PC,225,2.0,54.85,14.0,5,0.0
356,2.0,2.4,H25 - CBA - PC,225,2.0,54.85,14.0,4,0.0
356,2.0,2.4,H25 - CBA - PC,225,2.0,54.85,14.0,1,75.0
356,2.0,2.4,H25 - CBA - PC,225,2.0,54.85,14.0,2,0.0
356,2.0,2.5,H25 - CBA - Universell porter,56,2.0,54.85,14.0,3,100.0
356,2.0,2.5,H25 - CBA - Universell porter,56,2.0,54.85,14.0,5,0.0
356,2.0,2.5,H25 - CBA - Universell porter,56,2.0,54.85,14.0,4,0.0
356,2.0,2.5,H25 - CBA - Universell porter,56,2.0,54.85,14.0,1,0.0
356,2.0,2.5,H25 - CBA - Universell porter,56,2.0,54.85,14.0,2,0.0
356,2.0,2.6,H25 - CBA - Pipeline ytelse,157,2.0,54.85,14.0,3,50.0
356,2.0,2.6,H25 - CBA - Pipeline ytelse,157,2.0,54.85,14.0,2,0.0
356,2.0,2.6,H25 - CBA - Pipeline ytelse,157,2.0,54.85,14.0,4,25.0
356,2.0,2.6,H25 - CBA - Pipeline ytelse,157,2.0,54.85,14.0,5,25.0
356,2.0,2.6,H25 - CBA - Pipeline ytelse,157,2.0,54.85,14.0,1,0.0
356,2.0,2.7,H25 - CBA - Seriell Adder,242,2.0,54.85,14.0,2,75.0
356,2.0,2.7,H25 - CBA - Seriell Adder,242,2.0,54.85,14.0,1,0.0
356,2.0,2.7,H25 - CBA - Seriell Adder,242,2.0,54.85,14.0,5,25.0
356,2.0,2.7,H25 - CBA - Seriell Adder,242,2.0,54.85,14.0,4,0.0
356,2.0,2.7,H25 - CBA - Seriell Adder,242,2.0,54.85,14.0,3,0.0
88,2.0,2.1,H25 - CBA - Cache-miss,53,2.0,41.72,14.0,2,100.0
88,2.0,2.1,H25 - CBA - Cache-miss,53,2.0,41.72,14.0,3,0.0
88,2.0,2.1,H25 - CBA - Cache-miss,53,2.0,41.72,14.0,1,0.0
88,2.0,2.1,H25 - CBA - Cache-miss,53,2.0,41.72,14.0,4,0.0
88,2.0,2.1,H25 - CBA - Cache-miss,53,2.0,41.72,14.0,5,0.0
88,2.0,2.2,H25 - CBA - Adder,43,2.0,41.72,14.0,1,100.0
88,2.0,2.2,H25 - CBA - Adder,43,2.0,41.72,14.0,5,0.0
88,2.0,2.2,H25 - CBA - Adder,43,2.0,41.72,14.0,3,0.0
88,2.0,2.2,H25 - CBA - Adder,43,2.0,41.72,14.0,2,0.0
88,2.0,2.2,H25 - CBA - Adder,43,2.0,41.72,14.0,4,0.0
88,2.0,2.3,H25 - CBA - ALU,164,2.0,41.72,14.0,1,100.0
88,2.0,2.3,H25 - CBA - ALU,164,2.0,41.72,14.0,2,0.0
88,2.0,2.3,H25 - CBA - ALU,164,2.0,41.72,14.0,4,0.0
88,2.0,2.3,H25 - CBA - ALU,164,2.0,41.72,14.0,3,0.0
88,2.0,2.3,H25 - CBA - ALU,164,2.0,41.72,14.0,5,0.0
88,2.0,2.4,H25 - CBA - PC,139,2.0,41.72,14.0,3,100.0
88,2.0,2.4,H25 - CBA - PC,139,2.0,41.72,14.0,2,0.0
88,2.0,2.4,H25 - CBA - PC,139,2.0,41.72,14.0,4,0.0
88,2.0,2.4,H25 - CBA - PC,139,2.0,41.72,14.0,1,0.0
88,2.0,2.4,H25 - CBA - PC,139,2.0,41.72,14.0,5,0.0
88,2.0,2.5,H25 - CBA - Universell porter,55,2.0,41.72,14.0,3,100.0
88,2.0,2.5,H25 - CBA - Universell porter,55,2.0,41.72,14.0,1,0.0
88,2.0,2.5,H25 - CBA - Universell porter,55,2.0,41.72,14.0,5,0.0
88,2.0,2.5,H25 - CBA - Universell porter,55,2.0,41.72,14.0,4,0.0
88,2.0,2.5,H25 - CBA - Universell porter,55,2.0,41.72,14.0,2,0.0
88,2.0,2.6,H25 - CBA - Pipeline ytelse,89,2.0,41.72,14.0,3,100.0
88,2.0,2.6,H25 - CBA - Pipeline ytelse,89,2.0,41.72,14.0,2,0.0
88,2.0,2.6,H25 - CBA - Pipeline ytelse,89,2.0,41.72,14.0,5,0.0
88,2.0,2.6,H25 - CBA - Pipeline ytelse,89,2.0,41.72,14.0,1,0.0
88,2.0,2.6,H25 - CBA - Pipeline ytelse,89,2.0,41.72,14.0,4,0.0
88,2.0,2.7,H25 - CBA - Seriell Adder,151,2.0,41.72,14.0,2,0.0
88,2.0,2.7,H25 - CBA - Seriell Adder,151,2.0,41.72,14.0,1,0.0
88,2.0,2.7,H25 - CBA - Seriell Adder,151,2.0,41.72,14.0,5,0.0
88,2.0,2.7,H25 - CBA - Seriell Adder,151,2.0,41.72,14.0,4,100.0
88,2.0,2.7,H25 - CBA - Seriell Adder,151,2.0,41.72,14.0,3,0.0
460,2.0,2.1,H25 - CBA - Cache-miss,62,2.0,80.1,14.0,2,100.0
460,2.0,2.1,H25 - CBA - Cache-miss,62,2.0,80.1,14.0,4,0.0
460,2.0,2.1,H25 - CBA - Cache-miss,62,2.0,80.1,14.0,3,0.0
460,2.0,2.1,H25 - CBA - Cache-miss,62,2.0,80.1,14.0,5,0.0
460,2.0,2.1,H25 - CBA - Cache-miss,62,2.0,80.1,14.0,1,0.0
460,2.0,2.2,H25 - CBA - Adder,29,2.0,80.1,14.0,2,100.0
460,2.0,2.2,H25 - CBA - Adder,29,2.0,80.1,14.0,5,0.0
460,2.0,2.2,H25 - CBA - Adder,29,2.0,80.1,14.0,4,0.0
460,2.0,2.2,H25 - CBA - Adder,29,2.0,80.1,14.0,1,0.0
460,2.0,2.2,H25 - CBA - Adder,29,2.0,80.1,14.0,3,0.0
460,2.0,2.3,H25 - CBA - ALU,124,2.0,80.1,14.0,1,100.0
460,2.0,2.3,H25 - CBA - ALU,124,2.0,80.1,14.0,5,0.0
460,2.0,2.3,H25 - CBA - ALU,124,2.0,80.1,14.0,2,0.0
460,2.0,2.3,H25 - CBA - ALU,124,2.0,80.1,14.0,3,0.0
460,2.0,2.3,H25 - CBA - ALU,124,2.0,80.1,14.0,4,0.0
460,2.0,2.4,H25 - CBA - PC,134,2.0,80.1,14.0,1,25.0
460,2.0,2.4,H25 - CBA - PC,134,2.0,80.1,14.0,3,0.0
460,2.0,2.4,H25 - CBA - PC,134,2.0,80.1,14.0,5,0.0
460,2.0,2.4,H25 - CBA - PC,134,2.0,80.1,14.0,2,75.0
460,2.0,2.4,H25 - CBA - PC,134,2.0,80.1,14.0,4,0.0
460,2.0,2.5,H25 - CBA - Universell porter,29,2.0,80.1,14.0,3,100.0
460,2.0,2.5,H25 - CBA - Universell porter,29,2.0,80.1,14.0,2,0.0
460,2.0,2.5,H25 - CBA - Universell porter,29,2.0,80.1,14.0,5,0.0
460,2.0,2.5,H25 - CBA - Universell porter,29,2.0,80.1,14.0,1,0.0
460,2.0,2.5,H25 - CBA - Universell porter,29,2.0,80.1,14.0,4,0.0
460,2.0,2.6,H25 - CBA - Pipeline ytelse,75,2.0,80.1,14.0,2,0.0
460,2.0,2.6,H25 - CBA - Pipeline ytelse,75,2.0,80.1,14.0,3,0.0
460,2.0,2.6,H25 - CBA - Pipeline ytelse,75,2.0,80.1,14.0,1,0.0
460,2.0,2.6,H25 - CBA - Pipeline ytelse,75,2.0,80.1,14.0,5,0.0
460,2.0,2.6,H25 - CBA - Pipeline ytelse,75,2.0,80.1,14.0,4,100.0
460,2.0,2.7,H25 - CBA - Seriell Adder,52,2.0,80.1,14.0,2,100.0
460,2.0,2.7,H25 - CBA - Seriell Adder,52,2.0,80.1,14.0,4,0.0
460,2.0,2.7,H25 - CBA - Seriell Adder,52,2.0,80.1,14.0,3,0.0
460,2.0,2.7,H25 - CBA - Seriell Adder,52,2.0,80.1,14.0,5,0.0
460,2.0,2.7,H25 - CBA - Seriell Adder,52,2.0,80.1,14.0,1,0.0
281,2.0,2.1,H25 - CBA - Cache-miss,91,2.0,70.19,14.0,3,0.0
281,2.0,2.1,H25 - CBA - Cache-miss,91,2.0,70.19,14.0,1,0.0
281,2.0,2.1,H25 - CBA - Cache-miss,91,2.0,70.19,14.0,5,0.0
281,2.0,2.1,H25 - CBA - Cache-miss,91,2.0,70.19,14.0,2,75.0
281,2.0,2.1,H25 - CBA - Cache-miss,91,2.0,70.19,14.0,4,25.0
281,2.0,2.2,H25 - CBA - Adder,20,2.0,70.19,14.0,4,0.0
281,2.0,2.2,H25 - CBA - Adder,20,2.0,70.19,14.0,3,0.0
281,2.0,2.2,H25 - CBA - Adder,20,2.0,70.19,14.0,1,0.0
281,2.0,2.2,H25 - CBA - Adder,20,2.0,70.19,14.0,5,0.0
281,2.0,2.2,H25 - CBA - Adder,20,2.0,70.19,14.0,2,100.0
281,2.0,2.3,H25 - CBA - ALU,35,2.0,70.19,14.0,2,0.0
281,2.0,2.3,H25 - CBA - ALU,35,2.0,70.19,14.0,5,0.0
281,2.0,2.3,H25 - CBA - ALU,35,2.0,70.19,14.0,1,100.0
281,2.0,2.3,H25 - CBA - ALU,35,2.0,70.19,14.0,4,0.0
281,2.0,2.3,H25 - CBA - ALU,35,2.0,70.19,14.0,3,0.0
281,2.0,2.4,H25 - CBA - PC,90,2.0,70.19,14.0,2,50.0
281,2.0,2.4,H25 - CBA - PC,90,2.0,70.19,14.0,4,0.0
281,2.0,2.4,H25 - CBA - PC,90,2.0,70.19,14.0,5,0.0
281,2.0,2.4,H25 - CBA - PC,90,2.0,70.19,14.0,3,0.0
281,2.0,2.4,H25 - CBA - PC,90,2.0,70.19,14.0,1,50.0
281,2.0,2.5,H25 - CBA - Universell porter,23,2.0,70.19,14.0,2,0.0
281,2.0,2.5,H25 - CBA - Universell porter,23,2.0,70.19,14.0,4,0.0
281,2.0,2.5,H25 - CBA - Universell porter,23,2.0,70.19,14.0,5,0.0
281,2.0,2.5,H25 - CBA - Universell porter,23,2.0,70.19,14.0,3,100.0
281,2.0,2.5,H25 - CBA - Universell porter,23,2.0,70.19,14.0,1,0.0
281,2.0,2.6,H25 - CBA - Pipeline ytelse,56,2.0,70.19,14.0,1,100.0
281,2.0,2.6,H25 - CBA - Pipeline ytelse,56,2.0,70.19,14.0,3,0.0
281,2.0,2.6,H25 - CBA - Pipeline ytelse,56,2.0,70.19,14.0,2,0.0
281,2.0,2.6,H25 - CBA - Pipeline ytelse,56,2.0,70.19,14.0,4,0.0
281,2.0,2.6,H25 - CBA - Pipeline ytelse,56,2.0,70.19,14.0,5,0.0
281,2.0,2.7,H25 - CBA - Seriell Adder,70,2.0,70.19,14.0,1,0.0
281,2.0,2.7,H25 - CBA - Seriell Adder,70,2.0,70.19,14.0,2,100.0
281,2.0,2.7,H25 - CBA - Seriell Adder,70,2.0,70.19,14.0,5,0.0
281,2.0,2.7,H25 - CBA - Seriell Adder,70,2.0,70.19,14.0,3,0.0
281,2.0,2.7,H25 - CBA - Seriell Adder,70,2.0,70.19,14.0,4,0.0
382,2.0,2.1,H25 - CBA - Cache-miss,52,2.0,40.05,4.0,2,100.0
382,2.0,2.2,H25 - CBA - Adder,176,0.0,40.05,4.0,5,25.0
382,2.0,2.2,H25 - CBA - Adder,176,0.0,40.05,4.0,4,25.0
382,2.0,2.2,H25 - CBA - Adder,176,0.0,40.05,4.0,3,50.0
382,2.0,2.3,H25 - CBA - ALU,177,0.0,40.05,4.0,1,50.0
382,2.0,2.3,H25 - CBA - ALU,177,0.0,40.05,4.0,5,50.0
382,2.0,2.4,H25 - CBA - PC,51,0.0,40.05,4.0,3,100.0
382,2.0,2.5,H25 - CBA - Universell porter,63,2.0,40.05,4.0,3,100.0
382,2.0,2.6,H25 - CBA - Pipeline ytelse,99,0.0,40.05,4.0,3,50.0
382,2.0,2.6,H25 - CBA - Pipeline ytelse,99,0.0,40.05,4.0,4,25.0
382,2.0,2.6,H25 - CBA - Pipeline ytelse,99,0.0,40.05,4.0,2,25.0
382,2.0,2.7,H25 - CBA - Seriell Adder,69,0.0,40.05,4.0,5,25.0
382,2.0,2.7,H25 - CBA - Seriell Adder,69,0.0,40.05,4.0,1,25.0
382,2.0,2.7,H25 - CBA - Seriell Adder,69,0.0,40.05,4.0,4,50.0
294,2.0,2.1,H25 - CBA - Cache-miss,137,2.0,60.66,14.0,1,25.0
294,2.0,2.1,H25 - CBA - Cache-miss,137,2.0,60.66,14.0,4,50.0
294,2.0,2.1,H25 - CBA - Cache-miss,137,2.0,60.66,14.0,3,25.0
294,2.0,2.1,H25 - CBA - Cache-miss,137,2.0,60.66,14.0,2,0.0
294,2.0,2.1,H25 - CBA - Cache-miss,137,2.0,60.66,14.0,5,0.0
294,2.0,2.2,H25 - CBA - Adder,126,2.0,60.66,14.0,5,50.0
294,2.0,2.2,H25 - CBA - Adder,126,2.0,60.66,14.0,1,0.0
294,2.0,2.2,H25 - CBA - Adder,126,2.0,60.66,14.0,4,0.0
294,2.0,2.2,H25 - CBA - Adder,126,2.0,60.66,14.0,3,0.0
294,2.0,2.2,H25 - CBA - Adder,126,2.0,60.66,14.0,2,50.0
294,2.0,2.3,H25 - CBA - ALU,69,2.0,60.66,14.0,4,0.0
294,2.0,2.3,H25 - CBA - ALU,69,2.0,60.66,14.0,5,50.0
294,2.0,2.3,H25 - CBA - ALU,69,2.0,60.66,14.0,1,50.0
294,2.0,2.3,H25 - CBA - ALU,69,2.0,60.66,14.0,3,0.0
294,2.0,2.3,H25 - CBA - ALU,69,2.0,60.66,14.0,2,0.0
294,2.0,2.4,H25 - CBA - PC,120,2.0,60.66,14.0,5,0.0
294,2.0,2.4,H25 - CBA - PC,120,2.0,60.66,14.0,4,0.0
294,2.0,2.4,H25 - CBA - PC,120,2.0,60.66,14.0,3,0.0
294,2.0,2.4,H25 - CBA - PC,120,2.0,60.66,14.0,1,50.0
294,2.0,2.4,H25 - CBA - PC,120,2.0,60.66,14.0,2,50.0
294,2.0,2.5,H25 - CBA - Universell porter,105,2.0,60.66,14.0,3,100.0
294,2.0,2.5,H25 - CBA - Universell porter,105,2.0,60.66,14.0,4,0.0
294,2.0,2.5,H25 - CBA - Universell porter,105,2.0,60.66,14.0,5,0.0
294,2.0,2.5,H25 - CBA - Universell porter,105,2.0,60.66,14.0,2,0.0
294,2.0,2.5,H25 - CBA - Universell porter,105,2.0,60.66,14.0,1,0.0
294,2.0,2.6,H25 - CBA - Pipeline ytelse,112,2.0,60.66,14.0,4,75.0
294,2.0,2.6,H25 - CBA - Pipeline ytelse,112,2.0,60.66,14.0,2,0.0
294,2.0,2.6,H25 - CBA - Pipeline ytelse,112,2.0,60.66,14.0,1,25.0
294,2.0,2.6,H25 - CBA - Pipeline ytelse,112,2.0,60.66,14.0,5,0.0
294,2.0,2.6,H25 - CBA - Pipeline ytelse,112,2.0,60.66,14.0,3,0.0
294,2.0,2.7,H25 - CBA - Seriell Adder,114,2.0,60.66,14.0,4,75.0
294,2.0,2.7,H25 - CBA - Seriell Adder,114,2.0,60.66,14.0,3,0.0
294,2.0,2.7,H25 - CBA - Seriell Adder,114,2.0,60.66,14.0,5,0.0
294,2.0,2.7,H25 - CBA - Seriell Adder,114,2.0,60.66,14.0,2,25.0
294,2.0,2.7,H25 - CBA - Seriell Adder,114,2.0,60.66,14.0,1,0.0
127,2.0,2.1,H25 - CBA - Cache-miss,43,2.0,71.46,14.0,2,100.0
127,2.0,2.1,H25 - CBA - Cache-miss,43,2.0,71.46,14.0,4,0.0
127,2.0,2.1,H25 - CBA - Cache-miss,43,2.0,71.46,14.0,5,0.0
127,2.0,2.1,H25 - CBA - Cache-miss,43,2.0,71.46,14.0,1,0.0
127,2.0,2.1,H25 - CBA - Cache-miss,43,2.0,71.46,14.0,3,0.0
127,2.0,2.2,H25 - CBA - Adder,61,2.0,71.46,14.0,2,100.0
127,2.0,2.2,H25 - CBA - Adder,61,2.0,71.46,14.0,3,0.0
127,2.0,2.2,H25 - CBA - Adder,61,2.0,71.46,14.0,5,0.0
127,2.0,2.2,H25 - CBA - Adder,61,2.0,71.46,14.0,1,0.0
127,2.0,2.2,H25 - CBA - Adder,61,2.0,71.46,14.0,4,0.0
127,2.0,2.3,H25 - CBA - ALU,31,2.0,71.46,14.0,1,100.0
127,2.0,2.3,H25 - CBA - ALU,31,2.0,71.46,14.0,5,0.0
127,2.0,2.3,H25 - CBA - ALU,31,2.0,71.46,14.0,4,0.0
127,2.0,2.3,H25 - CBA - ALU,31,2.0,71.46,14.0,2,0.0
127,2.0,2.3,H25 - CBA - ALU,31,2.0,71.46,14.0,3,0.0
127,2.0,2.4,H25 - CBA - PC,77,2.0,71.46,14.0,1,100.0
127,2.0,2.4,H25 - CBA - PC,77,2.0,71.46,14.0,2,0.0
127,2.0,2.4,H25 - CBA - PC,77,2.0,71.46,14.0,5,0.0
127,2.0,2.4,H25 - CBA - PC,77,2.0,71.46,14.0,4,0.0
127,2.0,2.4,H25 - CBA - PC,77,2.0,71.46,14.0,3,0.0
127,2.0,2.5,H25 - CBA - Universell porter,36,2.0,71.46,14.0,3,100.0
127,2.0,2.5,H25 - CBA - Universell porter,36,2.0,71.46,14.0,1,0.0
127,2.0,2.5,H25 - CBA - Universell porter,36,2.0,71.46,14.0,4,0.0
127,2.0,2.5,H25 - CBA - Universell porter,36,2.0,71.46,14.0,2,0.0
127,2.0,2.5,H25 - CBA - Universell porter,36,2.0,71.46,14.0,5,0.0
127,2.0,2.6,H25 - CBA - Pipeline ytelse,90,2.0,71.46,14.0,4,100.0
127,2.0,2.6,H25 - CBA - Pipeline ytelse,90,2.0,71.46,14.0,2,0.0
127,2.0,2.6,H25 - CBA - Pipeline ytelse,90,2.0,71.46,14.0,5,0.0
127,2.0,2.6,H25 - CBA - Pipeline ytelse,90,2.0,71.46,14.0,1,0.0
127,2.0,2.6,H25 - CBA - Pipeline ytelse,90,2.0,71.46,14.0,3,0.0
127,2.0,2.7,H25 - CBA - Seriell Adder,73,2.0,71.46,14.0,2,100.0
127,2.0,2.7,H25 - CBA - Seriell Adder,73,2.0,71.46,14.0,5,0.0
127,2.0,2.7,H25 - CBA - Seriell Adder,73,2.0,71.46,14.0,3,0.0
127,2.0,2.7,H25 - CBA - Seriell Adder,73,2.0,71.46,14.0,1,0.0
127,2.0,2.7,H25 - CBA - Seriell Adder,73,2.0,71.46,14.0,4,0.0
521,2.0,2.1,H25 - CBA - Cache-miss,180,0.0,36.15,0.0,2,75.0
521,2.0,2.1,H25 - CBA - Cache-miss,180,0.0,36.15,0.0,5,25.0
521,2.0,2.2,H25 - CBA - Adder,74,0.0,36.15,0.0,3,50.0
521,2.0,2.2,H25 - CBA - Adder,74,0.0,36.15,0.0,5,50.0
521,2.0,2.3,H25 - CBA - ALU,59,0.0,36.15,0.0,2,100.0
521,2.0,2.4,H25 - CBA - PC,109,0.0,36.15,0.0,3,50.0
521,2.0,2.4,H25 - CBA - PC,109,0.0,36.15,0.0,1,50.0
521,2.0,2.5,H25 - CBA - Universell porter,211,0.0,36.15,0.0,3,75.0
521,2.0,2.5,H25 - CBA - Universell porter,211,0.0,36.15,0.0,1,25.0
521,2.0,2.6,H25 - CBA - Pipeline ytelse,90,0.0,36.15,0.0,3,75.0
521,2.0,2.6,H25 - CBA - Pipeline ytelse,90,0.0,36.15,0.0,5,25.0
521,2.0,2.7,H25 - CBA - Seriell Adder,166,0.0,36.15,0.0,1,50.0
521,2.0,2.7,H25 - CBA - Seriell Adder,166,0.0,36.15,0.0,4,25.0
521,2.0,2.7,H25 - CBA - Seriell Adder,166,0.0,36.15,0.0,2,25.0
93,2.0,2.1,H25 - CBA - Cache-miss,97,2.0,84.85,14.0,2,100.0
93,2.0,2.1,H25 - CBA - Cache-miss,97,2.0,84.85,14.0,1,0.0
93,2.0,2.1,H25 - CBA - Cache-miss,97,2.0,84.85,14.0,3,0.0
93,2.0,2.1,H25 - CBA - Cache-miss,97,2.0,84.85,14.0,5,0.0
93,2.0,2.1,H25 - CBA - Cache-miss,97,2.0,84.85,14.0,4,0.0
93,2.0,2.2,H25 - CBA - Adder,27,2.0,84.85,14.0,2,100.0
93,2.0,2.2,H25 - CBA - Adder,27,2.0,84.85,14.0,3,0.0
93,2.0,2.2,H25 - CBA - Adder,27,2.0,84.85,14.0,4,0.0
93,2.0,2.2,H25 - CBA - Adder,27,2.0,84.85,14.0,5,0.0
93,2.0,2.2,H25 - CBA - Adder,27,2.0,84.85,14.0,1,0.0
93,2.0,2.3,H25 - CBA - ALU,138,2.0,84.85,14.0,1,50.0
93,2.0,2.3,H25 - CBA - ALU,138,2.0,84.85,14.0,5,50.0
93,2.0,2.3,H25 - CBA - ALU,138,2.0,84.85,14.0,3,0.0
93,2.0,2.3,H25 - CBA - ALU,138,2.0,84.85,14.0,4,0.0
93,2.0,2.3,H25 - CBA - ALU,138,2.0,84.85,14.0,2,0.0
93,2.0,2.4,H25 - CBA - PC,121,2.0,84.85,14.0,1,100.0
93,2.0,2.4,H25 - CBA - PC,121,2.0,84.85,14.0,2,0.0
93,2.0,2.4,H25 - CBA - PC,121,2.0,84.85,14.0,5,0.0
93,2.0,2.4,H25 - CBA - PC,121,2.0,84.85,14.0,3,0.0
93,2.0,2.4,H25 - CBA - PC,121,2.0,84.85,14.0,4,0.0
93,2.0,2.5,H25 - CBA - Universell porter,31,2.0,84.85,14.0,3,100.0
93,2.0,2.5,H25 - CBA - Universell porter,31,2.0,84.85,14.0,2,0.0
93,2.0,2.5,H25 - CBA - Universell porter,31,2.0,84.85,14.0,5,0.0
93,2.0,2.5,H25 - CBA - Universell porter,31,2.0,84.85,14.0,4,0.0
93,2.0,2.5,H25 - CBA - Universell porter,31,2.0,84.85,14.0,1,0.0
93,2.0,2.6,H25 - CBA - Pipeline ytelse,80,2.0,84.85,14.0,1,0.0
93,2.0,2.6,H25 - CBA - Pipeline ytelse,80,2.0,84.85,14.0,4,100.0
93,2.0,2.6,H25 - CBA - Pipeline ytelse,80,2.0,84.85,14.0,2,0.0
93,2.0,2.6,H25 - CBA - Pipeline ytelse,80,2.0,84.85,14.0,5,0.0
93,2.0,2.6,H25 - CBA - Pipeline ytelse,80,2.0,84.85,14.0,3,0.0
93,2.0,2.7,H25 - CBA - Seriell Adder,49,2.0,84.85,14.0,2,100.0
93,2.0,2.7,H25 - CBA - Seriell Adder,49,2.0,84.85,14.0,1,0.0
93,2.0,2.7,H25 - CBA - Seriell Adder,49,2.0,84.85,14.0,4,0.0
93,2.0,2.7,H25 - CBA - Seriell Adder,49,2.0,84.85,14.0,3,0.0
93,2.0,2.7,H25 - CBA - Seriell Adder,49,2.0,84.85,14.0,5,0.0
290,2.0,2.5,H25 - CBA - Universell porter,235,2.0,68.85,14.0,3,100.0
290,2.0,2.5,H25 - CBA - Universell porter,235,2.0,68.85,14.0,5,0.0
290,2.0,2.5,H25 - CBA - Universell porter,235,2.0,68.85,14.0,2,0.0
290,2.0,2.5,H25 - CBA - Universell porter,235,2.0,68.85,14.0,4,0.0
290,2.0,2.5,H25 - CBA - Universell porter,235,2.0,68.85,14.0,1,0.0
290,2.0,2.6,H25 - CBA - Pipeline ytelse,94,2.0,68.85,14.0,4,100.0
290,2.0,2.6,H25 - CBA - Pipeline ytelse,94,2.0,68.85,14.0,1,0.0
290,2.0,2.6,H25 - CBA - Pipeline ytelse,94,2.0,68.85,14.0,2,0.0
290,2.0,2.6,H25 - CBA - Pipeline ytelse,94,2.0,68.85,14.0,3,0.0
290,2.0,2.6,H25 - CBA - Pipeline ytelse,94,2.0,68.85,14.0,5,0.0
290,2.0,2.7,H25 - CBA - Seriell Adder,75,2.0,68.85,14.0,2,100.0
290,2.0,2.7,H25 - CBA - Seriell Adder,75,2.0,68.85,14.0,3,0.0
290,2.0,2.7,H25 - CBA - Seriell Adder,75,2.0,68.85,14.0,4,0.0
290,2.0,2.7,H25 - CBA - Seriell Adder,75,2.0,68.85,14.0,1,0.0
290,2.0,2.7,H25 - CBA - Seriell Adder,75,2.0,68.85,14.0,5,0.0
425,2.0,2.1,H25 - CBA - Cache-miss,124,2.0,71.65,14.0,2,100.0
425,2.0,2.1,H25 - CBA - Cache-miss,124,2.0,71.65,14.0,4,0.0
425,2.0,2.1,H25 - CBA - Cache-miss,124,2.0,71.65,14.0,5,0.0
425,2.0,2.1,H25 - CBA - Cache-miss,124,2.0,71.65,14.0,1,0.0
425,2.0,2.1,H25 - CBA - Cache-miss,124,2.0,71.65,14.0,3,0.0
425,2.0,2.2,H25 - CBA - Adder,99,2.0,71.65,14.0,2,100.0
425,2.0,2.2,H25 - CBA - Adder,99,2.0,71.65,14.0,1,0.0
425,2.0,2.2,H25 - CBA - Adder,99,2.0,71.65,14.0,5,0.0
425,2.0,2.2,H25 - CBA - Adder,99,2.0,71.65,14.0,4,0.0
425,2.0,2.2,H25 - CBA - Adder,99,2.0,71.65,14.0,3,0.0
425,2.0,2.3,H25 - CBA - ALU,94,2.0,71.65,14.0,1,100.0
425,2.0,2.3,H25 - CBA - ALU,94,2.0,71.65,14.0,3,0.0
425,2.0,2.3,H25 - CBA - ALU,94,2.0,71.65,14.0,2,0.0
425,2.0,2.3,H25 - CBA - ALU,94,2.0,71.65,14.0,5,0.0
425,2.0,2.3,H25 - CBA - ALU,94,2.0,71.65,14.0,4,0.0
425,2.0,2.4,H25 - CBA - PC,50,2.0,71.65,14.0,1,100.0
425,2.0,2.4,H25 - CBA - PC,50,2.0,71.65,14.0,3,0.0
425,2.0,2.4,H25 - CBA - PC,50,2.0,71.65,14.0,4,0.0
425,2.0,2.4,H25 - CBA - PC,50,2.0,71.65,14.0,5,0.0
425,2.0,2.4,H25 - CBA - PC,50,2.0,71.65,14.0,2,0.0
425,2.0,2.5,H25 - CBA - Universell porter,164,2.0,71.65,14.0,3,100.0
425,2.0,2.5,H25 - CBA - Universell porter,164,2.0,71.65,14.0,1,0.0
425,2.0,2.5,H25 - CBA - Universell porter,164,2.0,71.65,14.0,2,0.0
425,2.0,2.5,H25 - CBA - Universell porter,164,2.0,71.65,14.0,5,0.0
425,2.0,2.5,H25 - CBA - Universell porter,164,2.0,71.65,14.0,4,0.0
425,2.0,2.6,H25 - CBA - Pipeline ytelse,81,2.0,71.65,14.0,3,100.0
425,2.0,2.6,H25 - CBA - Pipeline ytelse,81,2.0,71.65,14.0,2,0.0
425,2.0,2.6,H25 - CBA - Pipeline ytelse,81,2.0,71.65,14.0,1,0.0
425,2.0,2.6,H25 - CBA - Pipeline ytelse,81,2.0,71.65,14.0,4,0.0
425,2.0,2.6,H25 - CBA - Pipeline ytelse,81,2.0,71.65,14.0,5,0.0
425,2.0,2.7,H25 - CBA - Seriell Adder,158,2.0,71.65,14.0,2,100.0
425,2.0,2.7,H25 - CBA - Seriell Adder,158,2.0,71.65,14.0,5,0.0
425,2.0,2.7,H25 - CBA - Seriell Adder,158,2.0,71.65,14.0,1,0.0
425,2.0,2.7,H25 - CBA - Seriell Adder,158,2.0,71.65,14.0,3,0.0
425,2.0,2.7,H25 - CBA - Seriell Adder,158,2.0,71.65,14.0,4,0.0
314,2.0,2.1,H25 - CBA - Cache-miss,118,2.0,83.0,14.0,5,100.0
314,2.0,2.1,H25 - CBA - Cache-miss,118,2.0,83.0,14.0,4,0.0
314,2.0,2.1,H25 - CBA - Cache-miss,118,2.0,83.0,14.0,3,0.0
314,2.0,2.1,H25 - CBA - Cache-miss,118,2.0,83.0,14.0,1,0.0
314,2.0,2.1,H25 - CBA - Cache-miss,118,2.0,83.0,14.0,2,0.0
314,2.0,2.2,H25 - CBA - Adder,56,2.0,83.0,14.0,2,50.0
314,2.0,2.2,H25 - CBA - Adder,56,2.0,83.0,14.0,5,50.0
314,2.0,2.2,H25 - CBA - Adder,56,2.0,83.0,14.0,3,0.0
314,2.0,2.2,H25 - CBA - Adder,56,2.0,83.0,14.0,4,0.0
314,2.0,2.2,H25 - CBA - Adder,56,2.0,83.0,14.0,1,0.0
314,2.0,2.3,H25 - CBA - ALU,65,2.0,83.0,14.0,1,75.0
314,2.0,2.3,H25 - CBA - ALU,65,2.0,83.0,14.0,2,25.0
314,2.0,2.3,H25 - CBA - ALU,65,2.0,83.0,14.0,5,0.0
314,2.0,2.3,H25 - CBA - ALU,65,2.0,83.0,14.0,4,0.0
314,2.0,2.3,H25 - CBA - ALU,65,2.0,83.0,14.0,3,0.0
314,2.0,2.4,H25 - CBA - PC,117,2.0,83.0,14.0,1,100.0
314,2.0,2.4,H25 - CBA - PC,117,2.0,83.0,14.0,4,0.0
314,2.0,2.4,H25 - CBA - PC,117,2.0,83.0,14.0,2,0.0
314,2.0,2.4,H25 - CBA - PC,117,2.0,83.0,14.0,5,0.0
314,2.0,2.4,H25 - CBA - PC,117,2.0,83.0,14.0,3,0.0
314,2.0,2.5,H25 - CBA - Universell porter,19,2.0,83.0,14.0,3,100.0
314,2.0,2.5,H25 - CBA - Universell porter,19,2.0,83.0,14.0,2,0.0
314,2.0,2.5,H25 - CBA - Universell porter,19,2.0,83.0,14.0,5,0.0
314,2.0,2.5,H25 - CBA - Universell porter,19,2.0,83.0,14.0,1,0.0
314,2.0,2.5,H25 - CBA - Universell porter,19,2.0,83.0,14.0,4,0.0
314,2.0,2.6,H25 - CBA - Pipeline ytelse,46,2.0,83.0,14.0,4,100.0
314,2.0,2.6,H25 - CBA - Pipeline ytelse,46,2.0,83.0,14.0,2,0.0
314,2.0,2.6,H25 - CBA - Pipeline ytelse,46,2.0,83.0,14.0,1,0.0
314,2.0,2.6,H25 - CBA - Pipeline ytelse,46,2.0,83.0,14.0,3,0.0
314,2.0,2.6,H25 - CBA - Pipeline ytelse,46,2.0,83.0,14.0,5,0.0
314,2.0,2.7,H25 - CBA - Seriell Adder,64,2.0,83.0,14.0,2,50.0
314,2.0,2.7,H25 - CBA - Seriell Adder,64,2.0,83.0,14.0,5,50.0
314,2.0,2.7,H25 - CBA - Seriell Adder,64,2.0,83.0,14.0,3,0.0
314,2.0,2.7,H25 - CBA - Seriell Adder,64,2.0,83.0,14.0,1,0.0
314,2.0,2.7,H25 - CBA - Seriell Adder,64,2.0,83.0,14.0,4,0.0
4,2.0,2.1,H25 - CBA - Cache-miss,38,2.0,72.17,14.0,2,100.0
4,2.0,2.1,H25 - CBA - Cache-miss,38,2.0,72.17,14.0,3,0.0
4,2.0,2.1,H25 - CBA - Cache-miss,38,2.0,72.17,14.0,4,0.0
4,2.0,2.1,H25 - CBA - Cache-miss,38,2.0,72.17,14.0,1,0.0
4,2.0,2.1,H25 - CBA - Cache-miss,38,2.0,72.17,14.0,5,0.0
4,2.0,2.2,H25 - CBA - Adder,17,2.0,72.17,14.0,2,100.0
4,2.0,2.2,H25 - CBA - Adder,17,2.0,72.17,14.0,3,0.0
4,2.0,2.2,H25 - CBA - Adder,17,2.0,72.17,14.0,4,0.0
4,2.0,2.2,H25 - CBA - Adder,17,2.0,72.17,14.0,5,0.0
4,2.0,2.2,H25 - CBA - Adder,17,2.0,72.17,14.0,1,0.0
4,2.0,2.3,H25 - CBA - ALU,64,2.0,72.17,14.0,2,25.0
4,2.0,2.3,H25 - CBA - ALU,64,2.0,72.17,14.0,3,0.0
4,2.0,2.3,H25 - CBA - ALU,64,2.0,72.17,14.0,5,0.0
4,2.0,2.3,H25 - CBA - ALU,64,2.0,72.17,14.0,4,0.0
4,2.0,2.3,H25 - CBA - ALU,64,2.0,72.17,14.0,1,75.0
4,2.0,2.4,H25 - CBA - PC,33,2.0,72.17,14.0,1,100.0
4,2.0,2.4,H25 - CBA - PC,33,2.0,72.17,14.0,4,0.0
4,2.0,2.4,H25 - CBA - PC,33,2.0,72.17,14.0,3,0.0
4,2.0,2.4,H25 - CBA - PC,33,2.0,72.17,14.0,2,0.0
4,2.0,2.4,H25 - CBA - PC,33,2.0,72.17,14.0,5,0.0
4,2.0,2.5,H25 - CBA - Universell porter,472,2.0,72.17,14.0,3,25.0
4,2.0,2.5,H25 - CBA - Universell porter,472,2.0,72.17,14.0,4,50.0
4,2.0,2.5,H25 - CBA - Universell porter,472,2.0,72.17,14.0,1,0.0
4,2.0,2.5,H25 - CBA - Universell porter,472,2.0,72.17,14.0,2,0.0
4,2.0,2.5,H25 - CBA - Universell porter,472,2.0,72.17,14.0,5,25.0
4,2.0,2.6,H25 - CBA - Pipeline ytelse,97,2.0,72.17,14.0,4,100.0
4,2.0,2.6,H25 - CBA - Pipeline ytelse,97,2.0,72.17,14.0,3,0.0
4,2.0,2.6,H25 - CBA - Pipeline ytelse,97,2.0,72.17,14.0,2,0.0
4,2.0,2.6,H25 - CBA - Pipeline ytelse,97,2.0,72.17,14.0,1,0.0
4,2.0,2.6,H25 - CBA - Pipeline ytelse,97,2.0,72.17,14.0,5,0.0
4,2.0,2.7,H25 - CBA - Seriell Adder,56,2.0,72.17,14.0,2,100.0
4,2.0,2.7,H25 - CBA - Seriell Adder,56,2.0,72.17,14.0,4,0.0
4,2.0,2.7,H25 - CBA - Seriell Adder,56,2.0,72.17,14.0,5,0.0
4,2.0,2.7,H25 - CBA - Seriell Adder,56,2.0,72.17,14.0,3,0.0
4,2.0,2.7,H25 - CBA - Seriell Adder,56,2.0,72.17,14.0,1,0.0
481,2.0,2.1,H25 - CBA - Cache-miss,112,0.0,71.15,8.0,2,75.0
481,2.0,2.1,H25 - CBA - Cache-miss,112,0.0,71.15,8.0,4,25.0
481,2.0,2.2,H25 - CBA - Adder,21,2.0,71.15,8.0,2,100.0
481,2.0,2.3,H25 - CBA - ALU,50,0.0,71.15,8.0,3,75.0
481,2.0,2.3,H25 - CBA - ALU,50,0.0,71.15,8.0,1,25.0
481,2.0,2.4,H25 - CBA - PC,61,0.0,71.15,8.0,2,75.0
481,2.0,2.4,H25 - CBA - PC,61,0.0,71.15,8.0,1,25.0
481,2.0,2.5,H25 - CBA - Universell porter,22,2.0,71.15,8.0,3,100.0
481,2.0,2.6,H25 - CBA - Pipeline ytelse,29,2.0,71.15,8.0,4,100.0
481,2.0,2.7,H25 - CBA - Seriell Adder,49,2.0,71.15,8.0,2,100.0
32,2.0,2.1,H25 - CBA - Cache-miss,113,2.0,89.68,14.0,2,100.0
32,2.0,2.1,H25 - CBA - Cache-miss,113,2.0,89.68,14.0,4,0.0
32,2.0,2.1,H25 - CBA - Cache-miss,113,2.0,89.68,14.0,5,0.0
32,2.0,2.1,H25 - CBA - Cache-miss,113,2.0,89.68,14.0,3,0.0
32,2.0,2.1,H25 - CBA - Cache-miss,113,2.0,89.68,14.0,1,0.0
32,2.0,2.2,H25 - CBA - Adder,62,2.0,89.68,14.0,2,100.0
32,2.0,2.2,H25 - CBA - Adder,62,2.0,89.68,14.0,4,0.0
32,2.0,2.2,H25 - CBA - Adder,62,2.0,89.68,14.0,5,0.0
32,2.0,2.2,H25 - CBA - Adder,62,2.0,89.68,14.0,1,0.0
32,2.0,2.2,H25 - CBA - Adder,62,2.0,89.68,14.0,3,0.0
32,2.0,2.3,H25 - CBA - ALU,64,2.0,89.68,14.0,2,0.0
32,2.0,2.3,H25 - CBA - ALU,64,2.0,89.68,14.0,1,100.0
32,2.0,2.3,H25 - CBA - ALU,64,2.0,89.68,14.0,5,0.0
32,2.0,2.3,H25 - CBA - ALU,64,2.0,89.68,14.0,3,0.0
32,2.0,2.3,H25 - CBA - ALU,64,2.0,89.68,14.0,4,0.0
32,2.0,2.4,H25 - CBA - PC,115,2.0,89.68,14.0,1,100.0
32,2.0,2.4,H25 - CBA - PC,115,2.0,89.68,14.0,2,0.0
32,2.0,2.4,H25 - CBA - PC,115,2.0,89.68,14.0,3,0.0
32,2.0,2.4,H25 - CBA - PC,115,2.0,89.68,14.0,5,0.0
32,2.0,2.4,H25 - CBA - PC,115,2.0,89.68,14.0,4,0.0
32,2.0,2.5,H25 - CBA - Universell porter,27,2.0,89.68,14.0,3,100.0
32,2.0,2.5,H25 - CBA - Universell porter,27,2.0,89.68,14.0,2,0.0
32,2.0,2.5,H25 - CBA - Universell porter,27,2.0,89.68,14.0,1,0.0
32,2.0,2.5,H25 - CBA - Universell porter,27,2.0,89.68,14.0,5,0.0
32,2.0,2.5,H25 - CBA - Universell porter,27,2.0,89.68,14.0,4,0.0
32,2.0,2.6,H25 - CBA - Pipeline ytelse,31,2.0,89.68,14.0,4,100.0
32,2.0,2.6,H25 - CBA - Pipeline ytelse,31,2.0,89.68,14.0,5,0.0
32,2.0,2.6,H25 - CBA - Pipeline ytelse,31,2.0,89.68,14.0,3,0.0
32,2.0,2.6,H25 - CBA - Pipeline ytelse,31,2.0,89.68,14.0,1,0.0
32,2.0,2.6,H25 - CBA - Pipeline ytelse,31,2.0,89.68,14.0,2,0.0
32,2.0,2.7,H25 - CBA - Seriell Adder,41,2.0,89.68,14.0,5,0.0
32,2.0,2.7,H25 - CBA - Seriell Adder,41,2.0,89.68,14.0,2,100.0
32,2.0,2.7,H25 - CBA - Seriell Adder,41,2.0,89.68,14.0,3,0.0
32,2.0,2.7,H25 - CBA - Seriell Adder,41,2.0,89.68,14.0,4,0.0
32,2.0,2.7,H25 - CBA - Seriell Adder,41,2.0,89.68,14.0,1,0.0
227,2.0,2.1,H25 - CBA - Cache-miss,33,2.0,83.5,14.0,4,0.0
227,2.0,2.1,H25 - CBA - Cache-miss,33,2.0,83.5,14.0,2,100.0
227,2.0,2.1,H25 - CBA - Cache-miss,33,2.0,83.5,14.0,5,0.0
227,2.0,2.1,H25 - CBA - Cache-miss,33,2.0,83.5,14.0,1,0.0
227,2.0,2.1,H25 - CBA - Cache-miss,33,2.0,83.5,14.0,3,0.0
227,2.0,2.2,H25 - CBA - Adder,22,2.0,83.5,14.0,2,100.0
227,2.0,2.2,H25 - CBA - Adder,22,2.0,83.5,14.0,4,0.0
227,2.0,2.2,H25 - CBA - Adder,22,2.0,83.5,14.0,5,0.0
227,2.0,2.2,H25 - CBA - Adder,22,2.0,83.5,14.0,3,0.0
227,2.0,2.2,H25 - CBA - Adder,22,2.0,83.5,14.0,1,0.0
227,2.0,2.3,H25 - CBA - ALU,33,2.0,83.5,14.0,1,100.0
227,2.0,2.3,H25 - CBA - ALU,33,2.0,83.5,14.0,4,0.0
227,2.0,2.3,H25 - CBA - ALU,33,2.0,83.5,14.0,3,0.0
227,2.0,2.3,H25 - CBA - ALU,33,2.0,83.5,14.0,2,0.0
227,2.0,2.3,H25 - CBA - ALU,33,2.0,83.5,14.0,5,0.0
227,2.0,2.4,H25 - CBA - PC,70,2.0,83.5,14.0,1,75.0
227,2.0,2.4,H25 - CBA - PC,70,2.0,83.5,14.0,4,0.0
227,2.0,2.4,H25 - CBA - PC,70,2.0,83.5,14.0,5,0.0
227,2.0,2.4,H25 - CBA - PC,70,2.0,83.5,14.0,2,25.0
227,2.0,2.4,H25 - CBA - PC,70,2.0,83.5,14.0,3,0.0
227,2.0,2.5,H25 - CBA - Universell porter,18,2.0,83.5,14.0,3,100.0
227,2.0,2.5,H25 - CBA - Universell porter,18,2.0,83.5,14.0,2,0.0
227,2.0,2.5,H25 - CBA - Universell porter,18,2.0,83.5,14.0,5,0.0
227,2.0,2.5,H25 - CBA - Universell porter,18,2.0,83.5,14.0,1,0.0
227,2.0,2.5,H25 - CBA - Universell porter,18,2.0,83.5,14.0,4,0.0
227,2.0,2.6,H25 - CBA - Pipeline ytelse,88,2.0,83.5,14.0,4,50.0
227,2.0,2.6,H25 - CBA - Pipeline ytelse,88,2.0,83.5,14.0,3,50.0
227,2.0,2.6,H25 - CBA - Pipeline ytelse,88,2.0,83.5,14.0,1,0.0
227,2.0,2.6,H25 - CBA - Pipeline ytelse,88,2.0,83.5,14.0,5,0.0
227,2.0,2.6,H25 - CBA - Pipeline ytelse,88,2.0,83.5,14.0,2,0.0
227,2.0,2.7,H25 - CBA - Seriell Adder,41,2.0,83.5,14.0,2,100.0
227,2.0,2.7,H25 - CBA - Seriell Adder,41,2.0,83.5,14.0,3,0.0
227,2.0,2.7,H25 - CBA - Seriell Adder,41,2.0,83.5,14.0,4,0.0
227,2.0,2.7,H25 - CBA - Seriell Adder,41,2.0,83.5,14.0,5,0.0
227,2.0,2.7,H25 - CBA - Seriell Adder,41,2.0,83.5,14.0,1,0.0
334,2.0,2.1,H25 - CBA - Cache-miss,90,2.0,49.82,14.0,2,75.0
334,2.0,2.1,H25 - CBA - Cache-miss,90,2.0,49.82,14.0,4,25.0
334,2.0,2.1,H25 - CBA - Cache-miss,90,2.0,49.82,14.0,5,0.0
334,2.0,2.1,H25 - CBA - Cache-miss,90,2.0,49.82,14.0,3,0.0
334,2.0,2.1,H25 - CBA - Cache-miss,90,2.0,49.82,14.0,1,0.0
334,2.0,2.2,H25 - CBA - Adder,75,2.0,49.82,14.0,2,25.0
334,2.0,2.2,H25 - CBA - Adder,75,2.0,49.82,14.0,3,0.0
334,2.0,2.2,H25 - CBA - Adder,75,2.0,49.82,14.0,5,75.0
334,2.0,2.2,H25 - CBA - Adder,75,2.0,49.82,14.0,4,0.0
334,2.0,2.2,H25 - CBA - Adder,75,2.0,49.82,14.0,1,0.0
334,2.0,2.3,H25 - CBA - ALU,171,2.0,49.82,14.0,3,25.0
334,2.0,2.3,H25 - CBA - ALU,171,2.0,49.82,14.0,4,0.0
334,2.0,2.3,H25 - CBA - ALU,171,2.0,49.82,14.0,1,50.0
334,2.0,2.3,H25 - CBA - ALU,171,2.0,49.82,14.0,2,0.0
334,2.0,2.3,H25 - CBA - ALU,171,2.0,49.82,14.0,5,25.0
334,2.0,2.4,H25 - CBA - PC,78,2.0,49.82,14.0,3,50.0
334,2.0,2.4,H25 - CBA - PC,78,2.0,49.82,14.0,5,0.0
334,2.0,2.4,H25 - CBA - PC,78,2.0,49.82,14.0,4,25.0
334,2.0,2.4,H25 - CBA - PC,78,2.0,49.82,14.0,1,0.0
334,2.0,2.4,H25 - CBA - PC,78,2.0,49.82,14.0,2,25.0
334,2.0,2.5,H25 - CBA - Universell porter,129,2.0,49.82,14.0,3,0.0
334,2.0,2.5,H25 - CBA - Universell porter,129,2.0,49.82,14.0,4,0.0
334,2.0,2.5,H25 - CBA - Universell porter,129,2.0,49.82,14.0,1,75.0
334,2.0,2.5,H25 - CBA - Universell porter,129,2.0,49.82,14.0,2,0.0
334,2.0,2.5,H25 - CBA - Universell porter,129,2.0,49.82,14.0,5,25.0
334,2.0,2.6,H25 - CBA - Pipeline ytelse,104,2.0,49.82,14.0,1,0.0
334,2.0,2.6,H25 - CBA - Pipeline ytelse,104,2.0,49.82,14.0,4,0.0
334,2.0,2.6,H25 - CBA - Pipeline ytelse,104,2.0,49.82,14.0,3,25.0
334,2.0,2.6,H25 - CBA - Pipeline ytelse,104,2.0,49.82,14.0,2,0.0
334,2.0,2.6,H25 - CBA - Pipeline ytelse,104,2.0,49.82,14.0,5,75.0
334,2.0,2.7,H25 - CBA - Seriell Adder,74,2.0,49.82,14.0,1,0.0
334,2.0,2.7,H25 - CBA - Seriell Adder,74,2.0,49.82,14.0,3,0.0
334,2.0,2.7,H25 - CBA - Seriell Adder,74,2.0,49.82,14.0,2,50.0
334,2.0,2.7,H25 - CBA - Seriell Adder,74,2.0,49.82,14.0,5,0.0
334,2.0,2.7,H25 - CBA - Seriell Adder,74,2.0,49.82,14.0,4,50.0
196,2.0,2.2,H25 - CBA - Adder,45,2.0,68.82,14.0,3,0.0
196,2.0,2.2,H25 - CBA - Adder,45,2.0,68.82,14.0,5,0.0
196,2.0,2.2,H25 - CBA - Adder,45,2.0,68.82,14.0,1,0.0
196,2.0,2.2,H25 - CBA - Adder,45,2.0,68.82,14.0,4,0.0
196,2.0,2.2,H25 - CBA - Adder,45,2.0,68.82,14.0,2,100.0
196,2.0,2.3,H25 - CBA - ALU,129,2.0,68.82,14.0,4,0.0
196,2.0,2.3,H25 - CBA - ALU,129,2.0,68.82,14.0,1,0.0
196,2.0,2.3,H25 - CBA - ALU,129,2.0,68.82,14.0,2,100.0
196,2.0,2.3,H25 - CBA - ALU,129,2.0,68.82,14.0,5,0.0
196,2.0,2.3,H25 - CBA - ALU,129,2.0,68.82,14.0,3,0.0
196,2.0,2.4,H25 - CBA - PC,73,2.0,68.82,14.0,3,100.0
196,2.0,2.4,H25 - CBA - PC,73,2.0,68.82,14.0,5,0.0
196,2.0,2.4,H25 - CBA - PC,73,2.0,68.82,14.0,4,0.0
196,2.0,2.4,H25 - CBA - PC,73,2.0,68.82,14.0,1,0.0
196,2.0,2.4,H25 - CBA - PC,73,2.0,68.82,14.0,2,0.0
196,2.0,2.5,H25 - CBA - Universell porter,47,2.0,68.82,14.0,2,0.0
196,2.0,2.5,H25 - CBA - Universell porter,47,2.0,68.82,14.0,5,0.0
196,2.0,2.5,H25 - CBA - Universell porter,47,2.0,68.82,14.0,3,100.0
196,2.0,2.5,H25 - CBA - Universell porter,47,2.0,68.82,14.0,1,0.0
196,2.0,2.5,H25 - CBA - Universell porter,47,2.0,68.82,14.0,4,0.0
196,2.0,2.7,H25 - CBA - Seriell Adder,80,2.0,68.82,14.0,5,0.0
196,2.0,2.7,H25 - CBA - Seriell Adder,80,2.0,68.82,14.0,1,0.0
196,2.0,2.7,H25 - CBA - Seriell Adder,80,2.0,68.82,14.0,3,0.0
196,2.0,2.7,H25 - CBA - Seriell Adder,80,2.0,68.82,14.0,4,0.0
196,2.0,2.7,H25 - CBA - Seriell Adder,80,2.0,68.82,14.0,2,100.0
406,2.0,2.1,H25 - CBA - Cache-miss,37,2.0,82.15,14.0,3,0.0
406,2.0,2.1,H25 - CBA - Cache-miss,37,2.0,82.15,14.0,1,0.0
406,2.0,2.1,H25 - CBA - Cache-miss,37,2.0,82.15,14.0,2,100.0
406,2.0,2.1,H25 - CBA - Cache-miss,37,2.0,82.15,14.0,4,0.0
406,2.0,2.1,H25 - CBA - Cache-miss,37,2.0,82.15,14.0,5,0.0
406,2.0,2.2,H25 - CBA - Adder,36,2.0,82.15,14.0,2,100.0
406,2.0,2.2,H25 - CBA - Adder,36,2.0,82.15,14.0,5,0.0
406,2.0,2.2,H25 - CBA - Adder,36,2.0,82.15,14.0,4,0.0
406,2.0,2.2,H25 - CBA - Adder,36,2.0,82.15,14.0,1,0.0
406,2.0,2.2,H25 - CBA - Adder,36,2.0,82.15,14.0,3,0.0
406,2.0,2.3,H25 - CBA - ALU,62,2.0,82.15,14.0,2,0.0
406,2.0,2.3,H25 - CBA - ALU,62,2.0,82.15,14.0,1,100.0
406,2.0,2.3,H25 - CBA - ALU,62,2.0,82.15,14.0,5,0.0
406,2.0,2.3,H25 - CBA - ALU,62,2.0,82.15,14.0,4,0.0
406,2.0,2.3,H25 - CBA - ALU,62,2.0,82.15,14.0,3,0.0
406,2.0,2.4,H25 - CBA - PC,63,2.0,82.15,14.0,2,50.0
406,2.0,2.4,H25 - CBA - PC,63,2.0,82.15,14.0,5,0.0
406,2.0,2.4,H25 - CBA - PC,63,2.0,82.15,14.0,3,0.0
406,2.0,2.4,H25 - CBA - PC,63,2.0,82.15,14.0,4,0.0
406,2.0,2.4,H25 - CBA - PC,63,2.0,82.15,14.0,1,50.0
406,2.0,2.5,H25 - CBA - Universell porter,28,2.0,82.15,14.0,3,100.0
406,2.0,2.5,H25 - CBA - Universell porter,28,2.0,82.15,14.0,1,0.0
406,2.0,2.5,H25 - CBA - Universell porter,28,2.0,82.15,14.0,4,0.0
406,2.0,2.5,H25 - CBA - Universell porter,28,2.0,82.15,14.0,2,0.0
406,2.0,2.5,H25 - CBA - Universell porter,28,2.0,82.15,14.0,5,0.0
406,2.0,2.6,H25 - CBA - Pipeline ytelse,85,2.0,82.15,14.0,4,100.0
406,2.0,2.6,H25 - CBA - Pipeline ytelse,85,2.0,82.15,14.0,2,0.0
406,2.0,2.6,H25 - CBA - Pipeline ytelse,85,2.0,82.15,14.0,1,0.0
406,2.0,2.6,H25 - CBA - Pipeline ytelse,85,2.0,82.15,14.0,3,0.0
406,2.0,2.6,H25 - CBA - Pipeline ytelse,85,2.0,82.15,14.0,5,0.0
406,2.0,2.7,H25 - CBA - Seriell Adder,21,2.0,82.15,14.0,1,0.0
406,2.0,2.7,H25 - CBA - Seriell Adder,21,2.0,82.15,14.0,3,0.0
406,2.0,2.7,H25 - CBA - Seriell Adder,21,2.0,82.15,14.0,5,0.0
406,2.0,2.7,H25 - CBA - Seriell Adder,21,2.0,82.15,14.0,2,100.0
406,2.0,2.7,H25 - CBA - Seriell Adder,21,2.0,82.15,14.0,4,0.0
511,2.0,2.1,H25 - CBA - Cache-miss,112,2.0,95.0,14.0,3,0.0
511,2.0,2.1,H25 - CBA - Cache-miss,112,2.0,95.0,14.0,4,0.0
511,2.0,2.1,H25 - CBA - Cache-miss,112,2.0,95.0,14.0,1,0.0
511,2.0,2.1,H25 - CBA - Cache-miss,112,2.0,95.0,14.0,2,100.0
511,2.0,2.1,H25 - CBA - Cache-miss,112,2.0,95.0,14.0,5,0.0
511,2.0,2.2,H25 - CBA - Adder,86,2.0,95.0,14.0,2,100.0
511,2.0,2.2,H25 - CBA - Adder,86,2.0,95.0,14.0,1,0.0
511,2.0,2.2,H25 - CBA - Adder,86,2.0,95.0,14.0,5,0.0
511,2.0,2.2,H25 - CBA - Adder,86,2.0,95.0,14.0,4,0.0
511,2.0,2.2,H25 - CBA - Adder,86,2.0,95.0,14.0,3,0.0
511,2.0,2.3,H25 - CBA - ALU,114,2.0,95.0,14.0,1,100.0
511,2.0,2.3,H25 - CBA - ALU,114,2.0,95.0,14.0,4,0.0
511,2.0,2.3,H25 - CBA - ALU,114,2.0,95.0,14.0,3,0.0
511,2.0,2.3,H25 - CBA - ALU,114,2.0,95.0,14.0,5,0.0
511,2.0,2.3,H25 - CBA - ALU,114,2.0,95.0,14.0,2,0.0
511,2.0,2.4,H25 - CBA - PC,100,2.0,95.0,14.0,3,0.0
511,2.0,2.4,H25 - CBA - PC,100,2.0,95.0,14.0,2,0.0
511,2.0,2.4,H25 - CBA - PC,100,2.0,95.0,14.0,1,100.0
511,2.0,2.4,H25 - CBA - PC,100,2.0,95.0,14.0,5,0.0
511,2.0,2.4,H25 - CBA - PC,100,2.0,95.0,14.0,4,0.0
511,2.0,2.5,H25 - CBA - Universell porter,38,2.0,95.0,14.0,3,100.0
511,2.0,2.5,H25 - CBA - Universell porter,38,2.0,95.0,14.0,4,0.0
511,2.0,2.5,H25 - CBA - Universell porter,38,2.0,95.0,14.0,1,0.0
511,2.0,2.5,H25 - CBA - Universell porter,38,2.0,95.0,14.0,5,0.0
511,2.0,2.5,H25 - CBA - Universell porter,38,2.0,95.0,14.0,2,0.0
511,2.0,2.6,H25 - CBA - Pipeline ytelse,78,2.0,95.0,14.0,4,100.0
511,2.0,2.6,H25 - CBA - Pipeline ytelse,78,2.0,95.0,14.0,1,0.0
511,2.0,2.6,H25 - CBA - Pipeline ytelse,78,2.0,95.0,14.0,3,0.0
511,2.0,2.6,H25 - CBA - Pipeline ytelse,78,2.0,95.0,14.0,5,0.0
511,2.0,2.6,H25 - CBA - Pipeline ytelse,78,2.0,95.0,14.0,2,0.0
511,2.0,2.7,H25 - CBA - Seriell Adder,110,2.0,95.0,14.0,4,0.0
511,2.0,2.7,H25 - CBA - Seriell Adder,110,2.0,95.0,14.0,1,0.0
511,2.0,2.7,H25 - CBA - Seriell Adder,110,2.0,95.0,14.0,2,100.0
511,2.0,2.7,H25 - CBA - Seriell Adder,110,2.0,95.0,14.0,5,0.0
511,2.0,2.7,H25 - CBA - Seriell Adder,110,2.0,95.0,14.0,3,0.0
241,2.0,2.1,H25 - CBA - Cache-miss,29,2.0,78.02,14.0,2,100.0
241,2.0,2.1,H25 - CBA - Cache-miss,29,2.0,78.02,14.0,4,0.0
241,2.0,2.1,H25 - CBA - Cache-miss,29,2.0,78.02,14.0,5,0.0
241,2.0,2.1,H25 - CBA - Cache-miss,29,2.0,78.02,14.0,3,0.0
241,2.0,2.1,H25 - CBA - Cache-miss,29,2.0,78.02,14.0,1,0.0
241,2.0,2.2,H25 - CBA - Adder,19,2.0,78.02,14.0,2,100.0
241,2.0,2.2,H25 - CBA - Adder,19,2.0,78.02,14.0,3,0.0
241,2.0,2.2,H25 - CBA - Adder,19,2.0,78.02,14.0,1,0.0
241,2.0,2.2,H25 - CBA - Adder,19,2.0,78.02,14.0,4,0.0
241,2.0,2.2,H25 - CBA - Adder,19,2.0,78.02,14.0,5,0.0
241,2.0,2.3,H25 - CBA - ALU,35,2.0,78.02,14.0,4,100.0
241,2.0,2.3,H25 - CBA - ALU,35,2.0,78.02,14.0,2,0.0
241,2.0,2.3,H25 - CBA - ALU,35,2.0,78.02,14.0,5,0.0
241,2.0,2.3,H25 - CBA - ALU,35,2.0,78.02,14.0,3,0.0
241,2.0,2.3,H25 - CBA - ALU,35,2.0,78.02,14.0,1,0.0
241,2.0,2.4,H25 - CBA - PC,67,2.0,78.02,14.0,2,75.0
241,2.0,2.4,H25 - CBA - PC,67,2.0,78.02,14.0,3,0.0
241,2.0,2.4,H25 - CBA - PC,67,2.0,78.02,14.0,4,0.0
241,2.0,2.4,H25 - CBA - PC,67,2.0,78.02,14.0,5,0.0
241,2.0,2.4,H25 - CBA - PC,67,2.0,78.02,14.0,1,25.0
241,2.0,2.5,H25 - CBA - Universell porter,16,2.0,78.02,14.0,3,100.0
241,2.0,2.5,H25 - CBA - Universell porter,16,2.0,78.02,14.0,5,0.0
241,2.0,2.5,H25 - CBA - Universell porter,16,2.0,78.02,14.0,4,0.0
241,2.0,2.5,H25 - CBA - Universell porter,16,2.0,78.02,14.0,1,0.0
241,2.0,2.5,H25 - CBA - Universell porter,16,2.0,78.02,14.0,2,0.0
241,2.0,2.6,H25 - CBA - Pipeline ytelse,22,2.0,78.02,14.0,5,0.0
241,2.0,2.6,H25 - CBA - Pipeline ytelse,22,2.0,78.02,14.0,4,100.0
241,2.0,2.6,H25 - CBA - Pipeline ytelse,22,2.0,78.02,14.0,1,0.0
241,2.0,2.6,H25 - CBA - Pipeline ytelse,22,2.0,78.02,14.0,3,0.0
241,2.0,2.6,H25 - CBA - Pipeline ytelse,22,2.0,78.02,14.0,2,0.0
241,2.0,2.7,H25 - CBA - Seriell Adder,63,2.0,78.02,14.0,2,100.0
241,2.0,2.7,H25 - CBA - Seriell Adder,63,2.0,78.02,14.0,4,0.0
241,2.0,2.7,H25 - CBA - Seriell Adder,63,2.0,78.02,14.0,3,0.0
241,2.0,2.7,H25 - CBA - Seriell Adder,63,2.0,78.02,14.0,5,0.0
241,2.0,2.7,H25 - CBA - Seriell Adder,63,2.0,78.02,14.0,1,0.0
164,2.0,2.1,H25 - CBA - Cache-miss,49,2.0,74.28,14.0,3,0.0
164,2.0,2.1,H25 - CBA - Cache-miss,49,2.0,74.28,14.0,2,100.0
164,2.0,2.1,H25 - CBA - Cache-miss,49,2.0,74.28,14.0,1,0.0
164,2.0,2.1,H25 - CBA - Cache-miss,49,2.0,74.28,14.0,4,0.0
164,2.0,2.1,H25 - CBA - Cache-miss,49,2.0,74.28,14.0,5,0.0
164,2.0,2.2,H25 - CBA - Adder,42,2.0,74.28,14.0,2,100.0
164,2.0,2.2,H25 - CBA - Adder,42,2.0,74.28,14.0,3,0.0
164,2.0,2.2,H25 - CBA - Adder,42,2.0,74.28,14.0,1,0.0
164,2.0,2.2,H25 - CBA - Adder,42,2.0,74.28,14.0,5,0.0
164,2.0,2.2,H25 - CBA - Adder,42,2.0,74.28,14.0,4,0.0
164,2.0,2.4,H25 - CBA - PC,25,2.0,74.28,14.0,1,100.0
164,2.0,2.4,H25 - CBA - PC,25,2.0,74.28,14.0,2,0.0
164,2.0,2.4,H25 - CBA - PC,25,2.0,74.28,14.0,5,0.0
164,2.0,2.4,H25 - CBA - PC,25,2.0,74.28,14.0,3,0.0
164,2.0,2.4,H25 - CBA - PC,25,2.0,74.28,14.0,4,0.0
164,2.0,2.5,H25 - CBA - Universell porter,35,2.0,74.28,14.0,3,100.0
164,2.0,2.5,H25 - CBA - Universell porter,35,2.0,74.28,14.0,5,0.0
164,2.0,2.5,H25 - CBA - Universell porter,35,2.0,74.28,14.0,2,0.0
164,2.0,2.5,H25 - CBA - Universell porter,35,2.0,74.28,14.0,1,0.0
164,2.0,2.5,H25 - CBA - Universell porter,35,2.0,74.28,14.0,4,0.0
164,2.0,2.7,H25 - CBA - Seriell Adder,63,2.0,74.28,14.0,2,100.0
164,2.0,2.7,H25 - CBA - Seriell Adder,63,2.0,74.28,14.0,5,0.0
164,2.0,2.7,H25 - CBA - Seriell Adder,63,2.0,74.28,14.0,3,0.0
164,2.0,2.7,H25 - CBA - Seriell Adder,63,2.0,74.28,14.0,1,0.0
164,2.0,2.7,H25 - CBA - Seriell Adder,63,2.0,74.28,14.0,4,0.0
155,2.0,2.1,H25 - CBA - Cache-miss,54,2.0,77.5,14.0,2,100.0
155,2.0,2.1,H25 - CBA - Cache-miss,54,2.0,77.5,14.0,4,0.0
155,2.0,2.1,H25 - CBA - Cache-miss,54,2.0,77.5,14.0,3,0.0
155,2.0,2.1,H25 - CBA - Cache-miss,54,2.0,77.5,14.0,5,0.0
155,2.0,2.1,H25 - CBA - Cache-miss,54,2.0,77.5,14.0,1,0.0
155,2.0,2.2,H25 - CBA - Adder,26,2.0,77.5,14.0,2,100.0
155,2.0,2.2,H25 - CBA - Adder,26,2.0,77.5,14.0,3,0.0
155,2.0,2.2,H25 - CBA - Adder,26,2.0,77.5,14.0,1,0.0
155,2.0,2.2,H25 - CBA - Adder,26,2.0,77.5,14.0,4,0.0
155,2.0,2.2,H25 - CBA - Adder,26,2.0,77.5,14.0,5,0.0
155,2.0,2.3,H25 - CBA - ALU,118,2.0,77.5,14.0,2,25.0
155,2.0,2.3,H25 - CBA - ALU,118,2.0,77.5,14.0,5,25.0
155,2.0,2.3,H25 - CBA - ALU,118,2.0,77.5,14.0,4,0.0
155,2.0,2.3,H25 - CBA - ALU,118,2.0,77.5,14.0,3,25.0
155,2.0,2.3,H25 - CBA - ALU,118,2.0,77.5,14.0,1,25.0
155,2.0,2.4,H25 - CBA - PC,104,2.0,77.5,14.0,1,50.0
155,2.0,2.4,H25 - CBA - PC,104,2.0,77.5,14.0,2,25.0
155,2.0,2.4,H25 - CBA - PC,104,2.0,77.5,14.0,5,0.0
155,2.0,2.4,H25 - CBA - PC,104,2.0,77.5,14.0,3,25.0
155,2.0,2.4,H25 - CBA - PC,104,2.0,77.5,14.0,4,0.0
155,2.0,2.5,H25 - CBA - Universell porter,21,2.0,77.5,14.0,3,100.0
155,2.0,2.5,H25 - CBA - Universell porter,21,2.0,77.5,14.0,5,0.0
155,2.0,2.5,H25 - CBA - Universell porter,21,2.0,77.5,14.0,2,0.0
155,2.0,2.5,H25 - CBA - Universell porter,21,2.0,77.5,14.0,4,0.0
155,2.0,2.5,H25 - CBA - Universell porter,21,2.0,77.5,14.0,1,0.0
155,2.0,2.6,H25 - CBA - Pipeline ytelse,22,2.0,77.5,14.0,4,100.0
155,2.0,2.6,H25 - CBA - Pipeline ytelse,22,2.0,77.5,14.0,3,0.0
155,2.0,2.6,H25 - CBA - Pipeline ytelse,22,2.0,77.5,14.0,1,0.0
155,2.0,2.6,H25 - CBA - Pipeline ytelse,22,2.0,77.5,14.0,2,0.0
155,2.0,2.6,H25 - CBA - Pipeline ytelse,22,2.0,77.5,14.0,5,0.0
155,2.0,2.7,H25 - CBA - Seriell Adder,101,2.0,77.5,14.0,2,75.0
155,2.0,2.7,H25 - CBA - Seriell Adder,101,2.0,77.5,14.0,4,0.0
155,2.0,2.7,H25 - CBA - Seriell Adder,101,2.0,77.5,14.0,3,0.0
155,2.0,2.7,H25 - CBA - Seriell Adder,101,2.0,77.5,14.0,1,0.0
155,2.0,2.7,H25 - CBA - Seriell Adder,101,2.0,77.5,14.0,5,25.0
115,2.0,2.1,H25 - CBA - Cache-miss,57,2.0,50.14,14.0,2,0.0
115,2.0,2.1,H25 - CBA - Cache-miss,57,2.0,50.14,14.0,1,0.0
115,2.0,2.1,H25 - CBA - Cache-miss,57,2.0,50.14,14.0,3,0.0
115,2.0,2.1,H25 - CBA - Cache-miss,57,2.0,50.14,14.0,5,75.0
115,2.0,2.1,H25 - CBA - Cache-miss,57,2.0,50.14,14.0,4,25.0
115,2.0,2.2,H25 - CBA - Adder,35,2.0,50.14,14.0,1,0.0
115,2.0,2.2,H25 - CBA - Adder,35,2.0,50.14,14.0,4,0.0
115,2.0,2.2,H25 - CBA - Adder,35,2.0,50.14,14.0,2,100.0
115,2.0,2.2,H25 - CBA - Adder,35,2.0,50.14,14.0,5,0.0
115,2.0,2.2,H25 - CBA - Adder,35,2.0,50.14,14.0,3,0.0
115,2.0,2.3,H25 - CBA - ALU,76,2.0,50.14,14.0,2,0.0
115,2.0,2.3,H25 - CBA - ALU,76,2.0,50.14,14.0,4,0.0
115,2.0,2.3,H25 - CBA - ALU,76,2.0,50.14,14.0,3,0.0
115,2.0,2.3,H25 - CBA - ALU,76,2.0,50.14,14.0,1,0.0
115,2.0,2.3,H25 - CBA - ALU,76,2.0,50.14,14.0,5,100.0
115,2.0,2.4,H25 - CBA - PC,79,2.0,50.14,14.0,5,0.0
115,2.0,2.4,H25 - CBA - PC,79,2.0,50.14,14.0,4,0.0
115,2.0,2.4,H25 - CBA - PC,79,2.0,50.14,14.0,3,0.0
115,2.0,2.4,H25 - CBA - PC,79,2.0,50.14,14.0,1,100.0
115,2.0,2.4,H25 - CBA - PC,79,2.0,50.14,14.0,2,0.0
115,2.0,2.5,H25 - CBA - Universell porter,59,2.0,50.14,14.0,1,0.0
115,2.0,2.5,H25 - CBA - Universell porter,59,2.0,50.14,14.0,3,100.0
115,2.0,2.5,H25 - CBA - Universell porter,59,2.0,50.14,14.0,2,0.0
115,2.0,2.5,H25 - CBA - Universell porter,59,2.0,50.14,14.0,4,0.0
115,2.0,2.5,H25 - CBA - Universell porter,59,2.0,50.14,14.0,5,0.0
115,2.0,2.6,H25 - CBA - Pipeline ytelse,57,2.0,50.14,14.0,2,0.0
115,2.0,2.6,H25 - CBA - Pipeline ytelse,57,2.0,50.14,14.0,1,0.0
115,2.0,2.6,H25 - CBA - Pipeline ytelse,57,2.0,50.14,14.0,3,100.0
115,2.0,2.6,H25 - CBA - Pipeline ytelse,57,2.0,50.14,14.0,5,0.0
115,2.0,2.6,H25 - CBA - Pipeline ytelse,57,2.0,50.14,14.0,4,0.0
115,2.0,2.7,H25 - CBA - Seriell Adder,45,2.0,50.14,14.0,5,0.0
115,2.0,2.7,H25 - CBA - Seriell Adder,45,2.0,50.14,14.0,2,100.0
115,2.0,2.7,H25 - CBA - Seriell Adder,45,2.0,50.14,14.0,3,0.0
115,2.0,2.7,H25 - CBA - Seriell Adder,45,2.0,50.14,14.0,4,0.0
115,2.0,2.7,H25 - CBA - Seriell Adder,45,2.0,50.14,14.0,1,0.0
62,2.0,2.1,H25 - CBA - Cache-miss,147,2.0,74.84,14.0,4,0.0
62,2.0,2.1,H25 - CBA - Cache-miss,147,2.0,74.84,14.0,3,0.0
62,2.0,2.1,H25 - CBA - Cache-miss,147,2.0,74.84,14.0,1,0.0
62,2.0,2.1,H25 - CBA - Cache-miss,147,2.0,74.84,14.0,2,75.0
62,2.0,2.1,H25 - CBA - Cache-miss,147,2.0,74.84,14.0,5,25.0
62,2.0,2.2,H25 - CBA - Adder,206,2.0,74.84,14.0,2,75.0
62,2.0,2.2,H25 - CBA - Adder,206,2.0,74.84,14.0,3,0.0
62,2.0,2.2,H25 - CBA - Adder,206,2.0,74.84,14.0,5,0.0
62,2.0,2.2,H25 - CBA - Adder,206,2.0,74.84,14.0,4,25.0
62,2.0,2.2,H25 - CBA - Adder,206,2.0,74.84,14.0,1,0.0
62,2.0,2.3,H25 - CBA - ALU,69,2.0,74.84,14.0,1,75.0
62,2.0,2.3,H25 - CBA - ALU,69,2.0,74.84,14.0,2,25.0
62,2.0,2.3,H25 - CBA - ALU,69,2.0,74.84,14.0,5,0.0
62,2.0,2.3,H25 - CBA - ALU,69,2.0,74.84,14.0,4,0.0
62,2.0,2.3,H25 - CBA - ALU,69,2.0,74.84,14.0,3,0.0
62,2.0,2.4,H25 - CBA - PC,66,2.0,74.84,14.0,3,75.0
62,2.0,2.4,H25 - CBA - PC,66,2.0,74.84,14.0,5,0.0
62,2.0,2.4,H25 - CBA - PC,66,2.0,74.84,14.0,1,0.0
62,2.0,2.4,H25 - CBA - PC,66,2.0,74.84,14.0,2,0.0
62,2.0,2.4,H25 - CBA - PC,66,2.0,74.84,14.0,4,25.0
62,2.0,2.5,H25 - CBA - Universell porter,127,2.0,74.84,14.0,2,0.0
62,2.0,2.5,H25 - CBA - Universell porter,127,2.0,74.84,14.0,3,50.0
62,2.0,2.5,H25 - CBA - Universell porter,127,2.0,74.84,14.0,5,25.0
62,2.0,2.5,H25 - CBA - Universell porter,127,2.0,74.84,14.0,4,0.0
62,2.0,2.5,H25 - CBA - Universell porter,127,2.0,74.84,14.0,1,25.0
62,2.0,2.6,H25 - CBA - Pipeline ytelse,83,2.0,74.84,14.0,3,75.0
62,2.0,2.6,H25 - CBA - Pipeline ytelse,83,2.0,74.84,14.0,1,25.0
62,2.0,2.6,H25 - CBA - Pipeline ytelse,83,2.0,74.84,14.0,2,0.0
62,2.0,2.6,H25 - CBA - Pipeline ytelse,83,2.0,74.84,14.0,4,0.0
62,2.0,2.6,H25 - CBA - Pipeline ytelse,83,2.0,74.84,14.0,5,0.0
62,2.0,2.7,H25 - CBA - Seriell Adder,213,2.0,74.84,14.0,2,50.0
62,2.0,2.7,H25 - CBA - Seriell Adder,213,2.0,74.84,14.0,5,25.0
62,2.0,2.7,H25 - CBA - Seriell Adder,213,2.0,74.84,14.0,1,25.0
62,2.0,2.7,H25 - CBA - Seriell Adder,213,2.0,74.84,14.0,3,0.0
62,2.0,2.7,H25 - CBA - Seriell Adder,213,2.0,74.84,14.0,4,0.0
372,2.0,2.1,H25 - CBA - Cache-miss,58,2.0,73.15,14.0,3,0.0
372,2.0,2.1,H25 - CBA - Cache-miss,58,2.0,73.15,14.0,1,0.0
372,2.0,2.1,H25 - CBA - Cache-miss,58,2.0,73.15,14.0,5,0.0
372,2.0,2.1,H25 - CBA - Cache-miss,58,2.0,73.15,14.0,4,0.0
372,2.0,2.1,H25 - CBA - Cache-miss,58,2.0,73.15,14.0,2,100.0
372,2.0,2.2,H25 - CBA - Adder,27,2.0,73.15,14.0,1,0.0
372,2.0,2.2,H25 - CBA - Adder,27,2.0,73.15,14.0,3,0.0
372,2.0,2.2,H25 - CBA - Adder,27,2.0,73.15,14.0,2,100.0
372,2.0,2.2,H25 - CBA - Adder,27,2.0,73.15,14.0,5,0.0
372,2.0,2.2,H25 - CBA - Adder,27,2.0,73.15,14.0,4,0.0
372,2.0,2.3,H25 - CBA - ALU,95,2.0,73.15,14.0,4,0.0
372,2.0,2.3,H25 - CBA - ALU,95,2.0,73.15,14.0,3,0.0
372,2.0,2.3,H25 - CBA - ALU,95,2.0,73.15,14.0,1,75.0
372,2.0,2.3,H25 - CBA - ALU,95,2.0,73.15,14.0,2,0.0
372,2.0,2.3,H25 - CBA - ALU,95,2.0,73.15,14.0,5,25.0
372,2.0,2.4,H25 - CBA - PC,32,2.0,73.15,14.0,1,0.0
372,2.0,2.4,H25 - CBA - PC,32,2.0,73.15,14.0,3,100.0
372,2.0,2.4,H25 - CBA - PC,32,2.0,73.15,14.0,5,0.0
372,2.0,2.4,H25 - CBA - PC,32,2.0,73.15,14.0,2,0.0
372,2.0,2.4,H25 - CBA - PC,32,2.0,73.15,14.0,4,0.0
372,2.0,2.5,H25 - CBA - Universell porter,24,2.0,73.15,14.0,4,0.0
372,2.0,2.5,H25 - CBA - Universell porter,24,2.0,73.15,14.0,5,0.0
372,2.0,2.5,H25 - CBA - Universell porter,24,2.0,73.15,14.0,1,0.0
372,2.0,2.5,H25 - CBA - Universell porter,24,2.0,73.15,14.0,3,100.0
372,2.0,2.5,H25 - CBA - Universell porter,24,2.0,73.15,14.0,2,0.0
372,2.0,2.6,H25 - CBA - Pipeline ytelse,62,2.0,73.15,14.0,1,0.0
372,2.0,2.6,H25 - CBA - Pipeline ytelse,62,2.0,73.15,14.0,5,0.0
372,2.0,2.6,H25 - CBA - Pipeline ytelse,62,2.0,73.15,14.0,4,100.0
372,2.0,2.6,H25 - CBA - Pipeline ytelse,62,2.0,73.15,14.0,3,0.0
372,2.0,2.6,H25 - CBA - Pipeline ytelse,62,2.0,73.15,14.0,2,0.0
372,2.0,2.7,H25 - CBA - Seriell Adder,97,2.0,73.15,14.0,3,100.0
372,2.0,2.7,H25 - CBA - Seriell Adder,97,2.0,73.15,14.0,4,0.0
372,2.0,2.7,H25 - CBA - Seriell Adder,97,2.0,73.15,14.0,5,0.0
372,2.0,2.7,H25 - CBA - Seriell Adder,97,2.0,73.15,14.0,1,0.0
372,2.0,2.7,H25 - CBA - Seriell Adder,97,2.0,73.15,14.0,2,0.0
343,2.0,2.1,H25 - CBA - Cache-miss,109,2.0,87.17,14.0,2,50.0
343,2.0,2.1,H25 - CBA - Cache-miss,109,2.0,87.17,14.0,3,0.0
343,2.0,2.1,H25 - CBA - Cache-miss,109,2.0,87.17,14.0,4,0.0
343,2.0,2.1,H25 - CBA - Cache-miss,109,2.0,87.17,14.0,1,0.0
343,2.0,2.1,H25 - CBA - Cache-miss,109,2.0,87.17,14.0,5,50.0
343,2.0,2.2,H25 - CBA - Adder,56,2.0,87.17,14.0,2,100.0
343,2.0,2.2,H25 - CBA - Adder,56,2.0,87.17,14.0,1,0.0
343,2.0,2.2,H25 - CBA - Adder,56,2.0,87.17,14.0,4,0.0
343,2.0,2.2,H25 - CBA - Adder,56,2.0,87.17,14.0,3,0.0
343,2.0,2.2,H25 - CBA - Adder,56,2.0,87.17,14.0,5,0.0
343,2.0,2.3,H25 - CBA - ALU,103,2.0,87.17,14.0,5,75.0
343,2.0,2.3,H25 - CBA - ALU,103,2.0,87.17,14.0,2,0.0
343,2.0,2.3,H25 - CBA - ALU,103,2.0,87.17,14.0,3,0.0
343,2.0,2.3,H25 - CBA - ALU,103,2.0,87.17,14.0,4,0.0
343,2.0,2.3,H25 - CBA - ALU,103,2.0,87.17,14.0,1,25.0
343,2.0,2.4,H25 - CBA - PC,147,2.0,87.17,14.0,1,0.0
343,2.0,2.4,H25 - CBA - PC,147,2.0,87.17,14.0,4,0.0
343,2.0,2.4,H25 - CBA - PC,147,2.0,87.17,14.0,3,50.0
343,2.0,2.4,H25 - CBA - PC,147,2.0,87.17,14.0,2,50.0
343,2.0,2.4,H25 - CBA - PC,147,2.0,87.17,14.0,5,0.0
343,2.0,2.5,H25 - CBA - Universell porter,105,2.0,87.17,14.0,3,100.0
343,2.0,2.5,H25 - CBA - Universell porter,105,2.0,87.17,14.0,2,0.0
343,2.0,2.5,H25 - CBA - Universell porter,105,2.0,87.17,14.0,4,0.0
343,2.0,2.5,H25 - CBA - Universell porter,105,2.0,87.17,14.0,1,0.0
343,2.0,2.5,H25 - CBA - Universell porter,105,2.0,87.17,14.0,5,0.0
343,2.0,2.6,H25 - CBA - Pipeline ytelse,166,2.0,87.17,14.0,4,100.0
343,2.0,2.6,H25 - CBA - Pipeline ytelse,166,2.0,87.17,14.0,2,0.0
343,2.0,2.6,H25 - CBA - Pipeline ytelse,166,2.0,87.17,14.0,1,0.0
343,2.0,2.6,H25 - CBA - Pipeline ytelse,166,2.0,87.17,14.0,5,0.0
343,2.0,2.6,H25 - CBA - Pipeline ytelse,166,2.0,87.17,14.0,3,0.0
343,2.0,2.7,H25 - CBA - Seriell Adder,287,2.0,87.17,14.0,1,75.0
343,2.0,2.7,H25 - CBA - Seriell Adder,287,2.0,87.17,14.0,2,25.0
343,2.0,2.7,H25 - CBA - Seriell Adder,287,2.0,87.17,14.0,4,0.0
343,2.0,2.7,H25 - CBA - Seriell Adder,287,2.0,87.17,14.0,5,0.0
343,2.0,2.7,H25 - CBA - Seriell Adder,287,2.0,87.17,14.0,3,0.0
64,2.0,2.1,H25 - CBA - Cache-miss,35,2.0,74.84,14.0,2,100.0
64,2.0,2.1,H25 - CBA - Cache-miss,35,2.0,74.84,14.0,3,0.0
64,2.0,2.1,H25 - CBA - Cache-miss,35,2.0,74.84,14.0,4,0.0
64,2.0,2.1,H25 - CBA - Cache-miss,35,2.0,74.84,14.0,5,0.0
64,2.0,2.1,H25 - CBA - Cache-miss,35,2.0,74.84,14.0,1,0.0
64,2.0,2.2,H25 - CBA - Adder,27,2.0,74.84,14.0,2,100.0
64,2.0,2.2,H25 - CBA - Adder,27,2.0,74.84,14.0,3,0.0
64,2.0,2.2,H25 - CBA - Adder,27,2.0,74.84,14.0,1,0.0
64,2.0,2.2,H25 - CBA - Adder,27,2.0,74.84,14.0,5,0.0
64,2.0,2.2,H25 - CBA - Adder,27,2.0,74.84,14.0,4,0.0
64,2.0,2.3,H25 - CBA - ALU,131,2.0,74.84,14.0,4,0.0
64,2.0,2.3,H25 - CBA - ALU,131,2.0,74.84,14.0,2,0.0
64,2.0,2.3,H25 - CBA - ALU,131,2.0,74.84,14.0,3,0.0
64,2.0,2.3,H25 - CBA - ALU,131,2.0,74.84,14.0,5,0.0
64,2.0,2.3,H25 - CBA - ALU,131,2.0,74.84,14.0,1,100.0
64,2.0,2.4,H25 - CBA - PC,128,2.0,74.84,14.0,3,100.0
64,2.0,2.4,H25 - CBA - PC,128,2.0,74.84,14.0,5,0.0
64,2.0,2.4,H25 - CBA - PC,128,2.0,74.84,14.0,1,0.0
64,2.0,2.4,H25 - CBA - PC,128,2.0,74.84,14.0,4,0.0
64,2.0,2.4,H25 - CBA - PC,128,2.0,74.84,14.0,2,0.0
64,2.0,2.5,H25 - CBA - Universell porter,20,2.0,74.84,14.0,3,100.0
64,2.0,2.5,H25 - CBA - Universell porter,20,2.0,74.84,14.0,1,0.0
64,2.0,2.5,H25 - CBA - Universell porter,20,2.0,74.84,14.0,4,0.0
64,2.0,2.5,H25 - CBA - Universell porter,20,2.0,74.84,14.0,5,0.0
64,2.0,2.5,H25 - CBA - Universell porter,20,2.0,74.84,14.0,2,0.0
64,2.0,2.6,H25 - CBA - Pipeline ytelse,33,2.0,74.84,14.0,2,0.0
64,2.0,2.6,H25 - CBA - Pipeline ytelse,33,2.0,74.84,14.0,5,0.0
64,2.0,2.6,H25 - CBA - Pipeline ytelse,33,2.0,74.84,14.0,4,100.0
64,2.0,2.6,H25 - CBA - Pipeline ytelse,33,2.0,74.84,14.0,3,0.0
64,2.0,2.6,H25 - CBA - Pipeline ytelse,33,2.0,74.84,14.0,1,0.0
64,2.0,2.7,H25 - CBA - Seriell Adder,68,2.0,74.84,14.0,5,0.0
64,2.0,2.7,H25 - CBA - Seriell Adder,68,2.0,74.84,14.0,2,100.0
64,2.0,2.7,H25 - CBA - Seriell Adder,68,2.0,74.84,14.0,4,0.0
64,2.0,2.7,H25 - CBA - Seriell Adder,68,2.0,74.84,14.0,1,0.0
64,2.0,2.7,H25 - CBA - Seriell Adder,68,2.0,74.84,14.0,3,0.0
123,2.0,2.1,H25 - CBA - Cache-miss,54,2.0,70.82,14.0,2,100.0
123,2.0,2.1,H25 - CBA - Cache-miss,54,2.0,70.82,14.0,3,0.0
123,2.0,2.1,H25 - CBA - Cache-miss,54,2.0,70.82,14.0,5,0.0
123,2.0,2.1,H25 - CBA - Cache-miss,54,2.0,70.82,14.0,4,0.0
123,2.0,2.1,H25 - CBA - Cache-miss,54,2.0,70.82,14.0,1,0.0
123,2.0,2.2,H25 - CBA - Adder,25,2.0,70.82,14.0,2,100.0
123,2.0,2.2,H25 - CBA - Adder,25,2.0,70.82,14.0,4,0.0
123,2.0,2.2,H25 - CBA - Adder,25,2.0,70.82,14.0,5,0.0
123,2.0,2.2,H25 - CBA - Adder,25,2.0,70.82,14.0,3,0.0
123,2.0,2.2,H25 - CBA - Adder,25,2.0,70.82,14.0,1,0.0
123,2.0,2.3,H25 - CBA - ALU,143,2.0,70.82,14.0,1,100.0
123,2.0,2.3,H25 - CBA - ALU,143,2.0,70.82,14.0,4,0.0
123,2.0,2.3,H25 - CBA - ALU,143,2.0,70.82,14.0,2,0.0
123,2.0,2.3,H25 - CBA - ALU,143,2.0,70.82,14.0,5,0.0
123,2.0,2.3,H25 - CBA - ALU,143,2.0,70.82,14.0,3,0.0
123,2.0,2.4,H25 - CBA - PC,44,2.0,70.82,14.0,1,100.0
123,2.0,2.4,H25 - CBA - PC,44,2.0,70.82,14.0,3,0.0
123,2.0,2.4,H25 - CBA - PC,44,2.0,70.82,14.0,2,0.0
123,2.0,2.4,H25 - CBA - PC,44,2.0,70.82,14.0,5,0.0
123,2.0,2.4,H25 - CBA - PC,44,2.0,70.82,14.0,4,0.0
123,2.0,2.5,H25 - CBA - Universell porter,36,2.0,70.82,14.0,3,100.0
123,2.0,2.5,H25 - CBA - Universell porter,36,2.0,70.82,14.0,2,0.0
123,2.0,2.5,H25 - CBA - Universell porter,36,2.0,70.82,14.0,1,0.0
123,2.0,2.5,H25 - CBA - Universell porter,36,2.0,70.82,14.0,4,0.0
123,2.0,2.5,H25 - CBA - Universell porter,36,2.0,70.82,14.0,5,0.0
123,2.0,2.6,H25 - CBA - Pipeline ytelse,27,2.0,70.82,14.0,4,100.0
123,2.0,2.6,H25 - CBA - Pipeline ytelse,27,2.0,70.82,14.0,3,0.0
123,2.0,2.6,H25 - CBA - Pipeline ytelse,27,2.0,70.82,14.0,1,0.0
123,2.0,2.6,H25 - CBA - Pipeline ytelse,27,2.0,70.82,14.0,5,0.0
123,2.0,2.6,H25 - CBA - Pipeline ytelse,27,2.0,70.82,14.0,2,0.0
123,2.0,2.7,H25 - CBA - Seriell Adder,108,2.0,70.82,14.0,4,0.0
123,2.0,2.7,H25 - CBA - Seriell Adder,108,2.0,70.82,14.0,1,0.0
123,2.0,2.7,H25 - CBA - Seriell Adder,108,2.0,70.82,14.0,2,100.0
123,2.0,2.7,H25 - CBA - Seriell Adder,108,2.0,70.82,14.0,3,0.0
123,2.0,2.7,H25 - CBA - Seriell Adder,108,2.0,70.82,14.0,5,0.0
454,2.0,2.1,H25 - CBA - Cache-miss,90,2.0,93.0,14.0,1,0.0
454,2.0,2.1,H25 - CBA - Cache-miss,90,2.0,93.0,14.0,3,0.0
454,2.0,2.1,H25 - CBA - Cache-miss,90,2.0,93.0,14.0,4,0.0
454,2.0,2.1,H25 - CBA - Cache-miss,90,2.0,93.0,14.0,5,0.0
454,2.0,2.1,H25 - CBA - Cache-miss,90,2.0,93.0,14.0,2,100.0
454,2.0,2.2,H25 - CBA - Adder,60,2.0,93.0,14.0,2,100.0
454,2.0,2.2,H25 - CBA - Adder,60,2.0,93.0,14.0,5,0.0
454,2.0,2.2,H25 - CBA - Adder,60,2.0,93.0,14.0,4,0.0
454,2.0,2.2,H25 - CBA - Adder,60,2.0,93.0,14.0,3,0.0
454,2.0,2.2,H25 - CBA - Adder,60,2.0,93.0,14.0,1,0.0
454,2.0,2.3,H25 - CBA - ALU,127,2.0,93.0,14.0,4,0.0
454,2.0,2.3,H25 - CBA - ALU,127,2.0,93.0,14.0,5,0.0
454,2.0,2.3,H25 - CBA - ALU,127,2.0,93.0,14.0,3,0.0
454,2.0,2.3,H25 - CBA - ALU,127,2.0,93.0,14.0,1,75.0
454,2.0,2.3,H25 - CBA - ALU,127,2.0,93.0,14.0,2,25.0
454,2.0,2.4,H25 - CBA - PC,217,2.0,93.0,14.0,3,0.0
454,2.0,2.4,H25 - CBA - PC,217,2.0,93.0,14.0,5,0.0
454,2.0,2.4,H25 - CBA - PC,217,2.0,93.0,14.0,4,0.0
454,2.0,2.4,H25 - CBA - PC,217,2.0,93.0,14.0,2,25.0
454,2.0,2.4,H25 - CBA - PC,217,2.0,93.0,14.0,1,75.0
454,2.0,2.5,H25 - CBA - Universell porter,45,2.0,93.0,14.0,3,100.0
454,2.0,2.5,H25 - CBA - Universell porter,45,2.0,93.0,14.0,1,0.0
454,2.0,2.5,H25 - CBA - Universell porter,45,2.0,93.0,14.0,5,0.0
454,2.0,2.5,H25 - CBA - Universell porter,45,2.0,93.0,14.0,2,0.0
454,2.0,2.5,H25 - CBA - Universell porter,45,2.0,93.0,14.0,4,0.0
454,2.0,2.6,H25 - CBA - Pipeline ytelse,63,2.0,93.0,14.0,4,100.0
454,2.0,2.6,H25 - CBA - Pipeline ytelse,63,2.0,93.0,14.0,1,0.0
454,2.0,2.6,H25 - CBA - Pipeline ytelse,63,2.0,93.0,14.0,5,0.0
454,2.0,2.6,H25 - CBA - Pipeline ytelse,63,2.0,93.0,14.0,2,0.0
454,2.0,2.6,H25 - CBA - Pipeline ytelse,63,2.0,93.0,14.0,3,0.0
454,2.0,2.7,H25 - CBA - Seriell Adder,117,2.0,93.0,14.0,5,0.0
454,2.0,2.7,H25 - CBA - Seriell Adder,117,2.0,93.0,14.0,4,0.0
454,2.0,2.7,H25 - CBA - Seriell Adder,117,2.0,93.0,14.0,3,0.0
454,2.0,2.7,H25 - CBA - Seriell Adder,117,2.0,93.0,14.0,2,100.0
454,2.0,2.7,H25 - CBA - Seriell Adder,117,2.0,93.0,14.0,1,0.0
303,2.0,2.1,H25 - CBA - Cache-miss,269,2.0,76.98,10.0,2,50.0
303,2.0,2.1,H25 - CBA - Cache-miss,269,2.0,76.98,10.0,4,0.0
303,2.0,2.1,H25 - CBA - Cache-miss,269,2.0,76.98,10.0,5,0.0
303,2.0,2.1,H25 - CBA - Cache-miss,269,2.0,76.98,10.0,1,50.0
303,2.0,2.1,H25 - CBA - Cache-miss,269,2.0,76.98,10.0,3,0.0
303,2.0,2.2,H25 - CBA - Adder,93,0.0,76.98,10.0,5,100.0
303,2.0,2.3,H25 - CBA - ALU,269,2.0,76.98,10.0,1,0.0
303,2.0,2.3,H25 - CBA - ALU,269,2.0,76.98,10.0,5,0.0
303,2.0,2.3,H25 - CBA - ALU,269,2.0,76.98,10.0,2,100.0
303,2.0,2.3,H25 - CBA - ALU,269,2.0,76.98,10.0,3,0.0
303,2.0,2.3,H25 - CBA - ALU,269,2.0,76.98,10.0,4,0.0
303,2.0,2.4,H25 - CBA - PC,202,2.0,76.98,10.0,2,25.0
303,2.0,2.4,H25 - CBA - PC,202,2.0,76.98,10.0,1,75.0
303,2.0,2.4,H25 - CBA - PC,202,2.0,76.98,10.0,5,0.0
303,2.0,2.4,H25 - CBA - PC,202,2.0,76.98,10.0,3,0.0
303,2.0,2.4,H25 - CBA - PC,202,2.0,76.98,10.0,4,0.0
303,2.0,2.5,H25 - CBA - Universell porter,81,2.0,76.98,10.0,3,100.0
303,2.0,2.7,H25 - CBA - Seriell Adder,77,2.0,76.98,10.0,2,50.0
303,2.0,2.7,H25 - CBA - Seriell Adder,77,2.0,76.98,10.0,1,50.0
303,2.0,2.7,H25 - CBA - Seriell Adder,77,2.0,76.98,10.0,3,0.0
303,2.0,2.7,H25 - CBA - Seriell Adder,77,2.0,76.98,10.0,4,0.0
303,2.0,2.7,H25 - CBA - Seriell Adder,77,2.0,76.98,10.0,5,0.0
272,2.0,2.1,H25 - CBA - Cache-miss,136,2.0,89.5,14.0,1,0.0
272,2.0,2.1,H25 - CBA - Cache-miss,136,2.0,89.5,14.0,4,0.0
272,2.0,2.1,H25 - CBA - Cache-miss,136,2.0,89.5,14.0,3,0.0
272,2.0,2.1,H25 - CBA - Cache-miss,136,2.0,89.5,14.0,5,0.0
272,2.0,2.1,H25 - CBA - Cache-miss,136,2.0,89.5,14.0,2,100.0
272,2.0,2.2,H25 - CBA - Adder,80,2.0,89.5,14.0,3,0.0
272,2.0,2.2,H25 - CBA - Adder,80,2.0,89.5,14.0,1,0.0
272,2.0,2.2,H25 - CBA - Adder,80,2.0,89.5,14.0,4,0.0
272,2.0,2.2,H25 - CBA - Adder,80,2.0,89.5,14.0,5,0.0
272,2.0,2.2,H25 - CBA - Adder,80,2.0,89.5,14.0,2,100.0
272,2.0,2.3,H25 - CBA - ALU,106,2.0,89.5,14.0,3,0.0
272,2.0,2.3,H25 - CBA - ALU,106,2.0,89.5,14.0,1,50.0
272,2.0,2.3,H25 - CBA - ALU,106,2.0,89.5,14.0,4,0.0
272,2.0,2.3,H25 - CBA - ALU,106,2.0,89.5,14.0,5,0.0
272,2.0,2.3,H25 - CBA - ALU,106,2.0,89.5,14.0,2,50.0
272,2.0,2.4,H25 - CBA - PC,140,2.0,89.5,14.0,4,0.0
272,2.0,2.4,H25 - CBA - PC,140,2.0,89.5,14.0,3,0.0
272,2.0,2.4,H25 - CBA - PC,140,2.0,89.5,14.0,2,50.0
272,2.0,2.4,H25 - CBA - PC,140,2.0,89.5,14.0,5,0.0
272,2.0,2.4,H25 - CBA - PC,140,2.0,89.5,14.0,1,50.0
272,2.0,2.5,H25 - CBA - Universell porter,97,2.0,89.5,14.0,2,0.0
272,2.0,2.5,H25 - CBA - Universell porter,97,2.0,89.5,14.0,4,0.0
272,2.0,2.5,H25 - CBA - Universell porter,97,2.0,89.5,14.0,3,100.0
272,2.0,2.5,H25 - CBA - Universell porter,97,2.0,89.5,14.0,1,0.0
272,2.0,2.5,H25 - CBA - Universell porter,97,2.0,89.5,14.0,5,0.0
272,2.0,2.6,H25 - CBA - Pipeline ytelse,144,2.0,89.5,14.0,4,100.0
272,2.0,2.6,H25 - CBA - Pipeline ytelse,144,2.0,89.5,14.0,5,0.0
272,2.0,2.6,H25 - CBA - Pipeline ytelse,144,2.0,89.5,14.0,1,0.0
272,2.0,2.6,H25 - CBA - Pipeline ytelse,144,2.0,89.5,14.0,2,0.0
272,2.0,2.6,H25 - CBA - Pipeline ytelse,144,2.0,89.5,14.0,3,0.0
272,2.0,2.7,H25 - CBA - Seriell Adder,81,2.0,89.5,14.0,5,0.0
272,2.0,2.7,H25 - CBA - Seriell Adder,81,2.0,89.5,14.0,4,0.0
272,2.0,2.7,H25 - CBA - Seriell Adder,81,2.0,89.5,14.0,1,0.0
272,2.0,2.7,H25 - CBA - Seriell Adder,81,2.0,89.5,14.0,2,100.0
272,2.0,2.7,H25 - CBA - Seriell Adder,81,2.0,89.5,14.0,3,0.0
255,2.0,2.1,H25 - CBA - Cache-miss,43,2.0,59.46,14.0,4,50.0
255,2.0,2.1,H25 - CBA - Cache-miss,43,2.0,59.46,14.0,2,50.0
255,2.0,2.1,H25 - CBA - Cache-miss,43,2.0,59.46,14.0,5,0.0
255,2.0,2.1,H25 - CBA - Cache-miss,43,2.0,59.46,14.0,3,0.0
255,2.0,2.1,H25 - CBA - Cache-miss,43,2.0,59.46,14.0,1,0.0
255,2.0,2.2,H25 - CBA - Adder,24,2.0,59.46,14.0,2,100.0
255,2.0,2.2,H25 - CBA - Adder,24,2.0,59.46,14.0,1,0.0
255,2.0,2.2,H25 - CBA - Adder,24,2.0,59.46,14.0,4,0.0
255,2.0,2.2,H25 - CBA - Adder,24,2.0,59.46,14.0,3,0.0
255,2.0,2.2,H25 - CBA - Adder,24,2.0,59.46,14.0,5,0.0
255,2.0,2.3,H25 - CBA - ALU,46,2.0,59.46,14.0,3,50.0
255,2.0,2.3,H25 - CBA - ALU,46,2.0,59.46,14.0,2,0.0
255,2.0,2.3,H25 - CBA - ALU,46,2.0,59.46,14.0,5,50.0
255,2.0,2.3,H25 - CBA - ALU,46,2.0,59.46,14.0,1,0.0
255,2.0,2.3,H25 - CBA - ALU,46,2.0,59.46,14.0,4,0.0
255,2.0,2.4,H25 - CBA - PC,43,2.0,59.46,14.0,2,25.0
255,2.0,2.4,H25 - CBA - PC,43,2.0,59.46,14.0,3,25.0
255,2.0,2.4,H25 - CBA - PC,43,2.0,59.46,14.0,1,50.0
255,2.0,2.4,H25 - CBA - PC,43,2.0,59.46,14.0,4,0.0
255,2.0,2.4,H25 - CBA - PC,43,2.0,59.46,14.0,5,0.0
255,2.0,2.5,H25 - CBA - Universell porter,30,2.0,59.46,14.0,3,100.0
255,2.0,2.5,H25 - CBA - Universell porter,30,2.0,59.46,14.0,5,0.0
255,2.0,2.5,H25 - CBA - Universell porter,30,2.0,59.46,14.0,4,0.0
255,2.0,2.5,H25 - CBA - Universell porter,30,2.0,59.46,14.0,1,0.0
255,2.0,2.5,H25 - CBA - Universell porter,30,2.0,59.46,14.0,2,0.0
255,2.0,2.6,H25 - CBA - Pipeline ytelse,25,2.0,59.46,14.0,3,100.0
255,2.0,2.6,H25 - CBA - Pipeline ytelse,25,2.0,59.46,14.0,1,0.0
255,2.0,2.6,H25 - CBA - Pipeline ytelse,25,2.0,59.46,14.0,5,0.0
255,2.0,2.6,H25 - CBA - Pipeline ytelse,25,2.0,59.46,14.0,4,0.0
255,2.0,2.6,H25 - CBA - Pipeline ytelse,25,2.0,59.46,14.0,2,0.0
255,2.0,2.7,H25 - CBA - Seriell Adder,54,2.0,59.46,14.0,2,100.0
350,2.0,2.1,H25 - CBA - Cache-miss,91,2.0,66.14,14.0,4,0.0
350,2.0,2.1,H25 - CBA - Cache-miss,91,2.0,66.14,14.0,1,0.0
350,2.0,2.1,H25 - CBA - Cache-miss,91,2.0,66.14,14.0,5,0.0
350,2.0,2.1,H25 - CBA - Cache-miss,91,2.0,66.14,14.0,3,0.0
350,2.0,2.1,H25 - CBA - Cache-miss,91,2.0,66.14,14.0,2,100.0
350,2.0,2.2,H25 - CBA - Adder,34,2.0,66.14,14.0,2,100.0
350,2.0,2.2,H25 - CBA - Adder,34,2.0,66.14,14.0,4,0.0
350,2.0,2.2,H25 - CBA - Adder,34,2.0,66.14,14.0,5,0.0
350,2.0,2.2,H25 - CBA - Adder,34,2.0,66.14,14.0,1,0.0
350,2.0,2.2,H25 - CBA - Adder,34,2.0,66.14,14.0,3,0.0
350,2.0,2.3,H25 - CBA - ALU,22,2.0,66.14,14.0,1,100.0
350,2.0,2.3,H25 - CBA - ALU,22,2.0,66.14,14.0,5,0.0
350,2.0,2.3,H25 - CBA - ALU,22,2.0,66.14,14.0,3,0.0
350,2.0,2.3,H25 - CBA - ALU,22,2.0,66.14,14.0,4,0.0
350,2.0,2.3,H25 - CBA - ALU,22,2.0,66.14,14.0,2,0.0
350,2.0,2.4,H25 - CBA - PC,68,2.0,66.14,14.0,4,0.0
350,2.0,2.4,H25 - CBA - PC,68,2.0,66.14,14.0,5,0.0
350,2.0,2.4,H25 - CBA - PC,68,2.0,66.14,14.0,3,0.0
350,2.0,2.4,H25 - CBA - PC,68,2.0,66.14,14.0,2,100.0
350,2.0,2.4,H25 - CBA - PC,68,2.0,66.14,14.0,1,0.0
350,2.0,2.5,H25 - CBA - Universell porter,59,2.0,66.14,14.0,3,100.0
350,2.0,2.5,H25 - CBA - Universell porter,59,2.0,66.14,14.0,1,0.0
350,2.0,2.5,H25 - CBA - Universell porter,59,2.0,66.14,14.0,5,0.0
350,2.0,2.5,H25 - CBA - Universell porter,59,2.0,66.14,14.0,2,0.0
350,2.0,2.5,H25 - CBA - Universell porter,59,2.0,66.14,14.0,4,0.0
350,2.0,2.6,H25 - CBA - Pipeline ytelse,62,2.0,66.14,14.0,4,100.0
350,2.0,2.6,H25 - CBA - Pipeline ytelse,62,2.0,66.14,14.0,5,0.0
350,2.0,2.6,H25 - CBA - Pipeline ytelse,62,2.0,66.14,14.0,2,0.0
350,2.0,2.6,H25 - CBA - Pipeline ytelse,62,2.0,66.14,14.0,1,0.0
350,2.0,2.6,H25 - CBA - Pipeline ytelse,62,2.0,66.14,14.0,3,0.0
350,2.0,2.7,H25 - CBA - Seriell Adder,55,2.0,66.14,14.0,2,100.0
350,2.0,2.7,H25 - CBA - Seriell Adder,55,2.0,66.14,14.0,5,0.0
350,2.0,2.7,H25 - CBA - Seriell Adder,55,2.0,66.14,14.0,4,0.0
350,2.0,2.7,H25 - CBA - Seriell Adder,55,2.0,66.14,14.0,3,0.0
350,2.0,2.7,H25 - CBA - Seriell Adder,55,2.0,66.14,14.0,1,0.0
203,2.0,2.1,H25 - CBA - Cache-miss,28,2.0,74.88,14.0,2,100.0
203,2.0,2.1,H25 - CBA - Cache-miss,28,2.0,74.88,14.0,3,0.0
203,2.0,2.1,H25 - CBA - Cache-miss,28,2.0,74.88,14.0,5,0.0
203,2.0,2.1,H25 - CBA - Cache-miss,28,2.0,74.88,14.0,4,0.0
203,2.0,2.1,H25 - CBA - Cache-miss,28,2.0,74.88,14.0,1,0.0
203,2.0,2.2,H25 - CBA - Adder,31,2.0,74.88,14.0,2,100.0
203,2.0,2.2,H25 - CBA - Adder,31,2.0,74.88,14.0,5,0.0
203,2.0,2.2,H25 - CBA - Adder,31,2.0,74.88,14.0,4,0.0
203,2.0,2.2,H25 - CBA - Adder,31,2.0,74.88,14.0,3,0.0
203,2.0,2.2,H25 - CBA - Adder,31,2.0,74.88,14.0,1,0.0
203,2.0,2.3,H25 - CBA - ALU,69,2.0,74.88,14.0,1,75.0
203,2.0,2.3,H25 - CBA - ALU,69,2.0,74.88,14.0,2,25.0
203,2.0,2.3,H25 - CBA - ALU,69,2.0,74.88,14.0,4,0.0
203,2.0,2.3,H25 - CBA - ALU,69,2.0,74.88,14.0,3,0.0
203,2.0,2.3,H25 - CBA - ALU,69,2.0,74.88,14.0,5,0.0
203,2.0,2.4,H25 - CBA - PC,34,2.0,74.88,14.0,1,100.0
203,2.0,2.4,H25 - CBA - PC,34,2.0,74.88,14.0,3,0.0
203,2.0,2.4,H25 - CBA - PC,34,2.0,74.88,14.0,4,0.0
203,2.0,2.4,H25 - CBA - PC,34,2.0,74.88,14.0,2,0.0
203,2.0,2.4,H25 - CBA - PC,34,2.0,74.88,14.0,5,0.0
203,2.0,2.5,H25 - CBA - Universell porter,15,2.0,74.88,14.0,3,100.0
203,2.0,2.5,H25 - CBA - Universell porter,15,2.0,74.88,14.0,2,0.0
203,2.0,2.5,H25 - CBA - Universell porter,15,2.0,74.88,14.0,4,0.0
203,2.0,2.5,H25 - CBA - Universell porter,15,2.0,74.88,14.0,5,0.0
203,2.0,2.5,H25 - CBA - Universell porter,15,2.0,74.88,14.0,1,0.0
203,2.0,2.6,H25 - CBA - Pipeline ytelse,79,2.0,74.88,14.0,4,100.0
203,2.0,2.6,H25 - CBA - Pipeline ytelse,79,2.0,74.88,14.0,1,0.0
203,2.0,2.6,H25 - CBA - Pipeline ytelse,79,2.0,74.88,14.0,3,0.0
203,2.0,2.6,H25 - CBA - Pipeline ytelse,79,2.0,74.88,14.0,5,0.0
203,2.0,2.6,H25 - CBA - Pipeline ytelse,79,2.0,74.88,14.0,2,0.0
203,2.0,2.7,H25 - CBA - Seriell Adder,32,2.0,74.88,14.0,2,100.0
203,2.0,2.7,H25 - CBA - Seriell Adder,32,2.0,74.88,14.0,1,0.0
203,2.0,2.7,H25 - CBA - Seriell Adder,32,2.0,74.88,14.0,5,0.0
203,2.0,2.7,H25 - CBA - Seriell Adder,32,2.0,74.88,14.0,3,0.0
203,2.0,2.7,H25 - CBA - Seriell Adder,32,2.0,74.88,14.0,4,0.0
335,2.0,2.1,H25 - CBA - Cache-miss,99,2.0,63.67,14.0,2,100.0
335,2.0,2.1,H25 - CBA - Cache-miss,99,2.0,63.67,14.0,1,0.0
335,2.0,2.1,H25 - CBA - Cache-miss,99,2.0,63.67,14.0,5,0.0
335,2.0,2.1,H25 - CBA - Cache-miss,99,2.0,63.67,14.0,4,0.0
335,2.0,2.1,H25 - CBA - Cache-miss,99,2.0,63.67,14.0,3,0.0
335,2.0,2.2,H25 - CBA - Adder,124,2.0,63.67,14.0,2,100.0
335,2.0,2.2,H25 - CBA - Adder,124,2.0,63.67,14.0,1,0.0
335,2.0,2.2,H25 - CBA - Adder,124,2.0,63.67,14.0,3,0.0
335,2.0,2.2,H25 - CBA - Adder,124,2.0,63.67,14.0,5,0.0
335,2.0,2.2,H25 - CBA - Adder,124,2.0,63.67,14.0,4,0.0
335,2.0,2.3,H25 - CBA - ALU,174,2.0,63.67,14.0,5,25.0
335,2.0,2.3,H25 - CBA - ALU,174,2.0,63.67,14.0,4,0.0
335,2.0,2.3,H25 - CBA - ALU,174,2.0,63.67,14.0,2,25.0
335,2.0,2.3,H25 - CBA - ALU,174,2.0,63.67,14.0,1,25.0
335,2.0,2.3,H25 - CBA - ALU,174,2.0,63.67,14.0,3,25.0
335,2.0,2.4,H25 - CBA - PC,177,2.0,63.67,14.0,1,25.0
335,2.0,2.4,H25 - CBA - PC,177,2.0,63.67,14.0,3,25.0
335,2.0,2.4,H25 - CBA - PC,177,2.0,63.67,14.0,4,25.0
335,2.0,2.4,H25 - CBA - PC,177,2.0,63.67,14.0,5,0.0
335,2.0,2.4,H25 - CBA - PC,177,2.0,63.67,14.0,2,25.0
335,2.0,2.5,H25 - CBA - Universell porter,110,2.0,63.67,14.0,3,100.0
335,2.0,2.5,H25 - CBA - Universell porter,110,2.0,63.67,14.0,1,0.0
335,2.0,2.5,H25 - CBA - Universell porter,110,2.0,63.67,14.0,2,0.0
335,2.0,2.5,H25 - CBA - Universell porter,110,2.0,63.67,14.0,5,0.0
335,2.0,2.5,H25 - CBA - Universell porter,110,2.0,63.67,14.0,4,0.0
335,2.0,2.6,H25 - CBA - Pipeline ytelse,146,2.0,63.67,14.0,5,0.0
335,2.0,2.6,H25 - CBA - Pipeline ytelse,146,2.0,63.67,14.0,2,0.0
335,2.0,2.6,H25 - CBA - Pipeline ytelse,146,2.0,63.67,14.0,1,0.0
335,2.0,2.6,H25 - CBA - Pipeline ytelse,146,2.0,63.67,14.0,4,100.0
335,2.0,2.6,H25 - CBA - Pipeline ytelse,146,2.0,63.67,14.0,3,0.0
335,2.0,2.7,H25 - CBA - Seriell Adder,110,2.0,63.67,14.0,1,0.0
335,2.0,2.7,H25 - CBA - Seriell Adder,110,2.0,63.67,14.0,3,25.0
335,2.0,2.7,H25 - CBA - Seriell Adder,110,2.0,63.67,14.0,5,25.0
335,2.0,2.7,H25 - CBA - Seriell Adder,110,2.0,63.67,14.0,4,25.0
335,2.0,2.7,H25 - CBA - Seriell Adder,110,2.0,63.67,14.0,2,25.0
252,2.0,2.1,H25 - CBA - Cache-miss,52,2.0,90.0,14.0,2,100.0
252,2.0,2.1,H25 - CBA - Cache-miss,52,2.0,90.0,14.0,1,0.0
252,2.0,2.1,H25 - CBA - Cache-miss,52,2.0,90.0,14.0,3,0.0
252,2.0,2.1,H25 - CBA - Cache-miss,52,2.0,90.0,14.0,5,0.0
252,2.0,2.1,H25 - CBA - Cache-miss,52,2.0,90.0,14.0,4,0.0
252,2.0,2.2,H25 - CBA - Adder,34,2.0,90.0,14.0,2,100.0
252,2.0,2.2,H25 - CBA - Adder,34,2.0,90.0,14.0,1,0.0
252,2.0,2.2,H25 - CBA - Adder,34,2.0,90.0,14.0,3,0.0
252,2.0,2.2,H25 - CBA - Adder,34,2.0,90.0,14.0,5,0.0
252,2.0,2.2,H25 - CBA - Adder,34,2.0,90.0,14.0,4,0.0
252,2.0,2.3,H25 - CBA - ALU,60,2.0,90.0,14.0,1,100.0
252,2.0,2.3,H25 - CBA - ALU,60,2.0,90.0,14.0,5,0.0
252,2.0,2.3,H25 - CBA - ALU,60,2.0,90.0,14.0,3,0.0
252,2.0,2.3,H25 - CBA - ALU,60,2.0,90.0,14.0,4,0.0
252,2.0,2.3,H25 - CBA - ALU,60,2.0,90.0,14.0,2,0.0
252,2.0,2.4,H25 - CBA - PC,255,2.0,90.0,14.0,1,100.0
252,2.0,2.4,H25 - CBA - PC,255,2.0,90.0,14.0,2,0.0
252,2.0,2.4,H25 - CBA - PC,255,2.0,90.0,14.0,5,0.0
252,2.0,2.4,H25 - CBA - PC,255,2.0,90.0,14.0,4,0.0
252,2.0,2.4,H25 - CBA - PC,255,2.0,90.0,14.0,3,0.0
252,2.0,2.5,H25 - CBA - Universell porter,20,2.0,90.0,14.0,3,100.0
252,2.0,2.5,H25 - CBA - Universell porter,20,2.0,90.0,14.0,1,0.0
252,2.0,2.5,H25 - CBA - Universell porter,20,2.0,90.0,14.0,5,0.0
252,2.0,2.5,H25 - CBA - Universell porter,20,2.0,90.0,14.0,4,0.0
252,2.0,2.5,H25 - CBA - Universell porter,20,2.0,90.0,14.0,2,0.0
252,2.0,2.6,H25 - CBA - Pipeline ytelse,171,2.0,90.0,14.0,4,100.0
252,2.0,2.6,H25 - CBA - Pipeline ytelse,171,2.0,90.0,14.0,2,0.0
252,2.0,2.6,H25 - CBA - Pipeline ytelse,171,2.0,90.0,14.0,3,0.0
252,2.0,2.6,H25 - CBA - Pipeline ytelse,171,2.0,90.0,14.0,1,0.0
252,2.0,2.6,H25 - CBA - Pipeline ytelse,171,2.0,90.0,14.0,5,0.0
252,2.0,2.7,H25 - CBA - Seriell Adder,240,2.0,90.0,14.0,2,100.0
252,2.0,2.7,H25 - CBA - Seriell Adder,240,2.0,90.0,14.0,3,0.0
252,2.0,2.7,H25 - CBA - Seriell Adder,240,2.0,90.0,14.0,1,0.0
252,2.0,2.7,H25 - CBA - Seriell Adder,240,2.0,90.0,14.0,5,0.0
252,2.0,2.7,H25 - CBA - Seriell Adder,240,2.0,90.0,14.0,4,0.0
333,2.0,2.1,H25 - CBA - Cache-miss,49,2.0,59.52,14.0,5,50.0
333,2.0,2.1,H25 - CBA - Cache-miss,49,2.0,59.52,14.0,2,25.0
333,2.0,2.1,H25 - CBA - Cache-miss,49,2.0,59.52,14.0,4,25.0
333,2.0,2.1,H25 - CBA - Cache-miss,49,2.0,59.52,14.0,1,0.0
333,2.0,2.1,H25 - CBA - Cache-miss,49,2.0,59.52,14.0,3,0.0
333,2.0,2.2,H25 - CBA - Adder,27,2.0,59.52,14.0,5,75.0
333,2.0,2.2,H25 - CBA - Adder,27,2.0,59.52,14.0,2,0.0
333,2.0,2.2,H25 - CBA - Adder,27,2.0,59.52,14.0,3,25.0
333,2.0,2.2,H25 - CBA - Adder,27,2.0,59.52,14.0,1,0.0
333,2.0,2.2,H25 - CBA - Adder,27,2.0,59.52,14.0,4,0.0
333,2.0,2.3,H25 - CBA - ALU,21,2.0,59.52,14.0,1,75.0
333,2.0,2.3,H25 - CBA - ALU,21,2.0,59.52,14.0,5,25.0
333,2.0,2.3,H25 - CBA - ALU,21,2.0,59.52,14.0,3,0.0
333,2.0,2.3,H25 - CBA - ALU,21,2.0,59.52,14.0,4,0.0
333,2.0,2.3,H25 - CBA - ALU,21,2.0,59.52,14.0,2,0.0
333,2.0,2.4,H25 - CBA - PC,121,2.0,59.52,14.0,2,0.0
333,2.0,2.4,H25 - CBA - PC,121,2.0,59.52,14.0,4,75.0
333,2.0,2.4,H25 - CBA - PC,121,2.0,59.52,14.0,1,25.0
333,2.0,2.4,H25 - CBA - PC,121,2.0,59.52,14.0,3,0.0
333,2.0,2.4,H25 - CBA - PC,121,2.0,59.52,14.0,5,0.0
333,2.0,2.5,H25 - CBA - Universell porter,45,2.0,59.52,14.0,3,100.0
333,2.0,2.5,H25 - CBA - Universell porter,45,2.0,59.52,14.0,2,0.0
333,2.0,2.5,H25 - CBA - Universell porter,45,2.0,59.52,14.0,4,0.0
333,2.0,2.5,H25 - CBA - Universell porter,45,2.0,59.52,14.0,1,0.0
333,2.0,2.5,H25 - CBA - Universell porter,45,2.0,59.52,14.0,5,0.0
333,2.0,2.6,H25 - CBA - Pipeline ytelse,31,2.0,59.52,14.0,1,75.0
333,2.0,2.6,H25 - CBA - Pipeline ytelse,31,2.0,59.52,14.0,5,25.0
333,2.0,2.6,H25 - CBA - Pipeline ytelse,31,2.0,59.52,14.0,2,0.0
333,2.0,2.6,H25 - CBA - Pipeline ytelse,31,2.0,59.52,14.0,4,0.0
333,2.0,2.6,H25 - CBA - Pipeline ytelse,31,2.0,59.52,14.0,3,0.0
333,2.0,2.7,H25 - CBA - Seriell Adder,108,2.0,59.52,14.0,4,25.0
333,2.0,2.7,H25 - CBA - Seriell Adder,108,2.0,59.52,14.0,2,25.0
333,2.0,2.7,H25 - CBA - Seriell Adder,108,2.0,59.52,14.0,3,25.0
333,2.0,2.7,H25 - CBA - Seriell Adder,108,2.0,59.52,14.0,5,25.0
333,2.0,2.7,H25 - CBA - Seriell Adder,108,2.0,59.52,14.0,1,0.0
22,2.0,2.1,H25 - CBA - Cache-miss,64,2.0,61.89,4.0,2,100.0
22,2.0,2.2,H25 - CBA - Adder,52,0.0,61.89,4.0,2,75.0
22,2.0,2.2,H25 - CBA - Adder,52,0.0,61.89,4.0,1,25.0
22,2.0,2.3,H25 - CBA - ALU,28,0.0,61.89,4.0,2,50.0
22,2.0,2.3,H25 - CBA - ALU,28,0.0,61.89,4.0,1,50.0
22,2.0,2.4,H25 - CBA - PC,34,0.0,61.89,4.0,3,100.0
22,2.0,2.5,H25 - CBA - Universell porter,29,2.0,61.89,4.0,3,100.0
22,2.0,2.6,H25 - CBA - Pipeline ytelse,41,0.0,61.89,4.0,5,75.0
22,2.0,2.6,H25 - CBA - Pipeline ytelse,41,0.0,61.89,4.0,4,25.0
22,2.0,2.7,H25 - CBA - Seriell Adder,39,0.0,61.89,4.0,4,75.0
22,2.0,2.7,H25 - CBA - Seriell Adder,39,0.0,61.89,4.0,2,25.0
412,2.0,2.1,H25 - CBA - Cache-miss,53,2.0,69.06,14.0,3,0.0
412,2.0,2.1,H25 - CBA - Cache-miss,53,2.0,69.06,14.0,1,0.0
412,2.0,2.1,H25 - CBA - Cache-miss,53,2.0,69.06,14.0,2,100.0
412,2.0,2.1,H25 - CBA - Cache-miss,53,2.0,69.06,14.0,4,0.0
412,2.0,2.1,H25 - CBA - Cache-miss,53,2.0,69.06,14.0,5,0.0
412,2.0,2.2,H25 - CBA - Adder,23,2.0,69.06,14.0,2,100.0
412,2.0,2.2,H25 - CBA - Adder,23,2.0,69.06,14.0,4,0.0
412,2.0,2.2,H25 - CBA - Adder,23,2.0,69.06,14.0,5,0.0
412,2.0,2.2,H25 - CBA - Adder,23,2.0,69.06,14.0,1,0.0
412,2.0,2.2,H25 - CBA - Adder,23,2.0,69.06,14.0,3,0.0
412,2.0,2.3,H25 - CBA - ALU,29,2.0,69.06,14.0,1,100.0
412,2.0,2.3,H25 - CBA - ALU,29,2.0,69.06,14.0,5,0.0
412,2.0,2.3,H25 - CBA - ALU,29,2.0,69.06,14.0,4,0.0
412,2.0,2.3,H25 - CBA - ALU,29,2.0,69.06,14.0,3,0.0
412,2.0,2.3,H25 - CBA - ALU,29,2.0,69.06,14.0,2,0.0
412,2.0,2.4,H25 - CBA - PC,37,2.0,69.06,14.0,5,0.0
412,2.0,2.4,H25 - CBA - PC,37,2.0,69.06,14.0,4,0.0
412,2.0,2.4,H25 - CBA - PC,37,2.0,69.06,14.0,3,0.0
412,2.0,2.4,H25 - CBA - PC,37,2.0,69.06,14.0,1,0.0
412,2.0,2.4,H25 - CBA - PC,37,2.0,69.06,14.0,2,100.0
412,2.0,2.5,H25 - CBA - Universell porter,13,2.0,69.06,14.0,3,100.0
412,2.0,2.5,H25 - CBA - Universell porter,13,2.0,69.06,14.0,2,0.0
412,2.0,2.5,H25 - CBA - Universell porter,13,2.0,69.06,14.0,4,0.0
412,2.0,2.5,H25 - CBA - Universell porter,13,2.0,69.06,14.0,1,0.0
412,2.0,2.5,H25 - CBA - Universell porter,13,2.0,69.06,14.0,5,0.0
412,2.0,2.6,H25 - CBA - Pipeline ytelse,19,2.0,69.06,14.0,4,100.0
412,2.0,2.6,H25 - CBA - Pipeline ytelse,19,2.0,69.06,14.0,1,0.0
412,2.0,2.6,H25 - CBA - Pipeline ytelse,19,2.0,69.06,14.0,5,0.0
412,2.0,2.6,H25 - CBA - Pipeline ytelse,19,2.0,69.06,14.0,3,0.0
412,2.0,2.6,H25 - CBA - Pipeline ytelse,19,2.0,69.06,14.0,2,0.0
412,2.0,2.7,H25 - CBA - Seriell Adder,82,2.0,69.06,14.0,5,0.0
412,2.0,2.7,H25 - CBA - Seriell Adder,82,2.0,69.06,14.0,1,0.0
412,2.0,2.7,H25 - CBA - Seriell Adder,82,2.0,69.06,14.0,4,0.0
412,2.0,2.7,H25 - CBA - Seriell Adder,82,2.0,69.06,14.0,3,25.0
412,2.0,2.7,H25 - CBA - Seriell Adder,82,2.0,69.06,14.0,2,75.0
496,2.0,2.1,H25 - CBA - Cache-miss,175,2.0,62.82,14.0,4,0.0
496,2.0,2.1,H25 - CBA - Cache-miss,175,2.0,62.82,14.0,1,0.0
496,2.0,2.1,H25 - CBA - Cache-miss,175,2.0,62.82,14.0,3,0.0
496,2.0,2.1,H25 - CBA - Cache-miss,175,2.0,62.82,14.0,5,0.0
496,2.0,2.1,H25 - CBA - Cache-miss,175,2.0,62.82,14.0,2,100.0
496,2.0,2.2,H25 - CBA - Adder,43,2.0,62.82,14.0,3,0.0
496,2.0,2.2,H25 - CBA - Adder,43,2.0,62.82,14.0,5,0.0
496,2.0,2.2,H25 - CBA - Adder,43,2.0,62.82,14.0,1,0.0
496,2.0,2.2,H25 - CBA - Adder,43,2.0,62.82,14.0,4,0.0
496,2.0,2.2,H25 - CBA - Adder,43,2.0,62.82,14.0,2,100.0
496,2.0,2.4,H25 - CBA - PC,18,2.0,62.82,14.0,1,100.0
496,2.0,2.4,H25 - CBA - PC,18,2.0,62.82,14.0,4,0.0
496,2.0,2.4,H25 - CBA - PC,18,2.0,62.82,14.0,3,0.0
496,2.0,2.4,H25 - CBA - PC,18,2.0,62.82,14.0,5,0.0
496,2.0,2.4,H25 - CBA - PC,18,2.0,62.82,14.0,2,0.0
496,2.0,2.5,H25 - CBA - Universell porter,45,2.0,62.82,14.0,3,100.0
496,2.0,2.5,H25 - CBA - Universell porter,45,2.0,62.82,14.0,5,0.0
496,2.0,2.5,H25 - CBA - Universell porter,45,2.0,62.82,14.0,2,0.0
496,2.0,2.5,H25 - CBA - Universell porter,45,2.0,62.82,14.0,1,0.0
496,2.0,2.5,H25 - CBA - Universell porter,45,2.0,62.82,14.0,4,0.0
496,2.0,2.6,H25 - CBA - Pipeline ytelse,18,2.0,62.82,14.0,4,100.0
496,2.0,2.6,H25 - CBA - Pipeline ytelse,18,2.0,62.82,14.0,2,0.0
496,2.0,2.6,H25 - CBA - Pipeline ytelse,18,2.0,62.82,14.0,3,0.0
496,2.0,2.6,H25 - CBA - Pipeline ytelse,18,2.0,62.82,14.0,1,0.0
496,2.0,2.6,H25 - CBA - Pipeline ytelse,18,2.0,62.82,14.0,5,0.0
496,2.0,2.7,H25 - CBA - Seriell Adder,35,2.0,62.82,14.0,3,0.0
496,2.0,2.7,H25 - CBA - Seriell Adder,35,2.0,62.82,14.0,2,100.0
496,2.0,2.7,H25 - CBA - Seriell Adder,35,2.0,62.82,14.0,4,0.0
496,2.0,2.7,H25 - CBA - Seriell Adder,35,2.0,62.82,14.0,5,0.0
496,2.0,2.7,H25 - CBA - Seriell Adder,35,2.0,62.82,14.0,1,0.0
331,2.0,2.1,H25 - CBA - Cache-miss,77,2.0,88.5,14.0,2,100.0
331,2.0,2.1,H25 - CBA - Cache-miss,77,2.0,88.5,14.0,4,0.0
331,2.0,2.1,H25 - CBA - Cache-miss,77,2.0,88.5,14.0,3,0.0
331,2.0,2.1,H25 - CBA - Cache-miss,77,2.0,88.5,14.0,1,0.0
331,2.0,2.1,H25 - CBA - Cache-miss,77,2.0,88.5,14.0,5,0.0
331,2.0,2.2,H25 - CBA - Adder,148,2.0,88.5,14.0,2,100.0
331,2.0,2.2,H25 - CBA - Adder,148,2.0,88.5,14.0,5,0.0
331,2.0,2.2,H25 - CBA - Adder,148,2.0,88.5,14.0,3,0.0
331,2.0,2.2,H25 - CBA - Adder,148,2.0,88.5,14.0,1,0.0
331,2.0,2.2,H25 - CBA - Adder,148,2.0,88.5,14.0,4,0.0
331,2.0,2.3,H25 - CBA - ALU,123,2.0,88.5,14.0,4,0.0
331,2.0,2.3,H25 - CBA - ALU,123,2.0,88.5,14.0,3,0.0
331,2.0,2.3,H25 - CBA - ALU,123,2.0,88.5,14.0,5,0.0
331,2.0,2.3,H25 - CBA - ALU,123,2.0,88.5,14.0,2,50.0
331,2.0,2.3,H25 - CBA - ALU,123,2.0,88.5,14.0,1,50.0
331,2.0,2.4,H25 - CBA - PC,143,2.0,88.5,14.0,1,100.0
331,2.0,2.4,H25 - CBA - PC,143,2.0,88.5,14.0,4,0.0
331,2.0,2.4,H25 - CBA - PC,143,2.0,88.5,14.0,5,0.0
331,2.0,2.4,H25 - CBA - PC,143,2.0,88.5,14.0,3,0.0
331,2.0,2.4,H25 - CBA - PC,143,2.0,88.5,14.0,2,0.0
331,2.0,2.5,H25 - CBA - Universell porter,80,2.0,88.5,14.0,3,100.0
331,2.0,2.5,H25 - CBA - Universell porter,80,2.0,88.5,14.0,4,0.0
331,2.0,2.5,H25 - CBA - Universell porter,80,2.0,88.5,14.0,2,0.0
331,2.0,2.5,H25 - CBA - Universell porter,80,2.0,88.5,14.0,1,0.0
331,2.0,2.5,H25 - CBA - Universell porter,80,2.0,88.5,14.0,5,0.0
331,2.0,2.6,H25 - CBA - Pipeline ytelse,485,2.0,88.5,14.0,4,75.0
331,2.0,2.6,H25 - CBA - Pipeline ytelse,485,2.0,88.5,14.0,2,0.0
331,2.0,2.6,H25 - CBA - Pipeline ytelse,485,2.0,88.5,14.0,3,25.0
331,2.0,2.6,H25 - CBA - Pipeline ytelse,485,2.0,88.5,14.0,5,0.0
331,2.0,2.6,H25 - CBA - Pipeline ytelse,485,2.0,88.5,14.0,1,0.0
331,2.0,2.7,H25 - CBA - Seriell Adder,147,2.0,88.5,14.0,2,100.0
331,2.0,2.7,H25 - CBA - Seriell Adder,147,2.0,88.5,14.0,4,0.0
331,2.0,2.7,H25 - CBA - Seriell Adder,147,2.0,88.5,14.0,5,0.0
331,2.0,2.7,H25 - CBA - Seriell Adder,147,2.0,88.5,14.0,3,0.0
331,2.0,2.7,H25 - CBA - Seriell Adder,147,2.0,88.5,14.0,1,0.0
86,2.0,2.1,H25 - CBA - Cache-miss,59,2.0,75.78,14.0,2,100.0
86,2.0,2.1,H25 - CBA - Cache-miss,59,2.0,75.78,14.0,5,0.0
86,2.0,2.1,H25 - CBA - Cache-miss,59,2.0,75.78,14.0,3,0.0
86,2.0,2.1,H25 - CBA - Cache-miss,59,2.0,75.78,14.0,4,0.0
86,2.0,2.1,H25 - CBA - Cache-miss,59,2.0,75.78,14.0,1,0.0
86,2.0,2.2,H25 - CBA - Adder,15,2.0,75.78,14.0,2,100.0
86,2.0,2.2,H25 - CBA - Adder,15,2.0,75.78,14.0,1,0.0
86,2.0,2.2,H25 - CBA - Adder,15,2.0,75.78,14.0,3,0.0
86,2.0,2.2,H25 - CBA - Adder,15,2.0,75.78,14.0,5,0.0
86,2.0,2.2,H25 - CBA - Adder,15,2.0,75.78,14.0,4,0.0
86,2.0,2.3,H25 - CBA - ALU,58,2.0,75.78,14.0,1,100.0
86,2.0,2.3,H25 - CBA - ALU,58,2.0,75.78,14.0,4,0.0
86,2.0,2.3,H25 - CBA - ALU,58,2.0,75.78,14.0,2,0.0
86,2.0,2.3,H25 - CBA - ALU,58,2.0,75.78,14.0,3,0.0
86,2.0,2.3,H25 - CBA - ALU,58,2.0,75.78,14.0,5,0.0
86,2.0,2.4,H25 - CBA - PC,27,2.0,75.78,14.0,3,100.0
86,2.0,2.4,H25 - CBA - PC,27,2.0,75.78,14.0,5,0.0
86,2.0,2.4,H25 - CBA - PC,27,2.0,75.78,14.0,1,0.0
86,2.0,2.4,H25 - CBA - PC,27,2.0,75.78,14.0,2,0.0
86,2.0,2.4,H25 - CBA - PC,27,2.0,75.78,14.0,4,0.0
86,2.0,2.5,H25 - CBA - Universell porter,17,2.0,75.78,14.0,3,100.0
86,2.0,2.5,H25 - CBA - Universell porter,17,2.0,75.78,14.0,5,0.0
86,2.0,2.5,H25 - CBA - Universell porter,17,2.0,75.78,14.0,2,0.0
86,2.0,2.5,H25 - CBA - Universell porter,17,2.0,75.78,14.0,4,0.0
86,2.0,2.5,H25 - CBA - Universell porter,17,2.0,75.78,14.0,1,0.0
86,2.0,2.6,H25 - CBA - Pipeline ytelse,28,2.0,75.78,14.0,4,100.0
86,2.0,2.6,H25 - CBA - Pipeline ytelse,28,2.0,75.78,14.0,3,0.0
86,2.0,2.6,H25 - CBA - Pipeline ytelse,28,2.0,75.78,14.0,1,0.0
86,2.0,2.6,H25 - CBA - Pipeline ytelse,28,2.0,75.78,14.0,2,0.0
86,2.0,2.6,H25 - CBA - Pipeline ytelse,28,2.0,75.78,14.0,5,0.0
86,2.0,2.7,H25 - CBA - Seriell Adder,24,2.0,75.78,14.0,2,100.0
86,2.0,2.7,H25 - CBA - Seriell Adder,24,2.0,75.78,14.0,5,0.0
86,2.0,2.7,H25 - CBA - Seriell Adder,24,2.0,75.78,14.0,4,0.0
86,2.0,2.7,H25 - CBA - Seriell Adder,24,2.0,75.78,14.0,3,0.0
86,2.0,2.7,H25 - CBA - Seriell Adder,24,2.0,75.78,14.0,1,0.0
235,2.0,2.1,H25 - CBA - Cache-miss,73,2.0,55.44,14.0,2,75.0
235,2.0,2.1,H25 - CBA - Cache-miss,73,2.0,55.44,14.0,1,0.0
235,2.0,2.1,H25 - CBA - Cache-miss,73,2.0,55.44,14.0,3,0.0
235,2.0,2.1,H25 - CBA - Cache-miss,73,2.0,55.44,14.0,5,25.0
235,2.0,2.1,H25 - CBA - Cache-miss,73,2.0,55.44,14.0,4,0.0
235,2.0,2.2,H25 - CBA - Adder,61,2.0,55.44,14.0,1,0.0
235,2.0,2.2,H25 - CBA - Adder,61,2.0,55.44,14.0,4,100.0
235,2.0,2.2,H25 - CBA - Adder,61,2.0,55.44,14.0,5,0.0
235,2.0,2.2,H25 - CBA - Adder,61,2.0,55.44,14.0,2,0.0
235,2.0,2.2,H25 - CBA - Adder,61,2.0,55.44,14.0,3,0.0
235,2.0,2.3,H25 - CBA - ALU,199,2.0,55.44,14.0,2,0.0
235,2.0,2.3,H25 - CBA - ALU,199,2.0,55.44,14.0,4,0.0
235,2.0,2.3,H25 - CBA - ALU,199,2.0,55.44,14.0,3,0.0
235,2.0,2.3,H25 - CBA - ALU,199,2.0,55.44,14.0,1,50.0
235,2.0,2.3,H25 - CBA - ALU,199,2.0,55.44,14.0,5,50.0
235,2.0,2.4,H25 - CBA - PC,53,2.0,55.44,14.0,3,50.0
235,2.0,2.4,H25 - CBA - PC,53,2.0,55.44,14.0,4,0.0
235,2.0,2.4,H25 - CBA - PC,53,2.0,55.44,14.0,5,0.0
235,2.0,2.4,H25 - CBA - PC,53,2.0,55.44,14.0,1,0.0
235,2.0,2.4,H25 - CBA - PC,53,2.0,55.44,14.0,2,50.0
235,2.0,2.5,H25 - CBA - Universell porter,31,2.0,55.44,14.0,3,100.0
235,2.0,2.5,H25 - CBA - Universell porter,31,2.0,55.44,14.0,5,0.0
235,2.0,2.5,H25 - CBA - Universell porter,31,2.0,55.44,14.0,2,0.0
235,2.0,2.5,H25 - CBA - Universell porter,31,2.0,55.44,14.0,1,0.0
235,2.0,2.5,H25 - CBA - Universell porter,31,2.0,55.44,14.0,4,0.0
235,2.0,2.6,H25 - CBA - Pipeline ytelse,157,2.0,55.44,14.0,4,50.0
235,2.0,2.6,H25 - CBA - Pipeline ytelse,157,2.0,55.44,14.0,1,0.0
235,2.0,2.6,H25 - CBA - Pipeline ytelse,157,2.0,55.44,14.0,5,50.0
235,2.0,2.6,H25 - CBA - Pipeline ytelse,157,2.0,55.44,14.0,3,0.0
235,2.0,2.6,H25 - CBA - Pipeline ytelse,157,2.0,55.44,14.0,2,0.0
235,2.0,2.7,H25 - CBA - Seriell Adder,28,2.0,55.44,14.0,2,100.0
235,2.0,2.7,H25 - CBA - Seriell Adder,28,2.0,55.44,14.0,4,0.0
235,2.0,2.7,H25 - CBA - Seriell Adder,28,2.0,55.44,14.0,1,0.0
235,2.0,2.7,H25 - CBA - Seriell Adder,28,2.0,55.44,14.0,5,0.0
235,2.0,2.7,H25 - CBA - Seriell Adder,28,2.0,55.44,14.0,3,0.0
147,2.0,2.1,H25 - CBA - Cache-miss,112,2.0,67.95,14.0,2,100.0
147,2.0,2.1,H25 - CBA - Cache-miss,112,2.0,67.95,14.0,3,0.0
147,2.0,2.1,H25 - CBA - Cache-miss,112,2.0,67.95,14.0,1,0.0
147,2.0,2.1,H25 - CBA - Cache-miss,112,2.0,67.95,14.0,5,0.0
147,2.0,2.1,H25 - CBA - Cache-miss,112,2.0,67.95,14.0,4,0.0
147,2.0,2.2,H25 - CBA - Adder,46,2.0,67.95,14.0,2,100.0
147,2.0,2.2,H25 - CBA - Adder,46,2.0,67.95,14.0,5,0.0
147,2.0,2.2,H25 - CBA - Adder,46,2.0,67.95,14.0,1,0.0
147,2.0,2.2,H25 - CBA - Adder,46,2.0,67.95,14.0,4,0.0
147,2.0,2.2,H25 - CBA - Adder,46,2.0,67.95,14.0,3,0.0
147,2.0,2.3,H25 - CBA - ALU,185,2.0,67.95,14.0,1,50.0
147,2.0,2.3,H25 - CBA - ALU,185,2.0,67.95,14.0,2,50.0
147,2.0,2.3,H25 - CBA - ALU,185,2.0,67.95,14.0,3,0.0
147,2.0,2.3,H25 - CBA - ALU,185,2.0,67.95,14.0,4,0.0
147,2.0,2.3,H25 - CBA - ALU,185,2.0,67.95,14.0,5,0.0
147,2.0,2.4,H25 - CBA - PC,36,2.0,67.95,14.0,1,100.0
147,2.0,2.4,H25 - CBA - PC,36,2.0,67.95,14.0,3,0.0
147,2.0,2.4,H25 - CBA - PC,36,2.0,67.95,14.0,2,0.0
147,2.0,2.4,H25 - CBA - PC,36,2.0,67.95,14.0,4,0.0
147,2.0,2.4,H25 - CBA - PC,36,2.0,67.95,14.0,5,0.0
147,2.0,2.5,H25 - CBA - Universell porter,28,2.0,67.95,14.0,3,100.0
147,2.0,2.5,H25 - CBA - Universell porter,28,2.0,67.95,14.0,4,0.0
147,2.0,2.5,H25 - CBA - Universell porter,28,2.0,67.95,14.0,1,0.0
147,2.0,2.5,H25 - CBA - Universell porter,28,2.0,67.95,14.0,2,0.0
147,2.0,2.5,H25 - CBA - Universell porter,28,2.0,67.95,14.0,5,0.0
147,2.0,2.6,H25 - CBA - Pipeline ytelse,34,2.0,67.95,14.0,4,100.0
147,2.0,2.6,H25 - CBA - Pipeline ytelse,34,2.0,67.95,14.0,5,0.0
147,2.0,2.6,H25 - CBA - Pipeline ytelse,34,2.0,67.95,14.0,1,0.0
147,2.0,2.6,H25 - CBA - Pipeline ytelse,34,2.0,67.95,14.0,2,0.0
147,2.0,2.6,H25 - CBA - Pipeline ytelse,34,2.0,67.95,14.0,3,0.0
147,2.0,2.7,H25 - CBA - Seriell Adder,366,2.0,67.95,14.0,4,50.0
147,2.0,2.7,H25 - CBA - Seriell Adder,366,2.0,67.95,14.0,1,50.0
147,2.0,2.7,H25 - CBA - Seriell Adder,366,2.0,67.95,14.0,2,0.0
147,2.0,2.7,H25 - CBA - Seriell Adder,366,2.0,67.95,14.0,3,0.0
147,2.0,2.7,H25 - CBA - Seriell Adder,366,2.0,67.95,14.0,5,0.0
388,2.0,2.1,H25 - CBA - Cache-miss,402,2.0,71.5,14.0,2,100.0
388,2.0,2.1,H25 - CBA - Cache-miss,402,2.0,71.5,14.0,1,0.0
388,2.0,2.1,H25 - CBA - Cache-miss,402,2.0,71.5,14.0,4,0.0
388,2.0,2.1,H25 - CBA - Cache-miss,402,2.0,71.5,14.0,5,0.0
388,2.0,2.1,H25 - CBA - Cache-miss,402,2.0,71.5,14.0,3,0.0
388,2.0,2.2,H25 - CBA - Adder,147,2.0,71.5,14.0,4,0.0
388,2.0,2.2,H25 - CBA - Adder,147,2.0,71.5,14.0,1,0.0
388,2.0,2.2,H25 - CBA - Adder,147,2.0,71.5,14.0,3,0.0
388,2.0,2.2,H25 - CBA - Adder,147,2.0,71.5,14.0,2,100.0
388,2.0,2.2,H25 - CBA - Adder,147,2.0,71.5,14.0,5,0.0
388,2.0,2.4,H25 - CBA - PC,99,2.0,71.5,14.0,5,0.0
388,2.0,2.4,H25 - CBA - PC,99,2.0,71.5,14.0,4,0.0
388,2.0,2.4,H25 - CBA - PC,99,2.0,71.5,14.0,3,0.0
388,2.0,2.4,H25 - CBA - PC,99,2.0,71.5,14.0,1,100.0
388,2.0,2.4,H25 - CBA - PC,99,2.0,71.5,14.0,2,0.0
388,2.0,2.5,H25 - CBA - Universell porter,155,2.0,71.5,14.0,3,100.0
388,2.0,2.5,H25 - CBA - Universell porter,155,2.0,71.5,14.0,1,0.0
388,2.0,2.5,H25 - CBA - Universell porter,155,2.0,71.5,14.0,4,0.0
388,2.0,2.5,H25 - CBA - Universell porter,155,2.0,71.5,14.0,5,0.0
388,2.0,2.5,H25 - CBA - Universell porter,155,2.0,71.5,14.0,2,0.0
388,2.0,2.6,H25 - CBA - Pipeline ytelse,448,2.0,71.5,14.0,3,0.0
388,2.0,2.6,H25 - CBA - Pipeline ytelse,448,2.0,71.5,14.0,2,0.0
388,2.0,2.6,H25 - CBA - Pipeline ytelse,448,2.0,71.5,14.0,1,0.0
388,2.0,2.6,H25 - CBA - Pipeline ytelse,448,2.0,71.5,14.0,4,100.0
388,2.0,2.6,H25 - CBA - Pipeline ytelse,448,2.0,71.5,14.0,5,0.0
388,2.0,2.7,H25 - CBA - Seriell Adder,300,2.0,71.5,14.0,4,0.0
388,2.0,2.7,H25 - CBA - Seriell Adder,300,2.0,71.5,14.0,1,0.0
388,2.0,2.7,H25 - CBA - Seriell Adder,300,2.0,71.5,14.0,2,75.0
388,2.0,2.7,H25 - CBA - Seriell Adder,300,2.0,71.5,14.0,3,25.0
388,2.0,2.7,H25 - CBA - Seriell Adder,300,2.0,71.5,14.0,5,0.0
28,2.0,2.1,H25 - CBA - Cache-miss,31,2.0,70.45,14.0,2,100.0
28,2.0,2.1,H25 - CBA - Cache-miss,31,2.0,70.45,14.0,3,0.0
28,2.0,2.1,H25 - CBA - Cache-miss,31,2.0,70.45,14.0,4,0.0
28,2.0,2.1,H25 - CBA - Cache-miss,31,2.0,70.45,14.0,1,0.0
28,2.0,2.1,H25 - CBA - Cache-miss,31,2.0,70.45,14.0,5,0.0
28,2.0,2.2,H25 - CBA - Adder,20,2.0,70.45,14.0,2,100.0
28,2.0,2.2,H25 - CBA - Adder,20,2.0,70.45,14.0,1,0.0
28,2.0,2.2,H25 - CBA - Adder,20,2.0,70.45,14.0,4,0.0
28,2.0,2.2,H25 - CBA - Adder,20,2.0,70.45,14.0,5,0.0
28,2.0,2.2,H25 - CBA - Adder,20,2.0,70.45,14.0,3,0.0
28,2.0,2.3,H25 - CBA - ALU,55,2.0,70.45,14.0,1,75.0
28,2.0,2.3,H25 - CBA - ALU,55,2.0,70.45,14.0,2,25.0
28,2.0,2.3,H25 - CBA - ALU,55,2.0,70.45,14.0,4,0.0
28,2.0,2.3,H25 - CBA - ALU,55,2.0,70.45,14.0,5,0.0
28,2.0,2.4,H25 - CBA - PC,62,2.0,70.45,14.0,3,100.0
28,2.0,2.4,H25 - CBA - PC,62,2.0,70.45,14.0,4,0.0
28,2.0,2.4,H25 - CBA - PC,62,2.0,70.45,14.0,5,0.0
28,2.0,2.4,H25 - CBA - PC,62,2.0,70.45,14.0,1,0.0
28,2.0,2.4,H25 - CBA - PC,62,2.0,70.45,14.0,2,0.0
28,2.0,2.5,H25 - CBA - Universell porter,193,2.0,70.45,14.0,2,0.0
28,2.0,2.5,H25 - CBA - Universell porter,193,2.0,70.45,14.0,4,0.0
28,2.0,2.5,H25 - CBA - Universell porter,193,2.0,70.45,14.0,3,100.0
28,2.0,2.5,H25 - CBA - Universell porter,193,2.0,70.45,14.0,5,0.0
28,2.0,2.5,H25 - CBA - Universell porter,193,2.0,70.45,14.0,1,0.0
28,2.0,2.6,H25 - CBA - Pipeline ytelse,235,2.0,70.45,14.0,3,25.0
28,2.0,2.6,H25 - CBA - Pipeline ytelse,235,2.0,70.45,14.0,2,0.0
28,2.0,2.6,H25 - CBA - Pipeline ytelse,235,2.0,70.45,14.0,1,25.0
28,2.0,2.6,H25 - CBA - Pipeline ytelse,235,2.0,70.45,14.0,4,25.0
28,2.0,2.6,H25 - CBA - Pipeline ytelse,235,2.0,70.45,14.0,5,25.0
28,2.0,2.7,H25 - CBA - Seriell Adder,112,2.0,70.45,14.0,4,0.0
28,2.0,2.7,H25 - CBA - Seriell Adder,112,2.0,70.45,14.0,1,0.0
28,2.0,2.7,H25 - CBA - Seriell Adder,112,2.0,70.45,14.0,5,25.0
28,2.0,2.7,H25 - CBA - Seriell Adder,112,2.0,70.45,14.0,3,75.0
28,2.0,2.7,H25 - CBA - Seriell Adder,112,2.0,70.45,14.0,2,0.0
296,2.0,2.1,H25 - CBA - Cache-miss,42,2.0,44.49,14.0,1,0.0
296,2.0,2.1,H25 - CBA - Cache-miss,42,2.0,44.49,14.0,5,75.0
296,2.0,2.1,H25 - CBA - Cache-miss,42,2.0,44.49,14.0,3,0.0
296,2.0,2.1,H25 - CBA - Cache-miss,42,2.0,44.49,14.0,2,0.0
296,2.0,2.1,H25 - CBA - Cache-miss,42,2.0,44.49,14.0,4,25.0
296,2.0,2.2,H25 - CBA - Adder,46,2.0,44.49,14.0,4,0.0
296,2.0,2.2,H25 - CBA - Adder,46,2.0,44.49,14.0,3,0.0
296,2.0,2.2,H25 - CBA - Adder,46,2.0,44.49,14.0,5,75.0
296,2.0,2.2,H25 - CBA - Adder,46,2.0,44.49,14.0,1,25.0
296,2.0,2.2,H25 - CBA - Adder,46,2.0,44.49,14.0,2,0.0
296,2.0,2.3,H25 - CBA - ALU,34,2.0,44.49,14.0,2,75.0
296,2.0,2.3,H25 - CBA - ALU,34,2.0,44.49,14.0,1,25.0
296,2.0,2.3,H25 - CBA - ALU,34,2.0,44.49,14.0,4,0.0
296,2.0,2.3,H25 - CBA - ALU,34,2.0,44.49,14.0,3,0.0
296,2.0,2.3,H25 - CBA - ALU,34,2.0,44.49,14.0,5,0.0
296,2.0,2.4,H25 - CBA - PC,20,2.0,44.49,14.0,2,0.0
296,2.0,2.4,H25 - CBA - PC,20,2.0,44.49,14.0,3,0.0
296,2.0,2.4,H25 - CBA - PC,20,2.0,44.49,14.0,5,0.0
296,2.0,2.4,H25 - CBA - PC,20,2.0,44.49,14.0,4,0.0
296,2.0,2.4,H25 - CBA - PC,20,2.0,44.49,14.0,1,100.0
296,2.0,2.5,H25 - CBA - Universell porter,56,2.0,44.49,14.0,3,100.0
296,2.0,2.5,H25 - CBA - Universell porter,56,2.0,44.49,14.0,2,0.0
296,2.0,2.5,H25 - CBA - Universell porter,56,2.0,44.49,14.0,1,0.0
296,2.0,2.5,H25 - CBA - Universell porter,56,2.0,44.49,14.0,4,0.0
296,2.0,2.5,H25 - CBA - Universell porter,56,2.0,44.49,14.0,5,0.0
296,2.0,2.6,H25 - CBA - Pipeline ytelse,25,2.0,44.49,14.0,3,25.0
296,2.0,2.6,H25 - CBA - Pipeline ytelse,25,2.0,44.49,14.0,1,25.0
296,2.0,2.6,H25 - CBA - Pipeline ytelse,25,2.0,44.49,14.0,4,50.0
296,2.0,2.6,H25 - CBA - Pipeline ytelse,25,2.0,44.49,14.0,2,0.0
296,2.0,2.6,H25 - CBA - Pipeline ytelse,25,2.0,44.49,14.0,5,0.0
296,2.0,2.7,H25 - CBA - Seriell Adder,104,2.0,44.49,14.0,2,25.0
296,2.0,2.7,H25 - CBA - Seriell Adder,104,2.0,44.49,14.0,3,0.0
296,2.0,2.7,H25 - CBA - Seriell Adder,104,2.0,44.49,14.0,5,0.0
296,2.0,2.7,H25 - CBA - Seriell Adder,104,2.0,44.49,14.0,4,25.0
296,2.0,2.7,H25 - CBA - Seriell Adder,104,2.0,44.49,14.0,1,50.0
445,2.0,2.1,H25 - CBA - Cache-miss,66,2.0,84.98,14.0,1,0.0
445,2.0,2.1,H25 - CBA - Cache-miss,66,2.0,84.98,14.0,3,0.0
445,2.0,2.1,H25 - CBA - Cache-miss,66,2.0,84.98,14.0,5,0.0
445,2.0,2.1,H25 - CBA - Cache-miss,66,2.0,84.98,14.0,4,0.0
445,2.0,2.1,H25 - CBA - Cache-miss,66,2.0,84.98,14.0,2,100.0
445,2.0,2.2,H25 - CBA - Adder,73,2.0,84.98,14.0,4,0.0
445,2.0,2.2,H25 - CBA - Adder,73,2.0,84.98,14.0,1,0.0
445,2.0,2.2,H25 - CBA - Adder,73,2.0,84.98,14.0,2,100.0
445,2.0,2.2,H25 - CBA - Adder,73,2.0,84.98,14.0,3,0.0
445,2.0,2.2,H25 - CBA - Adder,73,2.0,84.98,14.0,5,0.0
445,2.0,2.3,H25 - CBA - ALU,301,2.0,84.98,14.0,1,50.0
445,2.0,2.3,H25 - CBA - ALU,301,2.0,84.98,14.0,2,50.0
445,2.0,2.3,H25 - CBA - ALU,301,2.0,84.98,14.0,3,0.0
445,2.0,2.3,H25 - CBA - ALU,301,2.0,84.98,14.0,5,0.0
445,2.0,2.3,H25 - CBA - ALU,301,2.0,84.98,14.0,4,0.0
445,2.0,2.4,H25 - CBA - PC,448,2.0,84.98,14.0,5,0.0
445,2.0,2.4,H25 - CBA - PC,448,2.0,84.98,14.0,4,0.0
445,2.0,2.4,H25 - CBA - PC,448,2.0,84.98,14.0,2,0.0
445,2.0,2.4,H25 - CBA - PC,448,2.0,84.98,14.0,1,100.0
445,2.0,2.4,H25 - CBA - PC,448,2.0,84.98,14.0,3,0.0
445,2.0,2.5,H25 - CBA - Universell porter,81,2.0,84.98,14.0,3,100.0
445,2.0,2.5,H25 - CBA - Universell porter,81,2.0,84.98,14.0,1,0.0
445,2.0,2.5,H25 - CBA - Universell porter,81,2.0,84.98,14.0,5,0.0
445,2.0,2.5,H25 - CBA - Universell porter,81,2.0,84.98,14.0,4,0.0
445,2.0,2.5,H25 - CBA - Universell porter,81,2.0,84.98,14.0,2,0.0
445,2.0,2.6,H25 - CBA - Pipeline ytelse,67,2.0,84.98,14.0,4,100.0
445,2.0,2.6,H25 - CBA - Pipeline ytelse,67,2.0,84.98,14.0,1,0.0
445,2.0,2.6,H25 - CBA - Pipeline ytelse,67,2.0,84.98,14.0,5,0.0
445,2.0,2.6,H25 - CBA - Pipeline ytelse,67,2.0,84.98,14.0,3,0.0
445,2.0,2.6,H25 - CBA - Pipeline ytelse,67,2.0,84.98,14.0,2,0.0
445,2.0,2.7,H25 - CBA - Seriell Adder,142,2.0,84.98,14.0,5,0.0
445,2.0,2.7,H25 - CBA - Seriell Adder,142,2.0,84.98,14.0,4,0.0
445,2.0,2.7,H25 - CBA - Seriell Adder,142,2.0,84.98,14.0,2,100.0
445,2.0,2.7,H25 - CBA - Seriell Adder,142,2.0,84.98,14.0,3,0.0
445,2.0,2.7,H25 - CBA - Seriell Adder,142,2.0,84.98,14.0,1,0.0
24,2.0,2.1,H25 - CBA - Cache-miss,92,2.0,66.98,14.0,1,0.0
24,2.0,2.1,H25 - CBA - Cache-miss,92,2.0,66.98,14.0,4,0.0
24,2.0,2.1,H25 - CBA - Cache-miss,92,2.0,66.98,14.0,3,0.0
24,2.0,2.1,H25 - CBA - Cache-miss,92,2.0,66.98,14.0,5,25.0
24,2.0,2.1,H25 - CBA - Cache-miss,92,2.0,66.98,14.0,2,75.0
24,2.0,2.2,H25 - CBA - Adder,58,2.0,66.98,14.0,4,0.0
24,2.0,2.2,H25 - CBA - Adder,58,2.0,66.98,14.0,3,0.0
24,2.0,2.2,H25 - CBA - Adder,58,2.0,66.98,14.0,1,0.0
24,2.0,2.2,H25 - CBA - Adder,58,2.0,66.98,14.0,2,75.0
24,2.0,2.2,H25 - CBA - Adder,58,2.0,66.98,14.0,5,25.0
24,2.0,2.3,H25 - CBA - ALU,122,2.0,66.98,14.0,4,0.0
24,2.0,2.3,H25 - CBA - ALU,122,2.0,66.98,14.0,1,50.0
24,2.0,2.3,H25 - CBA - ALU,122,2.0,66.98,14.0,3,50.0
24,2.0,2.3,H25 - CBA - ALU,122,2.0,66.98,14.0,2,0.0
24,2.0,2.4,H25 - CBA - PC,72,2.0,66.98,14.0,5,0.0
24,2.0,2.4,H25 - CBA - PC,72,2.0,66.98,14.0,1,0.0
24,2.0,2.4,H25 - CBA - PC,72,2.0,66.98,14.0,2,50.0
24,2.0,2.4,H25 - CBA - PC,72,2.0,66.98,14.0,4,25.0
24,2.0,2.4,H25 - CBA - PC,72,2.0,66.98,14.0,3,25.0
24,2.0,2.5,H25 - CBA - Universell porter,20,2.0,66.98,14.0,3,100.0
24,2.0,2.5,H25 - CBA - Universell porter,20,2.0,66.98,14.0,5,0.0
24,2.0,2.5,H25 - CBA - Universell porter,20,2.0,66.98,14.0,2,0.0
24,2.0,2.5,H25 - CBA - Universell porter,20,2.0,66.98,14.0,1,0.0
24,2.0,2.5,H25 - CBA - Universell porter,20,2.0,66.98,14.0,4,0.0
24,2.0,2.6,H25 - CBA - Pipeline ytelse,174,2.0,66.98,14.0,4,50.0
24,2.0,2.6,H25 - CBA - Pipeline ytelse,174,2.0,66.98,14.0,2,0.0
24,2.0,2.6,H25 - CBA - Pipeline ytelse,174,2.0,66.98,14.0,1,25.0
24,2.0,2.6,H25 - CBA - Pipeline ytelse,174,2.0,66.98,14.0,5,25.0
24,2.0,2.6,H25 - CBA - Pipeline ytelse,174,2.0,66.98,14.0,3,0.0
24,2.0,2.7,H25 - CBA - Seriell Adder,148,2.0,66.98,14.0,1,0.0
24,2.0,2.7,H25 - CBA - Seriell Adder,148,2.0,66.98,14.0,4,0.0
24,2.0,2.7,H25 - CBA - Seriell Adder,148,2.0,66.98,14.0,2,75.0
24,2.0,2.7,H25 - CBA - Seriell Adder,148,2.0,66.98,14.0,5,0.0
24,2.0,2.7,H25 - CBA - Seriell Adder,148,2.0,66.98,14.0,3,25.0
29,2.0,2.1,H25 - CBA - Cache-miss,158,2.0,67.25,14.0,5,0.0
29,2.0,2.1,H25 - CBA - Cache-miss,158,2.0,67.25,14.0,4,0.0
29,2.0,2.1,H25 - CBA - Cache-miss,158,2.0,67.25,14.0,3,0.0
29,2.0,2.1,H25 - CBA - Cache-miss,158,2.0,67.25,14.0,2,100.0
29,2.0,2.1,H25 - CBA - Cache-miss,158,2.0,67.25,14.0,1,0.0
29,2.0,2.2,H25 - CBA - Adder,62,2.0,67.25,14.0,2,100.0
29,2.0,2.2,H25 - CBA - Adder,62,2.0,67.25,14.0,4,0.0
29,2.0,2.2,H25 - CBA - Adder,62,2.0,67.25,14.0,1,0.0
29,2.0,2.2,H25 - CBA - Adder,62,2.0,67.25,14.0,3,0.0
29,2.0,2.2,H25 - CBA - Adder,62,2.0,67.25,14.0,5,0.0
29,2.0,2.3,H25 - CBA - ALU,109,2.0,67.25,14.0,1,100.0
29,2.0,2.3,H25 - CBA - ALU,109,2.0,67.25,14.0,2,0.0
29,2.0,2.3,H25 - CBA - ALU,109,2.0,67.25,14.0,3,0.0
29,2.0,2.3,H25 - CBA - ALU,109,2.0,67.25,14.0,5,0.0
29,2.0,2.3,H25 - CBA - ALU,109,2.0,67.25,14.0,4,0.0
29,2.0,2.4,H25 - CBA - PC,103,2.0,67.25,14.0,3,0.0
29,2.0,2.4,H25 - CBA - PC,103,2.0,67.25,14.0,1,100.0
29,2.0,2.4,H25 - CBA - PC,103,2.0,67.25,14.0,2,0.0
29,2.0,2.4,H25 - CBA - PC,103,2.0,67.25,14.0,4,0.0
29,2.0,2.4,H25 - CBA - PC,103,2.0,67.25,14.0,5,0.0
29,2.0,2.5,H25 - CBA - Universell porter,33,2.0,67.25,14.0,3,100.0
29,2.0,2.5,H25 - CBA - Universell porter,33,2.0,67.25,14.0,4,0.0
29,2.0,2.5,H25 - CBA - Universell porter,33,2.0,67.25,14.0,2,0.0
29,2.0,2.5,H25 - CBA - Universell porter,33,2.0,67.25,14.0,5,0.0
29,2.0,2.5,H25 - CBA - Universell porter,33,2.0,67.25,14.0,1,0.0
29,2.0,2.6,H25 - CBA - Pipeline ytelse,116,2.0,67.25,14.0,1,0.0
29,2.0,2.6,H25 - CBA - Pipeline ytelse,116,2.0,67.25,14.0,4,100.0
29,2.0,2.6,H25 - CBA - Pipeline ytelse,116,2.0,67.25,14.0,5,0.0
29,2.0,2.6,H25 - CBA - Pipeline ytelse,116,2.0,67.25,14.0,3,0.0
29,2.0,2.6,H25 - CBA - Pipeline ytelse,116,2.0,67.25,14.0,2,0.0
29,2.0,2.7,H25 - CBA - Seriell Adder,61,2.0,67.25,14.0,2,100.0
29,2.0,2.7,H25 - CBA - Seriell Adder,61,2.0,67.25,14.0,1,0.0
29,2.0,2.7,H25 - CBA - Seriell Adder,61,2.0,67.25,14.0,5,0.0
29,2.0,2.7,H25 - CBA - Seriell Adder,61,2.0,67.25,14.0,4,0.0
29,2.0,2.7,H25 - CBA - Seriell Adder,61,2.0,67.25,14.0,3,0.0
188,2.0,2.1,H25 - CBA - Cache-miss,196,2.0,67.72,14.0,2,50.0
188,2.0,2.1,H25 - CBA - Cache-miss,196,2.0,67.72,14.0,5,50.0
188,2.0,2.1,H25 - CBA - Cache-miss,196,2.0,67.72,14.0,3,0.0
188,2.0,2.1,H25 - CBA - Cache-miss,196,2.0,67.72,14.0,1,0.0
188,2.0,2.1,H25 - CBA - Cache-miss,196,2.0,67.72,14.0,4,0.0
188,2.0,2.2,H25 - CBA - Adder,208,2.0,67.72,14.0,3,75.0
188,2.0,2.2,H25 - CBA - Adder,208,2.0,67.72,14.0,5,0.0
188,2.0,2.2,H25 - CBA - Adder,208,2.0,67.72,14.0,4,0.0
188,2.0,2.2,H25 - CBA - Adder,208,2.0,67.72,14.0,2,25.0
188,2.0,2.2,H25 - CBA - Adder,208,2.0,67.72,14.0,1,0.0
188,2.0,2.3,H25 - CBA - ALU,148,2.0,67.72,14.0,1,75.0
188,2.0,2.3,H25 - CBA - ALU,148,2.0,67.72,14.0,3,25.0
188,2.0,2.3,H25 - CBA - ALU,148,2.0,67.72,14.0,2,0.0
188,2.0,2.3,H25 - CBA - ALU,148,2.0,67.72,14.0,5,0.0
188,2.0,2.3,H25 - CBA - ALU,148,2.0,67.72,14.0,4,0.0
188,2.0,2.4,H25 - CBA - PC,230,2.0,67.72,14.0,2,0.0
188,2.0,2.4,H25 - CBA - PC,230,2.0,67.72,14.0,5,0.0
188,2.0,2.4,H25 - CBA - PC,230,2.0,67.72,14.0,4,0.0
188,2.0,2.4,H25 - CBA - PC,230,2.0,67.72,14.0,1,100.0
188,2.0,2.4,H25 - CBA - PC,230,2.0,67.72,14.0,3,0.0
188,2.0,2.5,H25 - CBA - Universell porter,93,2.0,67.72,14.0,3,100.0
188,2.0,2.5,H25 - CBA - Universell porter,93,2.0,67.72,14.0,4,0.0
188,2.0,2.5,H25 - CBA - Universell porter,93,2.0,67.72,14.0,5,0.0
188,2.0,2.5,H25 - CBA - Universell porter,93,2.0,67.72,14.0,2,0.0
188,2.0,2.5,H25 - CBA - Universell porter,93,2.0,67.72,14.0,1,0.0
188,2.0,2.6,H25 - CBA - Pipeline ytelse,235,2.0,67.72,14.0,1,50.0
188,2.0,2.6,H25 - CBA - Pipeline ytelse,235,2.0,67.72,14.0,4,25.0
188,2.0,2.6,H25 - CBA - Pipeline ytelse,235,2.0,67.72,14.0,3,25.0
188,2.0,2.6,H25 - CBA - Pipeline ytelse,235,2.0,67.72,14.0,5,0.0
188,2.0,2.6,H25 - CBA - Pipeline ytelse,235,2.0,67.72,14.0,2,0.0
188,2.0,2.7,H25 - CBA - Seriell Adder,201,2.0,67.72,14.0,2,100.0
188,2.0,2.7,H25 - CBA - Seriell Adder,201,2.0,67.72,14.0,3,0.0
188,2.0,2.7,H25 - CBA - Seriell Adder,201,2.0,67.72,14.0,4,0.0
188,2.0,2.7,H25 - CBA - Seriell Adder,201,2.0,67.72,14.0,1,0.0
188,2.0,2.7,H25 - CBA - Seriell Adder,201,2.0,67.72,14.0,5,0.0
458,2.0,2.1,H25 - CBA - Cache-miss,81,2.0,59.25,14.0,5,75.0
458,2.0,2.1,H25 - CBA - Cache-miss,81,2.0,59.25,14.0,4,25.0
458,2.0,2.1,H25 - CBA - Cache-miss,81,2.0,59.25,14.0,2,0.0
458,2.0,2.1,H25 - CBA - Cache-miss,81,2.0,59.25,14.0,1,0.0
458,2.0,2.1,H25 - CBA - Cache-miss,81,2.0,59.25,14.0,3,0.0
458,2.0,2.2,H25 - CBA - Adder,234,2.0,59.25,14.0,2,75.0
458,2.0,2.2,H25 - CBA - Adder,234,2.0,59.25,14.0,1,0.0
458,2.0,2.2,H25 - CBA - Adder,234,2.0,59.25,14.0,5,25.0
458,2.0,2.2,H25 - CBA - Adder,234,2.0,59.25,14.0,4,0.0
458,2.0,2.2,H25 - CBA - Adder,234,2.0,59.25,14.0,3,0.0
458,2.0,2.3,H25 - CBA - ALU,378,2.0,59.25,14.0,2,0.0
458,2.0,2.3,H25 - CBA - ALU,378,2.0,59.25,14.0,4,50.0
458,2.0,2.3,H25 - CBA - ALU,378,2.0,59.25,14.0,5,25.0
458,2.0,2.3,H25 - CBA - ALU,378,2.0,59.25,14.0,3,0.0
458,2.0,2.3,H25 - CBA - ALU,378,2.0,59.25,14.0,1,25.0
458,2.0,2.4,H25 - CBA - PC,211,2.0,59.25,14.0,1,25.0
458,2.0,2.4,H25 - CBA - PC,211,2.0,59.25,14.0,4,0.0
458,2.0,2.4,H25 - CBA - PC,211,2.0,59.25,14.0,3,50.0
458,2.0,2.4,H25 - CBA - PC,211,2.0,59.25,14.0,2,25.0
458,2.0,2.4,H25 - CBA - PC,211,2.0,59.25,14.0,5,0.0
458,2.0,2.5,H25 - CBA - Universell porter,439,2.0,59.25,14.0,3,75.0
458,2.0,2.5,H25 - CBA - Universell porter,439,2.0,59.25,14.0,4,0.0
458,2.0,2.5,H25 - CBA - Universell porter,439,2.0,59.25,14.0,1,0.0
458,2.0,2.5,H25 - CBA - Universell porter,439,2.0,59.25,14.0,5,25.0
458,2.0,2.5,H25 - CBA - Universell porter,439,2.0,59.25,14.0,2,0.0
458,2.0,2.6,H25 - CBA - Pipeline ytelse,189,2.0,59.25,14.0,1,0.0
458,2.0,2.6,H25 - CBA - Pipeline ytelse,189,2.0,59.25,14.0,4,100.0
458,2.0,2.6,H25 - CBA - Pipeline ytelse,189,2.0,59.25,14.0,5,0.0
458,2.0,2.6,H25 - CBA - Pipeline ytelse,189,2.0,59.25,14.0,2,0.0
458,2.0,2.6,H25 - CBA - Pipeline ytelse,189,2.0,59.25,14.0,3,0.0
458,2.0,2.7,H25 - CBA - Seriell Adder,140,2.0,59.25,14.0,5,0.0
458,2.0,2.7,H25 - CBA - Seriell Adder,140,2.0,59.25,14.0,4,25.0
458,2.0,2.7,H25 - CBA - Seriell Adder,140,2.0,59.25,14.0,3,0.0
458,2.0,2.7,H25 - CBA - Seriell Adder,140,2.0,59.25,14.0,1,25.0
458,2.0,2.7,H25 - CBA - Seriell Adder,140,2.0,59.25,14.0,2,50.0
450,2.0,2.1,H25 - CBA - Cache-miss,34,2.0,81.24,14.0,2,100.0
450,2.0,2.1,H25 - CBA - Cache-miss,34,2.0,81.24,14.0,5,0.0
450,2.0,2.1,H25 - CBA - Cache-miss,34,2.0,81.24,14.0,3,0.0
450,2.0,2.1,H25 - CBA - Cache-miss,34,2.0,81.24,14.0,4,0.0
450,2.0,2.1,H25 - CBA - Cache-miss,34,2.0,81.24,14.0,1,0.0
450,2.0,2.2,H25 - CBA - Adder,17,2.0,81.24,14.0,2,100.0
450,2.0,2.2,H25 - CBA - Adder,17,2.0,81.24,14.0,5,0.0
450,2.0,2.2,H25 - CBA - Adder,17,2.0,81.24,14.0,3,0.0
450,2.0,2.2,H25 - CBA - Adder,17,2.0,81.24,14.0,4,0.0
450,2.0,2.2,H25 - CBA - Adder,17,2.0,81.24,14.0,1,0.0
450,2.0,2.3,H25 - CBA - ALU,35,2.0,81.24,14.0,1,100.0
450,2.0,2.3,H25 - CBA - ALU,35,2.0,81.24,14.0,4,0.0
450,2.0,2.3,H25 - CBA - ALU,35,2.0,81.24,14.0,3,0.0
450,2.0,2.3,H25 - CBA - ALU,35,2.0,81.24,14.0,2,0.0
450,2.0,2.3,H25 - CBA - ALU,35,2.0,81.24,14.0,5,0.0
450,2.0,2.4,H25 - CBA - PC,78,2.0,81.24,14.0,1,100.0
450,2.0,2.4,H25 - CBA - PC,78,2.0,81.24,14.0,5,0.0
450,2.0,2.4,H25 - CBA - PC,78,2.0,81.24,14.0,4,0.0
450,2.0,2.4,H25 - CBA - PC,78,2.0,81.24,14.0,2,0.0
450,2.0,2.4,H25 - CBA - PC,78,2.0,81.24,14.0,3,0.0
450,2.0,2.5,H25 - CBA - Universell porter,19,2.0,81.24,14.0,3,100.0
450,2.0,2.5,H25 - CBA - Universell porter,19,2.0,81.24,14.0,1,0.0
450,2.0,2.5,H25 - CBA - Universell porter,19,2.0,81.24,14.0,2,0.0
450,2.0,2.5,H25 - CBA - Universell porter,19,2.0,81.24,14.0,4,0.0
450,2.0,2.5,H25 - CBA - Universell porter,19,2.0,81.24,14.0,5,0.0
450,2.0,2.6,H25 - CBA - Pipeline ytelse,63,2.0,81.24,14.0,4,75.0
450,2.0,2.6,H25 - CBA - Pipeline ytelse,63,2.0,81.24,14.0,2,0.0
450,2.0,2.6,H25 - CBA - Pipeline ytelse,63,2.0,81.24,14.0,3,0.0
450,2.0,2.6,H25 - CBA - Pipeline ytelse,63,2.0,81.24,14.0,5,0.0
450,2.0,2.6,H25 - CBA - Pipeline ytelse,63,2.0,81.24,14.0,1,25.0
450,2.0,2.7,H25 - CBA - Seriell Adder,53,2.0,81.24,14.0,2,100.0
450,2.0,2.7,H25 - CBA - Seriell Adder,53,2.0,81.24,14.0,4,0.0
450,2.0,2.7,H25 - CBA - Seriell Adder,53,2.0,81.24,14.0,1,0.0
450,2.0,2.7,H25 - CBA - Seriell Adder,53,2.0,81.24,14.0,5,0.0
450,2.0,2.7,H25 - CBA - Seriell Adder,53,2.0,81.24,14.0,3,0.0
69,2.0,2.2,H25 - CBA - Adder,195,2.0,61.98,14.0,2,75.0
69,2.0,2.2,H25 - CBA - Adder,195,2.0,61.98,14.0,1,0.0
69,2.0,2.2,H25 - CBA - Adder,195,2.0,61.98,14.0,4,0.0
69,2.0,2.2,H25 - CBA - Adder,195,2.0,61.98,14.0,5,25.0
69,2.0,2.2,H25 - CBA - Adder,195,2.0,61.98,14.0,3,0.0
69,2.0,2.3,H25 - CBA - ALU,115,2.0,61.98,14.0,2,50.0
69,2.0,2.3,H25 - CBA - ALU,115,2.0,61.98,14.0,1,50.0
69,2.0,2.3,H25 - CBA - ALU,115,2.0,61.98,14.0,4,0.0
69,2.0,2.3,H25 - CBA - ALU,115,2.0,61.98,14.0,3,0.0
69,2.0,2.3,H25 - CBA - ALU,115,2.0,61.98,14.0,5,0.0
69,2.0,2.4,H25 - CBA - PC,154,2.0,61.98,14.0,1,0.0
69,2.0,2.4,H25 - CBA - PC,154,2.0,61.98,14.0,2,50.0
69,2.0,2.4,H25 - CBA - PC,154,2.0,61.98,14.0,3,50.0
69,2.0,2.4,H25 - CBA - PC,154,2.0,61.98,14.0,5,0.0
69,2.0,2.4,H25 - CBA - PC,154,2.0,61.98,14.0,4,0.0
69,2.0,2.5,H25 - CBA - Universell porter,55,2.0,61.98,14.0,5,0.0
69,2.0,2.5,H25 - CBA - Universell porter,55,2.0,61.98,14.0,3,100.0
69,2.0,2.5,H25 - CBA - Universell porter,55,2.0,61.98,14.0,2,0.0
69,2.0,2.5,H25 - CBA - Universell porter,55,2.0,61.98,14.0,4,0.0
69,2.0,2.5,H25 - CBA - Universell porter,55,2.0,61.98,14.0,1,0.0
69,2.0,2.6,H25 - CBA - Pipeline ytelse,278,2.0,61.98,14.0,5,0.0
69,2.0,2.6,H25 - CBA - Pipeline ytelse,278,2.0,61.98,14.0,3,0.0
69,2.0,2.6,H25 - CBA - Pipeline ytelse,278,2.0,61.98,14.0,2,0.0
69,2.0,2.6,H25 - CBA - Pipeline ytelse,278,2.0,61.98,14.0,4,50.0
69,2.0,2.6,H25 - CBA - Pipeline ytelse,278,2.0,61.98,14.0,1,50.0
69,2.0,2.7,H25 - CBA - Seriell Adder,188,2.0,61.98,14.0,2,100.0
69,2.0,2.7,H25 - CBA - Seriell Adder,188,2.0,61.98,14.0,4,0.0
69,2.0,2.7,H25 - CBA - Seriell Adder,188,2.0,61.98,14.0,3,0.0
69,2.0,2.7,H25 - CBA - Seriell Adder,188,2.0,61.98,14.0,5,0.0
69,2.0,2.7,H25 - CBA - Seriell Adder,188,2.0,61.98,14.0,1,0.0
520,2.0,2.1,H25 - CBA - Cache-miss,301,2.0,79.32,14.0,1,0.0
520,2.0,2.1,H25 - CBA - Cache-miss,301,2.0,79.32,14.0,2,100.0
520,2.0,2.1,H25 - CBA - Cache-miss,301,2.0,79.32,14.0,3,0.0
520,2.0,2.1,H25 - CBA - Cache-miss,301,2.0,79.32,14.0,4,0.0
520,2.0,2.1,H25 - CBA - Cache-miss,301,2.0,79.32,14.0,5,0.0
520,2.0,2.2,H25 - CBA - Adder,45,2.0,79.32,14.0,2,100.0
520,2.0,2.2,H25 - CBA - Adder,45,2.0,79.32,14.0,1,0.0
520,2.0,2.2,H25 - CBA - Adder,45,2.0,79.32,14.0,5,0.0
520,2.0,2.2,H25 - CBA - Adder,45,2.0,79.32,14.0,3,0.0
520,2.0,2.2,H25 - CBA - Adder,45,2.0,79.32,14.0,4,0.0
520,2.0,2.3,H25 - CBA - ALU,237,2.0,79.32,14.0,1,50.0
520,2.0,2.3,H25 - CBA - ALU,237,2.0,79.32,14.0,3,0.0
520,2.0,2.3,H25 - CBA - ALU,237,2.0,79.32,14.0,5,0.0
520,2.0,2.3,H25 - CBA - ALU,237,2.0,79.32,14.0,2,50.0
520,2.0,2.3,H25 - CBA - ALU,237,2.0,79.32,14.0,4,0.0
520,2.0,2.4,H25 - CBA - PC,72,2.0,79.32,14.0,3,100.0
520,2.0,2.4,H25 - CBA - PC,72,2.0,79.32,14.0,2,0.0
520,2.0,2.4,H25 - CBA - PC,72,2.0,79.32,14.0,4,0.0
520,2.0,2.4,H25 - CBA - PC,72,2.0,79.32,14.0,5,0.0
520,2.0,2.4,H25 - CBA - PC,72,2.0,79.32,14.0,1,0.0
520,2.0,2.5,H25 - CBA - Universell porter,26,2.0,79.32,14.0,3,100.0
520,2.0,2.5,H25 - CBA - Universell porter,26,2.0,79.32,14.0,2,0.0
520,2.0,2.5,H25 - CBA - Universell porter,26,2.0,79.32,14.0,5,0.0
520,2.0,2.5,H25 - CBA - Universell porter,26,2.0,79.32,14.0,4,0.0
520,2.0,2.5,H25 - CBA - Universell porter,26,2.0,79.32,14.0,1,0.0
520,2.0,2.6,H25 - CBA - Pipeline ytelse,143,2.0,79.32,14.0,1,100.0
520,2.0,2.6,H25 - CBA - Pipeline ytelse,143,2.0,79.32,14.0,3,0.0
520,2.0,2.6,H25 - CBA - Pipeline ytelse,143,2.0,79.32,14.0,4,0.0
520,2.0,2.6,H25 - CBA - Pipeline ytelse,143,2.0,79.32,14.0,5,0.0
520,2.0,2.6,H25 - CBA - Pipeline ytelse,143,2.0,79.32,14.0,2,0.0
520,2.0,2.7,H25 - CBA - Seriell Adder,145,2.0,79.32,14.0,2,100.0
520,2.0,2.7,H25 - CBA - Seriell Adder,145,2.0,79.32,14.0,1,0.0
520,2.0,2.7,H25 - CBA - Seriell Adder,145,2.0,79.32,14.0,5,0.0
520,2.0,2.7,H25 - CBA - Seriell Adder,145,2.0,79.32,14.0,3,0.0
520,2.0,2.7,H25 - CBA - Seriell Adder,145,2.0,79.32,14.0,4,0.0
355,2.0,2.1,H25 - CBA - Cache-miss,51,2.0,76.5,14.0,2,100.0
355,2.0,2.1,H25 - CBA - Cache-miss,51,2.0,76.5,14.0,1,0.0
355,2.0,2.1,H25 - CBA - Cache-miss,51,2.0,76.5,14.0,4,0.0
355,2.0,2.1,H25 - CBA - Cache-miss,51,2.0,76.5,14.0,3,0.0
355,2.0,2.1,H25 - CBA - Cache-miss,51,2.0,76.5,14.0,5,0.0
355,2.0,2.2,H25 - CBA - Adder,45,2.0,76.5,14.0,2,100.0
355,2.0,2.2,H25 - CBA - Adder,45,2.0,76.5,14.0,3,0.0
355,2.0,2.2,H25 - CBA - Adder,45,2.0,76.5,14.0,1,0.0
355,2.0,2.2,H25 - CBA - Adder,45,2.0,76.5,14.0,4,0.0
355,2.0,2.2,H25 - CBA - Adder,45,2.0,76.5,14.0,5,0.0
355,2.0,2.3,H25 - CBA - ALU,199,2.0,76.5,14.0,3,0.0
355,2.0,2.3,H25 - CBA - ALU,199,2.0,76.5,14.0,2,0.0
355,2.0,2.3,H25 - CBA - ALU,199,2.0,76.5,14.0,5,50.0
355,2.0,2.3,H25 - CBA - ALU,199,2.0,76.5,14.0,4,50.0
355,2.0,2.3,H25 - CBA - ALU,199,2.0,76.5,14.0,1,0.0
355,2.0,2.4,H25 - CBA - PC,27,2.0,76.5,14.0,3,100.0
355,2.0,2.4,H25 - CBA - PC,27,2.0,76.5,14.0,1,0.0
355,2.0,2.4,H25 - CBA - PC,27,2.0,76.5,14.0,2,0.0
355,2.0,2.4,H25 - CBA - PC,27,2.0,76.5,14.0,4,0.0
355,2.0,2.4,H25 - CBA - PC,27,2.0,76.5,14.0,5,0.0
355,2.0,2.5,H25 - CBA - Universell porter,17,2.0,76.5,14.0,3,100.0
355,2.0,2.5,H25 - CBA - Universell porter,17,2.0,76.5,14.0,5,0.0
355,2.0,2.5,H25 - CBA - Universell porter,17,2.0,76.5,14.0,4,0.0
355,2.0,2.5,H25 - CBA - Universell porter,17,2.0,76.5,14.0,1,0.0
355,2.0,2.5,H25 - CBA - Universell porter,17,2.0,76.5,14.0,2,0.0
355,2.0,2.6,H25 - CBA - Pipeline ytelse,43,2.0,76.5,14.0,4,100.0
355,2.0,2.6,H25 - CBA - Pipeline ytelse,43,2.0,76.5,14.0,3,0.0
355,2.0,2.6,H25 - CBA - Pipeline ytelse,43,2.0,76.5,14.0,1,0.0
355,2.0,2.6,H25 - CBA - Pipeline ytelse,43,2.0,76.5,14.0,5,0.0
355,2.0,2.6,H25 - CBA - Pipeline ytelse,43,2.0,76.5,14.0,2,0.0
355,2.0,2.7,H25 - CBA - Seriell Adder,22,2.0,76.5,14.0,2,100.0
355,2.0,2.7,H25 - CBA - Seriell Adder,22,2.0,76.5,14.0,4,0.0
355,2.0,2.7,H25 - CBA - Seriell Adder,22,2.0,76.5,14.0,1,0.0
355,2.0,2.7,H25 - CBA - Seriell Adder,22,2.0,76.5,14.0,5,0.0
355,2.0,2.7,H25 - CBA - Seriell Adder,22,2.0,76.5,14.0,3,0.0
376,2.0,2.1,H25 - CBA - Cache-miss,129,2.0,61.65,14.0,1,0.0
376,2.0,2.1,H25 - CBA - Cache-miss,129,2.0,61.65,14.0,2,75.0
376,2.0,2.1,H25 - CBA - Cache-miss,129,2.0,61.65,14.0,3,0.0
376,2.0,2.1,H25 - CBA - Cache-miss,129,2.0,61.65,14.0,4,0.0
376,2.0,2.1,H25 - CBA - Cache-miss,129,2.0,61.65,14.0,5,25.0
376,2.0,2.2,H25 - CBA - Adder,47,2.0,61.65,14.0,1,0.0
376,2.0,2.2,H25 - CBA - Adder,47,2.0,61.65,14.0,4,0.0
376,2.0,2.2,H25 - CBA - Adder,47,2.0,61.65,14.0,5,25.0
376,2.0,2.2,H25 - CBA - Adder,47,2.0,61.65,14.0,2,25.0
376,2.0,2.2,H25 - CBA - Adder,47,2.0,61.65,14.0,3,50.0
376,2.0,2.3,H25 - CBA - ALU,57,2.0,61.65,14.0,3,0.0
376,2.0,2.3,H25 - CBA - ALU,57,2.0,61.65,14.0,4,0.0
376,2.0,2.3,H25 - CBA - ALU,57,2.0,61.65,14.0,5,75.0
376,2.0,2.3,H25 - CBA - ALU,57,2.0,61.65,14.0,1,25.0
376,2.0,2.3,H25 - CBA - ALU,57,2.0,61.65,14.0,2,0.0
376,2.0,2.4,H25 - CBA - PC,49,2.0,61.65,14.0,3,0.0
376,2.0,2.4,H25 - CBA - PC,49,2.0,61.65,14.0,5,0.0
376,2.0,2.4,H25 - CBA - PC,49,2.0,61.65,14.0,4,0.0
376,2.0,2.4,H25 - CBA - PC,49,2.0,61.65,14.0,2,100.0
376,2.0,2.4,H25 - CBA - PC,49,2.0,61.65,14.0,1,0.0
376,2.0,2.5,H25 - CBA - Universell porter,41,2.0,61.65,14.0,3,75.0
376,2.0,2.5,H25 - CBA - Universell porter,41,2.0,61.65,14.0,5,25.0
376,2.0,2.5,H25 - CBA - Universell porter,41,2.0,61.65,14.0,2,0.0
376,2.0,2.5,H25 - CBA - Universell porter,41,2.0,61.65,14.0,1,0.0
376,2.0,2.5,H25 - CBA - Universell porter,41,2.0,61.65,14.0,4,0.0
376,2.0,2.6,H25 - CBA - Pipeline ytelse,45,2.0,61.65,14.0,2,0.0
376,2.0,2.6,H25 - CBA - Pipeline ytelse,45,2.0,61.65,14.0,1,25.0
376,2.0,2.6,H25 - CBA - Pipeline ytelse,45,2.0,61.65,14.0,3,25.0
376,2.0,2.6,H25 - CBA - Pipeline ytelse,45,2.0,61.65,14.0,4,25.0
376,2.0,2.6,H25 - CBA - Pipeline ytelse,45,2.0,61.65,14.0,5,25.0
376,2.0,2.7,H25 - CBA - Seriell Adder,48,2.0,61.65,14.0,3,0.0
376,2.0,2.7,H25 - CBA - Seriell Adder,48,2.0,61.65,14.0,5,0.0
376,2.0,2.7,H25 - CBA - Seriell Adder,48,2.0,61.65,14.0,4,50.0
376,2.0,2.7,H25 - CBA - Seriell Adder,48,2.0,61.65,14.0,1,25.0
376,2.0,2.7,H25 - CBA - Seriell Adder,48,2.0,61.65,14.0,2,25.0
65,2.0,2.1,H25 - CBA - Cache-miss,44,2.0,83.67,14.0,1,0.0
65,2.0,2.1,H25 - CBA - Cache-miss,44,2.0,83.67,14.0,3,0.0
65,2.0,2.1,H25 - CBA - Cache-miss,44,2.0,83.67,14.0,2,100.0
65,2.0,2.1,H25 - CBA - Cache-miss,44,2.0,83.67,14.0,4,0.0
65,2.0,2.1,H25 - CBA - Cache-miss,44,2.0,83.67,14.0,5,0.0
65,2.0,2.2,H25 - CBA - Adder,12,2.0,83.67,14.0,2,100.0
65,2.0,2.2,H25 - CBA - Adder,12,2.0,83.67,14.0,4,0.0
65,2.0,2.2,H25 - CBA - Adder,12,2.0,83.67,14.0,5,0.0
65,2.0,2.2,H25 - CBA - Adder,12,2.0,83.67,14.0,3,0.0
65,2.0,2.2,H25 - CBA - Adder,12,2.0,83.67,14.0,1,0.0
65,2.0,2.3,H25 - CBA - ALU,63,2.0,83.67,14.0,1,50.0
65,2.0,2.3,H25 - CBA - ALU,63,2.0,83.67,14.0,2,50.0
65,2.0,2.3,H25 - CBA - ALU,63,2.0,83.67,14.0,5,0.0
65,2.0,2.3,H25 - CBA - ALU,63,2.0,83.67,14.0,3,0.0
65,2.0,2.3,H25 - CBA - ALU,63,2.0,83.67,14.0,4,0.0
65,2.0,2.4,H25 - CBA - PC,38,2.0,83.67,14.0,5,0.0
65,2.0,2.4,H25 - CBA - PC,38,2.0,83.67,14.0,2,50.0
65,2.0,2.4,H25 - CBA - PC,38,2.0,83.67,14.0,4,0.0
65,2.0,2.4,H25 - CBA - PC,38,2.0,83.67,14.0,1,50.0
65,2.0,2.4,H25 - CBA - PC,38,2.0,83.67,14.0,3,0.0
65,2.0,2.5,H25 - CBA - Universell porter,16,2.0,83.67,14.0,3,100.0
65,2.0,2.5,H25 - CBA - Universell porter,16,2.0,83.67,14.0,1,0.0
65,2.0,2.5,H25 - CBA - Universell porter,16,2.0,83.67,14.0,4,0.0
65,2.0,2.5,H25 - CBA - Universell porter,16,2.0,83.67,14.0,2,0.0
65,2.0,2.5,H25 - CBA - Universell porter,16,2.0,83.67,14.0,5,0.0
65,2.0,2.6,H25 - CBA - Pipeline ytelse,49,2.0,83.67,14.0,4,100.0
65,2.0,2.6,H25 - CBA - Pipeline ytelse,49,2.0,83.67,14.0,1,0.0
65,2.0,2.6,H25 - CBA - Pipeline ytelse,49,2.0,83.67,14.0,5,0.0
65,2.0,2.6,H25 - CBA - Pipeline ytelse,49,2.0,83.67,14.0,2,0.0
65,2.0,2.6,H25 - CBA - Pipeline ytelse,49,2.0,83.67,14.0,3,0.0
65,2.0,2.7,H25 - CBA - Seriell Adder,27,2.0,83.67,14.0,2,100.0
65,2.0,2.7,H25 - CBA - Seriell Adder,27,2.0,83.67,14.0,5,0.0
65,2.0,2.7,H25 - CBA - Seriell Adder,27,2.0,83.67,14.0,4,0.0
65,2.0,2.7,H25 - CBA - Seriell Adder,27,2.0,83.67,14.0,1,0.0
65,2.0,2.7,H25 - CBA - Seriell Adder,27,2.0,83.67,14.0,3,0.0
206,2.0,2.1,H25 - CBA - Cache-miss,66,2.0,80.32,10.0,2,100.0
206,2.0,2.2,H25 - CBA - Adder,46,2.0,80.32,10.0,2,100.0
206,2.0,2.3,H25 - CBA - ALU,58,0.0,80.32,10.0,1,50.0
206,2.0,2.3,H25 - CBA - ALU,58,0.0,80.32,10.0,3,50.0
206,2.0,2.4,H25 - CBA - PC,174,0.0,80.32,10.0,3,75.0
206,2.0,2.4,H25 - CBA - PC,174,0.0,80.32,10.0,1,25.0
206,2.0,2.5,H25 - CBA - Universell porter,29,2.0,80.32,10.0,3,100.0
206,2.0,2.6,H25 - CBA - Pipeline ytelse,32,2.0,80.32,10.0,4,100.0
206,2.0,2.7,H25 - CBA - Seriell Adder,26,2.0,80.32,10.0,2,100.0
78,2.0,2.1,H25 - CBA - Cache-miss,29,2.0,73.35,14.0,2,75.0
78,2.0,2.1,H25 - CBA - Cache-miss,29,2.0,73.35,14.0,4,25.0
78,2.0,2.1,H25 - CBA - Cache-miss,29,2.0,73.35,14.0,3,0.0
78,2.0,2.1,H25 - CBA - Cache-miss,29,2.0,73.35,14.0,1,0.0
78,2.0,2.1,H25 - CBA - Cache-miss,29,2.0,73.35,14.0,5,0.0
78,2.0,2.2,H25 - CBA - Adder,35,2.0,73.35,14.0,2,75.0
78,2.0,2.2,H25 - CBA - Adder,35,2.0,73.35,14.0,5,25.0
78,2.0,2.2,H25 - CBA - Adder,35,2.0,73.35,14.0,4,0.0
78,2.0,2.2,H25 - CBA - Adder,35,2.0,73.35,14.0,3,0.0
78,2.0,2.2,H25 - CBA - Adder,35,2.0,73.35,14.0,1,0.0
78,2.0,2.3,H25 - CBA - ALU,28,2.0,73.35,14.0,1,50.0
78,2.0,2.3,H25 - CBA - ALU,28,2.0,73.35,14.0,2,50.0
78,2.0,2.3,H25 - CBA - ALU,28,2.0,73.35,14.0,4,0.0
78,2.0,2.3,H25 - CBA - ALU,28,2.0,73.35,14.0,3,0.0
78,2.0,2.3,H25 - CBA - ALU,28,2.0,73.35,14.0,5,0.0
78,2.0,2.4,H25 - CBA - PC,15,2.0,73.35,14.0,3,100.0
78,2.0,2.4,H25 - CBA - PC,15,2.0,73.35,14.0,4,0.0
78,2.0,2.4,H25 - CBA - PC,15,2.0,73.35,14.0,1,0.0
78,2.0,2.4,H25 - CBA - PC,15,2.0,73.35,14.0,2,0.0
78,2.0,2.4,H25 - CBA - PC,15,2.0,73.35,14.0,5,0.0
78,2.0,2.5,H25 - CBA - Universell porter,26,2.0,73.35,14.0,3,100.0
78,2.0,2.5,H25 - CBA - Universell porter,26,2.0,73.35,14.0,2,0.0
78,2.0,2.5,H25 - CBA - Universell porter,26,2.0,73.35,14.0,4,0.0
78,2.0,2.5,H25 - CBA - Universell porter,26,2.0,73.35,14.0,5,0.0
78,2.0,2.5,H25 - CBA - Universell porter,26,2.0,73.35,14.0,1,0.0
78,2.0,2.6,H25 - CBA - Pipeline ytelse,28,2.0,73.35,14.0,4,75.0
78,2.0,2.6,H25 - CBA - Pipeline ytelse,28,2.0,73.35,14.0,3,25.0
78,2.0,2.6,H25 - CBA - Pipeline ytelse,28,2.0,73.35,14.0,2,0.0
78,2.0,2.6,H25 - CBA - Pipeline ytelse,28,2.0,73.35,14.0,5,0.0
78,2.0,2.6,H25 - CBA - Pipeline ytelse,28,2.0,73.35,14.0,1,0.0
78,2.0,2.7,H25 - CBA - Seriell Adder,106,2.0,73.35,14.0,4,50.0
78,2.0,2.7,H25 - CBA - Seriell Adder,106,2.0,73.35,14.0,2,50.0
78,2.0,2.7,H25 - CBA - Seriell Adder,106,2.0,73.35,14.0,5,0.0
78,2.0,2.7,H25 - CBA - Seriell Adder,106,2.0,73.35,14.0,1,0.0
78,2.0,2.7,H25 - CBA - Seriell Adder,106,2.0,73.35,14.0,3,0.0
387,2.0,2.1,H25 - CBA - Cache-miss,45,2.0,67.15,14.0,2,100.0
387,2.0,2.1,H25 - CBA - Cache-miss,45,2.0,67.15,14.0,3,0.0
387,2.0,2.1,H25 - CBA - Cache-miss,45,2.0,67.15,14.0,5,0.0
387,2.0,2.1,H25 - CBA - Cache-miss,45,2.0,67.15,14.0,1,0.0
387,2.0,2.1,H25 - CBA - Cache-miss,45,2.0,67.15,14.0,4,0.0
387,2.0,2.2,H25 - CBA - Adder,59,2.0,67.15,14.0,2,50.0
387,2.0,2.2,H25 - CBA - Adder,59,2.0,67.15,14.0,3,50.0
387,2.0,2.2,H25 - CBA - Adder,59,2.0,67.15,14.0,4,0.0
387,2.0,2.2,H25 - CBA - Adder,59,2.0,67.15,14.0,5,0.0
387,2.0,2.2,H25 - CBA - Adder,59,2.0,67.15,14.0,1,0.0
387,2.0,2.3,H25 - CBA - ALU,42,2.0,67.15,14.0,4,100.0
387,2.0,2.3,H25 - CBA - ALU,42,2.0,67.15,14.0,3,0.0
387,2.0,2.3,H25 - CBA - ALU,42,2.0,67.15,14.0,1,0.0
387,2.0,2.3,H25 - CBA - ALU,42,2.0,67.15,14.0,2,0.0
387,2.0,2.3,H25 - CBA - ALU,42,2.0,67.15,14.0,5,0.0
387,2.0,2.4,H25 - CBA - PC,83,2.0,67.15,14.0,3,75.0
387,2.0,2.4,H25 - CBA - PC,83,2.0,67.15,14.0,5,0.0
387,2.0,2.4,H25 - CBA - PC,83,2.0,67.15,14.0,1,0.0
387,2.0,2.4,H25 - CBA - PC,83,2.0,67.15,14.0,4,0.0
387,2.0,2.4,H25 - CBA - PC,83,2.0,67.15,14.0,2,25.0
387,2.0,2.5,H25 - CBA - Universell porter,16,2.0,67.15,14.0,3,100.0
387,2.0,2.5,H25 - CBA - Universell porter,16,2.0,67.15,14.0,2,0.0
387,2.0,2.5,H25 - CBA - Universell porter,16,2.0,67.15,14.0,5,0.0
387,2.0,2.5,H25 - CBA - Universell porter,16,2.0,67.15,14.0,4,0.0
387,2.0,2.5,H25 - CBA - Universell porter,16,2.0,67.15,14.0,1,0.0
387,2.0,2.6,H25 - CBA - Pipeline ytelse,18,2.0,67.15,14.0,4,100.0
387,2.0,2.6,H25 - CBA - Pipeline ytelse,18,2.0,67.15,14.0,2,0.0
387,2.0,2.6,H25 - CBA - Pipeline ytelse,18,2.0,67.15,14.0,3,0.0
387,2.0,2.6,H25 - CBA - Pipeline ytelse,18,2.0,67.15,14.0,1,0.0
387,2.0,2.6,H25 - CBA - Pipeline ytelse,18,2.0,67.15,14.0,5,0.0
387,2.0,2.7,H25 - CBA - Seriell Adder,77,2.0,67.15,14.0,2,25.0
387,2.0,2.7,H25 - CBA - Seriell Adder,77,2.0,67.15,14.0,1,0.0
387,2.0,2.7,H25 - CBA - Seriell Adder,77,2.0,67.15,14.0,3,25.0
387,2.0,2.7,H25 - CBA - Seriell Adder,77,2.0,67.15,14.0,5,25.0
387,2.0,2.7,H25 - CBA - Seriell Adder,77,2.0,67.15,14.0,4,25.0
243,2.0,2.1,H25 - CBA - Cache-miss,60,2.0,79.68,14.0,2,100.0
243,2.0,2.1,H25 - CBA - Cache-miss,60,2.0,79.68,14.0,1,0.0
243,2.0,2.1,H25 - CBA - Cache-miss,60,2.0,79.68,14.0,4,0.0
243,2.0,2.1,H25 - CBA - Cache-miss,60,2.0,79.68,14.0,3,0.0
243,2.0,2.1,H25 - CBA - Cache-miss,60,2.0,79.68,14.0,5,0.0
243,2.0,2.2,H25 - CBA - Adder,72,2.0,79.68,14.0,2,100.0
243,2.0,2.2,H25 - CBA - Adder,72,2.0,79.68,14.0,4,0.0
243,2.0,2.2,H25 - CBA - Adder,72,2.0,79.68,14.0,1,0.0
243,2.0,2.2,H25 - CBA - Adder,72,2.0,79.68,14.0,5,0.0
243,2.0,2.2,H25 - CBA - Adder,72,2.0,79.68,14.0,3,0.0
243,2.0,2.3,H25 - CBA - ALU,105,2.0,79.68,14.0,5,0.0
243,2.0,2.3,H25 - CBA - ALU,105,2.0,79.68,14.0,3,0.0
243,2.0,2.3,H25 - CBA - ALU,105,2.0,79.68,14.0,1,75.0
243,2.0,2.3,H25 - CBA - ALU,105,2.0,79.68,14.0,2,0.0
243,2.0,2.3,H25 - CBA - ALU,105,2.0,79.68,14.0,4,25.0
243,2.0,2.4,H25 - CBA - PC,28,2.0,79.68,14.0,4,0.0
243,2.0,2.4,H25 - CBA - PC,28,2.0,79.68,14.0,1,0.0
243,2.0,2.4,H25 - CBA - PC,28,2.0,79.68,14.0,2,0.0
243,2.0,2.4,H25 - CBA - PC,28,2.0,79.68,14.0,3,100.0
243,2.0,2.4,H25 - CBA - PC,28,2.0,79.68,14.0,5,0.0
243,2.0,2.5,H25 - CBA - Universell porter,21,2.0,79.68,14.0,2,0.0
243,2.0,2.5,H25 - CBA - Universell porter,21,2.0,79.68,14.0,1,0.0
243,2.0,2.5,H25 - CBA - Universell porter,21,2.0,79.68,14.0,5,0.0
243,2.0,2.5,H25 - CBA - Universell porter,21,2.0,79.68,14.0,4,0.0
243,2.0,2.5,H25 - CBA - Universell porter,21,2.0,79.68,14.0,3,100.0
243,2.0,2.6,H25 - CBA - Pipeline ytelse,26,2.0,79.68,14.0,4,100.0
243,2.0,2.6,H25 - CBA - Pipeline ytelse,26,2.0,79.68,14.0,5,0.0
243,2.0,2.6,H25 - CBA - Pipeline ytelse,26,2.0,79.68,14.0,1,0.0
243,2.0,2.6,H25 - CBA - Pipeline ytelse,26,2.0,79.68,14.0,2,0.0
243,2.0,2.6,H25 - CBA - Pipeline ytelse,26,2.0,79.68,14.0,3,0.0
243,2.0,2.7,H25 - CBA - Seriell Adder,81,2.0,79.68,14.0,1,0.0
243,2.0,2.7,H25 - CBA - Seriell Adder,81,2.0,79.68,14.0,5,0.0
243,2.0,2.7,H25 - CBA - Seriell Adder,81,2.0,79.68,14.0,3,0.0
243,2.0,2.7,H25 - CBA - Seriell Adder,81,2.0,79.68,14.0,4,0.0
243,2.0,2.7,H25 - CBA - Seriell Adder,81,2.0,79.68,14.0,2,100.0
191,2.0,2.1,H25 - CBA - Cache-miss,51,2.0,59.82,14.0,1,0.0
191,2.0,2.1,H25 - CBA - Cache-miss,51,2.0,59.82,14.0,4,0.0
191,2.0,2.1,H25 - CBA - Cache-miss,51,2.0,59.82,14.0,2,100.0
191,2.0,2.1,H25 - CBA - Cache-miss,51,2.0,59.82,14.0,5,0.0
191,2.0,2.1,H25 - CBA - Cache-miss,51,2.0,59.82,14.0,3,0.0
191,2.0,2.2,H25 - CBA - Adder,162,2.0,59.82,14.0,3,75.0
191,2.0,2.2,H25 - CBA - Adder,162,2.0,59.82,14.0,2,25.0
191,2.0,2.2,H25 - CBA - Adder,162,2.0,59.82,14.0,1,0.0
191,2.0,2.2,H25 - CBA - Adder,162,2.0,59.82,14.0,4,0.0
191,2.0,2.2,H25 - CBA - Adder,162,2.0,59.82,14.0,5,0.0
191,2.0,2.3,H25 - CBA - ALU,87,2.0,59.82,14.0,1,100.0
191,2.0,2.3,H25 - CBA - ALU,87,2.0,59.82,14.0,5,0.0
191,2.0,2.3,H25 - CBA - ALU,87,2.0,59.82,14.0,2,0.0
191,2.0,2.3,H25 - CBA - ALU,87,2.0,59.82,14.0,4,0.0
191,2.0,2.3,H25 - CBA - ALU,87,2.0,59.82,14.0,3,0.0
191,2.0,2.4,H25 - CBA - PC,69,2.0,59.82,14.0,3,100.0
191,2.0,2.4,H25 - CBA - PC,69,2.0,59.82,14.0,4,0.0
191,2.0,2.4,H25 - CBA - PC,69,2.0,59.82,14.0,2,0.0
191,2.0,2.4,H25 - CBA - PC,69,2.0,59.82,14.0,5,0.0
191,2.0,2.4,H25 - CBA - PC,69,2.0,59.82,14.0,1,0.0
191,2.0,2.5,H25 - CBA - Universell porter,40,2.0,59.82,14.0,3,100.0
191,2.0,2.5,H25 - CBA - Universell porter,40,2.0,59.82,14.0,5,0.0
191,2.0,2.5,H25 - CBA - Universell porter,40,2.0,59.82,14.0,4,0.0
191,2.0,2.5,H25 - CBA - Universell porter,40,2.0,59.82,14.0,1,0.0
191,2.0,2.5,H25 - CBA - Universell porter,40,2.0,59.82,14.0,2,0.0
191,2.0,2.6,H25 - CBA - Pipeline ytelse,73,2.0,59.82,14.0,3,100.0
191,2.0,2.6,H25 - CBA - Pipeline ytelse,73,2.0,59.82,14.0,2,0.0
191,2.0,2.6,H25 - CBA - Pipeline ytelse,73,2.0,59.82,14.0,5,0.0
191,2.0,2.6,H25 - CBA - Pipeline ytelse,73,2.0,59.82,14.0,4,0.0
191,2.0,2.6,H25 - CBA - Pipeline ytelse,73,2.0,59.82,14.0,1,0.0
191,2.0,2.7,H25 - CBA - Seriell Adder,80,2.0,59.82,14.0,4,75.0
191,2.0,2.7,H25 - CBA - Seriell Adder,80,2.0,59.82,14.0,2,25.0
191,2.0,2.7,H25 - CBA - Seriell Adder,80,2.0,59.82,14.0,3,0.0
191,2.0,2.7,H25 - CBA - Seriell Adder,80,2.0,59.82,14.0,1,0.0
191,2.0,2.7,H25 - CBA - Seriell Adder,80,2.0,59.82,14.0,5,0.0
492,2.0,2.1,H25 - CBA - Cache-miss,575,2.0,64.52,14.0,2,0.0
492,2.0,2.1,H25 - CBA - Cache-miss,575,2.0,64.52,14.0,1,0.0
492,2.0,2.1,H25 - CBA - Cache-miss,575,2.0,64.52,14.0,5,0.0
492,2.0,2.1,H25 - CBA - Cache-miss,575,2.0,64.52,14.0,3,0.0
492,2.0,2.1,H25 - CBA - Cache-miss,575,2.0,64.52,14.0,4,100.0
492,2.0,2.4,H25 - CBA - PC,73,2.0,64.52,14.0,1,100.0
492,2.0,2.4,H25 - CBA - PC,73,2.0,64.52,14.0,5,0.0
492,2.0,2.4,H25 - CBA - PC,73,2.0,64.52,14.0,4,0.0
492,2.0,2.4,H25 - CBA - PC,73,2.0,64.52,14.0,3,0.0
492,2.0,2.4,H25 - CBA - PC,73,2.0,64.52,14.0,2,0.0
492,2.0,2.5,H25 - CBA - Universell porter,70,2.0,64.52,14.0,3,100.0
492,2.0,2.5,H25 - CBA - Universell porter,70,2.0,64.52,14.0,2,0.0
492,2.0,2.5,H25 - CBA - Universell porter,70,2.0,64.52,14.0,4,0.0
492,2.0,2.5,H25 - CBA - Universell porter,70,2.0,64.52,14.0,5,0.0
492,2.0,2.5,H25 - CBA - Universell porter,70,2.0,64.52,14.0,1,0.0
336,2.0,2.1,H25 - CBA - Cache-miss,91,2.0,60.64,14.0,2,75.0
336,2.0,2.1,H25 - CBA - Cache-miss,91,2.0,60.64,14.0,1,0.0
336,2.0,2.1,H25 - CBA - Cache-miss,91,2.0,60.64,14.0,3,25.0
336,2.0,2.1,H25 - CBA - Cache-miss,91,2.0,60.64,14.0,5,0.0
336,2.0,2.1,H25 - CBA - Cache-miss,91,2.0,60.64,14.0,4,0.0
336,2.0,2.2,H25 - CBA - Adder,95,2.0,60.64,14.0,1,0.0
336,2.0,2.2,H25 - CBA - Adder,95,2.0,60.64,14.0,2,0.0
336,2.0,2.2,H25 - CBA - Adder,95,2.0,60.64,14.0,4,0.0
336,2.0,2.2,H25 - CBA - Adder,95,2.0,60.64,14.0,3,75.0
336,2.0,2.2,H25 - CBA - Adder,95,2.0,60.64,14.0,5,25.0
336,2.0,2.3,H25 - CBA - ALU,117,2.0,60.64,14.0,4,0.0
336,2.0,2.3,H25 - CBA - ALU,117,2.0,60.64,14.0,5,0.0
336,2.0,2.3,H25 - CBA - ALU,117,2.0,60.64,14.0,2,0.0
336,2.0,2.3,H25 - CBA - ALU,117,2.0,60.64,14.0,3,50.0
336,2.0,2.3,H25 - CBA - ALU,117,2.0,60.64,14.0,1,50.0
336,2.0,2.4,H25 - CBA - PC,90,2.0,60.64,14.0,5,0.0
336,2.0,2.4,H25 - CBA - PC,90,2.0,60.64,14.0,2,0.0
336,2.0,2.4,H25 - CBA - PC,90,2.0,60.64,14.0,3,0.0
336,2.0,2.4,H25 - CBA - PC,90,2.0,60.64,14.0,4,25.0
336,2.0,2.4,H25 - CBA - PC,90,2.0,60.64,14.0,1,75.0
336,2.0,2.5,H25 - CBA - Universell porter,99,2.0,60.64,14.0,1,75.0
336,2.0,2.5,H25 - CBA - Universell porter,99,2.0,60.64,14.0,3,0.0
336,2.0,2.5,H25 - CBA - Universell porter,99,2.0,60.64,14.0,4,0.0
336,2.0,2.5,H25 - CBA - Universell porter,99,2.0,60.64,14.0,2,0.0
336,2.0,2.5,H25 - CBA - Universell porter,99,2.0,60.64,14.0,5,25.0
336,2.0,2.6,H25 - CBA - Pipeline ytelse,55,2.0,60.64,14.0,5,0.0
336,2.0,2.6,H25 - CBA - Pipeline ytelse,55,2.0,60.64,14.0,1,0.0
336,2.0,2.6,H25 - CBA - Pipeline ytelse,55,2.0,60.64,14.0,3,50.0
336,2.0,2.6,H25 - CBA - Pipeline ytelse,55,2.0,60.64,14.0,4,50.0
336,2.0,2.6,H25 - CBA - Pipeline ytelse,55,2.0,60.64,14.0,2,0.0
336,2.0,2.7,H25 - CBA - Seriell Adder,61,2.0,60.64,14.0,5,0.0
336,2.0,2.7,H25 - CBA - Seriell Adder,61,2.0,60.64,14.0,2,25.0
336,2.0,2.7,H25 - CBA - Seriell Adder,61,2.0,60.64,14.0,4,0.0
336,2.0,2.7,H25 - CBA - Seriell Adder,61,2.0,60.64,14.0,3,50.0
336,2.0,2.7,H25 - CBA - Seriell Adder,61,2.0,60.64,14.0,1,25.0
178,2.0,2.1,H25 - CBA - Cache-miss,139,2.0,90.15,14.0,2,100.0
178,2.0,2.1,H25 - CBA - Cache-miss,139,2.0,90.15,14.0,5,0.0
178,2.0,2.1,H25 - CBA - Cache-miss,139,2.0,90.15,14.0,4,0.0
178,2.0,2.1,H25 - CBA - Cache-miss,139,2.0,90.15,14.0,1,0.0
178,2.0,2.1,H25 - CBA - Cache-miss,139,2.0,90.15,14.0,3,0.0
178,2.0,2.2,H25 - CBA - Adder,86,2.0,90.15,14.0,2,100.0
178,2.0,2.2,H25 - CBA - Adder,86,2.0,90.15,14.0,1,0.0
178,2.0,2.2,H25 - CBA - Adder,86,2.0,90.15,14.0,3,0.0
178,2.0,2.2,H25 - CBA - Adder,86,2.0,90.15,14.0,4,0.0
178,2.0,2.2,H25 - CBA - Adder,86,2.0,90.15,14.0,5,0.0
178,2.0,2.3,H25 - CBA - ALU,110,2.0,90.15,14.0,1,100.0
178,2.0,2.3,H25 - CBA - ALU,110,2.0,90.15,14.0,2,0.0
178,2.0,2.3,H25 - CBA - ALU,110,2.0,90.15,14.0,4,0.0
178,2.0,2.3,H25 - CBA - ALU,110,2.0,90.15,14.0,5,0.0
178,2.0,2.3,H25 - CBA - ALU,110,2.0,90.15,14.0,3,0.0
178,2.0,2.4,H25 - CBA - PC,103,2.0,90.15,14.0,2,0.0
178,2.0,2.4,H25 - CBA - PC,103,2.0,90.15,14.0,5,0.0
178,2.0,2.4,H25 - CBA - PC,103,2.0,90.15,14.0,1,100.0
178,2.0,2.4,H25 - CBA - PC,103,2.0,90.15,14.0,3,0.0
178,2.0,2.4,H25 - CBA - PC,103,2.0,90.15,14.0,4,0.0
178,2.0,2.5,H25 - CBA - Universell porter,44,2.0,90.15,14.0,3,100.0
178,2.0,2.5,H25 - CBA - Universell porter,44,2.0,90.15,14.0,4,0.0
178,2.0,2.5,H25 - CBA - Universell porter,44,2.0,90.15,14.0,2,0.0
178,2.0,2.5,H25 - CBA - Universell porter,44,2.0,90.15,14.0,1,0.0
178,2.0,2.5,H25 - CBA - Universell porter,44,2.0,90.15,14.0,5,0.0
178,2.0,2.6,H25 - CBA - Pipeline ytelse,93,2.0,90.15,14.0,2,0.0
178,2.0,2.6,H25 - CBA - Pipeline ytelse,93,2.0,90.15,14.0,4,100.0
178,2.0,2.6,H25 - CBA - Pipeline ytelse,93,2.0,90.15,14.0,5,0.0
178,2.0,2.6,H25 - CBA - Pipeline ytelse,93,2.0,90.15,14.0,1,0.0
178,2.0,2.6,H25 - CBA - Pipeline ytelse,93,2.0,90.15,14.0,3,0.0
178,2.0,2.7,H25 - CBA - Seriell Adder,117,2.0,90.15,14.0,2,50.0
178,2.0,2.7,H25 - CBA - Seriell Adder,117,2.0,90.15,14.0,1,25.0
178,2.0,2.7,H25 - CBA - Seriell Adder,117,2.0,90.15,14.0,4,25.0
178,2.0,2.7,H25 - CBA - Seriell Adder,117,2.0,90.15,14.0,3,0.0
178,2.0,2.7,H25 - CBA - Seriell Adder,117,2.0,90.15,14.0,5,0.0
393,2.0,2.1,H25 - CBA - Cache-miss,198,2.0,54.15,12.0,2,100.0
393,2.0,2.1,H25 - CBA - Cache-miss,198,2.0,54.15,12.0,1,0.0
393,2.0,2.1,H25 - CBA - Cache-miss,198,2.0,54.15,12.0,4,0.0
393,2.0,2.1,H25 - CBA - Cache-miss,198,2.0,54.15,12.0,3,0.0
393,2.0,2.1,H25 - CBA - Cache-miss,198,2.0,54.15,12.0,5,0.0
393,2.0,2.2,H25 - CBA - Adder,234,2.0,54.15,12.0,2,75.0
393,2.0,2.2,H25 - CBA - Adder,234,2.0,54.15,12.0,3,0.0
393,2.0,2.2,H25 - CBA - Adder,234,2.0,54.15,12.0,5,25.0
393,2.0,2.2,H25 - CBA - Adder,234,2.0,54.15,12.0,4,0.0
393,2.0,2.2,H25 - CBA - Adder,234,2.0,54.15,12.0,1,0.0
393,2.0,2.3,H25 - CBA - ALU,298,2.0,54.15,12.0,1,50.0
393,2.0,2.3,H25 - CBA - ALU,298,2.0,54.15,12.0,2,50.0
393,2.0,2.3,H25 - CBA - ALU,298,2.0,54.15,12.0,3,0.0
393,2.0,2.3,H25 - CBA - ALU,298,2.0,54.15,12.0,4,0.0
393,2.0,2.3,H25 - CBA - ALU,298,2.0,54.15,12.0,5,0.0
393,2.0,2.4,H25 - CBA - PC,160,2.0,54.15,12.0,1,75.0
393,2.0,2.4,H25 - CBA - PC,160,2.0,54.15,12.0,3,25.0
393,2.0,2.4,H25 - CBA - PC,160,2.0,54.15,12.0,4,0.0
393,2.0,2.4,H25 - CBA - PC,160,2.0,54.15,12.0,5,0.0
393,2.0,2.4,H25 - CBA - PC,160,2.0,54.15,12.0,2,0.0
393,2.0,2.5,H25 - CBA - Universell porter,205,2.0,54.15,12.0,5,75.0
393,2.0,2.5,H25 - CBA - Universell porter,205,2.0,54.15,12.0,1,0.0
393,2.0,2.5,H25 - CBA - Universell porter,205,2.0,54.15,12.0,3,0.0
393,2.0,2.5,H25 - CBA - Universell porter,205,2.0,54.15,12.0,2,0.0
393,2.0,2.5,H25 - CBA - Universell porter,205,2.0,54.15,12.0,4,25.0
393,2.0,2.6,H25 - CBA - Pipeline ytelse,184,2.0,54.15,12.0,3,0.0
393,2.0,2.6,H25 - CBA - Pipeline ytelse,184,2.0,54.15,12.0,5,50.0
393,2.0,2.6,H25 - CBA - Pipeline ytelse,184,2.0,54.15,12.0,4,0.0
393,2.0,2.6,H25 - CBA - Pipeline ytelse,184,2.0,54.15,12.0,1,50.0
393,2.0,2.6,H25 - CBA - Pipeline ytelse,184,2.0,54.15,12.0,2,0.0
393,2.0,2.7,H25 - CBA - Seriell Adder,142,0.0,54.15,12.0,2,75.0
393,2.0,2.7,H25 - CBA - Seriell Adder,142,0.0,54.15,12.0,1,25.0
491,2.0,2.1,H25 - CBA - Cache-miss,97,2.0,81.98,14.0,1,0.0
491,2.0,2.1,H25 - CBA - Cache-miss,97,2.0,81.98,14.0,2,100.0
491,2.0,2.1,H25 - CBA - Cache-miss,97,2.0,81.98,14.0,3,0.0
491,2.0,2.1,H25 - CBA - Cache-miss,97,2.0,81.98,14.0,5,0.0
491,2.0,2.1,H25 - CBA - Cache-miss,97,2.0,81.98,14.0,4,0.0
491,2.0,2.2,H25 - CBA - Adder,20,2.0,81.98,14.0,2,100.0
491,2.0,2.2,H25 - CBA - Adder,20,2.0,81.98,14.0,3,0.0
491,2.0,2.2,H25 - CBA - Adder,20,2.0,81.98,14.0,1,0.0
491,2.0,2.2,H25 - CBA - Adder,20,2.0,81.98,14.0,4,0.0
491,2.0,2.2,H25 - CBA - Adder,20,2.0,81.98,14.0,5,0.0
491,2.0,2.3,H25 - CBA - ALU,73,2.0,81.98,14.0,1,75.0
491,2.0,2.3,H25 - CBA - ALU,73,2.0,81.98,14.0,4,0.0
491,2.0,2.3,H25 - CBA - ALU,73,2.0,81.98,14.0,3,0.0
491,2.0,2.3,H25 - CBA - ALU,73,2.0,81.98,14.0,5,0.0
491,2.0,2.3,H25 - CBA - ALU,73,2.0,81.98,14.0,2,25.0
491,2.0,2.4,H25 - CBA - PC,48,2.0,81.98,14.0,3,0.0
491,2.0,2.4,H25 - CBA - PC,48,2.0,81.98,14.0,1,0.0
491,2.0,2.4,H25 - CBA - PC,48,2.0,81.98,14.0,2,100.0
491,2.0,2.4,H25 - CBA - PC,48,2.0,81.98,14.0,4,0.0
491,2.0,2.4,H25 - CBA - PC,48,2.0,81.98,14.0,5,0.0
491,2.0,2.5,H25 - CBA - Universell porter,35,2.0,81.98,14.0,3,100.0
491,2.0,2.5,H25 - CBA - Universell porter,35,2.0,81.98,14.0,1,0.0
491,2.0,2.5,H25 - CBA - Universell porter,35,2.0,81.98,14.0,5,0.0
491,2.0,2.5,H25 - CBA - Universell porter,35,2.0,81.98,14.0,2,0.0
491,2.0,2.5,H25 - CBA - Universell porter,35,2.0,81.98,14.0,4,0.0
491,2.0,2.6,H25 - CBA - Pipeline ytelse,39,2.0,81.98,14.0,4,100.0
491,2.0,2.6,H25 - CBA - Pipeline ytelse,39,2.0,81.98,14.0,3,0.0
491,2.0,2.6,H25 - CBA - Pipeline ytelse,39,2.0,81.98,14.0,2,0.0
491,2.0,2.6,H25 - CBA - Pipeline ytelse,39,2.0,81.98,14.0,1,0.0
491,2.0,2.6,H25 - CBA - Pipeline ytelse,39,2.0,81.98,14.0,5,0.0
491,2.0,2.7,H25 - CBA - Seriell Adder,28,2.0,81.98,14.0,2,100.0
491,2.0,2.7,H25 - CBA - Seriell Adder,28,2.0,81.98,14.0,4,0.0
491,2.0,2.7,H25 - CBA - Seriell Adder,28,2.0,81.98,14.0,1,0.0
491,2.0,2.7,H25 - CBA - Seriell Adder,28,2.0,81.98,14.0,5,0.0
491,2.0,2.7,H25 - CBA - Seriell Adder,28,2.0,81.98,14.0,3,0.0
47,2.0,2.1,H25 - CBA - Cache-miss,45,2.0,71.25,14.0,2,100.0
47,2.0,2.1,H25 - CBA - Cache-miss,45,2.0,71.25,14.0,5,0.0
47,2.0,2.1,H25 - CBA - Cache-miss,45,2.0,71.25,14.0,1,0.0
47,2.0,2.1,H25 - CBA - Cache-miss,45,2.0,71.25,14.0,3,0.0
47,2.0,2.1,H25 - CBA - Cache-miss,45,2.0,71.25,14.0,4,0.0
47,2.0,2.2,H25 - CBA - Adder,50,2.0,71.25,14.0,2,100.0
47,2.0,2.2,H25 - CBA - Adder,50,2.0,71.25,14.0,3,0.0
47,2.0,2.2,H25 - CBA - Adder,50,2.0,71.25,14.0,4,0.0
47,2.0,2.2,H25 - CBA - Adder,50,2.0,71.25,14.0,1,0.0
47,2.0,2.2,H25 - CBA - Adder,50,2.0,71.25,14.0,5,0.0
47,2.0,2.3,H25 - CBA - ALU,51,2.0,71.25,14.0,1,100.0
47,2.0,2.3,H25 - CBA - ALU,51,2.0,71.25,14.0,2,0.0
47,2.0,2.3,H25 - CBA - ALU,51,2.0,71.25,14.0,5,0.0
47,2.0,2.3,H25 - CBA - ALU,51,2.0,71.25,14.0,3,0.0
47,2.0,2.3,H25 - CBA - ALU,51,2.0,71.25,14.0,4,0.0
47,2.0,2.4,H25 - CBA - PC,30,2.0,71.25,14.0,3,100.0
47,2.0,2.4,H25 - CBA - PC,30,2.0,71.25,14.0,2,0.0
47,2.0,2.4,H25 - CBA - PC,30,2.0,71.25,14.0,5,0.0
47,2.0,2.4,H25 - CBA - PC,30,2.0,71.25,14.0,4,0.0
47,2.0,2.4,H25 - CBA - PC,30,2.0,71.25,14.0,1,0.0
47,2.0,2.5,H25 - CBA - Universell porter,38,2.0,71.25,14.0,3,100.0
47,2.0,2.5,H25 - CBA - Universell porter,38,2.0,71.25,14.0,5,0.0
47,2.0,2.5,H25 - CBA - Universell porter,38,2.0,71.25,14.0,2,0.0
47,2.0,2.5,H25 - CBA - Universell porter,38,2.0,71.25,14.0,1,0.0
47,2.0,2.5,H25 - CBA - Universell porter,38,2.0,71.25,14.0,4,0.0
47,2.0,2.6,H25 - CBA - Pipeline ytelse,89,2.0,71.25,14.0,4,100.0
47,2.0,2.6,H25 - CBA - Pipeline ytelse,89,2.0,71.25,14.0,3,0.0
47,2.0,2.6,H25 - CBA - Pipeline ytelse,89,2.0,71.25,14.0,5,0.0
47,2.0,2.6,H25 - CBA - Pipeline ytelse,89,2.0,71.25,14.0,1,0.0
47,2.0,2.6,H25 - CBA - Pipeline ytelse,89,2.0,71.25,14.0,2,0.0
47,2.0,2.7,H25 - CBA - Seriell Adder,110,2.0,71.25,14.0,3,50.0
47,2.0,2.7,H25 - CBA - Seriell Adder,110,2.0,71.25,14.0,5,50.0
47,2.0,2.7,H25 - CBA - Seriell Adder,110,2.0,71.25,14.0,1,0.0
47,2.0,2.7,H25 - CBA - Seriell Adder,110,2.0,71.25,14.0,4,0.0
47,2.0,2.7,H25 - CBA - Seriell Adder,110,2.0,71.25,14.0,2,0.0
169,2.0,2.1,H25 - CBA - Cache-miss,171,2.0,28.04,10.0,2,0.0
169,2.0,2.1,H25 - CBA - Cache-miss,171,2.0,28.04,10.0,5,25.0
169,2.0,2.1,H25 - CBA - Cache-miss,171,2.0,28.04,10.0,4,25.0
169,2.0,2.1,H25 - CBA - Cache-miss,171,2.0,28.04,10.0,1,50.0
169,2.0,2.1,H25 - CBA - Cache-miss,171,2.0,28.04,10.0,3,0.0
169,2.0,2.2,H25 - CBA - Adder,115,2.0,28.04,10.0,5,0.0
169,2.0,2.2,H25 - CBA - Adder,115,2.0,28.04,10.0,3,50.0
169,2.0,2.2,H25 - CBA - Adder,115,2.0,28.04,10.0,2,25.0
169,2.0,2.2,H25 - CBA - Adder,115,2.0,28.04,10.0,1,0.0
169,2.0,2.2,H25 - CBA - Adder,115,2.0,28.04,10.0,4,25.0
169,2.0,2.3,H25 - CBA - ALU,62,0.0,28.04,10.0,1,75.0
169,2.0,2.3,H25 - CBA - ALU,62,0.0,28.04,10.0,4,25.0
169,2.0,2.4,H25 - CBA - PC,85,2.0,28.04,10.0,3,75.0
169,2.0,2.4,H25 - CBA - PC,85,2.0,28.04,10.0,4,25.0
169,2.0,2.4,H25 - CBA - PC,85,2.0,28.04,10.0,5,0.0
169,2.0,2.4,H25 - CBA - PC,85,2.0,28.04,10.0,2,0.0
169,2.0,2.4,H25 - CBA - PC,85,2.0,28.04,10.0,1,0.0
97,2.0,2.1,H25 - CBA - Cache-miss,207,0.0,53.48,10.0,3,50.0
97,2.0,2.1,H25 - CBA - Cache-miss,207,0.0,53.48,10.0,5,50.0
97,2.0,2.2,H25 - CBA - Adder,82,2.0,53.48,10.0,2,100.0
97,2.0,2.3,H25 - CBA - ALU,60,0.0,53.48,10.0,3,25.0
97,2.0,2.3,H25 - CBA - ALU,60,0.0,53.48,10.0,2,75.0
97,2.0,2.4,H25 - CBA - PC,54,2.0,53.48,10.0,1,100.0
97,2.0,2.5,H25 - CBA - Universell porter,80,2.0,53.48,10.0,3,100.0
97,2.0,2.6,H25 - CBA - Pipeline ytelse,80,2.0,53.48,10.0,4,100.0
97,2.0,2.7,H25 - CBA - Seriell Adder,286,2.0,53.48,10.0,2,100.0
499,2.0,2.1,H25 - CBA - Cache-miss,44,2.0,74.17,14.0,2,100.0
499,2.0,2.1,H25 - CBA - Cache-miss,44,2.0,74.17,14.0,1,0.0
499,2.0,2.1,H25 - CBA - Cache-miss,44,2.0,74.17,14.0,5,0.0
499,2.0,2.1,H25 - CBA - Cache-miss,44,2.0,74.17,14.0,4,0.0
499,2.0,2.1,H25 - CBA - Cache-miss,44,2.0,74.17,14.0,3,0.0
499,2.0,2.2,H25 - CBA - Adder,46,2.0,74.17,14.0,4,0.0
499,2.0,2.2,H25 - CBA - Adder,46,2.0,74.17,14.0,1,0.0
499,2.0,2.2,H25 - CBA - Adder,46,2.0,74.17,14.0,2,100.0
499,2.0,2.2,H25 - CBA - Adder,46,2.0,74.17,14.0,5,0.0
499,2.0,2.2,H25 - CBA - Adder,46,2.0,74.17,14.0,3,0.0
499,2.0,2.3,H25 - CBA - ALU,50,2.0,74.17,14.0,1,100.0
499,2.0,2.3,H25 - CBA - ALU,50,2.0,74.17,14.0,2,0.0
499,2.0,2.3,H25 - CBA - ALU,50,2.0,74.17,14.0,5,0.0
499,2.0,2.3,H25 - CBA - ALU,50,2.0,74.17,14.0,4,0.0
499,2.0,2.3,H25 - CBA - ALU,50,2.0,74.17,14.0,3,0.0
499,2.0,2.4,H25 - CBA - PC,67,2.0,74.17,14.0,1,75.0
499,2.0,2.4,H25 - CBA - PC,67,2.0,74.17,14.0,3,0.0
499,2.0,2.4,H25 - CBA - PC,67,2.0,74.17,14.0,2,25.0
499,2.0,2.4,H25 - CBA - PC,67,2.0,74.17,14.0,4,0.0
499,2.0,2.4,H25 - CBA - PC,67,2.0,74.17,14.0,5,0.0
499,2.0,2.5,H25 - CBA - Universell porter,28,2.0,74.17,14.0,3,100.0
499,2.0,2.5,H25 - CBA - Universell porter,28,2.0,74.17,14.0,1,0.0
499,2.0,2.5,H25 - CBA - Universell porter,28,2.0,74.17,14.0,4,0.0
499,2.0,2.5,H25 - CBA - Universell porter,28,2.0,74.17,14.0,2,0.0
499,2.0,2.5,H25 - CBA - Universell porter,28,2.0,74.17,14.0,5,0.0
499,2.0,2.6,H25 - CBA - Pipeline ytelse,44,2.0,74.17,14.0,2,0.0
499,2.0,2.6,H25 - CBA - Pipeline ytelse,44,2.0,74.17,14.0,5,0.0
499,2.0,2.6,H25 - CBA - Pipeline ytelse,44,2.0,74.17,14.0,1,0.0
499,2.0,2.6,H25 - CBA - Pipeline ytelse,44,2.0,74.17,14.0,3,0.0
499,2.0,2.6,H25 - CBA - Pipeline ytelse,44,2.0,74.17,14.0,4,100.0
499,2.0,2.7,H25 - CBA - Seriell Adder,88,2.0,74.17,14.0,4,0.0
499,2.0,2.7,H25 - CBA - Seriell Adder,88,2.0,74.17,14.0,5,0.0
499,2.0,2.7,H25 - CBA - Seriell Adder,88,2.0,74.17,14.0,1,0.0
499,2.0,2.7,H25 - CBA - Seriell Adder,88,2.0,74.17,14.0,3,50.0
499,2.0,2.7,H25 - CBA - Seriell Adder,88,2.0,74.17,14.0,2,50.0
209,2.0,2.1,H25 - CBA - Cache-miss,73,2.0,77.17,8.0,2,100.0
209,2.0,2.2,H25 - CBA - Adder,12,2.0,77.17,8.0,2,100.0
209,2.0,2.3,H25 - CBA - ALU,75,0.0,77.17,8.0,1,75.0
209,2.0,2.3,H25 - CBA - ALU,75,0.0,77.17,8.0,2,25.0
209,2.0,2.4,H25 - CBA - PC,41,0.0,77.17,8.0,2,25.0
209,2.0,2.4,H25 - CBA - PC,41,0.0,77.17,8.0,3,50.0
209,2.0,2.4,H25 - CBA - PC,41,0.0,77.17,8.0,1,25.0
209,2.0,2.5,H25 - CBA - Universell porter,15,2.0,77.17,8.0,3,100.0
209,2.0,2.6,H25 - CBA - Pipeline ytelse,44,2.0,77.17,8.0,4,100.0
209,2.0,2.7,H25 - CBA - Seriell Adder,51,0.0,77.17,8.0,2,50.0
209,2.0,2.7,H25 - CBA - Seriell Adder,51,0.0,77.17,8.0,5,50.0
279,2.0,2.1,H25 - CBA - Cache-miss,334,2.0,67.15,14.0,5,50.0
279,2.0,2.1,H25 - CBA - Cache-miss,334,2.0,67.15,14.0,3,0.0
279,2.0,2.1,H25 - CBA - Cache-miss,334,2.0,67.15,14.0,4,0.0
279,2.0,2.1,H25 - CBA - Cache-miss,334,2.0,67.15,14.0,2,50.0
279,2.0,2.1,H25 - CBA - Cache-miss,334,2.0,67.15,14.0,1,0.0
279,2.0,2.2,H25 - CBA - Adder,47,2.0,67.15,14.0,2,100.0
279,2.0,2.2,H25 - CBA - Adder,47,2.0,67.15,14.0,1,0.0
279,2.0,2.2,H25 - CBA - Adder,47,2.0,67.15,14.0,4,0.0
279,2.0,2.2,H25 - CBA - Adder,47,2.0,67.15,14.0,5,0.0
279,2.0,2.2,H25 - CBA - Adder,47,2.0,67.15,14.0,3,0.0
279,2.0,2.3,H25 - CBA - ALU,157,2.0,67.15,14.0,1,100.0
279,2.0,2.3,H25 - CBA - ALU,157,2.0,67.15,14.0,5,0.0
279,2.0,2.3,H25 - CBA - ALU,157,2.0,67.15,14.0,3,0.0
279,2.0,2.3,H25 - CBA - ALU,157,2.0,67.15,14.0,2,0.0
279,2.0,2.3,H25 - CBA - ALU,157,2.0,67.15,14.0,4,0.0
279,2.0,2.4,H25 - CBA - PC,45,2.0,67.15,14.0,1,100.0
279,2.0,2.4,H25 - CBA - PC,45,2.0,67.15,14.0,2,0.0
279,2.0,2.4,H25 - CBA - PC,45,2.0,67.15,14.0,4,0.0
279,2.0,2.4,H25 - CBA - PC,45,2.0,67.15,14.0,5,0.0
279,2.0,2.4,H25 - CBA - PC,45,2.0,67.15,14.0,3,0.0
279,2.0,2.5,H25 - CBA - Universell porter,156,2.0,67.15,14.0,3,100.0
279,2.0,2.5,H25 - CBA - Universell porter,156,2.0,67.15,14.0,5,0.0
279,2.0,2.5,H25 - CBA - Universell porter,156,2.0,67.15,14.0,2,0.0
279,2.0,2.5,H25 - CBA - Universell porter,156,2.0,67.15,14.0,4,0.0
279,2.0,2.5,H25 - CBA - Universell porter,156,2.0,67.15,14.0,1,0.0
279,2.0,2.6,H25 - CBA - Pipeline ytelse,323,2.0,67.15,14.0,4,0.0
279,2.0,2.6,H25 - CBA - Pipeline ytelse,323,2.0,67.15,14.0,1,100.0
279,2.0,2.6,H25 - CBA - Pipeline ytelse,323,2.0,67.15,14.0,2,0.0
279,2.0,2.6,H25 - CBA - Pipeline ytelse,323,2.0,67.15,14.0,5,0.0
279,2.0,2.6,H25 - CBA - Pipeline ytelse,323,2.0,67.15,14.0,3,0.0
279,2.0,2.7,H25 - CBA - Seriell Adder,277,2.0,67.15,14.0,2,25.0
279,2.0,2.7,H25 - CBA - Seriell Adder,277,2.0,67.15,14.0,1,50.0
279,2.0,2.7,H25 - CBA - Seriell Adder,277,2.0,67.15,14.0,5,0.0
279,2.0,2.7,H25 - CBA - Seriell Adder,277,2.0,67.15,14.0,4,0.0
279,2.0,2.7,H25 - CBA - Seriell Adder,277,2.0,67.15,14.0,3,25.0
244,2.0,2.1,H25 - CBA - Cache-miss,260,2.0,67.85,14.0,3,0.0
244,2.0,2.1,H25 - CBA - Cache-miss,260,2.0,67.85,14.0,1,0.0
244,2.0,2.1,H25 - CBA - Cache-miss,260,2.0,67.85,14.0,5,100.0
244,2.0,2.1,H25 - CBA - Cache-miss,260,2.0,67.85,14.0,2,0.0
244,2.0,2.1,H25 - CBA - Cache-miss,260,2.0,67.85,14.0,4,0.0
244,2.0,2.2,H25 - CBA - Adder,62,2.0,67.85,14.0,2,75.0
244,2.0,2.2,H25 - CBA - Adder,62,2.0,67.85,14.0,4,0.0
244,2.0,2.2,H25 - CBA - Adder,62,2.0,67.85,14.0,1,0.0
244,2.0,2.2,H25 - CBA - Adder,62,2.0,67.85,14.0,3,25.0
244,2.0,2.2,H25 - CBA - Adder,62,2.0,67.85,14.0,5,0.0
244,2.0,2.3,H25 - CBA - ALU,80,2.0,67.85,14.0,3,100.0
244,2.0,2.3,H25 - CBA - ALU,80,2.0,67.85,14.0,4,0.0
244,2.0,2.3,H25 - CBA - ALU,80,2.0,67.85,14.0,2,0.0
244,2.0,2.3,H25 - CBA - ALU,80,2.0,67.85,14.0,5,0.0
244,2.0,2.3,H25 - CBA - ALU,80,2.0,67.85,14.0,1,0.0
244,2.0,2.4,H25 - CBA - PC,146,2.0,67.85,14.0,1,75.0
244,2.0,2.4,H25 - CBA - PC,146,2.0,67.85,14.0,3,0.0
244,2.0,2.4,H25 - CBA - PC,146,2.0,67.85,14.0,4,0.0
244,2.0,2.4,H25 - CBA - PC,146,2.0,67.85,14.0,5,0.0
244,2.0,2.4,H25 - CBA - PC,146,2.0,67.85,14.0,2,25.0
244,2.0,2.5,H25 - CBA - Universell porter,47,2.0,67.85,14.0,3,100.0
244,2.0,2.5,H25 - CBA - Universell porter,47,2.0,67.85,14.0,1,0.0
244,2.0,2.5,H25 - CBA - Universell porter,47,2.0,67.85,14.0,5,0.0
244,2.0,2.5,H25 - CBA - Universell porter,47,2.0,67.85,14.0,2,0.0
244,2.0,2.5,H25 - CBA - Universell porter,47,2.0,67.85,14.0,4,0.0
244,2.0,2.6,H25 - CBA - Pipeline ytelse,44,2.0,67.85,14.0,4,50.0
244,2.0,2.6,H25 - CBA - Pipeline ytelse,44,2.0,67.85,14.0,3,50.0
244,2.0,2.6,H25 - CBA - Pipeline ytelse,44,2.0,67.85,14.0,2,0.0
244,2.0,2.6,H25 - CBA - Pipeline ytelse,44,2.0,67.85,14.0,5,0.0
244,2.0,2.6,H25 - CBA - Pipeline ytelse,44,2.0,67.85,14.0,1,0.0
244,2.0,2.7,H25 - CBA - Seriell Adder,99,2.0,67.85,14.0,2,75.0
244,2.0,2.7,H25 - CBA - Seriell Adder,99,2.0,67.85,14.0,1,0.0
244,2.0,2.7,H25 - CBA - Seriell Adder,99,2.0,67.85,14.0,3,25.0
244,2.0,2.7,H25 - CBA - Seriell Adder,99,2.0,67.85,14.0,4,0.0
244,2.0,2.7,H25 - CBA - Seriell Adder,99,2.0,67.85,14.0,5,0.0
271,2.0,2.1,H25 - CBA - Cache-miss,62,2.0,84.5,14.0,2,100.0
271,2.0,2.1,H25 - CBA - Cache-miss,62,2.0,84.5,14.0,4,0.0
271,2.0,2.1,H25 - CBA - Cache-miss,62,2.0,84.5,14.0,5,0.0
271,2.0,2.1,H25 - CBA - Cache-miss,62,2.0,84.5,14.0,1,0.0
271,2.0,2.1,H25 - CBA - Cache-miss,62,2.0,84.5,14.0,3,0.0
271,2.0,2.2,H25 - CBA - Adder,45,2.0,84.5,14.0,2,100.0
271,2.0,2.2,H25 - CBA - Adder,45,2.0,84.5,14.0,5,0.0
271,2.0,2.2,H25 - CBA - Adder,45,2.0,84.5,14.0,1,0.0
271,2.0,2.2,H25 - CBA - Adder,45,2.0,84.5,14.0,3,0.0
271,2.0,2.2,H25 - CBA - Adder,45,2.0,84.5,14.0,4,0.0
271,2.0,2.3,H25 - CBA - ALU,90,2.0,84.5,14.0,1,100.0
271,2.0,2.3,H25 - CBA - ALU,90,2.0,84.5,14.0,2,0.0
271,2.0,2.3,H25 - CBA - ALU,90,2.0,84.5,14.0,3,0.0
271,2.0,2.3,H25 - CBA - ALU,90,2.0,84.5,14.0,5,0.0
271,2.0,2.3,H25 - CBA - ALU,90,2.0,84.5,14.0,4,0.0
271,2.0,2.4,H25 - CBA - PC,110,2.0,84.5,14.0,1,50.0
271,2.0,2.4,H25 - CBA - PC,110,2.0,84.5,14.0,5,0.0
271,2.0,2.4,H25 - CBA - PC,110,2.0,84.5,14.0,3,0.0
271,2.0,2.4,H25 - CBA - PC,110,2.0,84.5,14.0,4,50.0
271,2.0,2.4,H25 - CBA - PC,110,2.0,84.5,14.0,2,0.0
271,2.0,2.5,H25 - CBA - Universell porter,41,2.0,84.5,14.0,3,100.0
271,2.0,2.5,H25 - CBA - Universell porter,41,2.0,84.5,14.0,5,0.0
271,2.0,2.5,H25 - CBA - Universell porter,41,2.0,84.5,14.0,4,0.0
271,2.0,2.5,H25 - CBA - Universell porter,41,2.0,84.5,14.0,1,0.0
271,2.0,2.5,H25 - CBA - Universell porter,41,2.0,84.5,14.0,2,0.0
271,2.0,2.6,H25 - CBA - Pipeline ytelse,30,2.0,84.5,14.0,4,100.0
271,2.0,2.6,H25 - CBA - Pipeline ytelse,30,2.0,84.5,14.0,3,0.0
271,2.0,2.6,H25 - CBA - Pipeline ytelse,30,2.0,84.5,14.0,5,0.0
271,2.0,2.6,H25 - CBA - Pipeline ytelse,30,2.0,84.5,14.0,2,0.0
271,2.0,2.6,H25 - CBA - Pipeline ytelse,30,2.0,84.5,14.0,1,0.0
271,2.0,2.7,H25 - CBA - Seriell Adder,85,2.0,84.5,14.0,2,100.0
271,2.0,2.7,H25 - CBA - Seriell Adder,85,2.0,84.5,14.0,1,0.0
271,2.0,2.7,H25 - CBA - Seriell Adder,85,2.0,84.5,14.0,4,0.0
271,2.0,2.7,H25 - CBA - Seriell Adder,85,2.0,84.5,14.0,3,0.0
271,2.0,2.7,H25 - CBA - Seriell Adder,85,2.0,84.5,14.0,5,0.0
500,2.0,2.1,H25 - CBA - Cache-miss,28,2.0,76.0,14.0,2,100.0
500,2.0,2.1,H25 - CBA - Cache-miss,28,2.0,76.0,14.0,3,0.0
500,2.0,2.1,H25 - CBA - Cache-miss,28,2.0,76.0,14.0,5,0.0
500,2.0,2.1,H25 - CBA - Cache-miss,28,2.0,76.0,14.0,4,0.0
500,2.0,2.1,H25 - CBA - Cache-miss,28,2.0,76.0,14.0,1,0.0
500,2.0,2.2,H25 - CBA - Adder,74,2.0,76.0,14.0,2,100.0
500,2.0,2.2,H25 - CBA - Adder,74,2.0,76.0,14.0,4,0.0
500,2.0,2.2,H25 - CBA - Adder,74,2.0,76.0,14.0,3,0.0
500,2.0,2.2,H25 - CBA - Adder,74,2.0,76.0,14.0,1,0.0
500,2.0,2.2,H25 - CBA - Adder,74,2.0,76.0,14.0,5,0.0
500,2.0,2.3,H25 - CBA - ALU,119,2.0,76.0,14.0,3,0.0
500,2.0,2.3,H25 - CBA - ALU,119,2.0,76.0,14.0,4,0.0
500,2.0,2.3,H25 - CBA - ALU,119,2.0,76.0,14.0,2,0.0
500,2.0,2.3,H25 - CBA - ALU,119,2.0,76.0,14.0,1,100.0
500,2.0,2.3,H25 - CBA - ALU,119,2.0,76.0,14.0,5,0.0
500,2.0,2.4,H25 - CBA - PC,17,2.0,76.0,14.0,3,100.0
500,2.0,2.4,H25 - CBA - PC,17,2.0,76.0,14.0,1,0.0
500,2.0,2.4,H25 - CBA - PC,17,2.0,76.0,14.0,5,0.0
500,2.0,2.4,H25 - CBA - PC,17,2.0,76.0,14.0,2,0.0
500,2.0,2.4,H25 - CBA - PC,17,2.0,76.0,14.0,4,0.0
500,2.0,2.5,H25 - CBA - Universell porter,23,2.0,76.0,14.0,4,0.0
500,2.0,2.5,H25 - CBA - Universell porter,23,2.0,76.0,14.0,3,100.0
500,2.0,2.5,H25 - CBA - Universell porter,23,2.0,76.0,14.0,2,0.0
500,2.0,2.5,H25 - CBA - Universell porter,23,2.0,76.0,14.0,5,0.0
500,2.0,2.5,H25 - CBA - Universell porter,23,2.0,76.0,14.0,1,0.0
500,2.0,2.6,H25 - CBA - Pipeline ytelse,18,2.0,76.0,14.0,1,0.0
500,2.0,2.6,H25 - CBA - Pipeline ytelse,18,2.0,76.0,14.0,5,0.0
500,2.0,2.6,H25 - CBA - Pipeline ytelse,18,2.0,76.0,14.0,2,0.0
500,2.0,2.6,H25 - CBA - Pipeline ytelse,18,2.0,76.0,14.0,3,0.0
500,2.0,2.6,H25 - CBA - Pipeline ytelse,18,2.0,76.0,14.0,4,100.0
500,2.0,2.7,H25 - CBA - Seriell Adder,25,2.0,76.0,14.0,2,100.0
500,2.0,2.7,H25 - CBA - Seriell Adder,25,2.0,76.0,14.0,5,0.0
500,2.0,2.7,H25 - CBA - Seriell Adder,25,2.0,76.0,14.0,3,0.0
500,2.0,2.7,H25 - CBA - Seriell Adder,25,2.0,76.0,14.0,4,0.0
500,2.0,2.7,H25 - CBA - Seriell Adder,25,2.0,76.0,14.0,1,0.0
156,2.0,2.1,H25 - CBA - Cache-miss,58,2.0,55.78,8.0,2,100.0
156,2.0,2.2,H25 - CBA - Adder,66,0.0,55.78,8.0,3,100.0
156,2.0,2.3,H25 - CBA - ALU,52,0.0,55.78,8.0,3,100.0
156,2.0,2.4,H25 - CBA - PC,118,2.0,55.78,8.0,1,50.0
156,2.0,2.4,H25 - CBA - PC,118,2.0,55.78,8.0,2,25.0
156,2.0,2.4,H25 - CBA - PC,118,2.0,55.78,8.0,3,25.0
156,2.0,2.4,H25 - CBA - PC,118,2.0,55.78,8.0,4,0.0
156,2.0,2.4,H25 - CBA - PC,118,2.0,55.78,8.0,5,0.0
156,2.0,2.5,H25 - CBA - Universell porter,20,2.0,55.78,8.0,3,100.0
156,2.0,2.6,H25 - CBA - Pipeline ytelse,103,0.0,55.78,8.0,4,50.0
156,2.0,2.6,H25 - CBA - Pipeline ytelse,103,0.0,55.78,8.0,3,50.0
156,2.0,2.7,H25 - CBA - Seriell Adder,59,2.0,55.78,8.0,2,100.0
275,2.0,2.1,H25 - CBA - Cache-miss,99,2.0,49.91,14.0,4,50.0
275,2.0,2.1,H25 - CBA - Cache-miss,99,2.0,49.91,14.0,5,50.0
275,2.0,2.1,H25 - CBA - Cache-miss,99,2.0,49.91,14.0,2,0.0
275,2.0,2.1,H25 - CBA - Cache-miss,99,2.0,49.91,14.0,3,0.0
275,2.0,2.1,H25 - CBA - Cache-miss,99,2.0,49.91,14.0,1,0.0
275,2.0,2.2,H25 - CBA - Adder,82,2.0,49.91,14.0,1,0.0
275,2.0,2.2,H25 - CBA - Adder,82,2.0,49.91,14.0,4,0.0
275,2.0,2.2,H25 - CBA - Adder,82,2.0,49.91,14.0,2,50.0
275,2.0,2.2,H25 - CBA - Adder,82,2.0,49.91,14.0,5,25.0
275,2.0,2.2,H25 - CBA - Adder,82,2.0,49.91,14.0,3,25.0
275,2.0,2.3,H25 - CBA - ALU,44,2.0,49.91,14.0,1,50.0
275,2.0,2.3,H25 - CBA - ALU,44,2.0,49.91,14.0,5,0.0
275,2.0,2.3,H25 - CBA - ALU,44,2.0,49.91,14.0,2,50.0
275,2.0,2.3,H25 - CBA - ALU,44,2.0,49.91,14.0,4,0.0
275,2.0,2.3,H25 - CBA - ALU,44,2.0,49.91,14.0,3,0.0
275,2.0,2.4,H25 - CBA - PC,58,2.0,49.91,14.0,3,50.0
275,2.0,2.4,H25 - CBA - PC,58,2.0,49.91,14.0,2,25.0
275,2.0,2.4,H25 - CBA - PC,58,2.0,49.91,14.0,4,0.0
275,2.0,2.4,H25 - CBA - PC,58,2.0,49.91,14.0,5,0.0
275,2.0,2.4,H25 - CBA - PC,58,2.0,49.91,14.0,1,25.0
275,2.0,2.5,H25 - CBA - Universell porter,93,2.0,49.91,14.0,5,50.0
275,2.0,2.5,H25 - CBA - Universell porter,93,2.0,49.91,14.0,3,0.0
275,2.0,2.5,H25 - CBA - Universell porter,93,2.0,49.91,14.0,2,0.0
275,2.0,2.5,H25 - CBA - Universell porter,93,2.0,49.91,14.0,1,25.0
275,2.0,2.5,H25 - CBA - Universell porter,93,2.0,49.91,14.0,4,25.0
275,2.0,2.6,H25 - CBA - Pipeline ytelse,49,2.0,49.91,14.0,3,25.0
275,2.0,2.6,H25 - CBA - Pipeline ytelse,49,2.0,49.91,14.0,5,50.0
275,2.0,2.6,H25 - CBA - Pipeline ytelse,49,2.0,49.91,14.0,1,25.0
275,2.0,2.6,H25 - CBA - Pipeline ytelse,49,2.0,49.91,14.0,4,0.0
275,2.0,2.6,H25 - CBA - Pipeline ytelse,49,2.0,49.91,14.0,2,0.0
275,2.0,2.7,H25 - CBA - Seriell Adder,179,2.0,49.91,14.0,5,0.0
275,2.0,2.7,H25 - CBA - Seriell Adder,179,2.0,49.91,14.0,3,0.0
275,2.0,2.7,H25 - CBA - Seriell Adder,179,2.0,49.91,14.0,1,0.0
275,2.0,2.7,H25 - CBA - Seriell Adder,179,2.0,49.91,14.0,2,50.0
275,2.0,2.7,H25 - CBA - Seriell Adder,179,2.0,49.91,14.0,4,50.0
79,2.0,2.1,H25 - CBA - Cache-miss,100,2.0,49.14,14.0,4,0.0
79,2.0,2.1,H25 - CBA - Cache-miss,100,2.0,49.14,14.0,5,0.0
79,2.0,2.1,H25 - CBA - Cache-miss,100,2.0,49.14,14.0,2,100.0
79,2.0,2.1,H25 - CBA - Cache-miss,100,2.0,49.14,14.0,3,0.0
79,2.0,2.1,H25 - CBA - Cache-miss,100,2.0,49.14,14.0,1,0.0
79,2.0,2.2,H25 - CBA - Adder,104,2.0,49.14,14.0,1,50.0
79,2.0,2.2,H25 - CBA - Adder,104,2.0,49.14,14.0,4,0.0
79,2.0,2.2,H25 - CBA - Adder,104,2.0,49.14,14.0,5,25.0
79,2.0,2.2,H25 - CBA - Adder,104,2.0,49.14,14.0,2,25.0
79,2.0,2.2,H25 - CBA - Adder,104,2.0,49.14,14.0,3,0.0
79,2.0,2.3,H25 - CBA - ALU,217,2.0,49.14,14.0,5,0.0
79,2.0,2.3,H25 - CBA - ALU,217,2.0,49.14,14.0,2,50.0
79,2.0,2.3,H25 - CBA - ALU,217,2.0,49.14,14.0,1,25.0
79,2.0,2.3,H25 - CBA - ALU,217,2.0,49.14,14.0,4,0.0
79,2.0,2.3,H25 - CBA - ALU,217,2.0,49.14,14.0,3,25.0
79,2.0,2.4,H25 - CBA - PC,99,2.0,49.14,14.0,5,0.0
79,2.0,2.4,H25 - CBA - PC,99,2.0,49.14,14.0,3,75.0
79,2.0,2.4,H25 - CBA - PC,99,2.0,49.14,14.0,1,25.0
79,2.0,2.4,H25 - CBA - PC,99,2.0,49.14,14.0,4,0.0
79,2.0,2.4,H25 - CBA - PC,99,2.0,49.14,14.0,2,0.0
79,2.0,2.5,H25 - CBA - Universell porter,64,2.0,49.14,14.0,3,100.0
79,2.0,2.5,H25 - CBA - Universell porter,64,2.0,49.14,14.0,1,0.0
79,2.0,2.5,H25 - CBA - Universell porter,64,2.0,49.14,14.0,5,0.0
79,2.0,2.5,H25 - CBA - Universell porter,64,2.0,49.14,14.0,4,0.0
79,2.0,2.5,H25 - CBA - Universell porter,64,2.0,49.14,14.0,2,0.0
79,2.0,2.6,H25 - CBA - Pipeline ytelse,56,2.0,49.14,14.0,3,100.0
79,2.0,2.6,H25 - CBA - Pipeline ytelse,56,2.0,49.14,14.0,1,0.0
79,2.0,2.6,H25 - CBA - Pipeline ytelse,56,2.0,49.14,14.0,4,0.0
79,2.0,2.6,H25 - CBA - Pipeline ytelse,56,2.0,49.14,14.0,2,0.0
79,2.0,2.6,H25 - CBA - Pipeline ytelse,56,2.0,49.14,14.0,5,0.0
79,2.0,2.7,H25 - CBA - Seriell Adder,79,2.0,49.14,14.0,1,50.0
79,2.0,2.7,H25 - CBA - Seriell Adder,79,2.0,49.14,14.0,5,0.0
79,2.0,2.7,H25 - CBA - Seriell Adder,79,2.0,49.14,14.0,3,50.0
79,2.0,2.7,H25 - CBA - Seriell Adder,79,2.0,49.14,14.0,2,0.0
79,2.0,2.7,H25 - CBA - Seriell Adder,79,2.0,49.14,14.0,4,0.0
193,2.0,2.1,H25 - CBA - Cache-miss,65,2.0,63.69,14.0,2,75.0
193,2.0,2.1,H25 - CBA - Cache-miss,65,2.0,63.69,14.0,1,0.0
193,2.0,2.1,H25 - CBA - Cache-miss,65,2.0,63.69,14.0,4,0.0
193,2.0,2.1,H25 - CBA - Cache-miss,65,2.0,63.69,14.0,3,0.0
193,2.0,2.1,H25 - CBA - Cache-miss,65,2.0,63.69,14.0,5,25.0
193,2.0,2.2,H25 - CBA - Adder,21,2.0,63.69,14.0,1,0.0
193,2.0,2.2,H25 - CBA - Adder,21,2.0,63.69,14.0,3,0.0
193,2.0,2.2,H25 - CBA - Adder,21,2.0,63.69,14.0,4,0.0
193,2.0,2.2,H25 - CBA - Adder,21,2.0,63.69,14.0,2,50.0
193,2.0,2.2,H25 - CBA - Adder,21,2.0,63.69,14.0,5,50.0
193,2.0,2.3,H25 - CBA - ALU,44,2.0,63.69,14.0,5,0.0
193,2.0,2.3,H25 - CBA - ALU,44,2.0,63.69,14.0,4,0.0
193,2.0,2.3,H25 - CBA - ALU,44,2.0,63.69,14.0,1,75.0
193,2.0,2.3,H25 - CBA - ALU,44,2.0,63.69,14.0,2,25.0
193,2.0,2.3,H25 - CBA - ALU,44,2.0,63.69,14.0,3,0.0
193,2.0,2.4,H25 - CBA - PC,81,2.0,63.69,14.0,3,0.0
193,2.0,2.4,H25 - CBA - PC,81,2.0,63.69,14.0,1,50.0
193,2.0,2.4,H25 - CBA - PC,81,2.0,63.69,14.0,2,50.0
193,2.0,2.4,H25 - CBA - PC,81,2.0,63.69,14.0,5,0.0
193,2.0,2.4,H25 - CBA - PC,81,2.0,63.69,14.0,4,0.0
193,2.0,2.5,H25 - CBA - Universell porter,54,2.0,63.69,14.0,4,0.0
193,2.0,2.5,H25 - CBA - Universell porter,54,2.0,63.69,14.0,3,100.0
193,2.0,2.5,H25 - CBA - Universell porter,54,2.0,63.69,14.0,2,0.0
193,2.0,2.5,H25 - CBA - Universell porter,54,2.0,63.69,14.0,1,0.0
193,2.0,2.5,H25 - CBA - Universell porter,54,2.0,63.69,14.0,5,0.0
193,2.0,2.7,H25 - CBA - Seriell Adder,82,2.0,63.69,14.0,1,50.0
193,2.0,2.7,H25 - CBA - Seriell Adder,82,2.0,63.69,14.0,4,50.0
193,2.0,2.7,H25 - CBA - Seriell Adder,82,2.0,63.69,14.0,5,0.0
193,2.0,2.7,H25 - CBA - Seriell Adder,82,2.0,63.69,14.0,2,0.0
261,2.0,2.1,H25 - CBA - Cache-miss,55,2.0,84.0,14.0,2,100.0
261,2.0,2.1,H25 - CBA - Cache-miss,55,2.0,84.0,14.0,5,0.0
261,2.0,2.1,H25 - CBA - Cache-miss,55,2.0,84.0,14.0,4,0.0
261,2.0,2.1,H25 - CBA - Cache-miss,55,2.0,84.0,14.0,3,0.0
261,2.0,2.1,H25 - CBA - Cache-miss,55,2.0,84.0,14.0,1,0.0
261,2.0,2.2,H25 - CBA - Adder,66,2.0,84.0,14.0,2,100.0
261,2.0,2.2,H25 - CBA - Adder,66,2.0,84.0,14.0,5,0.0
261,2.0,2.2,H25 - CBA - Adder,66,2.0,84.0,14.0,3,0.0
261,2.0,2.2,H25 - CBA - Adder,66,2.0,84.0,14.0,1,0.0
261,2.0,2.2,H25 - CBA - Adder,66,2.0,84.0,14.0,4,0.0
261,2.0,2.3,H25 - CBA - ALU,96,2.0,84.0,14.0,1,100.0
261,2.0,2.3,H25 - CBA - ALU,96,2.0,84.0,14.0,3,0.0
261,2.0,2.3,H25 - CBA - ALU,96,2.0,84.0,14.0,4,0.0
261,2.0,2.3,H25 - CBA - ALU,96,2.0,84.0,14.0,5,0.0
261,2.0,2.3,H25 - CBA - ALU,96,2.0,84.0,14.0,2,0.0
261,2.0,2.4,H25 - CBA - PC,136,2.0,84.0,14.0,1,0.0
261,2.0,2.4,H25 - CBA - PC,136,2.0,84.0,14.0,2,0.0
261,2.0,2.4,H25 - CBA - PC,136,2.0,84.0,14.0,3,100.0
261,2.0,2.4,H25 - CBA - PC,136,2.0,84.0,14.0,4,0.0
261,2.0,2.4,H25 - CBA - PC,136,2.0,84.0,14.0,5,0.0
261,2.0,2.5,H25 - CBA - Universell porter,29,2.0,84.0,14.0,3,100.0
261,2.0,2.5,H25 - CBA - Universell porter,29,2.0,84.0,14.0,4,0.0
261,2.0,2.5,H25 - CBA - Universell porter,29,2.0,84.0,14.0,5,0.0
261,2.0,2.5,H25 - CBA - Universell porter,29,2.0,84.0,14.0,2,0.0
261,2.0,2.5,H25 - CBA - Universell porter,29,2.0,84.0,14.0,1,0.0
261,2.0,2.6,H25 - CBA - Pipeline ytelse,120,2.0,84.0,14.0,4,100.0
261,2.0,2.6,H25 - CBA - Pipeline ytelse,120,2.0,84.0,14.0,3,0.0
261,2.0,2.6,H25 - CBA - Pipeline ytelse,120,2.0,84.0,14.0,2,0.0
261,2.0,2.6,H25 - CBA - Pipeline ytelse,120,2.0,84.0,14.0,1,0.0
261,2.0,2.6,H25 - CBA - Pipeline ytelse,120,2.0,84.0,14.0,5,0.0
261,2.0,2.7,H25 - CBA - Seriell Adder,51,2.0,84.0,14.0,2,100.0
261,2.0,2.7,H25 - CBA - Seriell Adder,51,2.0,84.0,14.0,1,0.0
261,2.0,2.7,H25 - CBA - Seriell Adder,51,2.0,84.0,14.0,3,0.0
261,2.0,2.7,H25 - CBA - Seriell Adder,51,2.0,84.0,14.0,4,0.0
261,2.0,2.7,H25 - CBA - Seriell Adder,51,2.0,84.0,14.0,5,0.0
116,2.0,2.1,H25 - CBA - Cache-miss,77,2.0,66.78,14.0,1,0.0
116,2.0,2.1,H25 - CBA - Cache-miss,77,2.0,66.78,14.0,3,0.0
116,2.0,2.1,H25 - CBA - Cache-miss,77,2.0,66.78,14.0,4,0.0
116,2.0,2.1,H25 - CBA - Cache-miss,77,2.0,66.78,14.0,2,50.0
116,2.0,2.1,H25 - CBA - Cache-miss,77,2.0,66.78,14.0,5,50.0
116,2.0,2.2,H25 - CBA - Adder,114,2.0,66.78,14.0,2,100.0
116,2.0,2.2,H25 - CBA - Adder,114,2.0,66.78,14.0,3,0.0
116,2.0,2.2,H25 - CBA - Adder,114,2.0,66.78,14.0,4,0.0
116,2.0,2.2,H25 - CBA - Adder,114,2.0,66.78,14.0,1,0.0
116,2.0,2.2,H25 - CBA - Adder,114,2.0,66.78,14.0,5,0.0
116,2.0,2.3,H25 - CBA - ALU,76,2.0,66.78,14.0,3,25.0
116,2.0,2.3,H25 - CBA - ALU,76,2.0,66.78,14.0,4,0.0
116,2.0,2.3,H25 - CBA - ALU,76,2.0,66.78,14.0,1,25.0
116,2.0,2.3,H25 - CBA - ALU,76,2.0,66.78,14.0,2,25.0
116,2.0,2.3,H25 - CBA - ALU,76,2.0,66.78,14.0,5,25.0
116,2.0,2.4,H25 - CBA - PC,26,2.0,66.78,14.0,3,100.0
116,2.0,2.4,H25 - CBA - PC,26,2.0,66.78,14.0,1,0.0
116,2.0,2.4,H25 - CBA - PC,26,2.0,66.78,14.0,5,0.0
116,2.0,2.4,H25 - CBA - PC,26,2.0,66.78,14.0,4,0.0
116,2.0,2.4,H25 - CBA - PC,26,2.0,66.78,14.0,2,0.0
116,2.0,2.5,H25 - CBA - Universell porter,26,2.0,66.78,14.0,3,100.0
116,2.0,2.5,H25 - CBA - Universell porter,26,2.0,66.78,14.0,5,0.0
116,2.0,2.5,H25 - CBA - Universell porter,26,2.0,66.78,14.0,4,0.0
116,2.0,2.5,H25 - CBA - Universell porter,26,2.0,66.78,14.0,1,0.0
116,2.0,2.5,H25 - CBA - Universell porter,26,2.0,66.78,14.0,2,0.0
116,2.0,2.6,H25 - CBA - Pipeline ytelse,79,2.0,66.78,14.0,1,100.0
116,2.0,2.6,H25 - CBA - Pipeline ytelse,79,2.0,66.78,14.0,5,0.0
116,2.0,2.6,H25 - CBA - Pipeline ytelse,79,2.0,66.78,14.0,3,0.0
116,2.0,2.6,H25 - CBA - Pipeline ytelse,79,2.0,66.78,14.0,4,0.0
116,2.0,2.6,H25 - CBA - Pipeline ytelse,79,2.0,66.78,14.0,2,0.0
116,2.0,2.7,H25 - CBA - Seriell Adder,58,2.0,66.78,14.0,3,0.0
116,2.0,2.7,H25 - CBA - Seriell Adder,58,2.0,66.78,14.0,4,0.0
116,2.0,2.7,H25 - CBA - Seriell Adder,58,2.0,66.78,14.0,2,50.0
116,2.0,2.7,H25 - CBA - Seriell Adder,58,2.0,66.78,14.0,5,50.0
116,2.0,2.7,H25 - CBA - Seriell Adder,58,2.0,66.78,14.0,1,0.0
401,2.0,2.1,H25 - CBA - Cache-miss,110,2.0,55.72,14.0,2,100.0
401,2.0,2.1,H25 - CBA - Cache-miss,110,2.0,55.72,14.0,5,0.0
401,2.0,2.1,H25 - CBA - Cache-miss,110,2.0,55.72,14.0,1,0.0
401,2.0,2.1,H25 - CBA - Cache-miss,110,2.0,55.72,14.0,3,0.0
401,2.0,2.1,H25 - CBA - Cache-miss,110,2.0,55.72,14.0,4,0.0
401,2.0,2.2,H25 - CBA - Adder,37,2.0,55.72,14.0,2,75.0
401,2.0,2.2,H25 - CBA - Adder,37,2.0,55.72,14.0,5,25.0
401,2.0,2.2,H25 - CBA - Adder,37,2.0,55.72,14.0,3,0.0
401,2.0,2.2,H25 - CBA - Adder,37,2.0,55.72,14.0,4,0.0
401,2.0,2.3,H25 - CBA - ALU,67,2.0,55.72,14.0,5,50.0
401,2.0,2.3,H25 - CBA - ALU,67,2.0,55.72,14.0,1,50.0
401,2.0,2.3,H25 - CBA - ALU,67,2.0,55.72,14.0,2,0.0
401,2.0,2.3,H25 - CBA - ALU,67,2.0,55.72,14.0,4,0.0
401,2.0,2.3,H25 - CBA - ALU,67,2.0,55.72,14.0,3,0.0
401,2.0,2.4,H25 - CBA - PC,14,2.0,55.72,14.0,2,50.0
401,2.0,2.4,H25 - CBA - PC,14,2.0,55.72,14.0,3,50.0
401,2.0,2.4,H25 - CBA - PC,14,2.0,55.72,14.0,1,0.0
401,2.0,2.4,H25 - CBA - PC,14,2.0,55.72,14.0,5,0.0
401,2.0,2.4,H25 - CBA - PC,14,2.0,55.72,14.0,4,0.0
401,2.0,2.5,H25 - CBA - Universell porter,19,2.0,55.72,14.0,3,100.0
401,2.0,2.5,H25 - CBA - Universell porter,19,2.0,55.72,14.0,4,0.0
401,2.0,2.5,H25 - CBA - Universell porter,19,2.0,55.72,14.0,1,0.0
401,2.0,2.5,H25 - CBA - Universell porter,19,2.0,55.72,14.0,2,0.0
401,2.0,2.5,H25 - CBA - Universell porter,19,2.0,55.72,14.0,5,0.0
401,2.0,2.6,H25 - CBA - Pipeline ytelse,101,2.0,55.72,14.0,1,0.0
401,2.0,2.6,H25 - CBA - Pipeline ytelse,101,2.0,55.72,14.0,4,100.0
401,2.0,2.6,H25 - CBA - Pipeline ytelse,101,2.0,55.72,14.0,3,0.0
401,2.0,2.6,H25 - CBA - Pipeline ytelse,101,2.0,55.72,14.0,2,0.0
401,2.0,2.6,H25 - CBA - Pipeline ytelse,101,2.0,55.72,14.0,5,0.0
401,2.0,2.7,H25 - CBA - Seriell Adder,24,2.0,55.72,14.0,2,100.0
401,2.0,2.7,H25 - CBA - Seriell Adder,24,2.0,55.72,14.0,1,0.0
401,2.0,2.7,H25 - CBA - Seriell Adder,24,2.0,55.72,14.0,3,0.0
401,2.0,2.7,H25 - CBA - Seriell Adder,24,2.0,55.72,14.0,4,0.0
401,2.0,2.7,H25 - CBA - Seriell Adder,24,2.0,55.72,14.0,5,0.0
214,2.0,2.1,H25 - CBA - Cache-miss,126,2.0,60.0,14.0,5,50.0
214,2.0,2.1,H25 - CBA - Cache-miss,126,2.0,60.0,14.0,4,50.0
214,2.0,2.1,H25 - CBA - Cache-miss,126,2.0,60.0,14.0,1,0.0
214,2.0,2.1,H25 - CBA - Cache-miss,126,2.0,60.0,14.0,2,0.0
214,2.0,2.1,H25 - CBA - Cache-miss,126,2.0,60.0,14.0,3,0.0
214,2.0,2.2,H25 - CBA - Adder,103,2.0,60.0,14.0,2,100.0
214,2.0,2.2,H25 - CBA - Adder,103,2.0,60.0,14.0,5,0.0
214,2.0,2.2,H25 - CBA - Adder,103,2.0,60.0,14.0,3,0.0
214,2.0,2.2,H25 - CBA - Adder,103,2.0,60.0,14.0,4,0.0
214,2.0,2.2,H25 - CBA - Adder,103,2.0,60.0,14.0,1,0.0
214,2.0,2.3,H25 - CBA - ALU,60,2.0,60.0,14.0,1,50.0
214,2.0,2.3,H25 - CBA - ALU,60,2.0,60.0,14.0,2,50.0
214,2.0,2.3,H25 - CBA - ALU,60,2.0,60.0,14.0,4,0.0
214,2.0,2.3,H25 - CBA - ALU,60,2.0,60.0,14.0,5,0.0
214,2.0,2.3,H25 - CBA - ALU,60,2.0,60.0,14.0,3,0.0
214,2.0,2.4,H25 - CBA - PC,84,2.0,60.0,14.0,3,50.0
214,2.0,2.4,H25 - CBA - PC,84,2.0,60.0,14.0,4,0.0
214,2.0,2.4,H25 - CBA - PC,84,2.0,60.0,14.0,2,0.0
214,2.0,2.4,H25 - CBA - PC,84,2.0,60.0,14.0,5,0.0
214,2.0,2.4,H25 - CBA - PC,84,2.0,60.0,14.0,1,50.0
214,2.0,2.5,H25 - CBA - Universell porter,40,2.0,60.0,14.0,3,100.0
214,2.0,2.5,H25 - CBA - Universell porter,40,2.0,60.0,14.0,5,0.0
214,2.0,2.5,H25 - CBA - Universell porter,40,2.0,60.0,14.0,4,0.0
214,2.0,2.5,H25 - CBA - Universell porter,40,2.0,60.0,14.0,1,0.0
214,2.0,2.5,H25 - CBA - Universell porter,40,2.0,60.0,14.0,2,0.0
214,2.0,2.6,H25 - CBA - Pipeline ytelse,110,2.0,60.0,14.0,3,50.0
214,2.0,2.6,H25 - CBA - Pipeline ytelse,110,2.0,60.0,14.0,1,25.0
214,2.0,2.6,H25 - CBA - Pipeline ytelse,110,2.0,60.0,14.0,2,0.0
214,2.0,2.6,H25 - CBA - Pipeline ytelse,110,2.0,60.0,14.0,5,0.0
214,2.0,2.6,H25 - CBA - Pipeline ytelse,110,2.0,60.0,14.0,4,25.0
214,2.0,2.7,H25 - CBA - Seriell Adder,43,2.0,60.0,14.0,2,100.0
214,2.0,2.7,H25 - CBA - Seriell Adder,43,2.0,60.0,14.0,1,0.0
214,2.0,2.7,H25 - CBA - Seriell Adder,43,2.0,60.0,14.0,3,0.0
214,2.0,2.7,H25 - CBA - Seriell Adder,43,2.0,60.0,14.0,4,0.0
214,2.0,2.7,H25 - CBA - Seriell Adder,43,2.0,60.0,14.0,5,0.0
146,2.0,2.1,H25 - CBA - Cache-miss,45,2.0,50.65,14.0,2,100.0
146,2.0,2.1,H25 - CBA - Cache-miss,45,2.0,50.65,14.0,3,0.0
146,2.0,2.1,H25 - CBA - Cache-miss,45,2.0,50.65,14.0,1,0.0
146,2.0,2.1,H25 - CBA - Cache-miss,45,2.0,50.65,14.0,4,0.0
146,2.0,2.1,H25 - CBA - Cache-miss,45,2.0,50.65,14.0,5,0.0
146,2.0,2.2,H25 - CBA - Adder,79,2.0,50.65,14.0,2,75.0
146,2.0,2.2,H25 - CBA - Adder,79,2.0,50.65,14.0,3,25.0
146,2.0,2.2,H25 - CBA - Adder,79,2.0,50.65,14.0,4,0.0
146,2.0,2.2,H25 - CBA - Adder,79,2.0,50.65,14.0,5,0.0
146,2.0,2.2,H25 - CBA - Adder,79,2.0,50.65,14.0,1,0.0
146,2.0,2.3,H25 - CBA - ALU,105,2.0,50.65,14.0,5,50.0
146,2.0,2.3,H25 - CBA - ALU,105,2.0,50.65,14.0,2,50.0
146,2.0,2.3,H25 - CBA - ALU,105,2.0,50.65,14.0,3,0.0
146,2.0,2.3,H25 - CBA - ALU,105,2.0,50.65,14.0,1,0.0
146,2.0,2.3,H25 - CBA - ALU,105,2.0,50.65,14.0,4,0.0
146,2.0,2.4,H25 - CBA - PC,134,2.0,50.65,14.0,2,50.0
146,2.0,2.4,H25 - CBA - PC,134,2.0,50.65,14.0,1,50.0
146,2.0,2.4,H25 - CBA - PC,134,2.0,50.65,14.0,3,0.0
146,2.0,2.4,H25 - CBA - PC,134,2.0,50.65,14.0,4,0.0
146,2.0,2.4,H25 - CBA - PC,134,2.0,50.65,14.0,5,0.0
146,2.0,2.5,H25 - CBA - Universell porter,75,2.0,50.65,14.0,3,50.0
146,2.0,2.5,H25 - CBA - Universell porter,75,2.0,50.65,14.0,5,50.0
146,2.0,2.5,H25 - CBA - Universell porter,75,2.0,50.65,14.0,1,0.0
146,2.0,2.5,H25 - CBA - Universell porter,75,2.0,50.65,14.0,2,0.0
146,2.0,2.5,H25 - CBA - Universell porter,75,2.0,50.65,14.0,4,0.0
146,2.0,2.6,H25 - CBA - Pipeline ytelse,80,2.0,50.65,14.0,1,25.0
146,2.0,2.6,H25 - CBA - Pipeline ytelse,80,2.0,50.65,14.0,5,75.0
146,2.0,2.6,H25 - CBA - Pipeline ytelse,80,2.0,50.65,14.0,2,0.0
146,2.0,2.6,H25 - CBA - Pipeline ytelse,80,2.0,50.65,14.0,4,0.0
146,2.0,2.6,H25 - CBA - Pipeline ytelse,80,2.0,50.65,14.0,3,0.0
146,2.0,2.7,H25 - CBA - Seriell Adder,197,2.0,50.65,14.0,2,25.0
146,2.0,2.7,H25 - CBA - Seriell Adder,197,2.0,50.65,14.0,1,0.0
146,2.0,2.7,H25 - CBA - Seriell Adder,197,2.0,50.65,14.0,5,25.0
146,2.0,2.7,H25 - CBA - Seriell Adder,197,2.0,50.65,14.0,4,50.0
146,2.0,2.7,H25 - CBA - Seriell Adder,197,2.0,50.65,14.0,3,0.0
129,2.0,2.1,H25 - CBA - Cache-miss,85,2.0,83.68,14.0,2,100.0
129,2.0,2.1,H25 - CBA - Cache-miss,85,2.0,83.68,14.0,4,0.0
129,2.0,2.1,H25 - CBA - Cache-miss,85,2.0,83.68,14.0,1,0.0
129,2.0,2.1,H25 - CBA - Cache-miss,85,2.0,83.68,14.0,3,0.0
129,2.0,2.1,H25 - CBA - Cache-miss,85,2.0,83.68,14.0,5,0.0
129,2.0,2.2,H25 - CBA - Adder,30,2.0,83.68,14.0,2,100.0
129,2.0,2.2,H25 - CBA - Adder,30,2.0,83.68,14.0,4,0.0
129,2.0,2.2,H25 - CBA - Adder,30,2.0,83.68,14.0,5,0.0
129,2.0,2.2,H25 - CBA - Adder,30,2.0,83.68,14.0,1,0.0
129,2.0,2.2,H25 - CBA - Adder,30,2.0,83.68,14.0,3,0.0
129,2.0,2.3,H25 - CBA - ALU,80,2.0,83.68,14.0,4,0.0
129,2.0,2.3,H25 - CBA - ALU,80,2.0,83.68,14.0,2,0.0
129,2.0,2.3,H25 - CBA - ALU,80,2.0,83.68,14.0,3,0.0
129,2.0,2.3,H25 - CBA - ALU,80,2.0,83.68,14.0,5,25.0
129,2.0,2.3,H25 - CBA - ALU,80,2.0,83.68,14.0,1,75.0
129,2.0,2.4,H25 - CBA - PC,90,2.0,83.68,14.0,4,0.0
129,2.0,2.4,H25 - CBA - PC,90,2.0,83.68,14.0,5,0.0
129,2.0,2.4,H25 - CBA - PC,90,2.0,83.68,14.0,3,0.0
129,2.0,2.4,H25 - CBA - PC,90,2.0,83.68,14.0,1,50.0
129,2.0,2.4,H25 - CBA - PC,90,2.0,83.68,14.0,2,50.0
129,2.0,2.5,H25 - CBA - Universell porter,39,2.0,83.68,14.0,3,100.0
129,2.0,2.5,H25 - CBA - Universell porter,39,2.0,83.68,14.0,4,0.0
129,2.0,2.5,H25 - CBA - Universell porter,39,2.0,83.68,14.0,2,0.0
129,2.0,2.5,H25 - CBA - Universell porter,39,2.0,83.68,14.0,1,0.0
129,2.0,2.5,H25 - CBA - Universell porter,39,2.0,83.68,14.0,5,0.0
129,2.0,2.6,H25 - CBA - Pipeline ytelse,60,2.0,83.68,14.0,4,100.0
129,2.0,2.6,H25 - CBA - Pipeline ytelse,60,2.0,83.68,14.0,3,0.0
129,2.0,2.6,H25 - CBA - Pipeline ytelse,60,2.0,83.68,14.0,2,0.0
129,2.0,2.6,H25 - CBA - Pipeline ytelse,60,2.0,83.68,14.0,5,0.0
129,2.0,2.6,H25 - CBA - Pipeline ytelse,60,2.0,83.68,14.0,1,0.0
129,2.0,2.7,H25 - CBA - Seriell Adder,55,2.0,83.68,14.0,2,100.0
129,2.0,2.7,H25 - CBA - Seriell Adder,55,2.0,83.68,14.0,5,0.0
129,2.0,2.7,H25 - CBA - Seriell Adder,55,2.0,83.68,14.0,3,0.0
129,2.0,2.7,H25 - CBA - Seriell Adder,55,2.0,83.68,14.0,4,0.0
129,2.0,2.7,H25 - CBA - Seriell Adder,55,2.0,83.68,14.0,1,0.0
380,2.0,2.1,H25 - CBA - Cache-miss,46,2.0,80.28,14.0,2,100.0
380,2.0,2.1,H25 - CBA - Cache-miss,46,2.0,80.28,14.0,1,0.0
380,2.0,2.1,H25 - CBA - Cache-miss,46,2.0,80.28,14.0,4,0.0
380,2.0,2.1,H25 - CBA - Cache-miss,46,2.0,80.28,14.0,5,0.0
380,2.0,2.1,H25 - CBA - Cache-miss,46,2.0,80.28,14.0,3,0.0
380,2.0,2.2,H25 - CBA - Adder,20,2.0,80.28,14.0,2,100.0
380,2.0,2.2,H25 - CBA - Adder,20,2.0,80.28,14.0,3,0.0
380,2.0,2.2,H25 - CBA - Adder,20,2.0,80.28,14.0,4,0.0
380,2.0,2.2,H25 - CBA - Adder,20,2.0,80.28,14.0,5,0.0
380,2.0,2.2,H25 - CBA - Adder,20,2.0,80.28,14.0,1,0.0
380,2.0,2.3,H25 - CBA - ALU,30,2.0,80.28,14.0,1,100.0
380,2.0,2.3,H25 - CBA - ALU,30,2.0,80.28,14.0,3,0.0
380,2.0,2.3,H25 - CBA - ALU,30,2.0,80.28,14.0,2,0.0
380,2.0,2.3,H25 - CBA - ALU,30,2.0,80.28,14.0,4,0.0
380,2.0,2.3,H25 - CBA - ALU,30,2.0,80.28,14.0,5,0.0
380,2.0,2.4,H25 - CBA - PC,97,2.0,80.28,14.0,2,25.0
380,2.0,2.4,H25 - CBA - PC,97,2.0,80.28,14.0,3,0.0
380,2.0,2.4,H25 - CBA - PC,97,2.0,80.28,14.0,1,75.0
380,2.0,2.4,H25 - CBA - PC,97,2.0,80.28,14.0,4,0.0
380,2.0,2.4,H25 - CBA - PC,97,2.0,80.28,14.0,5,0.0
380,2.0,2.5,H25 - CBA - Universell porter,32,2.0,80.28,14.0,3,100.0
380,2.0,2.5,H25 - CBA - Universell porter,32,2.0,80.28,14.0,4,0.0
380,2.0,2.5,H25 - CBA - Universell porter,32,2.0,80.28,14.0,2,0.0
380,2.0,2.5,H25 - CBA - Universell porter,32,2.0,80.28,14.0,5,0.0
380,2.0,2.5,H25 - CBA - Universell porter,32,2.0,80.28,14.0,1,0.0
380,2.0,2.6,H25 - CBA - Pipeline ytelse,34,2.0,80.28,14.0,4,100.0
380,2.0,2.6,H25 - CBA - Pipeline ytelse,34,2.0,80.28,14.0,2,0.0
380,2.0,2.6,H25 - CBA - Pipeline ytelse,34,2.0,80.28,14.0,5,0.0
380,2.0,2.6,H25 - CBA - Pipeline ytelse,34,2.0,80.28,14.0,3,0.0
380,2.0,2.6,H25 - CBA - Pipeline ytelse,34,2.0,80.28,14.0,1,0.0
380,2.0,2.7,H25 - CBA - Seriell Adder,36,2.0,80.28,14.0,2,100.0
380,2.0,2.7,H25 - CBA - Seriell Adder,36,2.0,80.28,14.0,1,0.0
380,2.0,2.7,H25 - CBA - Seriell Adder,36,2.0,80.28,14.0,5,0.0
380,2.0,2.7,H25 - CBA - Seriell Adder,36,2.0,80.28,14.0,4,0.0
380,2.0,2.7,H25 - CBA - Seriell Adder,36,2.0,80.28,14.0,3,0.0
232,2.0,2.1,H25 - CBA - Cache-miss,59,2.0,82.95,14.0,4,0.0
232,2.0,2.1,H25 - CBA - Cache-miss,59,2.0,82.95,14.0,3,0.0
232,2.0,2.1,H25 - CBA - Cache-miss,59,2.0,82.95,14.0,1,0.0
232,2.0,2.1,H25 - CBA - Cache-miss,59,2.0,82.95,14.0,2,100.0
232,2.0,2.1,H25 - CBA - Cache-miss,59,2.0,82.95,14.0,5,0.0
232,2.0,2.2,H25 - CBA - Adder,103,2.0,82.95,14.0,2,100.0
232,2.0,2.2,H25 - CBA - Adder,103,2.0,82.95,14.0,1,0.0
232,2.0,2.2,H25 - CBA - Adder,103,2.0,82.95,14.0,4,0.0
232,2.0,2.2,H25 - CBA - Adder,103,2.0,82.95,14.0,3,0.0
232,2.0,2.2,H25 - CBA - Adder,103,2.0,82.95,14.0,5,0.0
232,2.0,2.3,H25 - CBA - ALU,146,2.0,82.95,14.0,3,0.0
232,2.0,2.3,H25 - CBA - ALU,146,2.0,82.95,14.0,4,0.0
232,2.0,2.3,H25 - CBA - ALU,146,2.0,82.95,14.0,1,100.0
232,2.0,2.3,H25 - CBA - ALU,146,2.0,82.95,14.0,5,0.0
232,2.0,2.3,H25 - CBA - ALU,146,2.0,82.95,14.0,2,0.0
232,2.0,2.4,H25 - CBA - PC,193,2.0,82.95,14.0,1,0.0
232,2.0,2.4,H25 - CBA - PC,193,2.0,82.95,14.0,5,0.0
232,2.0,2.4,H25 - CBA - PC,193,2.0,82.95,14.0,2,0.0
232,2.0,2.4,H25 - CBA - PC,193,2.0,82.95,14.0,4,0.0
232,2.0,2.4,H25 - CBA - PC,193,2.0,82.95,14.0,3,100.0
232,2.0,2.5,H25 - CBA - Universell porter,57,2.0,82.95,14.0,3,100.0
232,2.0,2.5,H25 - CBA - Universell porter,57,2.0,82.95,14.0,2,0.0
232,2.0,2.5,H25 - CBA - Universell porter,57,2.0,82.95,14.0,4,0.0
232,2.0,2.5,H25 - CBA - Universell porter,57,2.0,82.95,14.0,1,0.0
232,2.0,2.5,H25 - CBA - Universell porter,57,2.0,82.95,14.0,5,0.0
232,2.0,2.6,H25 - CBA - Pipeline ytelse,43,2.0,82.95,14.0,4,100.0
232,2.0,2.6,H25 - CBA - Pipeline ytelse,43,2.0,82.95,14.0,1,0.0
232,2.0,2.6,H25 - CBA - Pipeline ytelse,43,2.0,82.95,14.0,3,0.0
232,2.0,2.6,H25 - CBA - Pipeline ytelse,43,2.0,82.95,14.0,2,0.0
232,2.0,2.6,H25 - CBA - Pipeline ytelse,43,2.0,82.95,14.0,5,0.0
232,2.0,2.7,H25 - CBA - Seriell Adder,89,2.0,82.95,14.0,3,100.0
232,2.0,2.7,H25 - CBA - Seriell Adder,89,2.0,82.95,14.0,1,0.0
232,2.0,2.7,H25 - CBA - Seriell Adder,89,2.0,82.95,14.0,2,0.0
232,2.0,2.7,H25 - CBA - Seriell Adder,89,2.0,82.95,14.0,4,0.0
232,2.0,2.7,H25 - CBA - Seriell Adder,89,2.0,82.95,14.0,5,0.0
313,2.0,2.1,H25 - CBA - Cache-miss,43,2.0,77.0,14.0,2,100.0
313,2.0,2.1,H25 - CBA - Cache-miss,43,2.0,77.0,14.0,3,0.0
313,2.0,2.1,H25 - CBA - Cache-miss,43,2.0,77.0,14.0,5,0.0
313,2.0,2.1,H25 - CBA - Cache-miss,43,2.0,77.0,14.0,1,0.0
313,2.0,2.1,H25 - CBA - Cache-miss,43,2.0,77.0,14.0,4,0.0
313,2.0,2.2,H25 - CBA - Adder,61,2.0,77.0,14.0,2,100.0
313,2.0,2.2,H25 - CBA - Adder,61,2.0,77.0,14.0,5,0.0
313,2.0,2.2,H25 - CBA - Adder,61,2.0,77.0,14.0,1,0.0
313,2.0,2.2,H25 - CBA - Adder,61,2.0,77.0,14.0,4,0.0
313,2.0,2.2,H25 - CBA - Adder,61,2.0,77.0,14.0,3,0.0
313,2.0,2.3,H25 - CBA - ALU,56,2.0,77.0,14.0,1,75.0
313,2.0,2.3,H25 - CBA - ALU,56,2.0,77.0,14.0,5,25.0
313,2.0,2.3,H25 - CBA - ALU,56,2.0,77.0,14.0,3,0.0
313,2.0,2.3,H25 - CBA - ALU,56,2.0,77.0,14.0,4,0.0
313,2.0,2.3,H25 - CBA - ALU,56,2.0,77.0,14.0,2,0.0
313,2.0,2.4,H25 - CBA - PC,87,2.0,77.0,14.0,3,100.0
313,2.0,2.4,H25 - CBA - PC,87,2.0,77.0,14.0,2,0.0
313,2.0,2.4,H25 - CBA - PC,87,2.0,77.0,14.0,1,0.0
313,2.0,2.4,H25 - CBA - PC,87,2.0,77.0,14.0,5,0.0
313,2.0,2.4,H25 - CBA - PC,87,2.0,77.0,14.0,4,0.0
313,2.0,2.5,H25 - CBA - Universell porter,31,2.0,77.0,14.0,3,100.0
313,2.0,2.5,H25 - CBA - Universell porter,31,2.0,77.0,14.0,1,0.0
313,2.0,2.5,H25 - CBA - Universell porter,31,2.0,77.0,14.0,2,0.0
313,2.0,2.5,H25 - CBA - Universell porter,31,2.0,77.0,14.0,5,0.0
313,2.0,2.5,H25 - CBA - Universell porter,31,2.0,77.0,14.0,4,0.0
313,2.0,2.6,H25 - CBA - Pipeline ytelse,109,2.0,77.0,14.0,4,75.0
313,2.0,2.6,H25 - CBA - Pipeline ytelse,109,2.0,77.0,14.0,5,0.0
313,2.0,2.6,H25 - CBA - Pipeline ytelse,109,2.0,77.0,14.0,2,0.0
313,2.0,2.6,H25 - CBA - Pipeline ytelse,109,2.0,77.0,14.0,1,0.0
313,2.0,2.6,H25 - CBA - Pipeline ytelse,109,2.0,77.0,14.0,3,25.0
313,2.0,2.7,H25 - CBA - Seriell Adder,78,2.0,77.0,14.0,2,75.0
313,2.0,2.7,H25 - CBA - Seriell Adder,78,2.0,77.0,14.0,3,25.0
313,2.0,2.7,H25 - CBA - Seriell Adder,78,2.0,77.0,14.0,4,0.0
313,2.0,2.7,H25 - CBA - Seriell Adder,78,2.0,77.0,14.0,1,0.0
313,2.0,2.7,H25 - CBA - Seriell Adder,78,2.0,77.0,14.0,5,0.0
298,2.0,2.1,H25 - CBA - Cache-miss,106,2.0,73.7,12.0,2,100.0
298,2.0,2.2,H25 - CBA - Adder,53,0.0,73.7,12.0,2,75.0
298,2.0,2.2,H25 - CBA - Adder,53,0.0,73.7,12.0,3,25.0
298,2.0,2.3,H25 - CBA - ALU,202,2.0,73.7,12.0,1,100.0
298,2.0,2.4,H25 - CBA - PC,30,2.0,73.7,12.0,1,100.0
298,2.0,2.5,H25 - CBA - Universell porter,7,2.0,73.7,12.0,3,100.0
298,2.0,2.6,H25 - CBA - Pipeline ytelse,18,2.0,73.7,12.0,4,100.0
298,2.0,2.7,H25 - CBA - Seriell Adder,135,2.0,73.7,12.0,2,100.0
448,2.0,2.1,H25 - CBA - Cache-miss,206,2.0,60.86,14.0,2,0.0
448,2.0,2.1,H25 - CBA - Cache-miss,206,2.0,60.86,14.0,1,0.0
448,2.0,2.1,H25 - CBA - Cache-miss,206,2.0,60.86,14.0,4,0.0
448,2.0,2.1,H25 - CBA - Cache-miss,206,2.0,60.86,14.0,3,0.0
448,2.0,2.1,H25 - CBA - Cache-miss,206,2.0,60.86,14.0,5,100.0
448,2.0,2.2,H25 - CBA - Adder,165,2.0,60.86,14.0,5,50.0
448,2.0,2.2,H25 - CBA - Adder,165,2.0,60.86,14.0,4,0.0
448,2.0,2.2,H25 - CBA - Adder,165,2.0,60.86,14.0,3,0.0
448,2.0,2.2,H25 - CBA - Adder,165,2.0,60.86,14.0,2,50.0
448,2.0,2.2,H25 - CBA - Adder,165,2.0,60.86,14.0,1,0.0
448,2.0,2.3,H25 - CBA - ALU,183,2.0,60.86,14.0,1,50.0
448,2.0,2.3,H25 - CBA - ALU,183,2.0,60.86,14.0,2,50.0
448,2.0,2.3,H25 - CBA - ALU,183,2.0,60.86,14.0,4,0.0
448,2.0,2.3,H25 - CBA - ALU,183,2.0,60.86,14.0,3,0.0
448,2.0,2.3,H25 - CBA - ALU,183,2.0,60.86,14.0,5,0.0
448,2.0,2.4,H25 - CBA - PC,220,2.0,60.86,14.0,3,50.0
448,2.0,2.4,H25 - CBA - PC,220,2.0,60.86,14.0,2,50.0
448,2.0,2.4,H25 - CBA - PC,220,2.0,60.86,14.0,5,0.0
448,2.0,2.4,H25 - CBA - PC,220,2.0,60.86,14.0,4,0.0
448,2.0,2.4,H25 - CBA - PC,220,2.0,60.86,14.0,1,0.0
448,2.0,2.5,H25 - CBA - Universell porter,59,2.0,60.86,14.0,3,100.0
448,2.0,2.5,H25 - CBA - Universell porter,59,2.0,60.86,14.0,2,0.0
448,2.0,2.5,H25 - CBA - Universell porter,59,2.0,60.86,14.0,5,0.0
448,2.0,2.5,H25 - CBA - Universell porter,59,2.0,60.86,14.0,4,0.0
448,2.0,2.5,H25 - CBA - Universell porter,59,2.0,60.86,14.0,1,0.0
448,2.0,2.6,H25 - CBA - Pipeline ytelse,95,2.0,60.86,14.0,4,75.0
448,2.0,2.6,H25 - CBA - Pipeline ytelse,95,2.0,60.86,14.0,2,0.0
448,2.0,2.6,H25 - CBA - Pipeline ytelse,95,2.0,60.86,14.0,3,0.0
448,2.0,2.6,H25 - CBA - Pipeline ytelse,95,2.0,60.86,14.0,1,25.0
448,2.0,2.6,H25 - CBA - Pipeline ytelse,95,2.0,60.86,14.0,5,0.0
448,2.0,2.7,H25 - CBA - Seriell Adder,107,2.0,60.86,14.0,1,50.0
448,2.0,2.7,H25 - CBA - Seriell Adder,107,2.0,60.86,14.0,5,0.0
448,2.0,2.7,H25 - CBA - Seriell Adder,107,2.0,60.86,14.0,4,50.0
448,2.0,2.7,H25 - CBA - Seriell Adder,107,2.0,60.86,14.0,3,0.0
448,2.0,2.7,H25 - CBA - Seriell Adder,107,2.0,60.86,14.0,2,0.0
369,2.0,2.1,H25 - CBA - Cache-miss,60,2.0,68.7,14.0,3,0.0
369,2.0,2.1,H25 - CBA - Cache-miss,60,2.0,68.7,14.0,2,100.0
369,2.0,2.1,H25 - CBA - Cache-miss,60,2.0,68.7,14.0,1,0.0
369,2.0,2.1,H25 - CBA - Cache-miss,60,2.0,68.7,14.0,4,0.0
369,2.0,2.1,H25 - CBA - Cache-miss,60,2.0,68.7,14.0,5,0.0
369,2.0,2.2,H25 - CBA - Adder,38,2.0,68.7,14.0,2,100.0
369,2.0,2.2,H25 - CBA - Adder,38,2.0,68.7,14.0,1,0.0
369,2.0,2.2,H25 - CBA - Adder,38,2.0,68.7,14.0,5,0.0
369,2.0,2.2,H25 - CBA - Adder,38,2.0,68.7,14.0,3,0.0
369,2.0,2.2,H25 - CBA - Adder,38,2.0,68.7,14.0,4,0.0
369,2.0,2.3,H25 - CBA - ALU,86,2.0,68.7,14.0,2,25.0
369,2.0,2.3,H25 - CBA - ALU,86,2.0,68.7,14.0,3,0.0
369,2.0,2.3,H25 - CBA - ALU,86,2.0,68.7,14.0,5,0.0
369,2.0,2.3,H25 - CBA - ALU,86,2.0,68.7,14.0,1,75.0
369,2.0,2.3,H25 - CBA - ALU,86,2.0,68.7,14.0,4,0.0
369,2.0,2.4,H25 - CBA - PC,64,2.0,68.7,14.0,3,0.0
369,2.0,2.4,H25 - CBA - PC,64,2.0,68.7,14.0,4,0.0
369,2.0,2.4,H25 - CBA - PC,64,2.0,68.7,14.0,5,0.0
369,2.0,2.4,H25 - CBA - PC,64,2.0,68.7,14.0,1,50.0
369,2.0,2.4,H25 - CBA - PC,64,2.0,68.7,14.0,2,50.0
369,2.0,2.5,H25 - CBA - Universell porter,52,2.0,68.7,14.0,2,0.0
369,2.0,2.5,H25 - CBA - Universell porter,52,2.0,68.7,14.0,3,100.0
369,2.0,2.5,H25 - CBA - Universell porter,52,2.0,68.7,14.0,5,0.0
369,2.0,2.5,H25 - CBA - Universell porter,52,2.0,68.7,14.0,1,0.0
369,2.0,2.5,H25 - CBA - Universell porter,52,2.0,68.7,14.0,4,0.0
369,2.0,2.6,H25 - CBA - Pipeline ytelse,88,2.0,68.7,14.0,5,0.0
369,2.0,2.6,H25 - CBA - Pipeline ytelse,88,2.0,68.7,14.0,2,0.0
369,2.0,2.6,H25 - CBA - Pipeline ytelse,88,2.0,68.7,14.0,3,0.0
369,2.0,2.6,H25 - CBA - Pipeline ytelse,88,2.0,68.7,14.0,4,50.0
369,2.0,2.6,H25 - CBA - Pipeline ytelse,88,2.0,68.7,14.0,1,50.0
369,2.0,2.7,H25 - CBA - Seriell Adder,84,2.0,68.7,14.0,1,0.0
369,2.0,2.7,H25 - CBA - Seriell Adder,84,2.0,68.7,14.0,4,0.0
369,2.0,2.7,H25 - CBA - Seriell Adder,84,2.0,68.7,14.0,2,100.0
369,2.0,2.7,H25 - CBA - Seriell Adder,84,2.0,68.7,14.0,5,0.0
369,2.0,2.7,H25 - CBA - Seriell Adder,84,2.0,68.7,14.0,3,0.0
250,2.0,2.1,H25 - CBA - Cache-miss,115,2.0,61.11,14.0,1,0.0
250,2.0,2.1,H25 - CBA - Cache-miss,115,2.0,61.11,14.0,5,0.0
250,2.0,2.1,H25 - CBA - Cache-miss,115,2.0,61.11,14.0,4,0.0
250,2.0,2.1,H25 - CBA - Cache-miss,115,2.0,61.11,14.0,2,75.0
250,2.0,2.1,H25 - CBA - Cache-miss,115,2.0,61.11,14.0,3,25.0
250,2.0,2.2,H25 - CBA - Adder,98,2.0,61.11,14.0,4,0.0
250,2.0,2.2,H25 - CBA - Adder,98,2.0,61.11,14.0,5,25.0
250,2.0,2.2,H25 - CBA - Adder,98,2.0,61.11,14.0,3,25.0
250,2.0,2.2,H25 - CBA - Adder,98,2.0,61.11,14.0,1,0.0
250,2.0,2.2,H25 - CBA - Adder,98,2.0,61.11,14.0,2,50.0
250,2.0,2.3,H25 - CBA - ALU,85,2.0,61.11,14.0,4,0.0
250,2.0,2.3,H25 - CBA - ALU,85,2.0,61.11,14.0,5,0.0
250,2.0,2.3,H25 - CBA - ALU,85,2.0,61.11,14.0,2,75.0
250,2.0,2.3,H25 - CBA - ALU,85,2.0,61.11,14.0,1,25.0
250,2.0,2.3,H25 - CBA - ALU,85,2.0,61.11,14.0,3,0.0
250,2.0,2.4,H25 - CBA - PC,96,2.0,61.11,14.0,4,0.0
250,2.0,2.4,H25 - CBA - PC,96,2.0,61.11,14.0,5,0.0
250,2.0,2.4,H25 - CBA - PC,96,2.0,61.11,14.0,1,75.0
250,2.0,2.4,H25 - CBA - PC,96,2.0,61.11,14.0,2,25.0
250,2.0,2.4,H25 - CBA - PC,96,2.0,61.11,14.0,3,0.0
250,2.0,2.5,H25 - CBA - Universell porter,63,2.0,61.11,14.0,3,75.0
250,2.0,2.5,H25 - CBA - Universell porter,63,2.0,61.11,14.0,1,25.0
250,2.0,2.5,H25 - CBA - Universell porter,63,2.0,61.11,14.0,2,0.0
250,2.0,2.5,H25 - CBA - Universell porter,63,2.0,61.11,14.0,5,0.0
250,2.0,2.5,H25 - CBA - Universell porter,63,2.0,61.11,14.0,4,0.0
250,2.0,2.6,H25 - CBA - Pipeline ytelse,40,2.0,61.11,14.0,4,100.0
250,2.0,2.6,H25 - CBA - Pipeline ytelse,40,2.0,61.11,14.0,3,0.0
250,2.0,2.6,H25 - CBA - Pipeline ytelse,40,2.0,61.11,14.0,2,0.0
250,2.0,2.6,H25 - CBA - Pipeline ytelse,40,2.0,61.11,14.0,5,0.0
250,2.0,2.6,H25 - CBA - Pipeline ytelse,40,2.0,61.11,14.0,1,0.0
250,2.0,2.7,H25 - CBA - Seriell Adder,62,2.0,61.11,14.0,5,0.0
250,2.0,2.7,H25 - CBA - Seriell Adder,62,2.0,61.11,14.0,3,0.0
250,2.0,2.7,H25 - CBA - Seriell Adder,62,2.0,61.11,14.0,4,75.0
250,2.0,2.7,H25 - CBA - Seriell Adder,62,2.0,61.11,14.0,1,25.0
250,2.0,2.7,H25 - CBA - Seriell Adder,62,2.0,61.11,14.0,2,0.0
389,2.0,2.1,H25 - CBA - Cache-miss,199,2.0,60.69,14.0,1,0.0
389,2.0,2.1,H25 - CBA - Cache-miss,199,2.0,60.69,14.0,4,0.0
389,2.0,2.1,H25 - CBA - Cache-miss,199,2.0,60.69,14.0,5,75.0
389,2.0,2.1,H25 - CBA - Cache-miss,199,2.0,60.69,14.0,3,0.0
389,2.0,2.1,H25 - CBA - Cache-miss,199,2.0,60.69,14.0,2,25.0
389,2.0,2.2,H25 - CBA - Adder,71,2.0,60.69,14.0,2,75.0
389,2.0,2.2,H25 - CBA - Adder,71,2.0,60.69,14.0,5,25.0
389,2.0,2.2,H25 - CBA - Adder,71,2.0,60.69,14.0,1,0.0
389,2.0,2.2,H25 - CBA - Adder,71,2.0,60.69,14.0,4,0.0
389,2.0,2.2,H25 - CBA - Adder,71,2.0,60.69,14.0,3,0.0
389,2.0,2.3,H25 - CBA - ALU,97,2.0,60.69,14.0,2,100.0
389,2.0,2.3,H25 - CBA - ALU,97,2.0,60.69,14.0,5,0.0
389,2.0,2.3,H25 - CBA - ALU,97,2.0,60.69,14.0,1,0.0
389,2.0,2.3,H25 - CBA - ALU,97,2.0,60.69,14.0,3,0.0
389,2.0,2.3,H25 - CBA - ALU,97,2.0,60.69,14.0,4,0.0
389,2.0,2.4,H25 - CBA - PC,114,2.0,60.69,14.0,1,75.0
389,2.0,2.4,H25 - CBA - PC,114,2.0,60.69,14.0,2,25.0
389,2.0,2.4,H25 - CBA - PC,114,2.0,60.69,14.0,4,0.0
389,2.0,2.4,H25 - CBA - PC,114,2.0,60.69,14.0,3,0.0
389,2.0,2.4,H25 - CBA - PC,114,2.0,60.69,14.0,5,0.0
389,2.0,2.5,H25 - CBA - Universell porter,112,2.0,60.69,14.0,5,75.0
389,2.0,2.5,H25 - CBA - Universell porter,112,2.0,60.69,14.0,2,0.0
389,2.0,2.5,H25 - CBA - Universell porter,112,2.0,60.69,14.0,4,0.0
389,2.0,2.5,H25 - CBA - Universell porter,112,2.0,60.69,14.0,3,0.0
389,2.0,2.5,H25 - CBA - Universell porter,112,2.0,60.69,14.0,1,25.0
389,2.0,2.6,H25 - CBA - Pipeline ytelse,105,2.0,60.69,14.0,1,25.0
389,2.0,2.6,H25 - CBA - Pipeline ytelse,105,2.0,60.69,14.0,2,0.0
389,2.0,2.6,H25 - CBA - Pipeline ytelse,105,2.0,60.69,14.0,3,75.0
389,2.0,2.6,H25 - CBA - Pipeline ytelse,105,2.0,60.69,14.0,4,0.0
389,2.0,2.6,H25 - CBA - Pipeline ytelse,105,2.0,60.69,14.0,5,0.0
389,2.0,2.7,H25 - CBA - Seriell Adder,87,2.0,60.69,14.0,4,0.0
389,2.0,2.7,H25 - CBA - Seriell Adder,87,2.0,60.69,14.0,2,100.0
389,2.0,2.7,H25 - CBA - Seriell Adder,87,2.0,60.69,14.0,1,0.0
389,2.0,2.7,H25 - CBA - Seriell Adder,87,2.0,60.69,14.0,5,0.0
389,2.0,2.7,H25 - CBA - Seriell Adder,87,2.0,60.69,14.0,3,0.0
347,2.0,2.1,H25 - CBA - Cache-miss,86,2.0,68.49,14.0,2,100.0
347,2.0,2.1,H25 - CBA - Cache-miss,86,2.0,68.49,14.0,3,0.0
347,2.0,2.1,H25 - CBA - Cache-miss,86,2.0,68.49,14.0,5,0.0
347,2.0,2.1,H25 - CBA - Cache-miss,86,2.0,68.49,14.0,4,0.0
347,2.0,2.1,H25 - CBA - Cache-miss,86,2.0,68.49,14.0,1,0.0
347,2.0,2.2,H25 - CBA - Adder,150,2.0,68.49,14.0,2,100.0
347,2.0,2.2,H25 - CBA - Adder,150,2.0,68.49,14.0,3,0.0
347,2.0,2.2,H25 - CBA - Adder,150,2.0,68.49,14.0,1,0.0
347,2.0,2.2,H25 - CBA - Adder,150,2.0,68.49,14.0,4,0.0
347,2.0,2.2,H25 - CBA - Adder,150,2.0,68.49,14.0,5,0.0
347,2.0,2.3,H25 - CBA - ALU,108,2.0,68.49,14.0,1,100.0
347,2.0,2.3,H25 - CBA - ALU,108,2.0,68.49,14.0,5,0.0
347,2.0,2.3,H25 - CBA - ALU,108,2.0,68.49,14.0,2,0.0
347,2.0,2.3,H25 - CBA - ALU,108,2.0,68.49,14.0,4,0.0
347,2.0,2.3,H25 - CBA - ALU,108,2.0,68.49,14.0,3,0.0
347,2.0,2.4,H25 - CBA - PC,149,2.0,68.49,14.0,1,25.0
347,2.0,2.4,H25 - CBA - PC,149,2.0,68.49,14.0,2,75.0
347,2.0,2.4,H25 - CBA - PC,149,2.0,68.49,14.0,4,0.0
347,2.0,2.4,H25 - CBA - PC,149,2.0,68.49,14.0,5,0.0
347,2.0,2.4,H25 - CBA - PC,149,2.0,68.49,14.0,3,0.0
347,2.0,2.5,H25 - CBA - Universell porter,91,2.0,68.49,14.0,3,100.0
347,2.0,2.5,H25 - CBA - Universell porter,91,2.0,68.49,14.0,2,0.0
347,2.0,2.5,H25 - CBA - Universell porter,91,2.0,68.49,14.0,4,0.0
347,2.0,2.5,H25 - CBA - Universell porter,91,2.0,68.49,14.0,5,0.0
347,2.0,2.5,H25 - CBA - Universell porter,91,2.0,68.49,14.0,1,0.0
347,2.0,2.6,H25 - CBA - Pipeline ytelse,257,2.0,68.49,14.0,3,100.0
347,2.0,2.6,H25 - CBA - Pipeline ytelse,257,2.0,68.49,14.0,1,0.0
347,2.0,2.6,H25 - CBA - Pipeline ytelse,257,2.0,68.49,14.0,4,0.0
347,2.0,2.6,H25 - CBA - Pipeline ytelse,257,2.0,68.49,14.0,2,0.0
347,2.0,2.6,H25 - CBA - Pipeline ytelse,257,2.0,68.49,14.0,5,0.0
347,2.0,2.7,H25 - CBA - Seriell Adder,102,2.0,68.49,14.0,2,100.0
347,2.0,2.7,H25 - CBA - Seriell Adder,102,2.0,68.49,14.0,4,0.0
347,2.0,2.7,H25 - CBA - Seriell Adder,102,2.0,68.49,14.0,3,0.0
347,2.0,2.7,H25 - CBA - Seriell Adder,102,2.0,68.49,14.0,5,0.0
347,2.0,2.7,H25 - CBA - Seriell Adder,102,2.0,68.49,14.0,1,0.0
391,2.0,2.1,H25 - CBA - Cache-miss,39,2.0,77.0,14.0,3,0.0
391,2.0,2.1,H25 - CBA - Cache-miss,39,2.0,77.0,14.0,5,0.0
391,2.0,2.1,H25 - CBA - Cache-miss,39,2.0,77.0,14.0,2,100.0
391,2.0,2.1,H25 - CBA - Cache-miss,39,2.0,77.0,14.0,1,0.0
391,2.0,2.1,H25 - CBA - Cache-miss,39,2.0,77.0,14.0,4,0.0
391,2.0,2.2,H25 - CBA - Adder,37,2.0,77.0,14.0,2,100.0
391,2.0,2.2,H25 - CBA - Adder,37,2.0,77.0,14.0,5,0.0
391,2.0,2.2,H25 - CBA - Adder,37,2.0,77.0,14.0,4,0.0
391,2.0,2.2,H25 - CBA - Adder,37,2.0,77.0,14.0,1,0.0
391,2.0,2.2,H25 - CBA - Adder,37,2.0,77.0,14.0,3,0.0
391,2.0,2.3,H25 - CBA - ALU,62,2.0,77.0,14.0,1,100.0
391,2.0,2.3,H25 - CBA - ALU,62,2.0,77.0,14.0,3,0.0
391,2.0,2.3,H25 - CBA - ALU,62,2.0,77.0,14.0,5,0.0
391,2.0,2.3,H25 - CBA - ALU,62,2.0,77.0,14.0,2,0.0
391,2.0,2.3,H25 - CBA - ALU,62,2.0,77.0,14.0,4,0.0
391,2.0,2.4,H25 - CBA - PC,146,2.0,77.0,14.0,2,0.0
391,2.0,2.4,H25 - CBA - PC,146,2.0,77.0,14.0,1,100.0
391,2.0,2.4,H25 - CBA - PC,146,2.0,77.0,14.0,4,0.0
391,2.0,2.4,H25 - CBA - PC,146,2.0,77.0,14.0,5,0.0
391,2.0,2.4,H25 - CBA - PC,146,2.0,77.0,14.0,3,0.0
391,2.0,2.5,H25 - CBA - Universell porter,21,2.0,77.0,14.0,3,100.0
391,2.0,2.5,H25 - CBA - Universell porter,21,2.0,77.0,14.0,4,0.0
391,2.0,2.5,H25 - CBA - Universell porter,21,2.0,77.0,14.0,5,0.0
391,2.0,2.5,H25 - CBA - Universell porter,21,2.0,77.0,14.0,2,0.0
391,2.0,2.5,H25 - CBA - Universell porter,21,2.0,77.0,14.0,1,0.0
391,2.0,2.6,H25 - CBA - Pipeline ytelse,46,2.0,77.0,14.0,4,100.0
391,2.0,2.6,H25 - CBA - Pipeline ytelse,46,2.0,77.0,14.0,1,0.0
391,2.0,2.6,H25 - CBA - Pipeline ytelse,46,2.0,77.0,14.0,3,0.0
391,2.0,2.6,H25 - CBA - Pipeline ytelse,46,2.0,77.0,14.0,5,0.0
391,2.0,2.6,H25 - CBA - Pipeline ytelse,46,2.0,77.0,14.0,2,0.0
391,2.0,2.7,H25 - CBA - Seriell Adder,46,2.0,77.0,14.0,2,100.0
391,2.0,2.7,H25 - CBA - Seriell Adder,46,2.0,77.0,14.0,1,0.0
391,2.0,2.7,H25 - CBA - Seriell Adder,46,2.0,77.0,14.0,3,0.0
391,2.0,2.7,H25 - CBA - Seriell Adder,46,2.0,77.0,14.0,5,0.0
391,2.0,2.7,H25 - CBA - Seriell Adder,46,2.0,77.0,14.0,4,0.0
478,2.0,2.1,H25 - CBA - Cache-miss,102,2.0,79.35,14.0,2,100.0
478,2.0,2.1,H25 - CBA - Cache-miss,102,2.0,79.35,14.0,5,0.0
478,2.0,2.1,H25 - CBA - Cache-miss,102,2.0,79.35,14.0,4,0.0
478,2.0,2.1,H25 - CBA - Cache-miss,102,2.0,79.35,14.0,1,0.0
478,2.0,2.1,H25 - CBA - Cache-miss,102,2.0,79.35,14.0,3,0.0
478,2.0,2.2,H25 - CBA - Adder,63,2.0,79.35,14.0,2,100.0
478,2.0,2.2,H25 - CBA - Adder,63,2.0,79.35,14.0,4,0.0
478,2.0,2.2,H25 - CBA - Adder,63,2.0,79.35,14.0,1,0.0
478,2.0,2.2,H25 - CBA - Adder,63,2.0,79.35,14.0,3,0.0
478,2.0,2.2,H25 - CBA - Adder,63,2.0,79.35,14.0,5,0.0
478,2.0,2.3,H25 - CBA - ALU,99,2.0,79.35,14.0,1,75.0
478,2.0,2.3,H25 - CBA - ALU,99,2.0,79.35,14.0,5,25.0
478,2.0,2.3,H25 - CBA - ALU,99,2.0,79.35,14.0,3,0.0
478,2.0,2.3,H25 - CBA - ALU,99,2.0,79.35,14.0,4,0.0
478,2.0,2.3,H25 - CBA - ALU,99,2.0,79.35,14.0,2,0.0
478,2.0,2.4,H25 - CBA - PC,149,2.0,79.35,14.0,1,75.0
478,2.0,2.4,H25 - CBA - PC,149,2.0,79.35,14.0,2,25.0
478,2.0,2.4,H25 - CBA - PC,149,2.0,79.35,14.0,5,0.0
478,2.0,2.4,H25 - CBA - PC,149,2.0,79.35,14.0,4,0.0
478,2.0,2.4,H25 - CBA - PC,149,2.0,79.35,14.0,3,0.0
478,2.0,2.5,H25 - CBA - Universell porter,45,2.0,79.35,14.0,3,100.0
478,2.0,2.5,H25 - CBA - Universell porter,45,2.0,79.35,14.0,4,0.0
478,2.0,2.5,H25 - CBA - Universell porter,45,2.0,79.35,14.0,1,0.0
478,2.0,2.5,H25 - CBA - Universell porter,45,2.0,79.35,14.0,2,0.0
478,2.0,2.5,H25 - CBA - Universell porter,45,2.0,79.35,14.0,5,0.0
478,2.0,2.6,H25 - CBA - Pipeline ytelse,67,2.0,79.35,14.0,4,100.0
478,2.0,2.6,H25 - CBA - Pipeline ytelse,67,2.0,79.35,14.0,1,0.0
478,2.0,2.6,H25 - CBA - Pipeline ytelse,67,2.0,79.35,14.0,3,0.0
478,2.0,2.6,H25 - CBA - Pipeline ytelse,67,2.0,79.35,14.0,2,0.0
478,2.0,2.6,H25 - CBA - Pipeline ytelse,67,2.0,79.35,14.0,5,0.0
478,2.0,2.7,H25 - CBA - Seriell Adder,68,2.0,79.35,14.0,2,100.0
478,2.0,2.7,H25 - CBA - Seriell Adder,68,2.0,79.35,14.0,5,0.0
478,2.0,2.7,H25 - CBA - Seriell Adder,68,2.0,79.35,14.0,4,0.0
478,2.0,2.7,H25 - CBA - Seriell Adder,68,2.0,79.35,14.0,1,0.0
478,2.0,2.7,H25 - CBA - Seriell Adder,68,2.0,79.35,14.0,3,0.0
485,2.0,2.1,H25 - CBA - Cache-miss,185,2.0,51.08,14.0,2,100.0
485,2.0,2.1,H25 - CBA - Cache-miss,185,2.0,51.08,14.0,3,0.0
485,2.0,2.1,H25 - CBA - Cache-miss,185,2.0,51.08,14.0,4,0.0
485,2.0,2.1,H25 - CBA - Cache-miss,185,2.0,51.08,14.0,1,0.0
485,2.0,2.1,H25 - CBA - Cache-miss,185,2.0,51.08,14.0,5,0.0
485,2.0,2.2,H25 - CBA - Adder,17,2.0,51.08,14.0,2,100.0
485,2.0,2.2,H25 - CBA - Adder,17,2.0,51.08,14.0,1,0.0
485,2.0,2.2,H25 - CBA - Adder,17,2.0,51.08,14.0,3,0.0
485,2.0,2.2,H25 - CBA - Adder,17,2.0,51.08,14.0,4,0.0
485,2.0,2.2,H25 - CBA - Adder,17,2.0,51.08,14.0,5,0.0
485,2.0,2.3,H25 - CBA - ALU,33,2.0,51.08,14.0,1,100.0
485,2.0,2.3,H25 - CBA - ALU,33,2.0,51.08,14.0,5,0.0
485,2.0,2.3,H25 - CBA - ALU,33,2.0,51.08,14.0,2,0.0
485,2.0,2.3,H25 - CBA - ALU,33,2.0,51.08,14.0,3,0.0
485,2.0,2.3,H25 - CBA - ALU,33,2.0,51.08,14.0,4,0.0
485,2.0,2.4,H25 - CBA - PC,30,2.0,51.08,14.0,3,100.0
485,2.0,2.4,H25 - CBA - PC,30,2.0,51.08,14.0,5,0.0
485,2.0,2.4,H25 - CBA - PC,30,2.0,51.08,14.0,2,0.0
485,2.0,2.4,H25 - CBA - PC,30,2.0,51.08,14.0,1,0.0
485,2.0,2.4,H25 - CBA - PC,30,2.0,51.08,14.0,4,0.0
485,2.0,2.5,H25 - CBA - Universell porter,17,2.0,51.08,14.0,3,100.0
485,2.0,2.5,H25 - CBA - Universell porter,17,2.0,51.08,14.0,1,0.0
485,2.0,2.5,H25 - CBA - Universell porter,17,2.0,51.08,14.0,4,0.0
485,2.0,2.5,H25 - CBA - Universell porter,17,2.0,51.08,14.0,5,0.0
485,2.0,2.5,H25 - CBA - Universell porter,17,2.0,51.08,14.0,2,0.0
485,2.0,2.6,H25 - CBA - Pipeline ytelse,49,2.0,51.08,14.0,1,50.0
485,2.0,2.6,H25 - CBA - Pipeline ytelse,49,2.0,51.08,14.0,3,50.0
485,2.0,2.6,H25 - CBA - Pipeline ytelse,49,2.0,51.08,14.0,2,0.0
485,2.0,2.6,H25 - CBA - Pipeline ytelse,49,2.0,51.08,14.0,5,0.0
485,2.0,2.6,H25 - CBA - Pipeline ytelse,49,2.0,51.08,14.0,4,0.0
485,2.0,2.7,H25 - CBA - Seriell Adder,64,2.0,51.08,14.0,3,50.0
485,2.0,2.7,H25 - CBA - Seriell Adder,64,2.0,51.08,14.0,2,50.0
485,2.0,2.7,H25 - CBA - Seriell Adder,64,2.0,51.08,14.0,4,0.0
485,2.0,2.7,H25 - CBA - Seriell Adder,64,2.0,51.08,14.0,1,0.0
485,2.0,2.7,H25 - CBA - Seriell Adder,64,2.0,51.08,14.0,5,0.0
81,2.0,2.1,H25 - CBA - Cache-miss,28,2.0,71.91,14.0,2,100.0
81,2.0,2.1,H25 - CBA - Cache-miss,28,2.0,71.91,14.0,5,0.0
81,2.0,2.1,H25 - CBA - Cache-miss,28,2.0,71.91,14.0,1,0.0
81,2.0,2.1,H25 - CBA - Cache-miss,28,2.0,71.91,14.0,4,0.0
81,2.0,2.1,H25 - CBA - Cache-miss,28,2.0,71.91,14.0,3,0.0
81,2.0,2.2,H25 - CBA - Adder,125,2.0,71.91,14.0,1,0.0
81,2.0,2.2,H25 - CBA - Adder,125,2.0,71.91,14.0,3,0.0
81,2.0,2.2,H25 - CBA - Adder,125,2.0,71.91,14.0,4,0.0
81,2.0,2.2,H25 - CBA - Adder,125,2.0,71.91,14.0,2,100.0
81,2.0,2.2,H25 - CBA - Adder,125,2.0,71.91,14.0,5,0.0
81,2.0,2.3,H25 - CBA - ALU,134,2.0,71.91,14.0,2,25.0
81,2.0,2.3,H25 - CBA - ALU,134,2.0,71.91,14.0,4,0.0
81,2.0,2.3,H25 - CBA - ALU,134,2.0,71.91,14.0,1,25.0
81,2.0,2.3,H25 - CBA - ALU,134,2.0,71.91,14.0,3,50.0
81,2.0,2.3,H25 - CBA - ALU,134,2.0,71.91,14.0,5,0.0
81,2.0,2.4,H25 - CBA - PC,55,2.0,71.91,14.0,3,0.0
81,2.0,2.4,H25 - CBA - PC,55,2.0,71.91,14.0,2,0.0
81,2.0,2.4,H25 - CBA - PC,55,2.0,71.91,14.0,1,100.0
81,2.0,2.4,H25 - CBA - PC,55,2.0,71.91,14.0,5,0.0
81,2.0,2.4,H25 - CBA - PC,55,2.0,71.91,14.0,4,0.0
81,2.0,2.5,H25 - CBA - Universell porter,138,2.0,71.91,14.0,3,100.0
81,2.0,2.5,H25 - CBA - Universell porter,138,2.0,71.91,14.0,2,0.0
81,2.0,2.5,H25 - CBA - Universell porter,138,2.0,71.91,14.0,1,0.0
81,2.0,2.5,H25 - CBA - Universell porter,138,2.0,71.91,14.0,5,0.0
81,2.0,2.5,H25 - CBA - Universell porter,138,2.0,71.91,14.0,4,0.0
81,2.0,2.6,H25 - CBA - Pipeline ytelse,40,2.0,71.91,14.0,4,75.0
81,2.0,2.6,H25 - CBA - Pipeline ytelse,40,2.0,71.91,14.0,1,25.0
81,2.0,2.6,H25 - CBA - Pipeline ytelse,40,2.0,71.91,14.0,2,0.0
81,2.0,2.6,H25 - CBA - Pipeline ytelse,40,2.0,71.91,14.0,3,0.0
81,2.0,2.6,H25 - CBA - Pipeline ytelse,40,2.0,71.91,14.0,5,0.0
81,2.0,2.7,H25 - CBA - Seriell Adder,55,2.0,71.91,14.0,2,100.0
81,2.0,2.7,H25 - CBA - Seriell Adder,55,2.0,71.91,14.0,4,0.0
81,2.0,2.7,H25 - CBA - Seriell Adder,55,2.0,71.91,14.0,3,0.0
81,2.0,2.7,H25 - CBA - Seriell Adder,55,2.0,71.91,14.0,5,0.0
81,2.0,2.7,H25 - CBA - Seriell Adder,55,2.0,71.91,14.0,1,0.0
495,2.0,2.1,H25 - CBA - Cache-miss,377,2.0,66.66,14.0,1,0.0
495,2.0,2.1,H25 - CBA - Cache-miss,377,2.0,66.66,14.0,3,0.0
495,2.0,2.1,H25 - CBA - Cache-miss,377,2.0,66.66,14.0,2,75.0
495,2.0,2.1,H25 - CBA - Cache-miss,377,2.0,66.66,14.0,4,25.0
495,2.0,2.1,H25 - CBA - Cache-miss,377,2.0,66.66,14.0,5,0.0
495,2.0,2.2,H25 - CBA - Adder,243,2.0,66.66,14.0,1,0.0
495,2.0,2.2,H25 - CBA - Adder,243,2.0,66.66,14.0,2,25.0
495,2.0,2.2,H25 - CBA - Adder,243,2.0,66.66,14.0,5,0.0
495,2.0,2.2,H25 - CBA - Adder,243,2.0,66.66,14.0,3,0.0
495,2.0,2.2,H25 - CBA - Adder,243,2.0,66.66,14.0,4,75.0
495,2.0,2.3,H25 - CBA - ALU,50,2.0,66.66,14.0,1,100.0
495,2.0,2.3,H25 - CBA - ALU,50,2.0,66.66,14.0,5,0.0
495,2.0,2.3,H25 - CBA - ALU,50,2.0,66.66,14.0,4,0.0
495,2.0,2.3,H25 - CBA - ALU,50,2.0,66.66,14.0,2,0.0
495,2.0,2.3,H25 - CBA - ALU,50,2.0,66.66,14.0,3,0.0
495,2.0,2.4,H25 - CBA - PC,188,2.0,66.66,14.0,1,100.0
495,2.0,2.4,H25 - CBA - PC,188,2.0,66.66,14.0,3,0.0
495,2.0,2.4,H25 - CBA - PC,188,2.0,66.66,14.0,4,0.0
495,2.0,2.4,H25 - CBA - PC,188,2.0,66.66,14.0,5,0.0
495,2.0,2.4,H25 - CBA - PC,188,2.0,66.66,14.0,2,0.0
495,2.0,2.5,H25 - CBA - Universell porter,35,2.0,66.66,14.0,3,100.0
495,2.0,2.5,H25 - CBA - Universell porter,35,2.0,66.66,14.0,5,0.0
495,2.0,2.5,H25 - CBA - Universell porter,35,2.0,66.66,14.0,1,0.0
495,2.0,2.5,H25 - CBA - Universell porter,35,2.0,66.66,14.0,2,0.0
495,2.0,2.5,H25 - CBA - Universell porter,35,2.0,66.66,14.0,4,0.0
495,2.0,2.6,H25 - CBA - Pipeline ytelse,160,2.0,66.66,14.0,4,75.0
495,2.0,2.6,H25 - CBA - Pipeline ytelse,160,2.0,66.66,14.0,1,25.0
495,2.0,2.6,H25 - CBA - Pipeline ytelse,160,2.0,66.66,14.0,3,0.0
495,2.0,2.6,H25 - CBA - Pipeline ytelse,160,2.0,66.66,14.0,5,0.0
495,2.0,2.6,H25 - CBA - Pipeline ytelse,160,2.0,66.66,14.0,2,0.0
495,2.0,2.7,H25 - CBA - Seriell Adder,222,2.0,66.66,14.0,3,25.0
495,2.0,2.7,H25 - CBA - Seriell Adder,222,2.0,66.66,14.0,5,0.0
495,2.0,2.7,H25 - CBA - Seriell Adder,222,2.0,66.66,14.0,4,0.0
495,2.0,2.7,H25 - CBA - Seriell Adder,222,2.0,66.66,14.0,1,0.0
495,2.0,2.7,H25 - CBA - Seriell Adder,222,2.0,66.66,14.0,2,75.0
237,2.0,2.1,H25 - CBA - Cache-miss,90,2.0,88.67,14.0,1,0.0
237,2.0,2.1,H25 - CBA - Cache-miss,90,2.0,88.67,14.0,2,100.0
237,2.0,2.1,H25 - CBA - Cache-miss,90,2.0,88.67,14.0,5,0.0
237,2.0,2.1,H25 - CBA - Cache-miss,90,2.0,88.67,14.0,4,0.0
237,2.0,2.1,H25 - CBA - Cache-miss,90,2.0,88.67,14.0,3,0.0
237,2.0,2.2,H25 - CBA - Adder,432,2.0,88.67,14.0,1,0.0
237,2.0,2.2,H25 - CBA - Adder,432,2.0,88.67,14.0,2,75.0
237,2.0,2.2,H25 - CBA - Adder,432,2.0,88.67,14.0,5,0.0
237,2.0,2.2,H25 - CBA - Adder,432,2.0,88.67,14.0,3,0.0
237,2.0,2.2,H25 - CBA - Adder,432,2.0,88.67,14.0,4,25.0
237,2.0,2.3,H25 - CBA - ALU,265,2.0,88.67,14.0,3,0.0
237,2.0,2.3,H25 - CBA - ALU,265,2.0,88.67,14.0,4,0.0
237,2.0,2.3,H25 - CBA - ALU,265,2.0,88.67,14.0,2,0.0
237,2.0,2.3,H25 - CBA - ALU,265,2.0,88.67,14.0,5,100.0
237,2.0,2.3,H25 - CBA - ALU,265,2.0,88.67,14.0,1,0.0
237,2.0,2.4,H25 - CBA - PC,124,2.0,88.67,14.0,5,0.0
237,2.0,2.4,H25 - CBA - PC,124,2.0,88.67,14.0,3,0.0
237,2.0,2.4,H25 - CBA - PC,124,2.0,88.67,14.0,4,0.0
237,2.0,2.4,H25 - CBA - PC,124,2.0,88.67,14.0,2,25.0
237,2.0,2.4,H25 - CBA - PC,124,2.0,88.67,14.0,1,75.0
237,2.0,2.5,H25 - CBA - Universell porter,46,2.0,88.67,14.0,2,0.0
237,2.0,2.5,H25 - CBA - Universell porter,46,2.0,88.67,14.0,4,0.0
237,2.0,2.5,H25 - CBA - Universell porter,46,2.0,88.67,14.0,5,0.0
237,2.0,2.5,H25 - CBA - Universell porter,46,2.0,88.67,14.0,1,0.0
237,2.0,2.5,H25 - CBA - Universell porter,46,2.0,88.67,14.0,3,100.0
237,2.0,2.6,H25 - CBA - Pipeline ytelse,86,2.0,88.67,14.0,3,0.0
237,2.0,2.6,H25 - CBA - Pipeline ytelse,86,2.0,88.67,14.0,1,0.0
237,2.0,2.6,H25 - CBA - Pipeline ytelse,86,2.0,88.67,14.0,2,0.0
237,2.0,2.6,H25 - CBA - Pipeline ytelse,86,2.0,88.67,14.0,4,100.0
237,2.0,2.6,H25 - CBA - Pipeline ytelse,86,2.0,88.67,14.0,5,0.0
237,2.0,2.7,H25 - CBA - Seriell Adder,54,2.0,88.67,14.0,2,100.0
237,2.0,2.7,H25 - CBA - Seriell Adder,54,2.0,88.67,14.0,1,0.0
237,2.0,2.7,H25 - CBA - Seriell Adder,54,2.0,88.67,14.0,4,0.0
237,2.0,2.7,H25 - CBA - Seriell Adder,54,2.0,88.67,14.0,3,0.0
237,2.0,2.7,H25 - CBA - Seriell Adder,54,2.0,88.67,14.0,5,0.0
258,2.0,2.1,H25 - CBA - Cache-miss,27,2.0,66.34,14.0,2,100.0
258,2.0,2.1,H25 - CBA - Cache-miss,27,2.0,66.34,14.0,1,0.0
258,2.0,2.1,H25 - CBA - Cache-miss,27,2.0,66.34,14.0,3,0.0
258,2.0,2.1,H25 - CBA - Cache-miss,27,2.0,66.34,14.0,5,0.0
258,2.0,2.1,H25 - CBA - Cache-miss,27,2.0,66.34,14.0,4,0.0
258,2.0,2.2,H25 - CBA - Adder,24,2.0,66.34,14.0,2,100.0
258,2.0,2.2,H25 - CBA - Adder,24,2.0,66.34,14.0,5,0.0
258,2.0,2.2,H25 - CBA - Adder,24,2.0,66.34,14.0,1,0.0
258,2.0,2.2,H25 - CBA - Adder,24,2.0,66.34,14.0,4,0.0
258,2.0,2.2,H25 - CBA - Adder,24,2.0,66.34,14.0,3,0.0
258,2.0,2.3,H25 - CBA - ALU,44,2.0,66.34,14.0,5,100.0
258,2.0,2.3,H25 - CBA - ALU,44,2.0,66.34,14.0,4,0.0
258,2.0,2.3,H25 - CBA - ALU,44,2.0,66.34,14.0,1,0.0
258,2.0,2.3,H25 - CBA - ALU,44,2.0,66.34,14.0,3,0.0
258,2.0,2.3,H25 - CBA - ALU,44,2.0,66.34,14.0,2,0.0
258,2.0,2.4,H25 - CBA - PC,62,2.0,66.34,14.0,4,75.0
258,2.0,2.4,H25 - CBA - PC,62,2.0,66.34,14.0,3,25.0
258,2.0,2.4,H25 - CBA - PC,62,2.0,66.34,14.0,2,0.0
258,2.0,2.4,H25 - CBA - PC,62,2.0,66.34,14.0,5,0.0
258,2.0,2.4,H25 - CBA - PC,62,2.0,66.34,14.0,1,0.0
258,2.0,2.5,H25 - CBA - Universell porter,15,2.0,66.34,14.0,3,100.0
258,2.0,2.5,H25 - CBA - Universell porter,15,2.0,66.34,14.0,5,0.0
258,2.0,2.5,H25 - CBA - Universell porter,15,2.0,66.34,14.0,4,0.0
258,2.0,2.5,H25 - CBA - Universell porter,15,2.0,66.34,14.0,2,0.0
258,2.0,2.5,H25 - CBA - Universell porter,15,2.0,66.34,14.0,1,0.0
258,2.0,2.6,H25 - CBA - Pipeline ytelse,56,2.0,66.34,14.0,4,100.0
258,2.0,2.6,H25 - CBA - Pipeline ytelse,56,2.0,66.34,14.0,3,0.0
258,2.0,2.6,H25 - CBA - Pipeline ytelse,56,2.0,66.34,14.0,1,0.0
258,2.0,2.6,H25 - CBA - Pipeline ytelse,56,2.0,66.34,14.0,2,0.0
258,2.0,2.6,H25 - CBA - Pipeline ytelse,56,2.0,66.34,14.0,5,0.0
258,2.0,2.7,H25 - CBA - Seriell Adder,37,2.0,66.34,14.0,2,100.0
258,2.0,2.7,H25 - CBA - Seriell Adder,37,2.0,66.34,14.0,1,0.0
258,2.0,2.7,H25 - CBA - Seriell Adder,37,2.0,66.34,14.0,4,0.0
258,2.0,2.7,H25 - CBA - Seriell Adder,37,2.0,66.34,14.0,5,0.0
258,2.0,2.7,H25 - CBA - Seriell Adder,37,2.0,66.34,14.0,3,0.0
285,2.0,2.1,H25 - CBA - Cache-miss,58,2.0,83.78,12.0,2,100.0
285,2.0,2.2,H25 - CBA - Adder,14,2.0,83.78,12.0,2,100.0
285,2.0,2.3,H25 - CBA - ALU,217,0.0,83.78,12.0,1,50.0
285,2.0,2.3,H25 - CBA - ALU,217,0.0,83.78,12.0,2,50.0
285,2.0,2.4,H25 - CBA - PC,30,2.0,83.78,12.0,1,100.0
285,2.0,2.5,H25 - CBA - Universell porter,30,2.0,83.78,12.0,3,100.0
285,2.0,2.6,H25 - CBA - Pipeline ytelse,131,2.0,83.78,12.0,4,100.0
285,2.0,2.7,H25 - CBA - Seriell Adder,69,2.0,83.78,12.0,2,100.0
477,2.0,2.1,H25 - CBA - Cache-miss,157,2.0,79.65,14.0,2,100.0
477,2.0,2.1,H25 - CBA - Cache-miss,157,2.0,79.65,14.0,5,0.0
477,2.0,2.1,H25 - CBA - Cache-miss,157,2.0,79.65,14.0,4,0.0
477,2.0,2.1,H25 - CBA - Cache-miss,157,2.0,79.65,14.0,1,0.0
477,2.0,2.1,H25 - CBA - Cache-miss,157,2.0,79.65,14.0,3,0.0
477,2.0,2.2,H25 - CBA - Adder,122,2.0,79.65,14.0,2,100.0
477,2.0,2.2,H25 - CBA - Adder,122,2.0,79.65,14.0,3,0.0
477,2.0,2.2,H25 - CBA - Adder,122,2.0,79.65,14.0,5,0.0
477,2.0,2.2,H25 - CBA - Adder,122,2.0,79.65,14.0,4,0.0
477,2.0,2.2,H25 - CBA - Adder,122,2.0,79.65,14.0,1,0.0
477,2.0,2.3,H25 - CBA - ALU,342,2.0,79.65,14.0,2,0.0
477,2.0,2.3,H25 - CBA - ALU,342,2.0,79.65,14.0,1,50.0
477,2.0,2.3,H25 - CBA - ALU,342,2.0,79.65,14.0,5,0.0
477,2.0,2.3,H25 - CBA - ALU,342,2.0,79.65,14.0,4,0.0
477,2.0,2.3,H25 - CBA - ALU,342,2.0,79.65,14.0,3,50.0
477,2.0,2.4,H25 - CBA - PC,233,2.0,79.65,14.0,5,0.0
477,2.0,2.4,H25 - CBA - PC,233,2.0,79.65,14.0,1,50.0
477,2.0,2.4,H25 - CBA - PC,233,2.0,79.65,14.0,3,50.0
477,2.0,2.4,H25 - CBA - PC,233,2.0,79.65,14.0,2,0.0
477,2.0,2.5,H25 - CBA - Universell porter,154,2.0,79.65,14.0,3,75.0
477,2.0,2.5,H25 - CBA - Universell porter,154,2.0,79.65,14.0,4,0.0
477,2.0,2.5,H25 - CBA - Universell porter,154,2.0,79.65,14.0,5,0.0
477,2.0,2.5,H25 - CBA - Universell porter,154,2.0,79.65,14.0,2,25.0
477,2.0,2.5,H25 - CBA - Universell porter,154,2.0,79.65,14.0,1,0.0
477,2.0,2.6,H25 - CBA - Pipeline ytelse,150,2.0,79.65,14.0,1,50.0
477,2.0,2.6,H25 - CBA - Pipeline ytelse,150,2.0,79.65,14.0,3,50.0
477,2.0,2.6,H25 - CBA - Pipeline ytelse,150,2.0,79.65,14.0,4,0.0
477,2.0,2.6,H25 - CBA - Pipeline ytelse,150,2.0,79.65,14.0,5,0.0
477,2.0,2.6,H25 - CBA - Pipeline ytelse,150,2.0,79.65,14.0,2,0.0
477,2.0,2.7,H25 - CBA - Seriell Adder,93,2.0,79.65,14.0,2,100.0
477,2.0,2.7,H25 - CBA - Seriell Adder,93,2.0,79.65,14.0,3,0.0
477,2.0,2.7,H25 - CBA - Seriell Adder,93,2.0,79.65,14.0,4,0.0
477,2.0,2.7,H25 - CBA - Seriell Adder,93,2.0,79.65,14.0,5,0.0
477,2.0,2.7,H25 - CBA - Seriell Adder,93,2.0,79.65,14.0,1,0.0
449,2.0,2.1,H25 - CBA - Cache-miss,51,2.0,90.5,14.0,3,0.0
449,2.0,2.1,H25 - CBA - Cache-miss,51,2.0,90.5,14.0,2,100.0
449,2.0,2.1,H25 - CBA - Cache-miss,51,2.0,90.5,14.0,1,0.0
449,2.0,2.1,H25 - CBA - Cache-miss,51,2.0,90.5,14.0,4,0.0
449,2.0,2.1,H25 - CBA - Cache-miss,51,2.0,90.5,14.0,5,0.0
449,2.0,2.2,H25 - CBA - Adder,42,2.0,90.5,14.0,5,0.0
449,2.0,2.2,H25 - CBA - Adder,42,2.0,90.5,14.0,1,0.0
449,2.0,2.2,H25 - CBA - Adder,42,2.0,90.5,14.0,2,100.0
449,2.0,2.2,H25 - CBA - Adder,42,2.0,90.5,14.0,3,0.0
449,2.0,2.2,H25 - CBA - Adder,42,2.0,90.5,14.0,4,0.0
449,2.0,2.3,H25 - CBA - ALU,117,2.0,90.5,14.0,3,0.0
449,2.0,2.3,H25 - CBA - ALU,117,2.0,90.5,14.0,4,0.0
449,2.0,2.3,H25 - CBA - ALU,117,2.0,90.5,14.0,1,75.0
449,2.0,2.3,H25 - CBA - ALU,117,2.0,90.5,14.0,5,0.0
449,2.0,2.3,H25 - CBA - ALU,117,2.0,90.5,14.0,2,25.0
449,2.0,2.4,H25 - CBA - PC,49,2.0,90.5,14.0,3,100.0
449,2.0,2.4,H25 - CBA - PC,49,2.0,90.5,14.0,4,0.0
449,2.0,2.4,H25 - CBA - PC,49,2.0,90.5,14.0,5,0.0
449,2.0,2.4,H25 - CBA - PC,49,2.0,90.5,14.0,2,0.0
449,2.0,2.4,H25 - CBA - PC,49,2.0,90.5,14.0,1,0.0
449,2.0,2.5,H25 - CBA - Universell porter,50,2.0,90.5,14.0,3,100.0
449,2.0,2.5,H25 - CBA - Universell porter,50,2.0,90.5,14.0,2,0.0
449,2.0,2.5,H25 - CBA - Universell porter,50,2.0,90.5,14.0,1,0.0
449,2.0,2.5,H25 - CBA - Universell porter,50,2.0,90.5,14.0,5,0.0
449,2.0,2.5,H25 - CBA - Universell porter,50,2.0,90.5,14.0,4,0.0
449,2.0,2.6,H25 - CBA - Pipeline ytelse,78,2.0,90.5,14.0,4,100.0
449,2.0,2.6,H25 - CBA - Pipeline ytelse,78,2.0,90.5,14.0,3,0.0
449,2.0,2.6,H25 - CBA - Pipeline ytelse,78,2.0,90.5,14.0,5,0.0
449,2.0,2.6,H25 - CBA - Pipeline ytelse,78,2.0,90.5,14.0,2,0.0
449,2.0,2.6,H25 - CBA - Pipeline ytelse,78,2.0,90.5,14.0,1,0.0
449,2.0,2.7,H25 - CBA - Seriell Adder,107,2.0,90.5,14.0,2,50.0
449,2.0,2.7,H25 - CBA - Seriell Adder,107,2.0,90.5,14.0,3,0.0
449,2.0,2.7,H25 - CBA - Seriell Adder,107,2.0,90.5,14.0,5,0.0
449,2.0,2.7,H25 - CBA - Seriell Adder,107,2.0,90.5,14.0,1,25.0
449,2.0,2.7,H25 - CBA - Seriell Adder,107,2.0,90.5,14.0,4,25.0
30,2.0,2.1,H25 - CBA - Cache-miss,51,2.0,55.99,14.0,1,0.0
30,2.0,2.1,H25 - CBA - Cache-miss,51,2.0,55.99,14.0,5,50.0
30,2.0,2.1,H25 - CBA - Cache-miss,51,2.0,55.99,14.0,4,0.0
30,2.0,2.1,H25 - CBA - Cache-miss,51,2.0,55.99,14.0,2,50.0
30,2.0,2.1,H25 - CBA - Cache-miss,51,2.0,55.99,14.0,3,0.0
30,2.0,2.2,H25 - CBA - Adder,59,2.0,55.99,14.0,1,0.0
30,2.0,2.2,H25 - CBA - Adder,59,2.0,55.99,14.0,3,0.0
30,2.0,2.2,H25 - CBA - Adder,59,2.0,55.99,14.0,2,75.0
30,2.0,2.2,H25 - CBA - Adder,59,2.0,55.99,14.0,5,25.0
30,2.0,2.2,H25 - CBA - Adder,59,2.0,55.99,14.0,4,0.0
30,2.0,2.4,H25 - CBA - PC,30,2.0,55.99,14.0,1,50.0
30,2.0,2.4,H25 - CBA - PC,30,2.0,55.99,14.0,3,50.0
30,2.0,2.4,H25 - CBA - PC,30,2.0,55.99,14.0,5,0.0
30,2.0,2.4,H25 - CBA - PC,30,2.0,55.99,14.0,2,0.0
30,2.0,2.4,H25 - CBA - PC,30,2.0,55.99,14.0,4,0.0
30,2.0,2.5,H25 - CBA - Universell porter,68,2.0,55.99,14.0,3,100.0
30,2.0,2.5,H25 - CBA - Universell porter,68,2.0,55.99,14.0,2,0.0
30,2.0,2.5,H25 - CBA - Universell porter,68,2.0,55.99,14.0,4,0.0
30,2.0,2.5,H25 - CBA - Universell porter,68,2.0,55.99,14.0,1,0.0
30,2.0,2.5,H25 - CBA - Universell porter,68,2.0,55.99,14.0,5,0.0
30,2.0,2.6,H25 - CBA - Pipeline ytelse,54,2.0,55.99,14.0,2,0.0
30,2.0,2.6,H25 - CBA - Pipeline ytelse,54,2.0,55.99,14.0,4,50.0
30,2.0,2.6,H25 - CBA - Pipeline ytelse,54,2.0,55.99,14.0,1,25.0
30,2.0,2.6,H25 - CBA - Pipeline ytelse,54,2.0,55.99,14.0,5,25.0
30,2.0,2.6,H25 - CBA - Pipeline ytelse,54,2.0,55.99,14.0,3,0.0
30,2.0,2.7,H25 - CBA - Seriell Adder,57,2.0,55.99,14.0,2,0.0
30,2.0,2.7,H25 - CBA - Seriell Adder,57,2.0,55.99,14.0,5,0.0
30,2.0,2.7,H25 - CBA - Seriell Adder,57,2.0,55.99,14.0,1,25.0
30,2.0,2.7,H25 - CBA - Seriell Adder,57,2.0,55.99,14.0,3,0.0
30,2.0,2.7,H25 - CBA - Seriell Adder,57,2.0,55.99,14.0,4,75.0
487,2.0,2.1,H25 - CBA - Cache-miss,71,2.0,45.79,10.0,3,50.0
487,2.0,2.1,H25 - CBA - Cache-miss,71,2.0,45.79,10.0,2,50.0
487,2.0,2.1,H25 - CBA - Cache-miss,71,2.0,45.79,10.0,5,0.0
487,2.0,2.1,H25 - CBA - Cache-miss,71,2.0,45.79,10.0,4,0.0
487,2.0,2.2,H25 - CBA - Adder,22,2.0,45.79,10.0,2,100.0
487,2.0,2.2,H25 - CBA - Adder,22,2.0,45.79,10.0,4,0.0
487,2.0,2.2,H25 - CBA - Adder,22,2.0,45.79,10.0,3,0.0
487,2.0,2.2,H25 - CBA - Adder,22,2.0,45.79,10.0,1,0.0
487,2.0,2.2,H25 - CBA - Adder,22,2.0,45.79,10.0,5,0.0
487,2.0,2.4,H25 - CBA - PC,164,2.0,45.79,10.0,4,25.0
487,2.0,2.4,H25 - CBA - PC,164,2.0,45.79,10.0,5,0.0
487,2.0,2.4,H25 - CBA - PC,164,2.0,45.79,10.0,2,25.0
487,2.0,2.4,H25 - CBA - PC,164,2.0,45.79,10.0,1,0.0
487,2.0,2.4,H25 - CBA - PC,164,2.0,45.79,10.0,3,50.0
487,2.0,2.5,H25 - CBA - Universell porter,45,2.0,45.79,10.0,3,75.0
487,2.0,2.5,H25 - CBA - Universell porter,45,2.0,45.79,10.0,5,25.0
487,2.0,2.5,H25 - CBA - Universell porter,45,2.0,45.79,10.0,4,0.0
487,2.0,2.5,H25 - CBA - Universell porter,45,2.0,45.79,10.0,1,0.0
487,2.0,2.5,H25 - CBA - Universell porter,45,2.0,45.79,10.0,2,0.0
487,2.0,2.7,H25 - CBA - Seriell Adder,93,2.0,45.79,10.0,3,50.0
487,2.0,2.7,H25 - CBA - Seriell Adder,93,2.0,45.79,10.0,1,25.0
487,2.0,2.7,H25 - CBA - Seriell Adder,93,2.0,45.79,10.0,4,0.0
487,2.0,2.7,H25 - CBA - Seriell Adder,93,2.0,45.79,10.0,2,25.0
487,2.0,2.7,H25 - CBA - Seriell Adder,93,2.0,45.79,10.0,5,0.0
503,2.0,2.1,H25 - CBA - Cache-miss,124,2.0,34.01,4.0,2,100.0
503,2.0,2.2,H25 - CBA - Adder,54,0.0,34.01,4.0,2,75.0
503,2.0,2.2,H25 - CBA - Adder,54,0.0,34.01,4.0,5,25.0
503,2.0,2.3,H25 - CBA - ALU,31,0.0,34.01,4.0,1,75.0
503,2.0,2.3,H25 - CBA - ALU,31,0.0,34.01,4.0,2,25.0
503,2.0,2.4,H25 - CBA - PC,240,0.0,34.01,4.0,4,75.0
503,2.0,2.4,H25 - CBA - PC,240,0.0,34.01,4.0,1,25.0
503,2.0,2.5,H25 - CBA - Universell porter,37,0.0,34.01,4.0,3,75.0
503,2.0,2.5,H25 - CBA - Universell porter,37,0.0,34.01,4.0,5,25.0
503,2.0,2.6,H25 - CBA - Pipeline ytelse,264,2.0,34.01,4.0,4,100.0
503,2.0,2.7,H25 - CBA - Seriell Adder,46,0.0,34.01,4.0,3,75.0
503,2.0,2.7,H25 - CBA - Seriell Adder,46,0.0,34.01,4.0,1,25.0
447,2.0,2.1,H25 - CBA - Cache-miss,35,2.0,73.98,14.0,2,100.0
447,2.0,2.1,H25 - CBA - Cache-miss,35,2.0,73.98,14.0,1,0.0
447,2.0,2.1,H25 - CBA - Cache-miss,35,2.0,73.98,14.0,3,0.0
447,2.0,2.1,H25 - CBA - Cache-miss,35,2.0,73.98,14.0,5,0.0
447,2.0,2.1,H25 - CBA - Cache-miss,35,2.0,73.98,14.0,4,0.0
447,2.0,2.2,H25 - CBA - Adder,16,2.0,73.98,14.0,2,100.0
447,2.0,2.2,H25 - CBA - Adder,16,2.0,73.98,14.0,4,0.0
447,2.0,2.2,H25 - CBA - Adder,16,2.0,73.98,14.0,5,0.0
447,2.0,2.2,H25 - CBA - Adder,16,2.0,73.98,14.0,3,0.0
447,2.0,2.2,H25 - CBA - Adder,16,2.0,73.98,14.0,1,0.0
447,2.0,2.3,H25 - CBA - ALU,161,2.0,73.98,14.0,4,0.0
447,2.0,2.3,H25 - CBA - ALU,161,2.0,73.98,14.0,1,25.0
447,2.0,2.3,H25 - CBA - ALU,161,2.0,73.98,14.0,3,0.0
447,2.0,2.3,H25 - CBA - ALU,161,2.0,73.98,14.0,5,50.0
447,2.0,2.3,H25 - CBA - ALU,161,2.0,73.98,14.0,2,25.0
447,2.0,2.4,H25 - CBA - PC,28,2.0,73.98,14.0,1,100.0
447,2.0,2.4,H25 - CBA - PC,28,2.0,73.98,14.0,4,0.0
447,2.0,2.4,H25 - CBA - PC,28,2.0,73.98,14.0,2,0.0
447,2.0,2.4,H25 - CBA - PC,28,2.0,73.98,14.0,5,0.0
447,2.0,2.4,H25 - CBA - PC,28,2.0,73.98,14.0,3,0.0
447,2.0,2.5,H25 - CBA - Universell porter,11,2.0,73.98,14.0,2,0.0
447,2.0,2.5,H25 - CBA - Universell porter,11,2.0,73.98,14.0,4,0.0
447,2.0,2.5,H25 - CBA - Universell porter,11,2.0,73.98,14.0,5,0.0
447,2.0,2.5,H25 - CBA - Universell porter,11,2.0,73.98,14.0,3,100.0
447,2.0,2.5,H25 - CBA - Universell porter,11,2.0,73.98,14.0,1,0.0
447,2.0,2.6,H25 - CBA - Pipeline ytelse,17,2.0,73.98,14.0,4,100.0
447,2.0,2.6,H25 - CBA - Pipeline ytelse,17,2.0,73.98,14.0,2,0.0
447,2.0,2.6,H25 - CBA - Pipeline ytelse,17,2.0,73.98,14.0,1,0.0
447,2.0,2.6,H25 - CBA - Pipeline ytelse,17,2.0,73.98,14.0,3,0.0
447,2.0,2.6,H25 - CBA - Pipeline ytelse,17,2.0,73.98,14.0,5,0.0
447,2.0,2.7,H25 - CBA - Seriell Adder,18,2.0,73.98,14.0,2,100.0
447,2.0,2.7,H25 - CBA - Seriell Adder,18,2.0,73.98,14.0,3,0.0
447,2.0,2.7,H25 - CBA - Seriell Adder,18,2.0,73.98,14.0,1,0.0
447,2.0,2.7,H25 - CBA - Seriell Adder,18,2.0,73.98,14.0,5,0.0
447,2.0,2.7,H25 - CBA - Seriell Adder,18,2.0,73.98,14.0,4,0.0
63,2.0,2.1,H25 - CBA - Cache-miss,43,2.0,65.85,12.0,2,100.0
63,2.0,2.1,H25 - CBA - Cache-miss,43,2.0,65.85,12.0,5,0.0
63,2.0,2.1,H25 - CBA - Cache-miss,43,2.0,65.85,12.0,1,0.0
63,2.0,2.1,H25 - CBA - Cache-miss,43,2.0,65.85,12.0,3,0.0
63,2.0,2.1,H25 - CBA - Cache-miss,43,2.0,65.85,12.0,4,0.0
63,2.0,2.2,H25 - CBA - Adder,23,2.0,65.85,12.0,2,100.0
63,2.0,2.2,H25 - CBA - Adder,23,2.0,65.85,12.0,3,0.0
63,2.0,2.2,H25 - CBA - Adder,23,2.0,65.85,12.0,4,0.0
63,2.0,2.2,H25 - CBA - Adder,23,2.0,65.85,12.0,1,0.0
63,2.0,2.2,H25 - CBA - Adder,23,2.0,65.85,12.0,5,0.0
63,2.0,2.3,H25 - CBA - ALU,50,2.0,65.85,12.0,1,100.0
63,2.0,2.3,H25 - CBA - ALU,50,2.0,65.85,12.0,2,0.0
63,2.0,2.3,H25 - CBA - ALU,50,2.0,65.85,12.0,4,0.0
63,2.0,2.3,H25 - CBA - ALU,50,2.0,65.85,12.0,5,0.0
63,2.0,2.3,H25 - CBA - ALU,50,2.0,65.85,12.0,3,0.0
63,2.0,2.4,H25 - CBA - PC,32,2.0,65.85,12.0,4,75.0
63,2.0,2.4,H25 - CBA - PC,32,2.0,65.85,12.0,3,25.0
63,2.0,2.4,H25 - CBA - PC,32,2.0,65.85,12.0,1,0.0
63,2.0,2.4,H25 - CBA - PC,32,2.0,65.85,12.0,5,0.0
63,2.0,2.4,H25 - CBA - PC,32,2.0,65.85,12.0,2,0.0
63,2.0,2.5,H25 - CBA - Universell porter,57,2.0,65.85,12.0,1,100.0
63,2.0,2.5,H25 - CBA - Universell porter,57,2.0,65.85,12.0,2,0.0
63,2.0,2.5,H25 - CBA - Universell porter,57,2.0,65.85,12.0,4,0.0
63,2.0,2.5,H25 - CBA - Universell porter,57,2.0,65.85,12.0,5,0.0
63,2.0,2.5,H25 - CBA - Universell porter,57,2.0,65.85,12.0,3,0.0
63,2.0,2.6,H25 - CBA - Pipeline ytelse,69,2.0,65.85,12.0,1,75.0
63,2.0,2.6,H25 - CBA - Pipeline ytelse,69,2.0,65.85,12.0,4,0.0
63,2.0,2.6,H25 - CBA - Pipeline ytelse,69,2.0,65.85,12.0,2,0.0
63,2.0,2.6,H25 - CBA - Pipeline ytelse,69,2.0,65.85,12.0,3,25.0
63,2.0,2.6,H25 - CBA - Pipeline ytelse,69,2.0,65.85,12.0,5,0.0
63,2.0,2.7,H25 - CBA - Seriell Adder,100,0.0,65.85,12.0,4,25.0
63,2.0,2.7,H25 - CBA - Seriell Adder,100,0.0,65.85,12.0,2,75.0
422,2.0,2.1,H25 - CBA - Cache-miss,97,2.0,72.67,14.0,4,0.0
422,2.0,2.1,H25 - CBA - Cache-miss,97,2.0,72.67,14.0,1,0.0
422,2.0,2.1,H25 - CBA - Cache-miss,97,2.0,72.67,14.0,2,100.0
422,2.0,2.1,H25 - CBA - Cache-miss,97,2.0,72.67,14.0,5,0.0
422,2.0,2.1,H25 - CBA - Cache-miss,97,2.0,72.67,14.0,3,0.0
422,2.0,2.2,H25 - CBA - Adder,30,2.0,72.67,14.0,1,0.0
422,2.0,2.2,H25 - CBA - Adder,30,2.0,72.67,14.0,5,0.0
422,2.0,2.2,H25 - CBA - Adder,30,2.0,72.67,14.0,3,0.0
422,2.0,2.2,H25 - CBA - Adder,30,2.0,72.67,14.0,4,0.0
422,2.0,2.2,H25 - CBA - Adder,30,2.0,72.67,14.0,2,100.0
422,2.0,2.3,H25 - CBA - ALU,689,2.0,72.67,14.0,2,25.0
422,2.0,2.3,H25 - CBA - ALU,689,2.0,72.67,14.0,4,0.0
422,2.0,2.3,H25 - CBA - ALU,689,2.0,72.67,14.0,3,0.0
422,2.0,2.3,H25 - CBA - ALU,689,2.0,72.67,14.0,1,75.0
422,2.0,2.3,H25 - CBA - ALU,689,2.0,72.67,14.0,5,0.0
422,2.0,2.4,H25 - CBA - PC,15,2.0,72.67,14.0,3,100.0
422,2.0,2.4,H25 - CBA - PC,15,2.0,72.67,14.0,4,0.0
422,2.0,2.4,H25 - CBA - PC,15,2.0,72.67,14.0,2,0.0
422,2.0,2.4,H25 - CBA - PC,15,2.0,72.67,14.0,5,0.0
422,2.0,2.4,H25 - CBA - PC,15,2.0,72.67,14.0,1,0.0
422,2.0,2.5,H25 - CBA - Universell porter,15,2.0,72.67,14.0,3,100.0
422,2.0,2.5,H25 - CBA - Universell porter,15,2.0,72.67,14.0,4,0.0
422,2.0,2.5,H25 - CBA - Universell porter,15,2.0,72.67,14.0,1,0.0
422,2.0,2.5,H25 - CBA - Universell porter,15,2.0,72.67,14.0,2,0.0
422,2.0,2.5,H25 - CBA - Universell porter,15,2.0,72.67,14.0,5,0.0
422,2.0,2.6,H25 - CBA - Pipeline ytelse,115,2.0,72.67,14.0,2,0.0
422,2.0,2.6,H25 - CBA - Pipeline ytelse,115,2.0,72.67,14.0,5,0.0
422,2.0,2.6,H25 - CBA - Pipeline ytelse,115,2.0,72.67,14.0,3,0.0
422,2.0,2.6,H25 - CBA - Pipeline ytelse,115,2.0,72.67,14.0,4,100.0
422,2.0,2.6,H25 - CBA - Pipeline ytelse,115,2.0,72.67,14.0,1,0.0
422,2.0,2.7,H25 - CBA - Seriell Adder,243,2.0,72.67,14.0,2,25.0
422,2.0,2.7,H25 - CBA - Seriell Adder,243,2.0,72.67,14.0,5,75.0
422,2.0,2.7,H25 - CBA - Seriell Adder,243,2.0,72.67,14.0,4,0.0
422,2.0,2.7,H25 - CBA - Seriell Adder,243,2.0,72.67,14.0,3,0.0
422,2.0,2.7,H25 - CBA - Seriell Adder,243,2.0,72.67,14.0,1,0.0
411,2.0,2.1,H25 - CBA - Cache-miss,39,2.0,52.0,12.0,2,100.0
411,2.0,2.1,H25 - CBA - Cache-miss,39,2.0,52.0,12.0,4,0.0
411,2.0,2.1,H25 - CBA - Cache-miss,39,2.0,52.0,12.0,1,0.0
411,2.0,2.1,H25 - CBA - Cache-miss,39,2.0,52.0,12.0,5,0.0
411,2.0,2.1,H25 - CBA - Cache-miss,39,2.0,52.0,12.0,3,0.0
411,2.0,2.2,H25 - CBA - Adder,50,2.0,52.0,12.0,2,100.0
411,2.0,2.2,H25 - CBA - Adder,50,2.0,52.0,12.0,5,0.0
411,2.0,2.2,H25 - CBA - Adder,50,2.0,52.0,12.0,1,0.0
411,2.0,2.2,H25 - CBA - Adder,50,2.0,52.0,12.0,3,0.0
411,2.0,2.2,H25 - CBA - Adder,50,2.0,52.0,12.0,4,0.0
411,2.0,2.3,H25 - CBA - ALU,91,2.0,52.0,12.0,1,50.0
411,2.0,2.3,H25 - CBA - ALU,91,2.0,52.0,12.0,5,25.0
411,2.0,2.3,H25 - CBA - ALU,91,2.0,52.0,12.0,4,25.0
411,2.0,2.3,H25 - CBA - ALU,91,2.0,52.0,12.0,2,0.0
411,2.0,2.3,H25 - CBA - ALU,91,2.0,52.0,12.0,3,0.0
411,2.0,2.4,H25 - CBA - PC,69,2.0,52.0,12.0,3,75.0
411,2.0,2.4,H25 - CBA - PC,69,2.0,52.0,12.0,1,25.0
411,2.0,2.4,H25 - CBA - PC,69,2.0,52.0,12.0,5,0.0
411,2.0,2.4,H25 - CBA - PC,69,2.0,52.0,12.0,4,0.0
411,2.0,2.4,H25 - CBA - PC,69,2.0,52.0,12.0,2,0.0
411,2.0,2.5,H25 - CBA - Universell porter,30,2.0,52.0,12.0,3,100.0
411,2.0,2.5,H25 - CBA - Universell porter,30,2.0,52.0,12.0,2,0.0
411,2.0,2.5,H25 - CBA - Universell porter,30,2.0,52.0,12.0,4,0.0
411,2.0,2.5,H25 - CBA - Universell porter,30,2.0,52.0,12.0,1,0.0
411,2.0,2.5,H25 - CBA - Universell porter,30,2.0,52.0,12.0,5,0.0
411,2.0,2.6,H25 - CBA - Pipeline ytelse,48,2.0,52.0,12.0,1,0.0
411,2.0,2.6,H25 - CBA - Pipeline ytelse,48,2.0,52.0,12.0,3,0.0
411,2.0,2.6,H25 - CBA - Pipeline ytelse,48,2.0,52.0,12.0,4,100.0
411,2.0,2.6,H25 - CBA - Pipeline ytelse,48,2.0,52.0,12.0,2,0.0
411,2.0,2.6,H25 - CBA - Pipeline ytelse,48,2.0,52.0,12.0,5,0.0
411,2.0,2.7,H25 - CBA - Seriell Adder,50,0.0,52.0,12.0,3,75.0
411,2.0,2.7,H25 - CBA - Seriell Adder,50,0.0,52.0,12.0,2,25.0
435,2.0,2.1,H25 - CBA - Cache-miss,34,2.0,54.94,14.0,1,0.0
435,2.0,2.1,H25 - CBA - Cache-miss,34,2.0,54.94,14.0,4,25.0
435,2.0,2.1,H25 - CBA - Cache-miss,34,2.0,54.94,14.0,5,25.0
435,2.0,2.1,H25 - CBA - Cache-miss,34,2.0,54.94,14.0,2,25.0
435,2.0,2.1,H25 - CBA - Cache-miss,34,2.0,54.94,14.0,3,25.0
435,2.0,2.2,H25 - CBA - Adder,63,2.0,54.94,14.0,1,0.0
435,2.0,2.2,H25 - CBA - Adder,63,2.0,54.94,14.0,3,0.0
435,2.0,2.2,H25 - CBA - Adder,63,2.0,54.94,14.0,2,0.0
435,2.0,2.2,H25 - CBA - Adder,63,2.0,54.94,14.0,5,100.0
435,2.0,2.2,H25 - CBA - Adder,63,2.0,54.94,14.0,4,0.0
435,2.0,2.3,H25 - CBA - ALU,44,2.0,54.94,14.0,1,50.0
435,2.0,2.3,H25 - CBA - ALU,44,2.0,54.94,14.0,2,50.0
435,2.0,2.3,H25 - CBA - ALU,44,2.0,54.94,14.0,3,0.0
435,2.0,2.3,H25 - CBA - ALU,44,2.0,54.94,14.0,5,0.0
435,2.0,2.3,H25 - CBA - ALU,44,2.0,54.94,14.0,4,0.0
435,2.0,2.4,H25 - CBA - PC,46,2.0,54.94,14.0,3,50.0
435,2.0,2.4,H25 - CBA - PC,46,2.0,54.94,14.0,5,50.0
435,2.0,2.4,H25 - CBA - PC,46,2.0,54.94,14.0,4,0.0
435,2.0,2.4,H25 - CBA - PC,46,2.0,54.94,14.0,1,0.0
435,2.0,2.4,H25 - CBA - PC,46,2.0,54.94,14.0,2,0.0
435,2.0,2.5,H25 - CBA - Universell porter,27,2.0,54.94,14.0,3,100.0
435,2.0,2.5,H25 - CBA - Universell porter,27,2.0,54.94,14.0,4,0.0
435,2.0,2.5,H25 - CBA - Universell porter,27,2.0,54.94,14.0,1,0.0
435,2.0,2.5,H25 - CBA - Universell porter,27,2.0,54.94,14.0,2,0.0
435,2.0,2.5,H25 - CBA - Universell porter,27,2.0,54.94,14.0,5,0.0
435,2.0,2.6,H25 - CBA - Pipeline ytelse,37,2.0,54.94,14.0,3,25.0
435,2.0,2.6,H25 - CBA - Pipeline ytelse,37,2.0,54.94,14.0,1,25.0
435,2.0,2.6,H25 - CBA - Pipeline ytelse,37,2.0,54.94,14.0,4,25.0
435,2.0,2.6,H25 - CBA - Pipeline ytelse,37,2.0,54.94,14.0,5,25.0
435,2.0,2.6,H25 - CBA - Pipeline ytelse,37,2.0,54.94,14.0,2,0.0
435,2.0,2.7,H25 - CBA - Seriell Adder,54,2.0,54.94,14.0,3,100.0
435,2.0,2.7,H25 - CBA - Seriell Adder,54,2.0,54.94,14.0,5,0.0
435,2.0,2.7,H25 - CBA - Seriell Adder,54,2.0,54.94,14.0,2,0.0
435,2.0,2.7,H25 - CBA - Seriell Adder,54,2.0,54.94,14.0,1,0.0
435,2.0,2.7,H25 - CBA - Seriell Adder,54,2.0,54.94,14.0,4,0.0
424,2.0,2.1,H25 - CBA - Cache-miss,51,2.0,78.48,14.0,2,100.0
424,2.0,2.1,H25 - CBA - Cache-miss,51,2.0,78.48,14.0,3,0.0
424,2.0,2.1,H25 - CBA - Cache-miss,51,2.0,78.48,14.0,4,0.0
424,2.0,2.1,H25 - CBA - Cache-miss,51,2.0,78.48,14.0,5,0.0
424,2.0,2.1,H25 - CBA - Cache-miss,51,2.0,78.48,14.0,1,0.0
424,2.0,2.2,H25 - CBA - Adder,74,2.0,78.48,14.0,2,100.0
424,2.0,2.2,H25 - CBA - Adder,74,2.0,78.48,14.0,1,0.0
424,2.0,2.2,H25 - CBA - Adder,74,2.0,78.48,14.0,3,0.0
424,2.0,2.2,H25 - CBA - Adder,74,2.0,78.48,14.0,4,0.0
424,2.0,2.2,H25 - CBA - Adder,74,2.0,78.48,14.0,5,0.0
424,2.0,2.3,H25 - CBA - ALU,171,2.0,78.48,14.0,2,50.0
424,2.0,2.3,H25 - CBA - ALU,171,2.0,78.48,14.0,1,50.0
424,2.0,2.3,H25 - CBA - ALU,171,2.0,78.48,14.0,3,0.0
424,2.0,2.3,H25 - CBA - ALU,171,2.0,78.48,14.0,4,0.0
424,2.0,2.3,H25 - CBA - ALU,171,2.0,78.48,14.0,5,0.0
424,2.0,2.4,H25 - CBA - PC,242,2.0,78.48,14.0,3,25.0
424,2.0,2.4,H25 - CBA - PC,242,2.0,78.48,14.0,5,0.0
424,2.0,2.4,H25 - CBA - PC,242,2.0,78.48,14.0,4,0.0
424,2.0,2.4,H25 - CBA - PC,242,2.0,78.48,14.0,1,75.0
424,2.0,2.4,H25 - CBA - PC,242,2.0,78.48,14.0,2,0.0
424,2.0,2.5,H25 - CBA - Universell porter,209,2.0,78.48,14.0,5,25.0
424,2.0,2.5,H25 - CBA - Universell porter,209,2.0,78.48,14.0,2,0.0
424,2.0,2.5,H25 - CBA - Universell porter,209,2.0,78.48,14.0,4,0.0
424,2.0,2.5,H25 - CBA - Universell porter,209,2.0,78.48,14.0,1,0.0
424,2.0,2.5,H25 - CBA - Universell porter,209,2.0,78.48,14.0,3,75.0
424,2.0,2.6,H25 - CBA - Pipeline ytelse,125,2.0,78.48,14.0,4,50.0
424,2.0,2.6,H25 - CBA - Pipeline ytelse,125,2.0,78.48,14.0,5,0.0
424,2.0,2.6,H25 - CBA - Pipeline ytelse,125,2.0,78.48,14.0,3,25.0
424,2.0,2.6,H25 - CBA - Pipeline ytelse,125,2.0,78.48,14.0,2,0.0
424,2.0,2.6,H25 - CBA - Pipeline ytelse,125,2.0,78.48,14.0,1,25.0
424,2.0,2.7,H25 - CBA - Seriell Adder,97,2.0,78.48,14.0,1,25.0
424,2.0,2.7,H25 - CBA - Seriell Adder,97,2.0,78.48,14.0,4,25.0
424,2.0,2.7,H25 - CBA - Seriell Adder,97,2.0,78.48,14.0,2,50.0
424,2.0,2.7,H25 - CBA - Seriell Adder,97,2.0,78.48,14.0,3,0.0
424,2.0,2.7,H25 - CBA - Seriell Adder,97,2.0,78.48,14.0,5,0.0
91,2.0,2.1,H25 - CBA - Cache-miss,54,2.0,74.67,14.0,2,75.0
91,2.0,2.1,H25 - CBA - Cache-miss,54,2.0,74.67,14.0,4,25.0
91,2.0,2.1,H25 - CBA - Cache-miss,54,2.0,74.67,14.0,1,0.0
91,2.0,2.1,H25 - CBA - Cache-miss,54,2.0,74.67,14.0,5,0.0
91,2.0,2.1,H25 - CBA - Cache-miss,54,2.0,74.67,14.0,3,0.0
91,2.0,2.2,H25 - CBA - Adder,26,2.0,74.67,14.0,2,75.0
91,2.0,2.2,H25 - CBA - Adder,26,2.0,74.67,14.0,5,25.0
91,2.0,2.2,H25 - CBA - Adder,26,2.0,74.67,14.0,1,0.0
91,2.0,2.2,H25 - CBA - Adder,26,2.0,74.67,14.0,4,0.0
91,2.0,2.2,H25 - CBA - Adder,26,2.0,74.67,14.0,3,0.0
91,2.0,2.3,H25 - CBA - ALU,14,2.0,74.67,14.0,1,100.0
91,2.0,2.3,H25 - CBA - ALU,14,2.0,74.67,14.0,2,0.0
91,2.0,2.3,H25 - CBA - ALU,14,2.0,74.67,14.0,5,0.0
91,2.0,2.3,H25 - CBA - ALU,14,2.0,74.67,14.0,4,0.0
91,2.0,2.3,H25 - CBA - ALU,14,2.0,74.67,14.0,3,0.0
91,2.0,2.4,H25 - CBA - PC,29,2.0,74.67,14.0,1,75.0
91,2.0,2.4,H25 - CBA - PC,29,2.0,74.67,14.0,2,25.0
91,2.0,2.4,H25 - CBA - PC,29,2.0,74.67,14.0,4,0.0
91,2.0,2.4,H25 - CBA - PC,29,2.0,74.67,14.0,5,0.0
91,2.0,2.4,H25 - CBA - PC,29,2.0,74.67,14.0,3,0.0
91,2.0,2.5,H25 - CBA - Universell porter,19,2.0,74.67,14.0,3,100.0
91,2.0,2.5,H25 - CBA - Universell porter,19,2.0,74.67,14.0,4,0.0
91,2.0,2.5,H25 - CBA - Universell porter,19,2.0,74.67,14.0,2,0.0
91,2.0,2.5,H25 - CBA - Universell porter,19,2.0,74.67,14.0,1,0.0
91,2.0,2.5,H25 - CBA - Universell porter,19,2.0,74.67,14.0,5,0.0
91,2.0,2.6,H25 - CBA - Pipeline ytelse,74,2.0,74.67,14.0,1,75.0
91,2.0,2.6,H25 - CBA - Pipeline ytelse,74,2.0,74.67,14.0,5,0.0
91,2.0,2.6,H25 - CBA - Pipeline ytelse,74,2.0,74.67,14.0,3,25.0
91,2.0,2.6,H25 - CBA - Pipeline ytelse,74,2.0,74.67,14.0,4,0.0
91,2.0,2.6,H25 - CBA - Pipeline ytelse,74,2.0,74.67,14.0,2,0.0
91,2.0,2.7,H25 - CBA - Seriell Adder,29,2.0,74.67,14.0,2,75.0
91,2.0,2.7,H25 - CBA - Seriell Adder,29,2.0,74.67,14.0,3,25.0
91,2.0,2.7,H25 - CBA - Seriell Adder,29,2.0,74.67,14.0,5,0.0
91,2.0,2.7,H25 - CBA - Seriell Adder,29,2.0,74.67,14.0,4,0.0
91,2.0,2.7,H25 - CBA - Seriell Adder,29,2.0,74.67,14.0,1,0.0
57,2.0,2.1,H25 - CBA - Cache-miss,88,2.0,62.82,14.0,2,75.0
57,2.0,2.1,H25 - CBA - Cache-miss,88,2.0,62.82,14.0,5,25.0
57,2.0,2.1,H25 - CBA - Cache-miss,88,2.0,62.82,14.0,4,0.0
57,2.0,2.1,H25 - CBA - Cache-miss,88,2.0,62.82,14.0,1,0.0
57,2.0,2.1,H25 - CBA - Cache-miss,88,2.0,62.82,14.0,3,0.0
57,2.0,2.2,H25 - CBA - Adder,35,2.0,62.82,14.0,2,100.0
57,2.0,2.2,H25 - CBA - Adder,35,2.0,62.82,14.0,4,0.0
57,2.0,2.2,H25 - CBA - Adder,35,2.0,62.82,14.0,5,0.0
57,2.0,2.2,H25 - CBA - Adder,35,2.0,62.82,14.0,3,0.0
57,2.0,2.2,H25 - CBA - Adder,35,2.0,62.82,14.0,1,0.0
57,2.0,2.3,H25 - CBA - ALU,73,2.0,62.82,14.0,1,50.0
57,2.0,2.3,H25 - CBA - ALU,73,2.0,62.82,14.0,2,50.0
57,2.0,2.3,H25 - CBA - ALU,73,2.0,62.82,14.0,3,0.0
57,2.0,2.3,H25 - CBA - ALU,73,2.0,62.82,14.0,5,0.0
57,2.0,2.3,H25 - CBA - ALU,73,2.0,62.82,14.0,4,0.0
57,2.0,2.4,H25 - CBA - PC,229,2.0,62.82,14.0,1,50.0
57,2.0,2.4,H25 - CBA - PC,229,2.0,62.82,14.0,2,50.0
57,2.0,2.4,H25 - CBA - PC,229,2.0,62.82,14.0,4,0.0
57,2.0,2.4,H25 - CBA - PC,229,2.0,62.82,14.0,3,0.0
57,2.0,2.4,H25 - CBA - PC,229,2.0,62.82,14.0,5,0.0
57,2.0,2.5,H25 - CBA - Universell porter,49,2.0,62.82,14.0,3,100.0
57,2.0,2.5,H25 - CBA - Universell porter,49,2.0,62.82,14.0,2,0.0
57,2.0,2.5,H25 - CBA - Universell porter,49,2.0,62.82,14.0,4,0.0
57,2.0,2.5,H25 - CBA - Universell porter,49,2.0,62.82,14.0,1,0.0
57,2.0,2.5,H25 - CBA - Universell porter,49,2.0,62.82,14.0,5,0.0
57,2.0,2.6,H25 - CBA - Pipeline ytelse,202,2.0,62.82,14.0,4,100.0
57,2.0,2.6,H25 - CBA - Pipeline ytelse,202,2.0,62.82,14.0,3,0.0
57,2.0,2.6,H25 - CBA - Pipeline ytelse,202,2.0,62.82,14.0,1,0.0
57,2.0,2.6,H25 - CBA - Pipeline ytelse,202,2.0,62.82,14.0,2,0.0
57,2.0,2.6,H25 - CBA - Pipeline ytelse,202,2.0,62.82,14.0,5,0.0
57,2.0,2.7,H25 - CBA - Seriell Adder,55,2.0,62.82,14.0,2,75.0
57,2.0,2.7,H25 - CBA - Seriell Adder,55,2.0,62.82,14.0,1,25.0
57,2.0,2.7,H25 - CBA - Seriell Adder,55,2.0,62.82,14.0,5,0.0
57,2.0,2.7,H25 - CBA - Seriell Adder,55,2.0,62.82,14.0,4,0.0
57,2.0,2.7,H25 - CBA - Seriell Adder,55,2.0,62.82,14.0,3,0.0
42,2.0,2.1,H25 - CBA - Cache-miss,59,2.0,81.98,14.0,1,0.0
42,2.0,2.1,H25 - CBA - Cache-miss,59,2.0,81.98,14.0,2,100.0
42,2.0,2.1,H25 - CBA - Cache-miss,59,2.0,81.98,14.0,3,0.0
42,2.0,2.1,H25 - CBA - Cache-miss,59,2.0,81.98,14.0,4,0.0
42,2.0,2.1,H25 - CBA - Cache-miss,59,2.0,81.98,14.0,5,0.0
42,2.0,2.2,H25 - CBA - Adder,26,2.0,81.98,14.0,2,100.0
42,2.0,2.2,H25 - CBA - Adder,26,2.0,81.98,14.0,4,0.0
42,2.0,2.2,H25 - CBA - Adder,26,2.0,81.98,14.0,1,0.0
42,2.0,2.2,H25 - CBA - Adder,26,2.0,81.98,14.0,5,0.0
42,2.0,2.2,H25 - CBA - Adder,26,2.0,81.98,14.0,3,0.0
42,2.0,2.3,H25 - CBA - ALU,44,2.0,81.98,14.0,1,100.0
42,2.0,2.3,H25 - CBA - ALU,44,2.0,81.98,14.0,3,0.0
42,2.0,2.3,H25 - CBA - ALU,44,2.0,81.98,14.0,2,0.0
42,2.0,2.3,H25 - CBA - ALU,44,2.0,81.98,14.0,4,0.0
42,2.0,2.3,H25 - CBA - ALU,44,2.0,81.98,14.0,5,0.0
42,2.0,2.4,H25 - CBA - PC,86,2.0,81.98,14.0,1,100.0
42,2.0,2.4,H25 - CBA - PC,86,2.0,81.98,14.0,2,0.0
42,2.0,2.4,H25 - CBA - PC,86,2.0,81.98,14.0,5,0.0
42,2.0,2.4,H25 - CBA - PC,86,2.0,81.98,14.0,4,0.0
42,2.0,2.4,H25 - CBA - PC,86,2.0,81.98,14.0,3,0.0
42,2.0,2.5,H25 - CBA - Universell porter,30,2.0,81.98,14.0,3,100.0
42,2.0,2.5,H25 - CBA - Universell porter,30,2.0,81.98,14.0,4,0.0
42,2.0,2.5,H25 - CBA - Universell porter,30,2.0,81.98,14.0,1,0.0
42,2.0,2.5,H25 - CBA - Universell porter,30,2.0,81.98,14.0,2,0.0
42,2.0,2.5,H25 - CBA - Universell porter,30,2.0,81.98,14.0,5,0.0
42,2.0,2.6,H25 - CBA - Pipeline ytelse,86,2.0,81.98,14.0,5,0.0
42,2.0,2.6,H25 - CBA - Pipeline ytelse,86,2.0,81.98,14.0,2,0.0
42,2.0,2.6,H25 - CBA - Pipeline ytelse,86,2.0,81.98,14.0,4,100.0
42,2.0,2.6,H25 - CBA - Pipeline ytelse,86,2.0,81.98,14.0,3,0.0
42,2.0,2.7,H25 - CBA - Seriell Adder,23,2.0,81.98,14.0,2,100.0
42,2.0,2.7,H25 - CBA - Seriell Adder,23,2.0,81.98,14.0,3,0.0
42,2.0,2.7,H25 - CBA - Seriell Adder,23,2.0,81.98,14.0,4,0.0
42,2.0,2.7,H25 - CBA - Seriell Adder,23,2.0,81.98,14.0,1,0.0
42,2.0,2.7,H25 - CBA - Seriell Adder,23,2.0,81.98,14.0,5,0.0
256,2.0,2.1,H25 - CBA - Cache-miss,82,2.0,84.0,14.0,2,100.0
256,2.0,2.1,H25 - CBA - Cache-miss,82,2.0,84.0,14.0,5,0.0
256,2.0,2.1,H25 - CBA - Cache-miss,82,2.0,84.0,14.0,1,0.0
256,2.0,2.1,H25 - CBA - Cache-miss,82,2.0,84.0,14.0,3,0.0
256,2.0,2.1,H25 - CBA - Cache-miss,82,2.0,84.0,14.0,4,0.0
256,2.0,2.2,H25 - CBA - Adder,138,2.0,84.0,14.0,4,100.0
256,2.0,2.2,H25 - CBA - Adder,138,2.0,84.0,14.0,2,0.0
256,2.0,2.2,H25 - CBA - Adder,138,2.0,84.0,14.0,1,0.0
256,2.0,2.2,H25 - CBA - Adder,138,2.0,84.0,14.0,5,0.0
256,2.0,2.2,H25 - CBA - Adder,138,2.0,84.0,14.0,3,0.0
256,2.0,2.3,H25 - CBA - ALU,128,2.0,84.0,14.0,1,25.0
256,2.0,2.3,H25 - CBA - ALU,128,2.0,84.0,14.0,2,50.0
256,2.0,2.3,H25 - CBA - ALU,128,2.0,84.0,14.0,5,25.0
256,2.0,2.3,H25 - CBA - ALU,128,2.0,84.0,14.0,4,0.0
256,2.0,2.3,H25 - CBA - ALU,128,2.0,84.0,14.0,3,0.0
256,2.0,2.4,H25 - CBA - PC,146,2.0,84.0,14.0,2,25.0
256,2.0,2.4,H25 - CBA - PC,146,2.0,84.0,14.0,3,50.0
256,2.0,2.4,H25 - CBA - PC,146,2.0,84.0,14.0,1,25.0
256,2.0,2.4,H25 - CBA - PC,146,2.0,84.0,14.0,5,0.0
256,2.0,2.4,H25 - CBA - PC,146,2.0,84.0,14.0,4,0.0
256,2.0,2.5,H25 - CBA - Universell porter,56,2.0,84.0,14.0,3,100.0
256,2.0,2.5,H25 - CBA - Universell porter,56,2.0,84.0,14.0,5,0.0
256,2.0,2.5,H25 - CBA - Universell porter,56,2.0,84.0,14.0,1,0.0
256,2.0,2.5,H25 - CBA - Universell porter,56,2.0,84.0,14.0,4,0.0
256,2.0,2.5,H25 - CBA - Universell porter,56,2.0,84.0,14.0,2,0.0
256,2.0,2.6,H25 - CBA - Pipeline ytelse,89,2.0,84.0,14.0,4,100.0
256,2.0,2.6,H25 - CBA - Pipeline ytelse,89,2.0,84.0,14.0,2,0.0
256,2.0,2.6,H25 - CBA - Pipeline ytelse,89,2.0,84.0,14.0,3,0.0
256,2.0,2.6,H25 - CBA - Pipeline ytelse,89,2.0,84.0,14.0,1,0.0
256,2.0,2.6,H25 - CBA - Pipeline ytelse,89,2.0,84.0,14.0,5,0.0
256,2.0,2.7,H25 - CBA - Seriell Adder,67,2.0,84.0,14.0,2,100.0
256,2.0,2.7,H25 - CBA - Seriell Adder,67,2.0,84.0,14.0,1,0.0
256,2.0,2.7,H25 - CBA - Seriell Adder,67,2.0,84.0,14.0,4,0.0
256,2.0,2.7,H25 - CBA - Seriell Adder,67,2.0,84.0,14.0,5,0.0
256,2.0,2.7,H25 - CBA - Seriell Adder,67,2.0,84.0,14.0,3,0.0
484,2.0,2.1,H25 - CBA - Cache-miss,149,2.0,48.16,14.0,2,0.0
484,2.0,2.1,H25 - CBA - Cache-miss,149,2.0,48.16,14.0,5,100.0
484,2.0,2.1,H25 - CBA - Cache-miss,149,2.0,48.16,14.0,1,0.0
484,2.0,2.1,H25 - CBA - Cache-miss,149,2.0,48.16,14.0,3,0.0
484,2.0,2.1,H25 - CBA - Cache-miss,149,2.0,48.16,14.0,4,0.0
484,2.0,2.2,H25 - CBA - Adder,171,2.0,48.16,14.0,2,50.0
484,2.0,2.2,H25 - CBA - Adder,171,2.0,48.16,14.0,4,0.0
484,2.0,2.2,H25 - CBA - Adder,171,2.0,48.16,14.0,3,0.0
484,2.0,2.2,H25 - CBA - Adder,171,2.0,48.16,14.0,1,0.0
484,2.0,2.2,H25 - CBA - Adder,171,2.0,48.16,14.0,5,50.0
484,2.0,2.3,H25 - CBA - ALU,162,2.0,48.16,14.0,4,100.0
484,2.0,2.3,H25 - CBA - ALU,162,2.0,48.16,14.0,3,0.0
484,2.0,2.3,H25 - CBA - ALU,162,2.0,48.16,14.0,2,0.0
484,2.0,2.3,H25 - CBA - ALU,162,2.0,48.16,14.0,1,0.0
484,2.0,2.3,H25 - CBA - ALU,162,2.0,48.16,14.0,5,0.0
484,2.0,2.4,H25 - CBA - PC,135,2.0,48.16,14.0,3,100.0
484,2.0,2.4,H25 - CBA - PC,135,2.0,48.16,14.0,5,0.0
484,2.0,2.4,H25 - CBA - PC,135,2.0,48.16,14.0,4,0.0
484,2.0,2.4,H25 - CBA - PC,135,2.0,48.16,14.0,2,0.0
484,2.0,2.4,H25 - CBA - PC,135,2.0,48.16,14.0,1,0.0
484,2.0,2.5,H25 - CBA - Universell porter,34,2.0,48.16,14.0,3,100.0
484,2.0,2.5,H25 - CBA - Universell porter,34,2.0,48.16,14.0,1,0.0
484,2.0,2.5,H25 - CBA - Universell porter,34,2.0,48.16,14.0,2,0.0
484,2.0,2.5,H25 - CBA - Universell porter,34,2.0,48.16,14.0,4,0.0
484,2.0,2.5,H25 - CBA - Universell porter,34,2.0,48.16,14.0,5,0.0
484,2.0,2.6,H25 - CBA - Pipeline ytelse,95,2.0,48.16,14.0,4,100.0
484,2.0,2.6,H25 - CBA - Pipeline ytelse,95,2.0,48.16,14.0,2,0.0
484,2.0,2.6,H25 - CBA - Pipeline ytelse,95,2.0,48.16,14.0,3,0.0
484,2.0,2.6,H25 - CBA - Pipeline ytelse,95,2.0,48.16,14.0,5,0.0
484,2.0,2.6,H25 - CBA - Pipeline ytelse,95,2.0,48.16,14.0,1,0.0
484,2.0,2.7,H25 - CBA - Seriell Adder,48,2.0,48.16,14.0,2,50.0
484,2.0,2.7,H25 - CBA - Seriell Adder,48,2.0,48.16,14.0,1,50.0
484,2.0,2.7,H25 - CBA - Seriell Adder,48,2.0,48.16,14.0,5,0.0
484,2.0,2.7,H25 - CBA - Seriell Adder,48,2.0,48.16,14.0,3,0.0
484,2.0,2.7,H25 - CBA - Seriell Adder,48,2.0,48.16,14.0,4,0.0
308,2.0,2.1,H25 - CBA - Cache-miss,181,2.0,70.03,14.0,3,50.0
308,2.0,2.1,H25 - CBA - Cache-miss,181,2.0,70.03,14.0,5,50.0
308,2.0,2.1,H25 - CBA - Cache-miss,181,2.0,70.03,14.0,4,0.0
308,2.0,2.1,H25 - CBA - Cache-miss,181,2.0,70.03,14.0,2,0.0
308,2.0,2.1,H25 - CBA - Cache-miss,181,2.0,70.03,14.0,1,0.0
308,2.0,2.2,H25 - CBA - Adder,49,2.0,70.03,14.0,2,100.0
308,2.0,2.2,H25 - CBA - Adder,49,2.0,70.03,14.0,4,0.0
308,2.0,2.2,H25 - CBA - Adder,49,2.0,70.03,14.0,3,0.0
308,2.0,2.2,H25 - CBA - Adder,49,2.0,70.03,14.0,5,0.0
308,2.0,2.2,H25 - CBA - Adder,49,2.0,70.03,14.0,1,0.0
308,2.0,2.3,H25 - CBA - ALU,112,2.0,70.03,14.0,1,50.0
308,2.0,2.3,H25 - CBA - ALU,112,2.0,70.03,14.0,2,50.0
308,2.0,2.3,H25 - CBA - ALU,112,2.0,70.03,14.0,4,0.0
308,2.0,2.3,H25 - CBA - ALU,112,2.0,70.03,14.0,5,0.0
308,2.0,2.3,H25 - CBA - ALU,112,2.0,70.03,14.0,3,0.0
308,2.0,2.4,H25 - CBA - PC,42,2.0,70.03,14.0,3,100.0
308,2.0,2.4,H25 - CBA - PC,42,2.0,70.03,14.0,2,0.0
308,2.0,2.4,H25 - CBA - PC,42,2.0,70.03,14.0,1,0.0
308,2.0,2.4,H25 - CBA - PC,42,2.0,70.03,14.0,4,0.0
308,2.0,2.4,H25 - CBA - PC,42,2.0,70.03,14.0,5,0.0
308,2.0,2.5,H25 - CBA - Universell porter,50,2.0,70.03,14.0,3,100.0
308,2.0,2.5,H25 - CBA - Universell porter,50,2.0,70.03,14.0,4,0.0
308,2.0,2.5,H25 - CBA - Universell porter,50,2.0,70.03,14.0,1,0.0
308,2.0,2.5,H25 - CBA - Universell porter,50,2.0,70.03,14.0,5,0.0
308,2.0,2.5,H25 - CBA - Universell porter,50,2.0,70.03,14.0,2,0.0
308,2.0,2.6,H25 - CBA - Pipeline ytelse,89,2.0,70.03,14.0,4,75.0
308,2.0,2.6,H25 - CBA - Pipeline ytelse,89,2.0,70.03,14.0,1,25.0
308,2.0,2.6,H25 - CBA - Pipeline ytelse,89,2.0,70.03,14.0,5,0.0
308,2.0,2.6,H25 - CBA - Pipeline ytelse,89,2.0,70.03,14.0,3,0.0
308,2.0,2.6,H25 - CBA - Pipeline ytelse,89,2.0,70.03,14.0,2,0.0
308,2.0,2.7,H25 - CBA - Seriell Adder,121,2.0,70.03,14.0,1,0.0
308,2.0,2.7,H25 - CBA - Seriell Adder,121,2.0,70.03,14.0,3,0.0
308,2.0,2.7,H25 - CBA - Seriell Adder,121,2.0,70.03,14.0,5,0.0
308,2.0,2.7,H25 - CBA - Seriell Adder,121,2.0,70.03,14.0,2,100.0
308,2.0,2.7,H25 - CBA - Seriell Adder,121,2.0,70.03,14.0,4,0.0
96,2.0,2.1,H25 - CBA - Cache-miss,41,2.0,70.88,14.0,4,0.0
96,2.0,2.1,H25 - CBA - Cache-miss,41,2.0,70.88,14.0,2,100.0
96,2.0,2.1,H25 - CBA - Cache-miss,41,2.0,70.88,14.0,3,0.0
96,2.0,2.1,H25 - CBA - Cache-miss,41,2.0,70.88,14.0,1,0.0
96,2.0,2.1,H25 - CBA - Cache-miss,41,2.0,70.88,14.0,5,0.0
96,2.0,2.4,H25 - CBA - PC,11,2.0,70.88,14.0,1,100.0
96,2.0,2.4,H25 - CBA - PC,11,2.0,70.88,14.0,3,0.0
96,2.0,2.4,H25 - CBA - PC,11,2.0,70.88,14.0,4,0.0
96,2.0,2.4,H25 - CBA - PC,11,2.0,70.88,14.0,5,0.0
96,2.0,2.4,H25 - CBA - PC,11,2.0,70.88,14.0,2,0.0
96,2.0,2.5,H25 - CBA - Universell porter,11,2.0,70.88,14.0,3,100.0
96,2.0,2.5,H25 - CBA - Universell porter,11,2.0,70.88,14.0,1,0.0
96,2.0,2.5,H25 - CBA - Universell porter,11,2.0,70.88,14.0,4,0.0
96,2.0,2.5,H25 - CBA - Universell porter,11,2.0,70.88,14.0,5,0.0
96,2.0,2.5,H25 - CBA - Universell porter,11,2.0,70.88,14.0,2,0.0
168,2.0,2.1,H25 - CBA - Cache-miss,295,2.0,38.28,10.0,1,0.0
168,2.0,2.1,H25 - CBA - Cache-miss,295,2.0,38.28,10.0,3,75.0
168,2.0,2.1,H25 - CBA - Cache-miss,295,2.0,38.28,10.0,4,25.0
168,2.0,2.1,H25 - CBA - Cache-miss,295,2.0,38.28,10.0,2,0.0
168,2.0,2.1,H25 - CBA - Cache-miss,295,2.0,38.28,10.0,5,0.0
168,2.0,2.2,H25 - CBA - Adder,140,2.0,38.28,10.0,2,100.0
168,2.0,2.2,H25 - CBA - Adder,140,2.0,38.28,10.0,1,0.0
168,2.0,2.2,H25 - CBA - Adder,140,2.0,38.28,10.0,4,0.0
168,2.0,2.2,H25 - CBA - Adder,140,2.0,38.28,10.0,3,0.0
168,2.0,2.2,H25 - CBA - Adder,140,2.0,38.28,10.0,5,0.0
168,2.0,2.3,H25 - CBA - ALU,168,0.0,38.28,10.0,1,50.0
168,2.0,2.3,H25 - CBA - ALU,168,0.0,38.28,10.0,2,50.0
168,2.0,2.4,H25 - CBA - PC,95,2.0,38.28,10.0,3,100.0
168,2.0,2.4,H25 - CBA - PC,95,2.0,38.28,10.0,2,0.0
168,2.0,2.4,H25 - CBA - PC,95,2.0,38.28,10.0,1,0.0
168,2.0,2.4,H25 - CBA - PC,95,2.0,38.28,10.0,5,0.0
168,2.0,2.4,H25 - CBA - PC,95,2.0,38.28,10.0,4,0.0
168,2.0,2.5,H25 - CBA - Universell porter,137,0.0,38.28,10.0,3,50.0
168,2.0,2.5,H25 - CBA - Universell porter,137,0.0,38.28,10.0,5,25.0
168,2.0,2.5,H25 - CBA - Universell porter,137,0.0,38.28,10.0,1,25.0
168,2.0,2.6,H25 - CBA - Pipeline ytelse,243,2.0,38.28,10.0,5,0.0
168,2.0,2.6,H25 - CBA - Pipeline ytelse,243,2.0,38.28,10.0,1,0.0
168,2.0,2.6,H25 - CBA - Pipeline ytelse,243,2.0,38.28,10.0,3,50.0
168,2.0,2.6,H25 - CBA - Pipeline ytelse,243,2.0,38.28,10.0,2,25.0
168,2.0,2.6,H25 - CBA - Pipeline ytelse,243,2.0,38.28,10.0,4,25.0
168,2.0,2.7,H25 - CBA - Seriell Adder,168,2.0,38.28,10.0,3,0.0
168,2.0,2.7,H25 - CBA - Seriell Adder,168,2.0,38.28,10.0,5,25.0
168,2.0,2.7,H25 - CBA - Seriell Adder,168,2.0,38.28,10.0,4,25.0
168,2.0,2.7,H25 - CBA - Seriell Adder,168,2.0,38.28,10.0,2,25.0
168,2.0,2.7,H25 - CBA - Seriell Adder,168,2.0,38.28,10.0,1,25.0
504,2.0,2.1,H25 - CBA - Cache-miss,52,2.0,61.02,14.0,1,0.0
504,2.0,2.1,H25 - CBA - Cache-miss,52,2.0,61.02,14.0,3,0.0
504,2.0,2.1,H25 - CBA - Cache-miss,52,2.0,61.02,14.0,4,0.0
504,2.0,2.1,H25 - CBA - Cache-miss,52,2.0,61.02,14.0,5,100.0
504,2.0,2.1,H25 - CBA - Cache-miss,52,2.0,61.02,14.0,2,0.0
504,2.0,2.2,H25 - CBA - Adder,41,2.0,61.02,14.0,1,0.0
504,2.0,2.2,H25 - CBA - Adder,41,2.0,61.02,14.0,2,100.0
504,2.0,2.2,H25 - CBA - Adder,41,2.0,61.02,14.0,3,0.0
504,2.0,2.2,H25 - CBA - Adder,41,2.0,61.02,14.0,4,0.0
504,2.0,2.2,H25 - CBA - Adder,41,2.0,61.02,14.0,5,0.0
504,2.0,2.3,H25 - CBA - ALU,137,2.0,61.02,14.0,2,0.0
504,2.0,2.3,H25 - CBA - ALU,137,2.0,61.02,14.0,1,0.0
504,2.0,2.3,H25 - CBA - ALU,137,2.0,61.02,14.0,3,0.0
504,2.0,2.3,H25 - CBA - ALU,137,2.0,61.02,14.0,5,50.0
504,2.0,2.3,H25 - CBA - ALU,137,2.0,61.02,14.0,4,50.0
504,2.0,2.4,H25 - CBA - PC,67,2.0,61.02,14.0,1,0.0
504,2.0,2.4,H25 - CBA - PC,67,2.0,61.02,14.0,5,0.0
504,2.0,2.4,H25 - CBA - PC,67,2.0,61.02,14.0,4,0.0
504,2.0,2.4,H25 - CBA - PC,67,2.0,61.02,14.0,2,0.0
504,2.0,2.4,H25 - CBA - PC,67,2.0,61.02,14.0,3,100.0
504,2.0,2.5,H25 - CBA - Universell porter,33,2.0,61.02,14.0,3,100.0
504,2.0,2.5,H25 - CBA - Universell porter,33,2.0,61.02,14.0,1,0.0
504,2.0,2.5,H25 - CBA - Universell porter,33,2.0,61.02,14.0,2,0.0
504,2.0,2.5,H25 - CBA - Universell porter,33,2.0,61.02,14.0,5,0.0
504,2.0,2.5,H25 - CBA - Universell porter,33,2.0,61.02,14.0,4,0.0
504,2.0,2.6,H25 - CBA - Pipeline ytelse,79,2.0,61.02,14.0,4,100.0
504,2.0,2.6,H25 - CBA - Pipeline ytelse,79,2.0,61.02,14.0,5,0.0
504,2.0,2.6,H25 - CBA - Pipeline ytelse,79,2.0,61.02,14.0,3,0.0
504,2.0,2.6,H25 - CBA - Pipeline ytelse,79,2.0,61.02,14.0,2,0.0
504,2.0,2.6,H25 - CBA - Pipeline ytelse,79,2.0,61.02,14.0,1,0.0
504,2.0,2.7,H25 - CBA - Seriell Adder,106,2.0,61.02,14.0,5,0.0
504,2.0,2.7,H25 - CBA - Seriell Adder,106,2.0,61.02,14.0,1,0.0
504,2.0,2.7,H25 - CBA - Seriell Adder,106,2.0,61.02,14.0,3,0.0
504,2.0,2.7,H25 - CBA - Seriell Adder,106,2.0,61.02,14.0,4,0.0
504,2.0,2.7,H25 - CBA - Seriell Adder,106,2.0,61.02,14.0,2,100.0
328,2.0,2.1,H25 - CBA - Cache-miss,115,2.0,89.17,14.0,2,100.0
328,2.0,2.1,H25 - CBA - Cache-miss,115,2.0,89.17,14.0,3,0.0
328,2.0,2.1,H25 - CBA - Cache-miss,115,2.0,89.17,14.0,1,0.0
328,2.0,2.1,H25 - CBA - Cache-miss,115,2.0,89.17,14.0,4,0.0
328,2.0,2.1,H25 - CBA - Cache-miss,115,2.0,89.17,14.0,5,0.0
328,2.0,2.2,H25 - CBA - Adder,62,2.0,89.17,14.0,2,100.0
328,2.0,2.2,H25 - CBA - Adder,62,2.0,89.17,14.0,1,0.0
328,2.0,2.2,H25 - CBA - Adder,62,2.0,89.17,14.0,3,0.0
328,2.0,2.2,H25 - CBA - Adder,62,2.0,89.17,14.0,4,0.0
328,2.0,2.2,H25 - CBA - Adder,62,2.0,89.17,14.0,5,0.0
328,2.0,2.3,H25 - CBA - ALU,110,2.0,89.17,14.0,1,100.0
328,2.0,2.3,H25 - CBA - ALU,110,2.0,89.17,14.0,3,0.0
328,2.0,2.3,H25 - CBA - ALU,110,2.0,89.17,14.0,4,0.0
328,2.0,2.3,H25 - CBA - ALU,110,2.0,89.17,14.0,5,0.0
328,2.0,2.3,H25 - CBA - ALU,110,2.0,89.17,14.0,2,0.0
328,2.0,2.4,H25 - CBA - PC,121,2.0,89.17,14.0,1,100.0
328,2.0,2.4,H25 - CBA - PC,121,2.0,89.17,14.0,2,0.0
328,2.0,2.4,H25 - CBA - PC,121,2.0,89.17,14.0,4,0.0
328,2.0,2.4,H25 - CBA - PC,121,2.0,89.17,14.0,3,0.0
328,2.0,2.4,H25 - CBA - PC,121,2.0,89.17,14.0,5,0.0
328,2.0,2.5,H25 - CBA - Universell porter,71,2.0,89.17,14.0,2,0.0
328,2.0,2.5,H25 - CBA - Universell porter,71,2.0,89.17,14.0,5,0.0
328,2.0,2.5,H25 - CBA - Universell porter,71,2.0,89.17,14.0,1,0.0
328,2.0,2.5,H25 - CBA - Universell porter,71,2.0,89.17,14.0,3,100.0
328,2.0,2.5,H25 - CBA - Universell porter,71,2.0,89.17,14.0,4,0.0
328,2.0,2.6,H25 - CBA - Pipeline ytelse,199,2.0,89.17,14.0,4,50.0
328,2.0,2.6,H25 - CBA - Pipeline ytelse,199,2.0,89.17,14.0,1,50.0
328,2.0,2.6,H25 - CBA - Pipeline ytelse,199,2.0,89.17,14.0,2,0.0
328,2.0,2.6,H25 - CBA - Pipeline ytelse,199,2.0,89.17,14.0,3,0.0
328,2.0,2.6,H25 - CBA - Pipeline ytelse,199,2.0,89.17,14.0,5,0.0
328,2.0,2.7,H25 - CBA - Seriell Adder,67,2.0,89.17,14.0,3,0.0
328,2.0,2.7,H25 - CBA - Seriell Adder,67,2.0,89.17,14.0,1,0.0
328,2.0,2.7,H25 - CBA - Seriell Adder,67,2.0,89.17,14.0,4,0.0
328,2.0,2.7,H25 - CBA - Seriell Adder,67,2.0,89.17,14.0,2,100.0
328,2.0,2.7,H25 - CBA - Seriell Adder,67,2.0,89.17,14.0,5,0.0
68,2.0,2.1,H25 - CBA - Cache-miss,237,2.0,80.34,14.0,5,50.0
68,2.0,2.1,H25 - CBA - Cache-miss,237,2.0,80.34,14.0,2,50.0
68,2.0,2.1,H25 - CBA - Cache-miss,237,2.0,80.34,14.0,1,0.0
68,2.0,2.1,H25 - CBA - Cache-miss,237,2.0,80.34,14.0,3,0.0
68,2.0,2.1,H25 - CBA - Cache-miss,237,2.0,80.34,14.0,4,0.0
68,2.0,2.2,H25 - CBA - Adder,188,2.0,80.34,14.0,2,100.0
68,2.0,2.2,H25 - CBA - Adder,188,2.0,80.34,14.0,1,0.0
68,2.0,2.2,H25 - CBA - Adder,188,2.0,80.34,14.0,4,0.0
68,2.0,2.2,H25 - CBA - Adder,188,2.0,80.34,14.0,3,0.0
68,2.0,2.2,H25 - CBA - Adder,188,2.0,80.34,14.0,5,0.0
68,2.0,2.3,H25 - CBA - ALU,150,2.0,80.34,14.0,4,50.0
68,2.0,2.3,H25 - CBA - ALU,150,2.0,80.34,14.0,3,0.0
68,2.0,2.3,H25 - CBA - ALU,150,2.0,80.34,14.0,2,0.0
68,2.0,2.3,H25 - CBA - ALU,150,2.0,80.34,14.0,1,50.0
68,2.0,2.3,H25 - CBA - ALU,150,2.0,80.34,14.0,5,0.0
68,2.0,2.4,H25 - CBA - PC,88,2.0,80.34,14.0,3,0.0
68,2.0,2.4,H25 - CBA - PC,88,2.0,80.34,14.0,2,0.0
68,2.0,2.4,H25 - CBA - PC,88,2.0,80.34,14.0,5,0.0
68,2.0,2.4,H25 - CBA - PC,88,2.0,80.34,14.0,4,0.0
68,2.0,2.4,H25 - CBA - PC,88,2.0,80.34,14.0,1,100.0
68,2.0,2.5,H25 - CBA - Universell porter,47,2.0,80.34,14.0,3,100.0
68,2.0,2.5,H25 - CBA - Universell porter,47,2.0,80.34,14.0,4,0.0
68,2.0,2.5,H25 - CBA - Universell porter,47,2.0,80.34,14.0,1,0.0
68,2.0,2.5,H25 - CBA - Universell porter,47,2.0,80.34,14.0,2,0.0
68,2.0,2.5,H25 - CBA - Universell porter,47,2.0,80.34,14.0,5,0.0
68,2.0,2.6,H25 - CBA - Pipeline ytelse,72,2.0,80.34,14.0,3,0.0
68,2.0,2.6,H25 - CBA - Pipeline ytelse,72,2.0,80.34,14.0,5,0.0
68,2.0,2.6,H25 - CBA - Pipeline ytelse,72,2.0,80.34,14.0,1,0.0
68,2.0,2.6,H25 - CBA - Pipeline ytelse,72,2.0,80.34,14.0,4,100.0
68,2.0,2.6,H25 - CBA - Pipeline ytelse,72,2.0,80.34,14.0,2,0.0
68,2.0,2.7,H25 - CBA - Seriell Adder,141,2.0,80.34,14.0,5,0.0
68,2.0,2.7,H25 - CBA - Seriell Adder,141,2.0,80.34,14.0,2,100.0
68,2.0,2.7,H25 - CBA - Seriell Adder,141,2.0,80.34,14.0,3,0.0
68,2.0,2.7,H25 - CBA - Seriell Adder,141,2.0,80.34,14.0,4,0.0
68,2.0,2.7,H25 - CBA - Seriell Adder,141,2.0,80.34,14.0,1,0.0
274,2.0,2.1,H25 - CBA - Cache-miss,49,2.0,46.35,14.0,5,100.0
274,2.0,2.1,H25 - CBA - Cache-miss,49,2.0,46.35,14.0,2,0.0
274,2.0,2.1,H25 - CBA - Cache-miss,49,2.0,46.35,14.0,4,0.0
274,2.0,2.1,H25 - CBA - Cache-miss,49,2.0,46.35,14.0,1,0.0
274,2.0,2.1,H25 - CBA - Cache-miss,49,2.0,46.35,14.0,3,0.0
274,2.0,2.3,H25 - CBA - ALU,65,2.0,46.35,14.0,5,75.0
274,2.0,2.3,H25 - CBA - ALU,65,2.0,46.35,14.0,2,0.0
274,2.0,2.3,H25 - CBA - ALU,65,2.0,46.35,14.0,4,0.0
274,2.0,2.3,H25 - CBA - ALU,65,2.0,46.35,14.0,3,25.0
274,2.0,2.3,H25 - CBA - ALU,65,2.0,46.35,14.0,1,0.0
274,2.0,2.4,H25 - CBA - PC,33,2.0,46.35,14.0,4,50.0
274,2.0,2.4,H25 - CBA - PC,33,2.0,46.35,14.0,1,50.0
274,2.0,2.4,H25 - CBA - PC,33,2.0,46.35,14.0,3,0.0
274,2.0,2.4,H25 - CBA - PC,33,2.0,46.35,14.0,2,0.0
274,2.0,2.4,H25 - CBA - PC,33,2.0,46.35,14.0,5,0.0
274,2.0,2.5,H25 - CBA - Universell porter,19,2.0,46.35,14.0,3,75.0
274,2.0,2.5,H25 - CBA - Universell porter,19,2.0,46.35,14.0,4,0.0
274,2.0,2.5,H25 - CBA - Universell porter,19,2.0,46.35,14.0,1,0.0
274,2.0,2.5,H25 - CBA - Universell porter,19,2.0,46.35,14.0,2,0.0
274,2.0,2.5,H25 - CBA - Universell porter,19,2.0,46.35,14.0,5,25.0
274,2.0,2.6,H25 - CBA - Pipeline ytelse,55,2.0,46.35,14.0,1,50.0
274,2.0,2.6,H25 - CBA - Pipeline ytelse,55,2.0,46.35,14.0,5,0.0
274,2.0,2.6,H25 - CBA - Pipeline ytelse,55,2.0,46.35,14.0,2,0.0
274,2.0,2.6,H25 - CBA - Pipeline ytelse,55,2.0,46.35,14.0,4,0.0
274,2.0,2.6,H25 - CBA - Pipeline ytelse,55,2.0,46.35,14.0,3,50.0
274,2.0,2.7,H25 - CBA - Seriell Adder,31,2.0,46.35,14.0,2,100.0
274,2.0,2.7,H25 - CBA - Seriell Adder,31,2.0,46.35,14.0,5,0.0
274,2.0,2.7,H25 - CBA - Seriell Adder,31,2.0,46.35,14.0,3,0.0
274,2.0,2.7,H25 - CBA - Seriell Adder,31,2.0,46.35,14.0,1,0.0
274,2.0,2.7,H25 - CBA - Seriell Adder,31,2.0,46.35,14.0,4,0.0
135,2.0,2.1,H25 - CBA - Cache-miss,148,2.0,72.67,14.0,3,0.0
135,2.0,2.1,H25 - CBA - Cache-miss,148,2.0,72.67,14.0,1,0.0
135,2.0,2.1,H25 - CBA - Cache-miss,148,2.0,72.67,14.0,2,50.0
135,2.0,2.1,H25 - CBA - Cache-miss,148,2.0,72.67,14.0,4,25.0
135,2.0,2.1,H25 - CBA - Cache-miss,148,2.0,72.67,14.0,5,25.0
135,2.0,2.2,H25 - CBA - Adder,98,2.0,72.67,14.0,4,0.0
135,2.0,2.2,H25 - CBA - Adder,98,2.0,72.67,14.0,1,0.0
135,2.0,2.2,H25 - CBA - Adder,98,2.0,72.67,14.0,2,100.0
135,2.0,2.2,H25 - CBA - Adder,98,2.0,72.67,14.0,5,0.0
135,2.0,2.2,H25 - CBA - Adder,98,2.0,72.67,14.0,3,0.0
135,2.0,2.3,H25 - CBA - ALU,51,2.0,72.67,14.0,4,0.0
135,2.0,2.3,H25 - CBA - ALU,51,2.0,72.67,14.0,3,25.0
135,2.0,2.3,H25 - CBA - ALU,51,2.0,72.67,14.0,1,25.0
135,2.0,2.3,H25 - CBA - ALU,51,2.0,72.67,14.0,5,25.0
135,2.0,2.3,H25 - CBA - ALU,51,2.0,72.67,14.0,2,25.0
135,2.0,2.4,H25 - CBA - PC,112,2.0,72.67,14.0,4,0.0
135,2.0,2.4,H25 - CBA - PC,112,2.0,72.67,14.0,1,0.0
135,2.0,2.4,H25 - CBA - PC,112,2.0,72.67,14.0,2,0.0
135,2.0,2.4,H25 - CBA - PC,112,2.0,72.67,14.0,3,75.0
135,2.0,2.4,H25 - CBA - PC,112,2.0,72.67,14.0,5,25.0
135,2.0,2.5,H25 - CBA - Universell porter,35,2.0,72.67,14.0,3,100.0
135,2.0,2.5,H25 - CBA - Universell porter,35,2.0,72.67,14.0,5,0.0
135,2.0,2.5,H25 - CBA - Universell porter,35,2.0,72.67,14.0,4,0.0
135,2.0,2.5,H25 - CBA - Universell porter,35,2.0,72.67,14.0,2,0.0
135,2.0,2.5,H25 - CBA - Universell porter,35,2.0,72.67,14.0,1,0.0
135,2.0,2.6,H25 - CBA - Pipeline ytelse,106,2.0,72.67,14.0,2,0.0
135,2.0,2.6,H25 - CBA - Pipeline ytelse,106,2.0,72.67,14.0,1,0.0
135,2.0,2.6,H25 - CBA - Pipeline ytelse,106,2.0,72.67,14.0,5,25.0
135,2.0,2.6,H25 - CBA - Pipeline ytelse,106,2.0,72.67,14.0,3,25.0
135,2.0,2.6,H25 - CBA - Pipeline ytelse,106,2.0,72.67,14.0,4,50.0
135,2.0,2.7,H25 - CBA - Seriell Adder,78,2.0,72.67,14.0,3,25.0
135,2.0,2.7,H25 - CBA - Seriell Adder,78,2.0,72.67,14.0,1,0.0
135,2.0,2.7,H25 - CBA - Seriell Adder,78,2.0,72.67,14.0,4,0.0
135,2.0,2.7,H25 - CBA - Seriell Adder,78,2.0,72.67,14.0,5,0.0
135,2.0,2.7,H25 - CBA - Seriell Adder,78,2.0,72.67,14.0,2,75.0
302,2.0,2.1,H25 - CBA - Cache-miss,113,2.0,70.85,14.0,5,75.0
302,2.0,2.1,H25 - CBA - Cache-miss,113,2.0,70.85,14.0,2,25.0
302,2.0,2.1,H25 - CBA - Cache-miss,113,2.0,70.85,14.0,3,0.0
302,2.0,2.1,H25 - CBA - Cache-miss,113,2.0,70.85,14.0,4,0.0
302,2.0,2.1,H25 - CBA - Cache-miss,113,2.0,70.85,14.0,1,0.0
302,2.0,2.2,H25 - CBA - Adder,175,2.0,70.85,14.0,2,75.0
302,2.0,2.2,H25 - CBA - Adder,175,2.0,70.85,14.0,3,25.0
302,2.0,2.2,H25 - CBA - Adder,175,2.0,70.85,14.0,1,0.0
302,2.0,2.2,H25 - CBA - Adder,175,2.0,70.85,14.0,5,0.0
302,2.0,2.2,H25 - CBA - Adder,175,2.0,70.85,14.0,4,0.0
302,2.0,2.3,H25 - CBA - ALU,99,2.0,70.85,14.0,1,50.0
302,2.0,2.3,H25 - CBA - ALU,99,2.0,70.85,14.0,5,25.0
302,2.0,2.3,H25 - CBA - ALU,99,2.0,70.85,14.0,3,0.0
302,2.0,2.3,H25 - CBA - ALU,99,2.0,70.85,14.0,2,25.0
302,2.0,2.3,H25 - CBA - ALU,99,2.0,70.85,14.0,4,0.0
302,2.0,2.4,H25 - CBA - PC,79,2.0,70.85,14.0,3,50.0
302,2.0,2.4,H25 - CBA - PC,79,2.0,70.85,14.0,2,50.0
302,2.0,2.4,H25 - CBA - PC,79,2.0,70.85,14.0,5,0.0
302,2.0,2.4,H25 - CBA - PC,79,2.0,70.85,14.0,1,0.0
302,2.0,2.4,H25 - CBA - PC,79,2.0,70.85,14.0,4,0.0
302,2.0,2.5,H25 - CBA - Universell porter,81,2.0,70.85,14.0,3,75.0
302,2.0,2.5,H25 - CBA - Universell porter,81,2.0,70.85,14.0,5,25.0
302,2.0,2.5,H25 - CBA - Universell porter,81,2.0,70.85,14.0,1,0.0
302,2.0,2.5,H25 - CBA - Universell porter,81,2.0,70.85,14.0,2,0.0
302,2.0,2.5,H25 - CBA - Universell porter,81,2.0,70.85,14.0,4,0.0
302,2.0,2.6,H25 - CBA - Pipeline ytelse,63,2.0,70.85,14.0,3,50.0
302,2.0,2.6,H25 - CBA - Pipeline ytelse,63,2.0,70.85,14.0,1,50.0
302,2.0,2.6,H25 - CBA - Pipeline ytelse,63,2.0,70.85,14.0,4,0.0
302,2.0,2.6,H25 - CBA - Pipeline ytelse,63,2.0,70.85,14.0,5,0.0
302,2.0,2.6,H25 - CBA - Pipeline ytelse,63,2.0,70.85,14.0,2,0.0
302,2.0,2.7,H25 - CBA - Seriell Adder,77,2.0,70.85,14.0,2,50.0
302,2.0,2.7,H25 - CBA - Seriell Adder,77,2.0,70.85,14.0,1,25.0
302,2.0,2.7,H25 - CBA - Seriell Adder,77,2.0,70.85,14.0,3,0.0
302,2.0,2.7,H25 - CBA - Seriell Adder,77,2.0,70.85,14.0,4,25.0
302,2.0,2.7,H25 - CBA - Seriell Adder,77,2.0,70.85,14.0,5,0.0
403,2.0,2.1,H25 - CBA - Cache-miss,32,2.0,77.82,14.0,2,100.0
403,2.0,2.1,H25 - CBA - Cache-miss,32,2.0,77.82,14.0,1,0.0
403,2.0,2.1,H25 - CBA - Cache-miss,32,2.0,77.82,14.0,3,0.0
403,2.0,2.1,H25 - CBA - Cache-miss,32,2.0,77.82,14.0,5,0.0
403,2.0,2.1,H25 - CBA - Cache-miss,32,2.0,77.82,14.0,4,0.0
403,2.0,2.2,H25 - CBA - Adder,10,2.0,77.82,14.0,2,100.0
403,2.0,2.2,H25 - CBA - Adder,10,2.0,77.82,14.0,4,0.0
403,2.0,2.2,H25 - CBA - Adder,10,2.0,77.82,14.0,5,0.0
403,2.0,2.2,H25 - CBA - Adder,10,2.0,77.82,14.0,1,0.0
403,2.0,2.2,H25 - CBA - Adder,10,2.0,77.82,14.0,3,0.0
403,2.0,2.3,H25 - CBA - ALU,54,2.0,77.82,14.0,2,0.0
403,2.0,2.3,H25 - CBA - ALU,54,2.0,77.82,14.0,1,100.0
403,2.0,2.3,H25 - CBA - ALU,54,2.0,77.82,14.0,3,0.0
403,2.0,2.3,H25 - CBA - ALU,54,2.0,77.82,14.0,4,0.0
403,2.0,2.3,H25 - CBA - ALU,54,2.0,77.82,14.0,5,0.0
403,2.0,2.4,H25 - CBA - PC,35,2.0,77.82,14.0,2,100.0
403,2.0,2.4,H25 - CBA - PC,35,2.0,77.82,14.0,4,0.0
403,2.0,2.4,H25 - CBA - PC,35,2.0,77.82,14.0,3,0.0
403,2.0,2.4,H25 - CBA - PC,35,2.0,77.82,14.0,5,0.0
403,2.0,2.4,H25 - CBA - PC,35,2.0,77.82,14.0,1,0.0
403,2.0,2.5,H25 - CBA - Universell porter,52,2.0,77.82,14.0,3,100.0
403,2.0,2.5,H25 - CBA - Universell porter,52,2.0,77.82,14.0,1,0.0
403,2.0,2.5,H25 - CBA - Universell porter,52,2.0,77.82,14.0,5,0.0
403,2.0,2.5,H25 - CBA - Universell porter,52,2.0,77.82,14.0,4,0.0
403,2.0,2.5,H25 - CBA - Universell porter,52,2.0,77.82,14.0,2,0.0
403,2.0,2.6,H25 - CBA - Pipeline ytelse,28,2.0,77.82,14.0,4,100.0
403,2.0,2.6,H25 - CBA - Pipeline ytelse,28,2.0,77.82,14.0,3,0.0
403,2.0,2.6,H25 - CBA - Pipeline ytelse,28,2.0,77.82,14.0,2,0.0
403,2.0,2.6,H25 - CBA - Pipeline ytelse,28,2.0,77.82,14.0,5,0.0
403,2.0,2.6,H25 - CBA - Pipeline ytelse,28,2.0,77.82,14.0,1,0.0
403,2.0,2.7,H25 - CBA - Seriell Adder,49,2.0,77.82,14.0,4,0.0
403,2.0,2.7,H25 - CBA - Seriell Adder,49,2.0,77.82,14.0,3,0.0
403,2.0,2.7,H25 - CBA - Seriell Adder,49,2.0,77.82,14.0,2,100.0
403,2.0,2.7,H25 - CBA - Seriell Adder,49,2.0,77.82,14.0,1,0.0
403,2.0,2.7,H25 - CBA - Seriell Adder,49,2.0,77.82,14.0,5,0.0
400,2.0,2.1,H25 - CBA - Cache-miss,90,2.0,43.48,14.0,1,0.0
400,2.0,2.1,H25 - CBA - Cache-miss,90,2.0,43.48,14.0,2,0.0
400,2.0,2.1,H25 - CBA - Cache-miss,90,2.0,43.48,14.0,3,100.0
400,2.0,2.1,H25 - CBA - Cache-miss,90,2.0,43.48,14.0,5,0.0
400,2.0,2.1,H25 - CBA - Cache-miss,90,2.0,43.48,14.0,4,0.0
400,2.0,2.2,H25 - CBA - Adder,445,2.0,43.48,14.0,5,75.0
400,2.0,2.2,H25 - CBA - Adder,445,2.0,43.48,14.0,2,0.0
400,2.0,2.2,H25 - CBA - Adder,445,2.0,43.48,14.0,3,0.0
400,2.0,2.2,H25 - CBA - Adder,445,2.0,43.48,14.0,1,25.0
400,2.0,2.2,H25 - CBA - Adder,445,2.0,43.48,14.0,4,0.0
400,2.0,2.3,H25 - CBA - ALU,368,2.0,43.48,14.0,5,25.0
400,2.0,2.3,H25 - CBA - ALU,368,2.0,43.48,14.0,3,25.0
400,2.0,2.3,H25 - CBA - ALU,368,2.0,43.48,14.0,4,25.0
400,2.0,2.3,H25 - CBA - ALU,368,2.0,43.48,14.0,2,0.0
400,2.0,2.3,H25 - CBA - ALU,368,2.0,43.48,14.0,1,25.0
400,2.0,2.4,H25 - CBA - PC,41,2.0,43.48,14.0,4,0.0
400,2.0,2.4,H25 - CBA - PC,41,2.0,43.48,14.0,2,0.0
400,2.0,2.4,H25 - CBA - PC,41,2.0,43.48,14.0,5,0.0
400,2.0,2.4,H25 - CBA - PC,41,2.0,43.48,14.0,3,50.0
400,2.0,2.4,H25 - CBA - PC,41,2.0,43.48,14.0,1,50.0
400,2.0,2.5,H25 - CBA - Universell porter,75,2.0,43.48,14.0,3,75.0
400,2.0,2.5,H25 - CBA - Universell porter,75,2.0,43.48,14.0,2,0.0
400,2.0,2.5,H25 - CBA - Universell porter,75,2.0,43.48,14.0,1,25.0
400,2.0,2.5,H25 - CBA - Universell porter,75,2.0,43.48,14.0,5,0.0
400,2.0,2.5,H25 - CBA - Universell porter,75,2.0,43.48,14.0,4,0.0
400,2.0,2.6,H25 - CBA - Pipeline ytelse,367,2.0,43.48,14.0,4,0.0
400,2.0,2.6,H25 - CBA - Pipeline ytelse,367,2.0,43.48,14.0,1,0.0
400,2.0,2.6,H25 - CBA - Pipeline ytelse,367,2.0,43.48,14.0,2,0.0
400,2.0,2.6,H25 - CBA - Pipeline ytelse,367,2.0,43.48,14.0,3,100.0
400,2.0,2.6,H25 - CBA - Pipeline ytelse,367,2.0,43.48,14.0,5,0.0
400,2.0,2.7,H25 - CBA - Seriell Adder,35,2.0,43.48,14.0,3,100.0
400,2.0,2.7,H25 - CBA - Seriell Adder,35,2.0,43.48,14.0,5,0.0
400,2.0,2.7,H25 - CBA - Seriell Adder,35,2.0,43.48,14.0,1,0.0
400,2.0,2.7,H25 - CBA - Seriell Adder,35,2.0,43.48,14.0,2,0.0
400,2.0,2.7,H25 - CBA - Seriell Adder,35,2.0,43.48,14.0,4,0.0
118,2.0,2.1,H25 - CBA - Cache-miss,124,2.0,59.29,14.0,1,0.0
118,2.0,2.1,H25 - CBA - Cache-miss,124,2.0,59.29,14.0,2,100.0
118,2.0,2.1,H25 - CBA - Cache-miss,124,2.0,59.29,14.0,4,0.0
118,2.0,2.1,H25 - CBA - Cache-miss,124,2.0,59.29,14.0,5,0.0
118,2.0,2.1,H25 - CBA - Cache-miss,124,2.0,59.29,14.0,3,0.0
118,2.0,2.2,H25 - CBA - Adder,36,2.0,59.29,14.0,2,100.0
118,2.0,2.2,H25 - CBA - Adder,36,2.0,59.29,14.0,4,0.0
118,2.0,2.2,H25 - CBA - Adder,36,2.0,59.29,14.0,5,0.0
118,2.0,2.2,H25 - CBA - Adder,36,2.0,59.29,14.0,3,0.0
118,2.0,2.2,H25 - CBA - Adder,36,2.0,59.29,14.0,1,0.0
118,2.0,2.3,H25 - CBA - ALU,81,2.0,59.29,14.0,1,100.0
118,2.0,2.3,H25 - CBA - ALU,81,2.0,59.29,14.0,4,0.0
118,2.0,2.3,H25 - CBA - ALU,81,2.0,59.29,14.0,3,0.0
118,2.0,2.3,H25 - CBA - ALU,81,2.0,59.29,14.0,2,0.0
118,2.0,2.3,H25 - CBA - ALU,81,2.0,59.29,14.0,5,0.0
118,2.0,2.4,H25 - CBA - PC,101,2.0,59.29,14.0,1,50.0
118,2.0,2.4,H25 - CBA - PC,101,2.0,59.29,14.0,3,50.0
118,2.0,2.4,H25 - CBA - PC,101,2.0,59.29,14.0,4,0.0
118,2.0,2.4,H25 - CBA - PC,101,2.0,59.29,14.0,5,0.0
118,2.0,2.4,H25 - CBA - PC,101,2.0,59.29,14.0,2,0.0
118,2.0,2.5,H25 - CBA - Universell porter,62,2.0,59.29,14.0,3,100.0
118,2.0,2.5,H25 - CBA - Universell porter,62,2.0,59.29,14.0,4,0.0
118,2.0,2.5,H25 - CBA - Universell porter,62,2.0,59.29,14.0,1,0.0
118,2.0,2.5,H25 - CBA - Universell porter,62,2.0,59.29,14.0,2,0.0
118,2.0,2.5,H25 - CBA - Universell porter,62,2.0,59.29,14.0,5,0.0
118,2.0,2.6,H25 - CBA - Pipeline ytelse,51,2.0,59.29,14.0,4,100.0
118,2.0,2.6,H25 - CBA - Pipeline ytelse,51,2.0,59.29,14.0,2,0.0
118,2.0,2.6,H25 - CBA - Pipeline ytelse,51,2.0,59.29,14.0,5,0.0
118,2.0,2.6,H25 - CBA - Pipeline ytelse,51,2.0,59.29,14.0,3,0.0
118,2.0,2.6,H25 - CBA - Pipeline ytelse,51,2.0,59.29,14.0,1,0.0
118,2.0,2.7,H25 - CBA - Seriell Adder,134,2.0,59.29,14.0,2,75.0
118,2.0,2.7,H25 - CBA - Seriell Adder,134,2.0,59.29,14.0,4,25.0
118,2.0,2.7,H25 - CBA - Seriell Adder,134,2.0,59.29,14.0,5,0.0
118,2.0,2.7,H25 - CBA - Seriell Adder,134,2.0,59.29,14.0,3,0.0
118,2.0,2.7,H25 - CBA - Seriell Adder,134,2.0,59.29,14.0,1,0.0
517,2.0,2.1,H25 - CBA - Cache-miss,30,2.0,84.98,14.0,2,100.0
517,2.0,2.1,H25 - CBA - Cache-miss,30,2.0,84.98,14.0,3,0.0
517,2.0,2.1,H25 - CBA - Cache-miss,30,2.0,84.98,14.0,5,0.0
517,2.0,2.1,H25 - CBA - Cache-miss,30,2.0,84.98,14.0,4,0.0
517,2.0,2.1,H25 - CBA - Cache-miss,30,2.0,84.98,14.0,1,0.0
517,2.0,2.2,H25 - CBA - Adder,30,2.0,84.98,14.0,2,75.0
517,2.0,2.2,H25 - CBA - Adder,30,2.0,84.98,14.0,5,0.0
517,2.0,2.2,H25 - CBA - Adder,30,2.0,84.98,14.0,3,25.0
517,2.0,2.2,H25 - CBA - Adder,30,2.0,84.98,14.0,1,0.0
517,2.0,2.2,H25 - CBA - Adder,30,2.0,84.98,14.0,4,0.0
517,2.0,2.3,H25 - CBA - ALU,56,2.0,84.98,14.0,1,75.0
517,2.0,2.3,H25 - CBA - ALU,56,2.0,84.98,14.0,2,25.0
517,2.0,2.3,H25 - CBA - ALU,56,2.0,84.98,14.0,5,0.0
517,2.0,2.3,H25 - CBA - ALU,56,2.0,84.98,14.0,3,0.0
517,2.0,2.3,H25 - CBA - ALU,56,2.0,84.98,14.0,4,0.0
517,2.0,2.4,H25 - CBA - PC,66,2.0,84.98,14.0,1,75.0
517,2.0,2.4,H25 - CBA - PC,66,2.0,84.98,14.0,3,0.0
517,2.0,2.4,H25 - CBA - PC,66,2.0,84.98,14.0,5,0.0
517,2.0,2.4,H25 - CBA - PC,66,2.0,84.98,14.0,4,0.0
517,2.0,2.4,H25 - CBA - PC,66,2.0,84.98,14.0,2,25.0
517,2.0,2.5,H25 - CBA - Universell porter,11,2.0,84.98,14.0,2,0.0
517,2.0,2.5,H25 - CBA - Universell porter,11,2.0,84.98,14.0,3,100.0
517,2.0,2.5,H25 - CBA - Universell porter,11,2.0,84.98,14.0,1,0.0
517,2.0,2.5,H25 - CBA - Universell porter,11,2.0,84.98,14.0,4,0.0
517,2.0,2.5,H25 - CBA - Universell porter,11,2.0,84.98,14.0,5,0.0
517,2.0,2.6,H25 - CBA - Pipeline ytelse,40,2.0,84.98,14.0,4,100.0
517,2.0,2.6,H25 - CBA - Pipeline ytelse,40,2.0,84.98,14.0,5,0.0
517,2.0,2.6,H25 - CBA - Pipeline ytelse,40,2.0,84.98,14.0,3,0.0
517,2.0,2.6,H25 - CBA - Pipeline ytelse,40,2.0,84.98,14.0,2,0.0
517,2.0,2.6,H25 - CBA - Pipeline ytelse,40,2.0,84.98,14.0,1,0.0
517,2.0,2.7,H25 - CBA - Seriell Adder,80,2.0,84.98,14.0,3,0.0
517,2.0,2.7,H25 - CBA - Seriell Adder,80,2.0,84.98,14.0,5,0.0
517,2.0,2.7,H25 - CBA - Seriell Adder,80,2.0,84.98,14.0,2,50.0
517,2.0,2.7,H25 - CBA - Seriell Adder,80,2.0,84.98,14.0,4,25.0
517,2.0,2.7,H25 - CBA - Seriell Adder,80,2.0,84.98,14.0,1,25.0
320,2.0,2.1,H25 - CBA - Cache-miss,59,2.0,75.49,14.0,5,75.0
320,2.0,2.1,H25 - CBA - Cache-miss,59,2.0,75.49,14.0,4,25.0
320,2.0,2.1,H25 - CBA - Cache-miss,59,2.0,75.49,14.0,1,0.0
320,2.0,2.1,H25 - CBA - Cache-miss,59,2.0,75.49,14.0,2,0.0
320,2.0,2.1,H25 - CBA - Cache-miss,59,2.0,75.49,14.0,3,0.0
320,2.0,2.2,H25 - CBA - Adder,141,2.0,75.49,14.0,5,75.0
320,2.0,2.2,H25 - CBA - Adder,141,2.0,75.49,14.0,2,25.0
320,2.0,2.2,H25 - CBA - Adder,141,2.0,75.49,14.0,1,0.0
320,2.0,2.2,H25 - CBA - Adder,141,2.0,75.49,14.0,3,0.0
320,2.0,2.2,H25 - CBA - Adder,141,2.0,75.49,14.0,4,0.0
320,2.0,2.3,H25 - CBA - ALU,178,2.0,75.49,14.0,2,100.0
320,2.0,2.3,H25 - CBA - ALU,178,2.0,75.49,14.0,4,0.0
320,2.0,2.3,H25 - CBA - ALU,178,2.0,75.49,14.0,1,0.0
320,2.0,2.3,H25 - CBA - ALU,178,2.0,75.49,14.0,5,0.0
320,2.0,2.3,H25 - CBA - ALU,178,2.0,75.49,14.0,3,0.0
320,2.0,2.4,H25 - CBA - PC,96,2.0,75.49,14.0,2,0.0
320,2.0,2.4,H25 - CBA - PC,96,2.0,75.49,14.0,3,0.0
320,2.0,2.4,H25 - CBA - PC,96,2.0,75.49,14.0,1,100.0
320,2.0,2.4,H25 - CBA - PC,96,2.0,75.49,14.0,5,0.0
320,2.0,2.4,H25 - CBA - PC,96,2.0,75.49,14.0,4,0.0
320,2.0,2.5,H25 - CBA - Universell porter,27,2.0,75.49,14.0,3,100.0
320,2.0,2.5,H25 - CBA - Universell porter,27,2.0,75.49,14.0,4,0.0
320,2.0,2.5,H25 - CBA - Universell porter,27,2.0,75.49,14.0,2,0.0
320,2.0,2.5,H25 - CBA - Universell porter,27,2.0,75.49,14.0,1,0.0
320,2.0,2.5,H25 - CBA - Universell porter,27,2.0,75.49,14.0,5,0.0
320,2.0,2.6,H25 - CBA - Pipeline ytelse,20,2.0,75.49,14.0,4,100.0
320,2.0,2.6,H25 - CBA - Pipeline ytelse,20,2.0,75.49,14.0,2,0.0
320,2.0,2.6,H25 - CBA - Pipeline ytelse,20,2.0,75.49,14.0,1,0.0
320,2.0,2.6,H25 - CBA - Pipeline ytelse,20,2.0,75.49,14.0,3,0.0
320,2.0,2.6,H25 - CBA - Pipeline ytelse,20,2.0,75.49,14.0,5,0.0
320,2.0,2.7,H25 - CBA - Seriell Adder,91,2.0,75.49,14.0,2,75.0
320,2.0,2.7,H25 - CBA - Seriell Adder,91,2.0,75.49,14.0,5,0.0
320,2.0,2.7,H25 - CBA - Seriell Adder,91,2.0,75.49,14.0,3,0.0
320,2.0,2.7,H25 - CBA - Seriell Adder,91,2.0,75.49,14.0,1,0.0
320,2.0,2.7,H25 - CBA - Seriell Adder,91,2.0,75.49,14.0,4,25.0
222,2.0,2.1,H25 - CBA - Cache-miss,271,2.0,76.99,14.0,2,100.0
222,2.0,2.2,H25 - CBA - Adder,54,2.0,76.99,14.0,2,100.0
222,2.0,2.2,H25 - CBA - Adder,54,2.0,76.99,14.0,4,0.0
222,2.0,2.2,H25 - CBA - Adder,54,2.0,76.99,14.0,3,0.0
222,2.0,2.2,H25 - CBA - Adder,54,2.0,76.99,14.0,5,0.0
222,2.0,2.2,H25 - CBA - Adder,54,2.0,76.99,14.0,1,0.0
222,2.0,2.3,H25 - CBA - ALU,90,2.0,76.99,14.0,2,100.0
222,2.0,2.3,H25 - CBA - ALU,90,2.0,76.99,14.0,5,0.0
222,2.0,2.3,H25 - CBA - ALU,90,2.0,76.99,14.0,1,0.0
222,2.0,2.3,H25 - CBA - ALU,90,2.0,76.99,14.0,3,0.0
222,2.0,2.3,H25 - CBA - ALU,90,2.0,76.99,14.0,4,0.0
222,2.0,2.4,H25 - CBA - PC,51,2.0,76.99,14.0,2,0.0
222,2.0,2.4,H25 - CBA - PC,51,2.0,76.99,14.0,4,0.0
222,2.0,2.4,H25 - CBA - PC,51,2.0,76.99,14.0,3,0.0
222,2.0,2.4,H25 - CBA - PC,51,2.0,76.99,14.0,5,0.0
222,2.0,2.4,H25 - CBA - PC,51,2.0,76.99,14.0,1,100.0
222,2.0,2.5,H25 - CBA - Universell porter,25,2.0,76.99,14.0,3,100.0
222,2.0,2.5,H25 - CBA - Universell porter,25,2.0,76.99,14.0,1,0.0
222,2.0,2.5,H25 - CBA - Universell porter,25,2.0,76.99,14.0,5,0.0
222,2.0,2.5,H25 - CBA - Universell porter,25,2.0,76.99,14.0,2,0.0
222,2.0,2.5,H25 - CBA - Universell porter,25,2.0,76.99,14.0,4,0.0
222,2.0,2.6,H25 - CBA - Pipeline ytelse,70,2.0,76.99,14.0,4,100.0
222,2.0,2.7,H25 - CBA - Seriell Adder,295,2.0,76.99,14.0,5,0.0
222,2.0,2.7,H25 - CBA - Seriell Adder,295,2.0,76.99,14.0,3,0.0
222,2.0,2.7,H25 - CBA - Seriell Adder,295,2.0,76.99,14.0,2,50.0
222,2.0,2.7,H25 - CBA - Seriell Adder,295,2.0,76.99,14.0,1,50.0
222,2.0,2.7,H25 - CBA - Seriell Adder,295,2.0,76.99,14.0,4,0.0
238,2.0,2.1,H25 - CBA - Cache-miss,95,2.0,72.05,14.0,1,0.0
238,2.0,2.1,H25 - CBA - Cache-miss,95,2.0,72.05,14.0,3,0.0
238,2.0,2.1,H25 - CBA - Cache-miss,95,2.0,72.05,14.0,5,0.0
238,2.0,2.1,H25 - CBA - Cache-miss,95,2.0,72.05,14.0,4,0.0
238,2.0,2.1,H25 - CBA - Cache-miss,95,2.0,72.05,14.0,2,100.0
238,2.0,2.2,H25 - CBA - Adder,28,2.0,72.05,14.0,2,100.0
238,2.0,2.2,H25 - CBA - Adder,28,2.0,72.05,14.0,4,0.0
238,2.0,2.2,H25 - CBA - Adder,28,2.0,72.05,14.0,5,0.0
238,2.0,2.2,H25 - CBA - Adder,28,2.0,72.05,14.0,3,0.0
238,2.0,2.2,H25 - CBA - Adder,28,2.0,72.05,14.0,1,0.0
238,2.0,2.3,H25 - CBA - ALU,95,2.0,72.05,14.0,2,0.0
238,2.0,2.3,H25 - CBA - ALU,95,2.0,72.05,14.0,3,75.0
238,2.0,2.3,H25 - CBA - ALU,95,2.0,72.05,14.0,1,0.0
238,2.0,2.3,H25 - CBA - ALU,95,2.0,72.05,14.0,4,0.0
238,2.0,2.3,H25 - CBA - ALU,95,2.0,72.05,14.0,5,25.0
238,2.0,2.4,H25 - CBA - PC,77,2.0,72.05,14.0,3,100.0
238,2.0,2.4,H25 - CBA - PC,77,2.0,72.05,14.0,5,0.0
238,2.0,2.4,H25 - CBA - PC,77,2.0,72.05,14.0,4,0.0
238,2.0,2.4,H25 - CBA - PC,77,2.0,72.05,14.0,1,0.0
238,2.0,2.4,H25 - CBA - PC,77,2.0,72.05,14.0,2,0.0
238,2.0,2.5,H25 - CBA - Universell porter,24,2.0,72.05,14.0,3,100.0
238,2.0,2.5,H25 - CBA - Universell porter,24,2.0,72.05,14.0,1,0.0
238,2.0,2.5,H25 - CBA - Universell porter,24,2.0,72.05,14.0,2,0.0
238,2.0,2.5,H25 - CBA - Universell porter,24,2.0,72.05,14.0,5,0.0
238,2.0,2.5,H25 - CBA - Universell porter,24,2.0,72.05,14.0,4,0.0
238,2.0,2.6,H25 - CBA - Pipeline ytelse,74,2.0,72.05,14.0,1,0.0
238,2.0,2.6,H25 - CBA - Pipeline ytelse,74,2.0,72.05,14.0,4,100.0
238,2.0,2.6,H25 - CBA - Pipeline ytelse,74,2.0,72.05,14.0,5,0.0
238,2.0,2.6,H25 - CBA - Pipeline ytelse,74,2.0,72.05,14.0,3,0.0
238,2.0,2.6,H25 - CBA - Pipeline ytelse,74,2.0,72.05,14.0,2,0.0
238,2.0,2.7,H25 - CBA - Seriell Adder,108,2.0,72.05,14.0,2,100.0
238,2.0,2.7,H25 - CBA - Seriell Adder,108,2.0,72.05,14.0,1,0.0
238,2.0,2.7,H25 - CBA - Seriell Adder,108,2.0,72.05,14.0,4,0.0
238,2.0,2.7,H25 - CBA - Seriell Adder,108,2.0,72.05,14.0,5,0.0
238,2.0,2.7,H25 - CBA - Seriell Adder,108,2.0,72.05,14.0,3,0.0
463,2.0,2.1,H25 - CBA - Cache-miss,229,2.0,84.82,14.0,1,0.0
463,2.0,2.1,H25 - CBA - Cache-miss,229,2.0,84.82,14.0,3,0.0
463,2.0,2.1,H25 - CBA - Cache-miss,229,2.0,84.82,14.0,4,0.0
463,2.0,2.1,H25 - CBA - Cache-miss,229,2.0,84.82,14.0,2,50.0
463,2.0,2.1,H25 - CBA - Cache-miss,229,2.0,84.82,14.0,5,50.0
463,2.0,2.2,H25 - CBA - Adder,339,2.0,84.82,14.0,4,0.0
463,2.0,2.2,H25 - CBA - Adder,339,2.0,84.82,14.0,5,0.0
463,2.0,2.2,H25 - CBA - Adder,339,2.0,84.82,14.0,1,0.0
463,2.0,2.2,H25 - CBA - Adder,339,2.0,84.82,14.0,2,100.0
463,2.0,2.2,H25 - CBA - Adder,339,2.0,84.82,14.0,3,0.0
463,2.0,2.3,H25 - CBA - ALU,122,2.0,84.82,14.0,1,75.0
463,2.0,2.3,H25 - CBA - ALU,122,2.0,84.82,14.0,3,0.0
463,2.0,2.3,H25 - CBA - ALU,122,2.0,84.82,14.0,5,0.0
463,2.0,2.3,H25 - CBA - ALU,122,2.0,84.82,14.0,2,25.0
463,2.0,2.3,H25 - CBA - ALU,122,2.0,84.82,14.0,4,0.0
463,2.0,2.4,H25 - CBA - PC,203,2.0,84.82,14.0,4,0.0
463,2.0,2.4,H25 - CBA - PC,203,2.0,84.82,14.0,1,25.0
463,2.0,2.4,H25 - CBA - PC,203,2.0,84.82,14.0,2,75.0
463,2.0,2.4,H25 - CBA - PC,203,2.0,84.82,14.0,5,0.0
463,2.0,2.4,H25 - CBA - PC,203,2.0,84.82,14.0,3,0.0
463,2.0,2.5,H25 - CBA - Universell porter,98,2.0,84.82,14.0,3,100.0
463,2.0,2.5,H25 - CBA - Universell porter,98,2.0,84.82,14.0,1,0.0
463,2.0,2.5,H25 - CBA - Universell porter,98,2.0,84.82,14.0,2,0.0
463,2.0,2.5,H25 - CBA - Universell porter,98,2.0,84.82,14.0,4,0.0
463,2.0,2.5,H25 - CBA - Universell porter,98,2.0,84.82,14.0,5,0.0
463,2.0,2.6,H25 - CBA - Pipeline ytelse,180,2.0,84.82,14.0,4,75.0
463,2.0,2.6,H25 - CBA - Pipeline ytelse,180,2.0,84.82,14.0,5,0.0
463,2.0,2.6,H25 - CBA - Pipeline ytelse,180,2.0,84.82,14.0,1,25.0
463,2.0,2.6,H25 - CBA - Pipeline ytelse,180,2.0,84.82,14.0,3,0.0
463,2.0,2.6,H25 - CBA - Pipeline ytelse,180,2.0,84.82,14.0,2,0.0
463,2.0,2.7,H25 - CBA - Seriell Adder,63,2.0,84.82,14.0,5,0.0
463,2.0,2.7,H25 - CBA - Seriell Adder,63,2.0,84.82,14.0,1,0.0
463,2.0,2.7,H25 - CBA - Seriell Adder,63,2.0,84.82,14.0,2,100.0
463,2.0,2.7,H25 - CBA - Seriell Adder,63,2.0,84.82,14.0,4,0.0
463,2.0,2.7,H25 - CBA - Seriell Adder,63,2.0,84.82,14.0,3,0.0
197,2.0,2.1,H25 - CBA - Cache-miss,37,2.0,81.84,14.0,2,100.0
197,2.0,2.2,H25 - CBA - Adder,8,2.0,81.84,14.0,2,100.0
197,2.0,2.3,H25 - CBA - ALU,15,2.0,81.84,14.0,1,100.0
197,2.0,2.4,H25 - CBA - PC,43,2.0,81.84,14.0,1,100.0
197,2.0,2.5,H25 - CBA - Universell porter,12,2.0,81.84,14.0,3,100.0
197,2.0,2.6,H25 - CBA - Pipeline ytelse,14,2.0,81.84,14.0,4,100.0
197,2.0,2.7,H25 - CBA - Seriell Adder,9,2.0,81.84,14.0,2,100.0
92,2.0,2.1,H25 - CBA - Cache-miss,51,2.0,85.98,14.0,2,100.0
92,2.0,2.1,H25 - CBA - Cache-miss,51,2.0,85.98,14.0,5,0.0
92,2.0,2.1,H25 - CBA - Cache-miss,51,2.0,85.98,14.0,3,0.0
92,2.0,2.1,H25 - CBA - Cache-miss,51,2.0,85.98,14.0,4,0.0
92,2.0,2.1,H25 - CBA - Cache-miss,51,2.0,85.98,14.0,1,0.0
92,2.0,2.2,H25 - CBA - Adder,46,2.0,85.98,14.0,1,0.0
92,2.0,2.2,H25 - CBA - Adder,46,2.0,85.98,14.0,3,0.0
92,2.0,2.2,H25 - CBA - Adder,46,2.0,85.98,14.0,2,100.0
92,2.0,2.2,H25 - CBA - Adder,46,2.0,85.98,14.0,5,0.0
92,2.0,2.2,H25 - CBA - Adder,46,2.0,85.98,14.0,4,0.0
92,2.0,2.3,H25 - CBA - ALU,72,2.0,85.98,14.0,1,100.0
92,2.0,2.3,H25 - CBA - ALU,72,2.0,85.98,14.0,5,0.0
92,2.0,2.3,H25 - CBA - ALU,72,2.0,85.98,14.0,3,0.0
92,2.0,2.3,H25 - CBA - ALU,72,2.0,85.98,14.0,2,0.0
92,2.0,2.3,H25 - CBA - ALU,72,2.0,85.98,14.0,4,0.0
92,2.0,2.4,H25 - CBA - PC,43,2.0,85.98,14.0,1,100.0
92,2.0,2.4,H25 - CBA - PC,43,2.0,85.98,14.0,5,0.0
92,2.0,2.4,H25 - CBA - PC,43,2.0,85.98,14.0,2,0.0
92,2.0,2.4,H25 - CBA - PC,43,2.0,85.98,14.0,3,0.0
92,2.0,2.4,H25 - CBA - PC,43,2.0,85.98,14.0,4,0.0
92,2.0,2.5,H25 - CBA - Universell porter,44,2.0,85.98,14.0,3,100.0
92,2.0,2.5,H25 - CBA - Universell porter,44,2.0,85.98,14.0,5,0.0
92,2.0,2.5,H25 - CBA - Universell porter,44,2.0,85.98,14.0,4,0.0
92,2.0,2.5,H25 - CBA - Universell porter,44,2.0,85.98,14.0,2,0.0
92,2.0,2.5,H25 - CBA - Universell porter,44,2.0,85.98,14.0,1,0.0
92,2.0,2.6,H25 - CBA - Pipeline ytelse,99,2.0,85.98,14.0,4,100.0
92,2.0,2.6,H25 - CBA - Pipeline ytelse,99,2.0,85.98,14.0,5,0.0
92,2.0,2.6,H25 - CBA - Pipeline ytelse,99,2.0,85.98,14.0,1,0.0
92,2.0,2.6,H25 - CBA - Pipeline ytelse,99,2.0,85.98,14.0,2,0.0
92,2.0,2.6,H25 - CBA - Pipeline ytelse,99,2.0,85.98,14.0,3,0.0
92,2.0,2.7,H25 - CBA - Seriell Adder,183,2.0,85.98,14.0,2,100.0
92,2.0,2.7,H25 - CBA - Seriell Adder,183,2.0,85.98,14.0,3,0.0
92,2.0,2.7,H25 - CBA - Seriell Adder,183,2.0,85.98,14.0,1,0.0
92,2.0,2.7,H25 - CBA - Seriell Adder,183,2.0,85.98,14.0,5,0.0
92,2.0,2.7,H25 - CBA - Seriell Adder,183,2.0,85.98,14.0,4,0.0
292,2.0,2.2,H25 - CBA - Adder,55,2.0,76.82,12.0,2,100.0
292,2.0,2.3,H25 - CBA - ALU,130,2.0,76.82,12.0,2,0.0
292,2.0,2.3,H25 - CBA - ALU,130,2.0,76.82,12.0,1,100.0
292,2.0,2.4,H25 - CBA - PC,50,2.0,76.82,12.0,1,100.0
292,2.0,2.5,H25 - CBA - Universell porter,33,2.0,76.82,12.0,3,100.0
292,2.0,2.6,H25 - CBA - Pipeline ytelse,156,2.0,76.82,12.0,5,0.0
292,2.0,2.6,H25 - CBA - Pipeline ytelse,156,2.0,76.82,12.0,2,0.0
292,2.0,2.6,H25 - CBA - Pipeline ytelse,156,2.0,76.82,12.0,1,100.0
292,2.0,2.6,H25 - CBA - Pipeline ytelse,156,2.0,76.82,12.0,3,0.0
292,2.0,2.6,H25 - CBA - Pipeline ytelse,156,2.0,76.82,12.0,4,0.0
292,2.0,2.7,H25 - CBA - Seriell Adder,158,0.0,76.82,12.0,1,25.0
292,2.0,2.7,H25 - CBA - Seriell Adder,158,0.0,76.82,12.0,2,75.0
21,2.0,2.1,H25 - CBA - Cache-miss,112,2.0,49.32,14.0,2,0.0
21,2.0,2.1,H25 - CBA - Cache-miss,112,2.0,49.32,14.0,5,50.0
21,2.0,2.1,H25 - CBA - Cache-miss,112,2.0,49.32,14.0,4,0.0
21,2.0,2.1,H25 - CBA - Cache-miss,112,2.0,49.32,14.0,1,0.0
21,2.0,2.1,H25 - CBA - Cache-miss,112,2.0,49.32,14.0,3,50.0
21,2.0,2.2,H25 - CBA - Adder,44,2.0,49.32,14.0,5,100.0
21,2.0,2.2,H25 - CBA - Adder,44,2.0,49.32,14.0,4,0.0
21,2.0,2.2,H25 - CBA - Adder,44,2.0,49.32,14.0,2,0.0
21,2.0,2.2,H25 - CBA - Adder,44,2.0,49.32,14.0,3,0.0
21,2.0,2.2,H25 - CBA - Adder,44,2.0,49.32,14.0,1,0.0
21,2.0,2.3,H25 - CBA - ALU,89,2.0,49.32,14.0,4,0.0
21,2.0,2.3,H25 - CBA - ALU,89,2.0,49.32,14.0,5,50.0
21,2.0,2.3,H25 - CBA - ALU,89,2.0,49.32,14.0,1,50.0
21,2.0,2.3,H25 - CBA - ALU,89,2.0,49.32,14.0,2,0.0
21,2.0,2.3,H25 - CBA - ALU,89,2.0,49.32,14.0,3,0.0
21,2.0,2.4,H25 - CBA - PC,88,2.0,49.32,14.0,3,100.0
21,2.0,2.4,H25 - CBA - PC,88,2.0,49.32,14.0,1,0.0
21,2.0,2.4,H25 - CBA - PC,88,2.0,49.32,14.0,4,0.0
21,2.0,2.4,H25 - CBA - PC,88,2.0,49.32,14.0,5,0.0
21,2.0,2.4,H25 - CBA - PC,88,2.0,49.32,14.0,2,0.0
21,2.0,2.5,H25 - CBA - Universell porter,87,2.0,49.32,14.0,4,0.0
21,2.0,2.5,H25 - CBA - Universell porter,87,2.0,49.32,14.0,1,0.0
21,2.0,2.5,H25 - CBA - Universell porter,87,2.0,49.32,14.0,3,100.0
21,2.0,2.5,H25 - CBA - Universell porter,87,2.0,49.32,14.0,2,0.0
21,2.0,2.5,H25 - CBA - Universell porter,87,2.0,49.32,14.0,5,0.0
21,2.0,2.6,H25 - CBA - Pipeline ytelse,47,2.0,49.32,14.0,5,100.0
21,2.0,2.6,H25 - CBA - Pipeline ytelse,47,2.0,49.32,14.0,3,0.0
21,2.0,2.6,H25 - CBA - Pipeline ytelse,47,2.0,49.32,14.0,2,0.0
21,2.0,2.6,H25 - CBA - Pipeline ytelse,47,2.0,49.32,14.0,4,0.0
21,2.0,2.6,H25 - CBA - Pipeline ytelse,47,2.0,49.32,14.0,1,0.0
21,2.0,2.7,H25 - CBA - Seriell Adder,141,2.0,49.32,14.0,4,100.0
21,2.0,2.7,H25 - CBA - Seriell Adder,141,2.0,49.32,14.0,2,0.0
21,2.0,2.7,H25 - CBA - Seriell Adder,141,2.0,49.32,14.0,3,0.0
21,2.0,2.7,H25 - CBA - Seriell Adder,141,2.0,49.32,14.0,1,0.0
21,2.0,2.7,H25 - CBA - Seriell Adder,141,2.0,49.32,14.0,5,0.0
230,2.0,2.1,H25 - CBA - Cache-miss,264,2.0,84.17,14.0,2,100.0
230,2.0,2.1,H25 - CBA - Cache-miss,264,2.0,84.17,14.0,5,0.0
230,2.0,2.1,H25 - CBA - Cache-miss,264,2.0,84.17,14.0,3,0.0
230,2.0,2.1,H25 - CBA - Cache-miss,264,2.0,84.17,14.0,1,0.0
230,2.0,2.1,H25 - CBA - Cache-miss,264,2.0,84.17,14.0,4,0.0
230,2.0,2.2,H25 - CBA - Adder,55,2.0,84.17,14.0,3,0.0
230,2.0,2.2,H25 - CBA - Adder,55,2.0,84.17,14.0,5,0.0
230,2.0,2.2,H25 - CBA - Adder,55,2.0,84.17,14.0,1,0.0
230,2.0,2.2,H25 - CBA - Adder,55,2.0,84.17,14.0,4,0.0
230,2.0,2.2,H25 - CBA - Adder,55,2.0,84.17,14.0,2,100.0
230,2.0,2.3,H25 - CBA - ALU,101,2.0,84.17,14.0,4,0.0
230,2.0,2.3,H25 - CBA - ALU,101,2.0,84.17,14.0,3,0.0
230,2.0,2.3,H25 - CBA - ALU,101,2.0,84.17,14.0,1,100.0
230,2.0,2.3,H25 - CBA - ALU,101,2.0,84.17,14.0,5,0.0
230,2.0,2.3,H25 - CBA - ALU,101,2.0,84.17,14.0,2,0.0
230,2.0,2.4,H25 - CBA - PC,176,2.0,84.17,14.0,3,100.0
230,2.0,2.4,H25 - CBA - PC,176,2.0,84.17,14.0,1,0.0
230,2.0,2.4,H25 - CBA - PC,176,2.0,84.17,14.0,2,0.0
230,2.0,2.4,H25 - CBA - PC,176,2.0,84.17,14.0,5,0.0
230,2.0,2.4,H25 - CBA - PC,176,2.0,84.17,14.0,4,0.0
230,2.0,2.5,H25 - CBA - Universell porter,68,2.0,84.17,14.0,3,100.0
230,2.0,2.5,H25 - CBA - Universell porter,68,2.0,84.17,14.0,1,0.0
230,2.0,2.5,H25 - CBA - Universell porter,68,2.0,84.17,14.0,4,0.0
230,2.0,2.5,H25 - CBA - Universell porter,68,2.0,84.17,14.0,2,0.0
230,2.0,2.5,H25 - CBA - Universell porter,68,2.0,84.17,14.0,5,0.0
230,2.0,2.6,H25 - CBA - Pipeline ytelse,180,2.0,84.17,14.0,2,0.0
230,2.0,2.6,H25 - CBA - Pipeline ytelse,180,2.0,84.17,14.0,4,100.0
230,2.0,2.6,H25 - CBA - Pipeline ytelse,180,2.0,84.17,14.0,3,0.0
230,2.0,2.6,H25 - CBA - Pipeline ytelse,180,2.0,84.17,14.0,5,0.0
230,2.0,2.6,H25 - CBA - Pipeline ytelse,180,2.0,84.17,14.0,1,0.0
230,2.0,2.7,H25 - CBA - Seriell Adder,112,2.0,84.17,14.0,2,100.0
230,2.0,2.7,H25 - CBA - Seriell Adder,112,2.0,84.17,14.0,5,0.0
230,2.0,2.7,H25 - CBA - Seriell Adder,112,2.0,84.17,14.0,3,0.0
230,2.0,2.7,H25 - CBA - Seriell Adder,112,2.0,84.17,14.0,1,0.0
230,2.0,2.7,H25 - CBA - Seriell Adder,112,2.0,84.17,14.0,4,0.0
470,2.0,2.1,H25 - CBA - Cache-miss,53,2.0,48.01,14.0,2,100.0
470,2.0,2.1,H25 - CBA - Cache-miss,53,2.0,48.01,14.0,4,0.0
470,2.0,2.1,H25 - CBA - Cache-miss,53,2.0,48.01,14.0,5,0.0
470,2.0,2.1,H25 - CBA - Cache-miss,53,2.0,48.01,14.0,1,0.0
470,2.0,2.1,H25 - CBA - Cache-miss,53,2.0,48.01,14.0,3,0.0
470,2.0,2.2,H25 - CBA - Adder,88,2.0,48.01,14.0,2,75.0
470,2.0,2.2,H25 - CBA - Adder,88,2.0,48.01,14.0,5,0.0
470,2.0,2.2,H25 - CBA - Adder,88,2.0,48.01,14.0,3,0.0
470,2.0,2.2,H25 - CBA - Adder,88,2.0,48.01,14.0,4,25.0
470,2.0,2.2,H25 - CBA - Adder,88,2.0,48.01,14.0,1,0.0
470,2.0,2.3,H25 - CBA - ALU,78,2.0,48.01,14.0,1,50.0
470,2.0,2.3,H25 - CBA - ALU,78,2.0,48.01,14.0,2,25.0
470,2.0,2.3,H25 - CBA - ALU,78,2.0,48.01,14.0,4,25.0
470,2.0,2.3,H25 - CBA - ALU,78,2.0,48.01,14.0,5,0.0
470,2.0,2.3,H25 - CBA - ALU,78,2.0,48.01,14.0,3,0.0
470,2.0,2.4,H25 - CBA - PC,114,2.0,48.01,14.0,1,75.0
470,2.0,2.4,H25 - CBA - PC,114,2.0,48.01,14.0,2,25.0
470,2.0,2.4,H25 - CBA - PC,114,2.0,48.01,14.0,5,0.0
470,2.0,2.4,H25 - CBA - PC,114,2.0,48.01,14.0,4,0.0
470,2.0,2.4,H25 - CBA - PC,114,2.0,48.01,14.0,3,0.0
470,2.0,2.5,H25 - CBA - Universell porter,48,2.0,48.01,14.0,3,75.0
470,2.0,2.5,H25 - CBA - Universell porter,48,2.0,48.01,14.0,1,25.0
470,2.0,2.5,H25 - CBA - Universell porter,48,2.0,48.01,14.0,5,0.0
470,2.0,2.5,H25 - CBA - Universell porter,48,2.0,48.01,14.0,4,0.0
470,2.0,2.5,H25 - CBA - Universell porter,48,2.0,48.01,14.0,2,0.0
470,2.0,2.6,H25 - CBA - Pipeline ytelse,145,2.0,48.01,14.0,1,50.0
470,2.0,2.6,H25 - CBA - Pipeline ytelse,145,2.0,48.01,14.0,3,50.0
470,2.0,2.6,H25 - CBA - Pipeline ytelse,145,2.0,48.01,14.0,5,0.0
470,2.0,2.6,H25 - CBA - Pipeline ytelse,145,2.0,48.01,14.0,4,0.0
470,2.0,2.6,H25 - CBA - Pipeline ytelse,145,2.0,48.01,14.0,2,0.0
470,2.0,2.7,H25 - CBA - Seriell Adder,65,2.0,48.01,14.0,1,50.0
470,2.0,2.7,H25 - CBA - Seriell Adder,65,2.0,48.01,14.0,4,0.0
470,2.0,2.7,H25 - CBA - Seriell Adder,65,2.0,48.01,14.0,5,0.0
470,2.0,2.7,H25 - CBA - Seriell Adder,65,2.0,48.01,14.0,2,50.0
470,2.0,2.7,H25 - CBA - Seriell Adder,65,2.0,48.01,14.0,3,0.0
59,2.0,2.1,H25 - CBA - Cache-miss,154,2.0,51.36,14.0,2,0.0
59,2.0,2.1,H25 - CBA - Cache-miss,154,2.0,51.36,14.0,5,0.0
59,2.0,2.1,H25 - CBA - Cache-miss,154,2.0,51.36,14.0,1,0.0
59,2.0,2.1,H25 - CBA - Cache-miss,154,2.0,51.36,14.0,3,100.0
59,2.0,2.1,H25 - CBA - Cache-miss,154,2.0,51.36,14.0,4,0.0
59,2.0,2.2,H25 - CBA - Adder,140,2.0,51.36,14.0,2,100.0
59,2.0,2.2,H25 - CBA - Adder,140,2.0,51.36,14.0,3,0.0
59,2.0,2.2,H25 - CBA - Adder,140,2.0,51.36,14.0,4,0.0
59,2.0,2.2,H25 - CBA - Adder,140,2.0,51.36,14.0,5,0.0
59,2.0,2.2,H25 - CBA - Adder,140,2.0,51.36,14.0,1,0.0
59,2.0,2.3,H25 - CBA - ALU,96,2.0,51.36,14.0,1,0.0
59,2.0,2.3,H25 - CBA - ALU,96,2.0,51.36,14.0,3,0.0
59,2.0,2.3,H25 - CBA - ALU,96,2.0,51.36,14.0,5,0.0
59,2.0,2.3,H25 - CBA - ALU,96,2.0,51.36,14.0,4,0.0
59,2.0,2.3,H25 - CBA - ALU,96,2.0,51.36,14.0,2,100.0
59,2.0,2.4,H25 - CBA - PC,50,2.0,51.36,14.0,3,0.0
59,2.0,2.4,H25 - CBA - PC,50,2.0,51.36,14.0,5,100.0
59,2.0,2.4,H25 - CBA - PC,50,2.0,51.36,14.0,2,0.0
59,2.0,2.4,H25 - CBA - PC,50,2.0,51.36,14.0,1,0.0
59,2.0,2.4,H25 - CBA - PC,50,2.0,51.36,14.0,4,0.0
59,2.0,2.5,H25 - CBA - Universell porter,43,2.0,51.36,14.0,3,100.0
59,2.0,2.5,H25 - CBA - Universell porter,43,2.0,51.36,14.0,1,0.0
59,2.0,2.5,H25 - CBA - Universell porter,43,2.0,51.36,14.0,2,0.0
59,2.0,2.5,H25 - CBA - Universell porter,43,2.0,51.36,14.0,4,0.0
59,2.0,2.5,H25 - CBA - Universell porter,43,2.0,51.36,14.0,5,0.0
59,2.0,2.6,H25 - CBA - Pipeline ytelse,140,2.0,51.36,14.0,2,0.0
59,2.0,2.6,H25 - CBA - Pipeline ytelse,140,2.0,51.36,14.0,5,0.0
59,2.0,2.6,H25 - CBA - Pipeline ytelse,140,2.0,51.36,14.0,1,0.0
59,2.0,2.6,H25 - CBA - Pipeline ytelse,140,2.0,51.36,14.0,3,0.0
59,2.0,2.6,H25 - CBA - Pipeline ytelse,140,2.0,51.36,14.0,4,100.0
59,2.0,2.7,H25 - CBA - Seriell Adder,214,2.0,51.36,14.0,3,25.0
59,2.0,2.7,H25 - CBA - Seriell Adder,214,2.0,51.36,14.0,5,0.0
59,2.0,2.7,H25 - CBA - Seriell Adder,214,2.0,51.36,14.0,4,25.0
59,2.0,2.7,H25 - CBA - Seriell Adder,214,2.0,51.36,14.0,1,0.0
59,2.0,2.7,H25 - CBA - Seriell Adder,214,2.0,51.36,14.0,2,50.0
225,2.0,2.1,H25 - CBA - Cache-miss,60,2.0,90.98,14.0,4,0.0
225,2.0,2.1,H25 - CBA - Cache-miss,60,2.0,90.98,14.0,1,0.0
225,2.0,2.1,H25 - CBA - Cache-miss,60,2.0,90.98,14.0,5,0.0
225,2.0,2.1,H25 - CBA - Cache-miss,60,2.0,90.98,14.0,3,0.0
225,2.0,2.1,H25 - CBA - Cache-miss,60,2.0,90.98,14.0,2,100.0
225,2.0,2.2,H25 - CBA - Adder,63,2.0,90.98,14.0,3,0.0
225,2.0,2.2,H25 - CBA - Adder,63,2.0,90.98,14.0,2,100.0
225,2.0,2.2,H25 - CBA - Adder,63,2.0,90.98,14.0,1,0.0
225,2.0,2.2,H25 - CBA - Adder,63,2.0,90.98,14.0,5,0.0
225,2.0,2.2,H25 - CBA - Adder,63,2.0,90.98,14.0,4,0.0
225,2.0,2.3,H25 - CBA - ALU,39,2.0,90.98,14.0,1,100.0
225,2.0,2.3,H25 - CBA - ALU,39,2.0,90.98,14.0,4,0.0
225,2.0,2.3,H25 - CBA - ALU,39,2.0,90.98,14.0,3,0.0
225,2.0,2.3,H25 - CBA - ALU,39,2.0,90.98,14.0,5,0.0
225,2.0,2.3,H25 - CBA - ALU,39,2.0,90.98,14.0,2,0.0
225,2.0,2.4,H25 - CBA - PC,56,2.0,90.98,14.0,1,100.0
225,2.0,2.4,H25 - CBA - PC,56,2.0,90.98,14.0,4,0.0
225,2.0,2.4,H25 - CBA - PC,56,2.0,90.98,14.0,5,0.0
225,2.0,2.4,H25 - CBA - PC,56,2.0,90.98,14.0,2,0.0
225,2.0,2.4,H25 - CBA - PC,56,2.0,90.98,14.0,3,0.0
225,2.0,2.5,H25 - CBA - Universell porter,47,2.0,90.98,14.0,3,100.0
225,2.0,2.5,H25 - CBA - Universell porter,47,2.0,90.98,14.0,1,0.0
225,2.0,2.5,H25 - CBA - Universell porter,47,2.0,90.98,14.0,4,0.0
225,2.0,2.5,H25 - CBA - Universell porter,47,2.0,90.98,14.0,5,0.0
225,2.0,2.5,H25 - CBA - Universell porter,47,2.0,90.98,14.0,2,0.0
225,2.0,2.6,H25 - CBA - Pipeline ytelse,49,2.0,90.98,14.0,3,0.0
225,2.0,2.6,H25 - CBA - Pipeline ytelse,49,2.0,90.98,14.0,4,100.0
225,2.0,2.6,H25 - CBA - Pipeline ytelse,49,2.0,90.98,14.0,1,0.0
225,2.0,2.6,H25 - CBA - Pipeline ytelse,49,2.0,90.98,14.0,2,0.0
225,2.0,2.6,H25 - CBA - Pipeline ytelse,49,2.0,90.98,14.0,5,0.0
225,2.0,2.7,H25 - CBA - Seriell Adder,55,2.0,90.98,14.0,1,0.0
225,2.0,2.7,H25 - CBA - Seriell Adder,55,2.0,90.98,14.0,2,100.0
225,2.0,2.7,H25 - CBA - Seriell Adder,55,2.0,90.98,14.0,3,0.0
225,2.0,2.7,H25 - CBA - Seriell Adder,55,2.0,90.98,14.0,4,0.0
225,2.0,2.7,H25 - CBA - Seriell Adder,55,2.0,90.98,14.0,5,0.0
45,2.0,2.1,H25 - CBA - Cache-miss,22,2.0,64.98,10.0,2,100.0
45,2.0,2.2,H25 - CBA - Adder,17,2.0,64.98,10.0,2,100.0
45,2.0,2.3,H25 - CBA - ALU,42,2.0,64.98,10.0,1,100.0
45,2.0,2.4,H25 - CBA - PC,46,0.0,64.98,10.0,3,75.0
45,2.0,2.4,H25 - CBA - PC,46,0.0,64.98,10.0,1,25.0
45,2.0,2.5,H25 - CBA - Universell porter,20,2.0,64.98,10.0,3,100.0
45,2.0,2.6,H25 - CBA - Pipeline ytelse,20,2.0,64.98,10.0,4,100.0
45,2.0,2.7,H25 - CBA - Seriell Adder,43,0.0,64.98,10.0,2,75.0
45,2.0,2.7,H25 - CBA - Seriell Adder,43,0.0,64.98,10.0,3,25.0
173,2.0,2.1,H25 - CBA - Cache-miss,108,2.0,59.75,14.0,4,75.0
173,2.0,2.1,H25 - CBA - Cache-miss,108,2.0,59.75,14.0,2,0.0
173,2.0,2.1,H25 - CBA - Cache-miss,108,2.0,59.75,14.0,3,25.0
173,2.0,2.1,H25 - CBA - Cache-miss,108,2.0,59.75,14.0,1,0.0
173,2.0,2.1,H25 - CBA - Cache-miss,108,2.0,59.75,14.0,5,0.0
173,2.0,2.2,H25 - CBA - Adder,77,2.0,59.75,14.0,3,0.0
173,2.0,2.2,H25 - CBA - Adder,77,2.0,59.75,14.0,4,0.0
173,2.0,2.2,H25 - CBA - Adder,77,2.0,59.75,14.0,2,75.0
173,2.0,2.2,H25 - CBA - Adder,77,2.0,59.75,14.0,5,25.0
173,2.0,2.2,H25 - CBA - Adder,77,2.0,59.75,14.0,1,0.0
173,2.0,2.3,H25 - CBA - ALU,75,2.0,59.75,14.0,2,0.0
173,2.0,2.3,H25 - CBA - ALU,75,2.0,59.75,14.0,5,25.0
173,2.0,2.3,H25 - CBA - ALU,75,2.0,59.75,14.0,1,75.0
173,2.0,2.3,H25 - CBA - ALU,75,2.0,59.75,14.0,3,0.0
173,2.0,2.3,H25 - CBA - ALU,75,2.0,59.75,14.0,4,0.0
173,2.0,2.4,H25 - CBA - PC,110,2.0,59.75,14.0,3,50.0
173,2.0,2.4,H25 - CBA - PC,110,2.0,59.75,14.0,2,0.0
173,2.0,2.4,H25 - CBA - PC,110,2.0,59.75,14.0,4,0.0
173,2.0,2.4,H25 - CBA - PC,110,2.0,59.75,14.0,5,0.0
173,2.0,2.4,H25 - CBA - PC,110,2.0,59.75,14.0,1,50.0
173,2.0,2.5,H25 - CBA - Universell porter,25,2.0,59.75,14.0,3,100.0
173,2.0,2.5,H25 - CBA - Universell porter,25,2.0,59.75,14.0,5,0.0
173,2.0,2.5,H25 - CBA - Universell porter,25,2.0,59.75,14.0,1,0.0
173,2.0,2.5,H25 - CBA - Universell porter,25,2.0,59.75,14.0,2,0.0
173,2.0,2.5,H25 - CBA - Universell porter,25,2.0,59.75,14.0,4,0.0
173,2.0,2.6,H25 - CBA - Pipeline ytelse,59,2.0,59.75,14.0,4,100.0
173,2.0,2.6,H25 - CBA - Pipeline ytelse,59,2.0,59.75,14.0,2,0.0
173,2.0,2.6,H25 - CBA - Pipeline ytelse,59,2.0,59.75,14.0,3,0.0
173,2.0,2.6,H25 - CBA - Pipeline ytelse,59,2.0,59.75,14.0,1,0.0
173,2.0,2.6,H25 - CBA - Pipeline ytelse,59,2.0,59.75,14.0,5,0.0
173,2.0,2.7,H25 - CBA - Seriell Adder,180,2.0,59.75,14.0,2,50.0
173,2.0,2.7,H25 - CBA - Seriell Adder,180,2.0,59.75,14.0,3,0.0
173,2.0,2.7,H25 - CBA - Seriell Adder,180,2.0,59.75,14.0,5,0.0
173,2.0,2.7,H25 - CBA - Seriell Adder,180,2.0,59.75,14.0,1,25.0
173,2.0,2.7,H25 - CBA - Seriell Adder,180,2.0,59.75,14.0,4,25.0
360,2.0,2.1,H25 - CBA - Cache-miss,105,2.0,70.18,14.0,2,75.0
360,2.0,2.1,H25 - CBA - Cache-miss,105,2.0,70.18,14.0,5,25.0
360,2.0,2.1,H25 - CBA - Cache-miss,105,2.0,70.18,14.0,4,0.0
360,2.0,2.1,H25 - CBA - Cache-miss,105,2.0,70.18,14.0,3,0.0
360,2.0,2.1,H25 - CBA - Cache-miss,105,2.0,70.18,14.0,1,0.0
360,2.0,2.2,H25 - CBA - Adder,39,2.0,70.18,14.0,2,100.0
360,2.0,2.2,H25 - CBA - Adder,39,2.0,70.18,14.0,3,0.0
360,2.0,2.2,H25 - CBA - Adder,39,2.0,70.18,14.0,5,0.0
360,2.0,2.2,H25 - CBA - Adder,39,2.0,70.18,14.0,1,0.0
360,2.0,2.2,H25 - CBA - Adder,39,2.0,70.18,14.0,4,0.0
360,2.0,2.3,H25 - CBA - ALU,131,2.0,70.18,14.0,1,50.0
360,2.0,2.3,H25 - CBA - ALU,131,2.0,70.18,14.0,5,25.0
360,2.0,2.3,H25 - CBA - ALU,131,2.0,70.18,14.0,2,25.0
360,2.0,2.3,H25 - CBA - ALU,131,2.0,70.18,14.0,3,0.0
360,2.0,2.3,H25 - CBA - ALU,131,2.0,70.18,14.0,4,0.0
360,2.0,2.4,H25 - CBA - PC,74,2.0,70.18,14.0,3,75.0
360,2.0,2.4,H25 - CBA - PC,74,2.0,70.18,14.0,1,25.0
360,2.0,2.4,H25 - CBA - PC,74,2.0,70.18,14.0,4,0.0
360,2.0,2.4,H25 - CBA - PC,74,2.0,70.18,14.0,5,0.0
360,2.0,2.4,H25 - CBA - PC,74,2.0,70.18,14.0,2,0.0
360,2.0,2.5,H25 - CBA - Universell porter,1214,2.0,70.18,14.0,3,0.0
360,2.0,2.5,H25 - CBA - Universell porter,1214,2.0,70.18,14.0,1,0.0
360,2.0,2.5,H25 - CBA - Universell porter,1214,2.0,70.18,14.0,2,0.0
360,2.0,2.5,H25 - CBA - Universell porter,1214,2.0,70.18,14.0,5,50.0
360,2.0,2.5,H25 - CBA - Universell porter,1214,2.0,70.18,14.0,4,50.0
360,2.0,2.6,H25 - CBA - Pipeline ytelse,33,2.0,70.18,14.0,4,100.0
360,2.0,2.6,H25 - CBA - Pipeline ytelse,33,2.0,70.18,14.0,2,0.0
360,2.0,2.6,H25 - CBA - Pipeline ytelse,33,2.0,70.18,14.0,3,0.0
360,2.0,2.6,H25 - CBA - Pipeline ytelse,33,2.0,70.18,14.0,1,0.0
360,2.0,2.6,H25 - CBA - Pipeline ytelse,33,2.0,70.18,14.0,5,0.0
360,2.0,2.7,H25 - CBA - Seriell Adder,47,2.0,70.18,14.0,2,100.0
360,2.0,2.7,H25 - CBA - Seriell Adder,47,2.0,70.18,14.0,3,0.0
360,2.0,2.7,H25 - CBA - Seriell Adder,47,2.0,70.18,14.0,5,0.0
360,2.0,2.7,H25 - CBA - Seriell Adder,47,2.0,70.18,14.0,1,0.0
360,2.0,2.7,H25 - CBA - Seriell Adder,47,2.0,70.18,14.0,4,0.0
416,2.0,2.1,H25 - CBA - Cache-miss,35,2.0,90.0,14.0,2,100.0
416,2.0,2.1,H25 - CBA - Cache-miss,35,2.0,90.0,14.0,4,0.0
416,2.0,2.1,H25 - CBA - Cache-miss,35,2.0,90.0,14.0,5,0.0
416,2.0,2.1,H25 - CBA - Cache-miss,35,2.0,90.0,14.0,3,0.0
416,2.0,2.1,H25 - CBA - Cache-miss,35,2.0,90.0,14.0,1,0.0
416,2.0,2.2,H25 - CBA - Adder,22,2.0,90.0,14.0,2,100.0
416,2.0,2.2,H25 - CBA - Adder,22,2.0,90.0,14.0,1,0.0
416,2.0,2.2,H25 - CBA - Adder,22,2.0,90.0,14.0,3,0.0
416,2.0,2.2,H25 - CBA - Adder,22,2.0,90.0,14.0,5,0.0
416,2.0,2.2,H25 - CBA - Adder,22,2.0,90.0,14.0,4,0.0
416,2.0,2.3,H25 - CBA - ALU,77,2.0,90.0,14.0,1,100.0
416,2.0,2.3,H25 - CBA - ALU,77,2.0,90.0,14.0,3,0.0
416,2.0,2.3,H25 - CBA - ALU,77,2.0,90.0,14.0,4,0.0
416,2.0,2.3,H25 - CBA - ALU,77,2.0,90.0,14.0,2,0.0
416,2.0,2.3,H25 - CBA - ALU,77,2.0,90.0,14.0,5,0.0
416,2.0,2.4,H25 - CBA - PC,114,2.0,90.0,14.0,4,0.0
416,2.0,2.4,H25 - CBA - PC,114,2.0,90.0,14.0,5,0.0
416,2.0,2.4,H25 - CBA - PC,114,2.0,90.0,14.0,2,0.0
416,2.0,2.4,H25 - CBA - PC,114,2.0,90.0,14.0,3,0.0
416,2.0,2.4,H25 - CBA - PC,114,2.0,90.0,14.0,1,100.0
416,2.0,2.5,H25 - CBA - Universell porter,20,2.0,90.0,14.0,4,0.0
416,2.0,2.5,H25 - CBA - Universell porter,20,2.0,90.0,14.0,2,0.0
416,2.0,2.5,H25 - CBA - Universell porter,20,2.0,90.0,14.0,3,100.0
416,2.0,2.5,H25 - CBA - Universell porter,20,2.0,90.0,14.0,5,0.0
416,2.0,2.5,H25 - CBA - Universell porter,20,2.0,90.0,14.0,1,0.0
416,2.0,2.6,H25 - CBA - Pipeline ytelse,36,2.0,90.0,14.0,4,100.0
416,2.0,2.6,H25 - CBA - Pipeline ytelse,36,2.0,90.0,14.0,2,0.0
416,2.0,2.6,H25 - CBA - Pipeline ytelse,36,2.0,90.0,14.0,1,0.0
416,2.0,2.6,H25 - CBA - Pipeline ytelse,36,2.0,90.0,14.0,5,0.0
416,2.0,2.6,H25 - CBA - Pipeline ytelse,36,2.0,90.0,14.0,3,0.0
416,2.0,2.7,H25 - CBA - Seriell Adder,53,2.0,90.0,14.0,1,0.0
416,2.0,2.7,H25 - CBA - Seriell Adder,53,2.0,90.0,14.0,5,0.0
416,2.0,2.7,H25 - CBA - Seriell Adder,53,2.0,90.0,14.0,4,0.0
416,2.0,2.7,H25 - CBA - Seriell Adder,53,2.0,90.0,14.0,3,0.0
416,2.0,2.7,H25 - CBA - Seriell Adder,53,2.0,90.0,14.0,2,100.0
518,2.0,2.1,H25 - CBA - Cache-miss,69,2.0,62.12,14.0,1,0.0
518,2.0,2.1,H25 - CBA - Cache-miss,69,2.0,62.12,14.0,4,0.0
518,2.0,2.1,H25 - CBA - Cache-miss,69,2.0,62.12,14.0,2,25.0
518,2.0,2.1,H25 - CBA - Cache-miss,69,2.0,62.12,14.0,5,75.0
518,2.0,2.1,H25 - CBA - Cache-miss,69,2.0,62.12,14.0,3,0.0
518,2.0,2.2,H25 - CBA - Adder,57,2.0,62.12,14.0,1,0.0
518,2.0,2.2,H25 - CBA - Adder,57,2.0,62.12,14.0,2,75.0
518,2.0,2.2,H25 - CBA - Adder,57,2.0,62.12,14.0,4,0.0
518,2.0,2.2,H25 - CBA - Adder,57,2.0,62.12,14.0,3,25.0
518,2.0,2.2,H25 - CBA - Adder,57,2.0,62.12,14.0,5,0.0
518,2.0,2.3,H25 - CBA - ALU,132,2.0,62.12,14.0,3,0.0
518,2.0,2.3,H25 - CBA - ALU,132,2.0,62.12,14.0,1,0.0
518,2.0,2.3,H25 - CBA - ALU,132,2.0,62.12,14.0,2,25.0
518,2.0,2.3,H25 - CBA - ALU,132,2.0,62.12,14.0,5,0.0
518,2.0,2.3,H25 - CBA - ALU,132,2.0,62.12,14.0,4,75.0
518,2.0,2.4,H25 - CBA - PC,22,2.0,62.12,14.0,3,100.0
518,2.0,2.4,H25 - CBA - PC,22,2.0,62.12,14.0,2,0.0
518,2.0,2.4,H25 - CBA - PC,22,2.0,62.12,14.0,1,0.0
518,2.0,2.4,H25 - CBA - PC,22,2.0,62.12,14.0,4,0.0
518,2.0,2.4,H25 - CBA - PC,22,2.0,62.12,14.0,5,0.0
518,2.0,2.5,H25 - CBA - Universell porter,55,2.0,62.12,14.0,3,100.0
518,2.0,2.5,H25 - CBA - Universell porter,55,2.0,62.12,14.0,5,0.0
518,2.0,2.5,H25 - CBA - Universell porter,55,2.0,62.12,14.0,4,0.0
518,2.0,2.5,H25 - CBA - Universell porter,55,2.0,62.12,14.0,2,0.0
518,2.0,2.5,H25 - CBA - Universell porter,55,2.0,62.12,14.0,1,0.0
518,2.0,2.6,H25 - CBA - Pipeline ytelse,23,2.0,62.12,14.0,4,75.0
518,2.0,2.6,H25 - CBA - Pipeline ytelse,23,2.0,62.12,14.0,3,25.0
518,2.0,2.6,H25 - CBA - Pipeline ytelse,23,2.0,62.12,14.0,2,0.0
518,2.0,2.6,H25 - CBA - Pipeline ytelse,23,2.0,62.12,14.0,1,0.0
518,2.0,2.6,H25 - CBA - Pipeline ytelse,23,2.0,62.12,14.0,5,0.0
518,2.0,2.7,H25 - CBA - Seriell Adder,48,2.0,62.12,14.0,1,25.0
518,2.0,2.7,H25 - CBA - Seriell Adder,48,2.0,62.12,14.0,4,50.0
518,2.0,2.7,H25 - CBA - Seriell Adder,48,2.0,62.12,14.0,2,25.0
518,2.0,2.7,H25 - CBA - Seriell Adder,48,2.0,62.12,14.0,3,0.0
518,2.0,2.7,H25 - CBA - Seriell Adder,48,2.0,62.12,14.0,5,0.0
415,2.0,2.1,H25 - CBA - Cache-miss,264,2.0,71.45,14.0,3,0.0
415,2.0,2.1,H25 - CBA - Cache-miss,264,2.0,71.45,14.0,1,0.0
415,2.0,2.1,H25 - CBA - Cache-miss,264,2.0,71.45,14.0,2,0.0
415,2.0,2.1,H25 - CBA - Cache-miss,264,2.0,71.45,14.0,4,25.0
415,2.0,2.1,H25 - CBA - Cache-miss,264,2.0,71.45,14.0,5,75.0
415,2.0,2.2,H25 - CBA - Adder,38,2.0,71.45,14.0,2,100.0
415,2.0,2.2,H25 - CBA - Adder,38,2.0,71.45,14.0,1,0.0
415,2.0,2.2,H25 - CBA - Adder,38,2.0,71.45,14.0,3,0.0
415,2.0,2.2,H25 - CBA - Adder,38,2.0,71.45,14.0,5,0.0
415,2.0,2.2,H25 - CBA - Adder,38,2.0,71.45,14.0,4,0.0
415,2.0,2.3,H25 - CBA - ALU,46,2.0,71.45,14.0,3,0.0
415,2.0,2.3,H25 - CBA - ALU,46,2.0,71.45,14.0,1,50.0
415,2.0,2.3,H25 - CBA - ALU,46,2.0,71.45,14.0,5,0.0
415,2.0,2.3,H25 - CBA - ALU,46,2.0,71.45,14.0,4,0.0
415,2.0,2.3,H25 - CBA - ALU,46,2.0,71.45,14.0,2,50.0
415,2.0,2.4,H25 - CBA - PC,57,2.0,71.45,14.0,3,50.0
415,2.0,2.4,H25 - CBA - PC,57,2.0,71.45,14.0,5,0.0
415,2.0,2.4,H25 - CBA - PC,57,2.0,71.45,14.0,2,0.0
415,2.0,2.4,H25 - CBA - PC,57,2.0,71.45,14.0,4,0.0
415,2.0,2.4,H25 - CBA - PC,57,2.0,71.45,14.0,1,50.0
415,2.0,2.5,H25 - CBA - Universell porter,31,2.0,71.45,14.0,3,100.0
415,2.0,2.5,H25 - CBA - Universell porter,31,2.0,71.45,14.0,5,0.0
415,2.0,2.5,H25 - CBA - Universell porter,31,2.0,71.45,14.0,2,0.0
415,2.0,2.5,H25 - CBA - Universell porter,31,2.0,71.45,14.0,1,0.0
415,2.0,2.5,H25 - CBA - Universell porter,31,2.0,71.45,14.0,4,0.0
415,2.0,2.6,H25 - CBA - Pipeline ytelse,82,2.0,71.45,14.0,4,100.0
415,2.0,2.6,H25 - CBA - Pipeline ytelse,82,2.0,71.45,14.0,1,0.0
415,2.0,2.6,H25 - CBA - Pipeline ytelse,82,2.0,71.45,14.0,2,0.0
415,2.0,2.6,H25 - CBA - Pipeline ytelse,82,2.0,71.45,14.0,5,0.0
415,2.0,2.6,H25 - CBA - Pipeline ytelse,82,2.0,71.45,14.0,3,0.0
415,2.0,2.7,H25 - CBA - Seriell Adder,84,2.0,71.45,14.0,4,50.0
415,2.0,2.7,H25 - CBA - Seriell Adder,84,2.0,71.45,14.0,1,25.0
415,2.0,2.7,H25 - CBA - Seriell Adder,84,2.0,71.45,14.0,2,25.0
415,2.0,2.7,H25 - CBA - Seriell Adder,84,2.0,71.45,14.0,5,0.0
415,2.0,2.7,H25 - CBA - Seriell Adder,84,2.0,71.45,14.0,3,0.0
444,2.0,2.1,H25 - CBA - Cache-miss,84,2.0,94.5,14.0,3,0.0
444,2.0,2.1,H25 - CBA - Cache-miss,84,2.0,94.5,14.0,1,0.0
444,2.0,2.1,H25 - CBA - Cache-miss,84,2.0,94.5,14.0,4,0.0
444,2.0,2.1,H25 - CBA - Cache-miss,84,2.0,94.5,14.0,5,0.0
444,2.0,2.1,H25 - CBA - Cache-miss,84,2.0,94.5,14.0,2,100.0
444,2.0,2.2,H25 - CBA - Adder,44,2.0,94.5,14.0,5,0.0
444,2.0,2.2,H25 - CBA - Adder,44,2.0,94.5,14.0,1,0.0
444,2.0,2.2,H25 - CBA - Adder,44,2.0,94.5,14.0,3,0.0
444,2.0,2.2,H25 - CBA - Adder,44,2.0,94.5,14.0,4,0.0
444,2.0,2.2,H25 - CBA - Adder,44,2.0,94.5,14.0,2,100.0
444,2.0,2.3,H25 - CBA - ALU,110,2.0,94.5,14.0,5,0.0
444,2.0,2.3,H25 - CBA - ALU,110,2.0,94.5,14.0,4,0.0
444,2.0,2.3,H25 - CBA - ALU,110,2.0,94.5,14.0,3,0.0
444,2.0,2.3,H25 - CBA - ALU,110,2.0,94.5,14.0,1,75.0
444,2.0,2.3,H25 - CBA - ALU,110,2.0,94.5,14.0,2,25.0
444,2.0,2.4,H25 - CBA - PC,81,2.0,94.5,14.0,1,100.0
444,2.0,2.4,H25 - CBA - PC,81,2.0,94.5,14.0,2,0.0
444,2.0,2.4,H25 - CBA - PC,81,2.0,94.5,14.0,4,0.0
444,2.0,2.4,H25 - CBA - PC,81,2.0,94.5,14.0,5,0.0
444,2.0,2.4,H25 - CBA - PC,81,2.0,94.5,14.0,3,0.0
444,2.0,2.5,H25 - CBA - Universell porter,42,2.0,94.5,14.0,2,0.0
444,2.0,2.5,H25 - CBA - Universell porter,42,2.0,94.5,14.0,3,100.0
444,2.0,2.5,H25 - CBA - Universell porter,42,2.0,94.5,14.0,1,0.0
444,2.0,2.5,H25 - CBA - Universell porter,42,2.0,94.5,14.0,4,0.0
444,2.0,2.5,H25 - CBA - Universell porter,42,2.0,94.5,14.0,5,0.0
444,2.0,2.6,H25 - CBA - Pipeline ytelse,225,2.0,94.5,14.0,2,0.0
444,2.0,2.6,H25 - CBA - Pipeline ytelse,225,2.0,94.5,14.0,5,0.0
444,2.0,2.6,H25 - CBA - Pipeline ytelse,225,2.0,94.5,14.0,4,100.0
444,2.0,2.6,H25 - CBA - Pipeline ytelse,225,2.0,94.5,14.0,1,0.0
444,2.0,2.6,H25 - CBA - Pipeline ytelse,225,2.0,94.5,14.0,3,0.0
444,2.0,2.7,H25 - CBA - Seriell Adder,80,2.0,94.5,14.0,2,100.0
444,2.0,2.7,H25 - CBA - Seriell Adder,80,2.0,94.5,14.0,1,0.0
444,2.0,2.7,H25 - CBA - Seriell Adder,80,2.0,94.5,14.0,3,0.0
444,2.0,2.7,H25 - CBA - Seriell Adder,80,2.0,94.5,14.0,4,0.0
444,2.0,2.7,H25 - CBA - Seriell Adder,80,2.0,94.5,14.0,5,0.0
516,2.0,2.1,H25 - CBA - Cache-miss,56,2.0,78.99,14.0,2,100.0
516,2.0,2.1,H25 - CBA - Cache-miss,56,2.0,78.99,14.0,1,0.0
516,2.0,2.1,H25 - CBA - Cache-miss,56,2.0,78.99,14.0,4,0.0
516,2.0,2.1,H25 - CBA - Cache-miss,56,2.0,78.99,14.0,3,0.0
516,2.0,2.1,H25 - CBA - Cache-miss,56,2.0,78.99,14.0,5,0.0
516,2.0,2.2,H25 - CBA - Adder,44,2.0,78.99,14.0,2,100.0
516,2.0,2.2,H25 - CBA - Adder,44,2.0,78.99,14.0,5,0.0
516,2.0,2.2,H25 - CBA - Adder,44,2.0,78.99,14.0,1,0.0
516,2.0,2.2,H25 - CBA - Adder,44,2.0,78.99,14.0,4,0.0
516,2.0,2.2,H25 - CBA - Adder,44,2.0,78.99,14.0,3,0.0
516,2.0,2.3,H25 - CBA - ALU,87,2.0,78.99,14.0,1,75.0
516,2.0,2.3,H25 - CBA - ALU,87,2.0,78.99,14.0,4,0.0
516,2.0,2.3,H25 - CBA - ALU,87,2.0,78.99,14.0,5,0.0
516,2.0,2.3,H25 - CBA - ALU,87,2.0,78.99,14.0,2,25.0
516,2.0,2.3,H25 - CBA - ALU,87,2.0,78.99,14.0,3,0.0
516,2.0,2.4,H25 - CBA - PC,96,2.0,78.99,14.0,3,0.0
516,2.0,2.4,H25 - CBA - PC,96,2.0,78.99,14.0,2,0.0
516,2.0,2.4,H25 - CBA - PC,96,2.0,78.99,14.0,4,0.0
516,2.0,2.4,H25 - CBA - PC,96,2.0,78.99,14.0,5,0.0
516,2.0,2.4,H25 - CBA - PC,96,2.0,78.99,14.0,1,100.0
516,2.0,2.5,H25 - CBA - Universell porter,32,2.0,78.99,14.0,3,100.0
516,2.0,2.5,H25 - CBA - Universell porter,32,2.0,78.99,14.0,5,0.0
516,2.0,2.5,H25 - CBA - Universell porter,32,2.0,78.99,14.0,2,0.0
516,2.0,2.5,H25 - CBA - Universell porter,32,2.0,78.99,14.0,4,0.0
516,2.0,2.5,H25 - CBA - Universell porter,32,2.0,78.99,14.0,1,0.0
516,2.0,2.6,H25 - CBA - Pipeline ytelse,44,2.0,78.99,14.0,1,50.0
516,2.0,2.6,H25 - CBA - Pipeline ytelse,44,2.0,78.99,14.0,4,50.0
516,2.0,2.6,H25 - CBA - Pipeline ytelse,44,2.0,78.99,14.0,2,0.0
516,2.0,2.6,H25 - CBA - Pipeline ytelse,44,2.0,78.99,14.0,5,0.0
516,2.0,2.6,H25 - CBA - Pipeline ytelse,44,2.0,78.99,14.0,3,0.0
516,2.0,2.7,H25 - CBA - Seriell Adder,105,2.0,78.99,14.0,2,100.0
516,2.0,2.7,H25 - CBA - Seriell Adder,105,2.0,78.99,14.0,5,0.0
516,2.0,2.7,H25 - CBA - Seriell Adder,105,2.0,78.99,14.0,4,0.0
516,2.0,2.7,H25 - CBA - Seriell Adder,105,2.0,78.99,14.0,3,0.0
516,2.0,2.7,H25 - CBA - Seriell Adder,105,2.0,78.99,14.0,1,0.0
260,2.0,2.1,H25 - CBA - Cache-miss,185,2.0,53.32,14.0,2,50.0
260,2.0,2.1,H25 - CBA - Cache-miss,185,2.0,53.32,14.0,4,25.0
260,2.0,2.1,H25 - CBA - Cache-miss,185,2.0,53.32,14.0,5,0.0
260,2.0,2.1,H25 - CBA - Cache-miss,185,2.0,53.32,14.0,1,0.0
260,2.0,2.1,H25 - CBA - Cache-miss,185,2.0,53.32,14.0,3,25.0
260,2.0,2.2,H25 - CBA - Adder,44,2.0,53.32,14.0,1,0.0
260,2.0,2.2,H25 - CBA - Adder,44,2.0,53.32,14.0,5,100.0
260,2.0,2.2,H25 - CBA - Adder,44,2.0,53.32,14.0,2,0.0
260,2.0,2.2,H25 - CBA - Adder,44,2.0,53.32,14.0,3,0.0
260,2.0,2.2,H25 - CBA - Adder,44,2.0,53.32,14.0,4,0.0
260,2.0,2.3,H25 - CBA - ALU,30,2.0,53.32,14.0,2,50.0
260,2.0,2.3,H25 - CBA - ALU,30,2.0,53.32,14.0,5,50.0
260,2.0,2.3,H25 - CBA - ALU,30,2.0,53.32,14.0,3,0.0
260,2.0,2.3,H25 - CBA - ALU,30,2.0,53.32,14.0,4,0.0
260,2.0,2.3,H25 - CBA - ALU,30,2.0,53.32,14.0,1,0.0
260,2.0,2.4,H25 - CBA - PC,54,2.0,53.32,14.0,2,75.0
260,2.0,2.4,H25 - CBA - PC,54,2.0,53.32,14.0,1,25.0
260,2.0,2.4,H25 - CBA - PC,54,2.0,53.32,14.0,5,0.0
260,2.0,2.4,H25 - CBA - PC,54,2.0,53.32,14.0,4,0.0
260,2.0,2.4,H25 - CBA - PC,54,2.0,53.32,14.0,3,0.0
260,2.0,2.5,H25 - CBA - Universell porter,65,2.0,53.32,14.0,5,75.0
260,2.0,2.5,H25 - CBA - Universell porter,65,2.0,53.32,14.0,4,0.0
260,2.0,2.5,H25 - CBA - Universell porter,65,2.0,53.32,14.0,1,0.0
260,2.0,2.5,H25 - CBA - Universell porter,65,2.0,53.32,14.0,2,0.0
260,2.0,2.5,H25 - CBA - Universell porter,65,2.0,53.32,14.0,3,25.0
260,2.0,2.6,H25 - CBA - Pipeline ytelse,63,2.0,53.32,14.0,4,75.0
260,2.0,2.6,H25 - CBA - Pipeline ytelse,63,2.0,53.32,14.0,1,0.0
260,2.0,2.6,H25 - CBA - Pipeline ytelse,63,2.0,53.32,14.0,5,0.0
260,2.0,2.6,H25 - CBA - Pipeline ytelse,63,2.0,53.32,14.0,2,0.0
260,2.0,2.6,H25 - CBA - Pipeline ytelse,63,2.0,53.32,14.0,3,25.0
260,2.0,2.7,H25 - CBA - Seriell Adder,67,2.0,53.32,14.0,4,75.0
260,2.0,2.7,H25 - CBA - Seriell Adder,67,2.0,53.32,14.0,2,25.0
260,2.0,2.7,H25 - CBA - Seriell Adder,67,2.0,53.32,14.0,1,0.0
260,2.0,2.7,H25 - CBA - Seriell Adder,67,2.0,53.32,14.0,5,0.0
260,2.0,2.7,H25 - CBA - Seriell Adder,67,2.0,53.32,14.0,3,0.0
299,2.0,2.1,H25 - CBA - Cache-miss,65,2.0,61.15,14.0,2,100.0
299,2.0,2.1,H25 - CBA - Cache-miss,65,2.0,61.15,14.0,4,0.0
299,2.0,2.1,H25 - CBA - Cache-miss,65,2.0,61.15,14.0,5,0.0
299,2.0,2.1,H25 - CBA - Cache-miss,65,2.0,61.15,14.0,3,0.0
299,2.0,2.1,H25 - CBA - Cache-miss,65,2.0,61.15,14.0,1,0.0
299,2.0,2.2,H25 - CBA - Adder,58,2.0,61.15,14.0,2,100.0
299,2.0,2.2,H25 - CBA - Adder,58,2.0,61.15,14.0,5,0.0
299,2.0,2.2,H25 - CBA - Adder,58,2.0,61.15,14.0,1,0.0
299,2.0,2.2,H25 - CBA - Adder,58,2.0,61.15,14.0,3,0.0
299,2.0,2.2,H25 - CBA - Adder,58,2.0,61.15,14.0,4,0.0
299,2.0,2.3,H25 - CBA - ALU,55,2.0,61.15,14.0,2,100.0
299,2.0,2.3,H25 - CBA - ALU,55,2.0,61.15,14.0,4,0.0
299,2.0,2.3,H25 - CBA - ALU,55,2.0,61.15,14.0,3,0.0
299,2.0,2.3,H25 - CBA - ALU,55,2.0,61.15,14.0,1,0.0
299,2.0,2.3,H25 - CBA - ALU,55,2.0,61.15,14.0,5,0.0
299,2.0,2.4,H25 - CBA - PC,43,2.0,61.15,14.0,3,100.0
299,2.0,2.4,H25 - CBA - PC,43,2.0,61.15,14.0,5,0.0
299,2.0,2.4,H25 - CBA - PC,43,2.0,61.15,14.0,2,0.0
299,2.0,2.4,H25 - CBA - PC,43,2.0,61.15,14.0,4,0.0
299,2.0,2.4,H25 - CBA - PC,43,2.0,61.15,14.0,1,0.0
299,2.0,2.5,H25 - CBA - Universell porter,39,2.0,61.15,14.0,3,100.0
299,2.0,2.5,H25 - CBA - Universell porter,39,2.0,61.15,14.0,2,0.0
299,2.0,2.5,H25 - CBA - Universell porter,39,2.0,61.15,14.0,5,0.0
299,2.0,2.5,H25 - CBA - Universell porter,39,2.0,61.15,14.0,4,0.0
299,2.0,2.5,H25 - CBA - Universell porter,39,2.0,61.15,14.0,1,0.0
299,2.0,2.6,H25 - CBA - Pipeline ytelse,70,2.0,61.15,14.0,3,50.0
299,2.0,2.6,H25 - CBA - Pipeline ytelse,70,2.0,61.15,14.0,4,50.0
299,2.0,2.6,H25 - CBA - Pipeline ytelse,70,2.0,61.15,14.0,5,0.0
299,2.0,2.6,H25 - CBA - Pipeline ytelse,70,2.0,61.15,14.0,1,0.0
299,2.0,2.6,H25 - CBA - Pipeline ytelse,70,2.0,61.15,14.0,2,0.0
299,2.0,2.7,H25 - CBA - Seriell Adder,45,2.0,61.15,14.0,2,100.0
299,2.0,2.7,H25 - CBA - Seriell Adder,45,2.0,61.15,14.0,5,0.0
299,2.0,2.7,H25 - CBA - Seriell Adder,45,2.0,61.15,14.0,1,0.0
299,2.0,2.7,H25 - CBA - Seriell Adder,45,2.0,61.15,14.0,4,0.0
299,2.0,2.7,H25 - CBA - Seriell Adder,45,2.0,61.15,14.0,3,0.0
371,2.0,2.1,H25 - CBA - Cache-miss,158,2.0,70.62,14.0,5,0.0
371,2.0,2.1,H25 - CBA - Cache-miss,158,2.0,70.62,14.0,1,0.0
371,2.0,2.1,H25 - CBA - Cache-miss,158,2.0,70.62,14.0,4,0.0
371,2.0,2.1,H25 - CBA - Cache-miss,158,2.0,70.62,14.0,2,100.0
371,2.0,2.1,H25 - CBA - Cache-miss,158,2.0,70.62,14.0,3,0.0
371,2.0,2.2,H25 - CBA - Adder,128,2.0,70.62,14.0,3,75.0
371,2.0,2.2,H25 - CBA - Adder,128,2.0,70.62,14.0,2,25.0
371,2.0,2.2,H25 - CBA - Adder,128,2.0,70.62,14.0,1,0.0
371,2.0,2.2,H25 - CBA - Adder,128,2.0,70.62,14.0,5,0.0
371,2.0,2.2,H25 - CBA - Adder,128,2.0,70.62,14.0,4,0.0
371,2.0,2.3,H25 - CBA - ALU,98,2.0,70.62,14.0,1,50.0
371,2.0,2.3,H25 - CBA - ALU,98,2.0,70.62,14.0,5,0.0
371,2.0,2.3,H25 - CBA - ALU,98,2.0,70.62,14.0,4,0.0
371,2.0,2.3,H25 - CBA - ALU,98,2.0,70.62,14.0,2,50.0
371,2.0,2.3,H25 - CBA - ALU,98,2.0,70.62,14.0,3,0.0
371,2.0,2.4,H25 - CBA - PC,52,2.0,70.62,14.0,3,75.0
371,2.0,2.4,H25 - CBA - PC,52,2.0,70.62,14.0,5,0.0
371,2.0,2.4,H25 - CBA - PC,52,2.0,70.62,14.0,1,0.0
371,2.0,2.4,H25 - CBA - PC,52,2.0,70.62,14.0,4,0.0
371,2.0,2.4,H25 - CBA - PC,52,2.0,70.62,14.0,2,25.0
371,2.0,2.5,H25 - CBA - Universell porter,30,2.0,70.62,14.0,3,100.0
371,2.0,2.5,H25 - CBA - Universell porter,30,2.0,70.62,14.0,1,0.0
371,2.0,2.5,H25 - CBA - Universell porter,30,2.0,70.62,14.0,4,0.0
371,2.0,2.5,H25 - CBA - Universell porter,30,2.0,70.62,14.0,2,0.0
371,2.0,2.5,H25 - CBA - Universell porter,30,2.0,70.62,14.0,5,0.0
371,2.0,2.6,H25 - CBA - Pipeline ytelse,158,2.0,70.62,14.0,3,75.0
371,2.0,2.6,H25 - CBA - Pipeline ytelse,158,2.0,70.62,14.0,2,0.0
371,2.0,2.6,H25 - CBA - Pipeline ytelse,158,2.0,70.62,14.0,4,25.0
371,2.0,2.6,H25 - CBA - Pipeline ytelse,158,2.0,70.62,14.0,1,0.0
371,2.0,2.6,H25 - CBA - Pipeline ytelse,158,2.0,70.62,14.0,5,0.0
371,2.0,2.7,H25 - CBA - Seriell Adder,61,2.0,70.62,14.0,2,75.0
371,2.0,2.7,H25 - CBA - Seriell Adder,61,2.0,70.62,14.0,1,0.0
371,2.0,2.7,H25 - CBA - Seriell Adder,61,2.0,70.62,14.0,5,0.0
371,2.0,2.7,H25 - CBA - Seriell Adder,61,2.0,70.62,14.0,3,0.0
371,2.0,2.7,H25 - CBA - Seriell Adder,61,2.0,70.62,14.0,4,25.0
199,2.0,2.1,H25 - CBA - Cache-miss,19,2.0,60.82,14.0,2,100.0
199,2.0,2.1,H25 - CBA - Cache-miss,19,2.0,60.82,14.0,1,0.0
199,2.0,2.1,H25 - CBA - Cache-miss,19,2.0,60.82,14.0,5,0.0
199,2.0,2.1,H25 - CBA - Cache-miss,19,2.0,60.82,14.0,3,0.0
199,2.0,2.1,H25 - CBA - Cache-miss,19,2.0,60.82,14.0,4,0.0
199,2.0,2.2,H25 - CBA - Adder,8,2.0,60.82,14.0,2,100.0
199,2.0,2.2,H25 - CBA - Adder,8,2.0,60.82,14.0,5,0.0
199,2.0,2.2,H25 - CBA - Adder,8,2.0,60.82,14.0,4,0.0
199,2.0,2.2,H25 - CBA - Adder,8,2.0,60.82,14.0,3,0.0
199,2.0,2.2,H25 - CBA - Adder,8,2.0,60.82,14.0,1,0.0
199,2.0,2.3,H25 - CBA - ALU,31,2.0,60.82,14.0,1,75.0
199,2.0,2.3,H25 - CBA - ALU,31,2.0,60.82,14.0,2,25.0
199,2.0,2.3,H25 - CBA - ALU,31,2.0,60.82,14.0,5,0.0
199,2.0,2.3,H25 - CBA - ALU,31,2.0,60.82,14.0,3,0.0
199,2.0,2.3,H25 - CBA - ALU,31,2.0,60.82,14.0,4,0.0
199,2.0,2.4,H25 - CBA - PC,30,2.0,60.82,14.0,1,0.0
199,2.0,2.4,H25 - CBA - PC,30,2.0,60.82,14.0,3,100.0
199,2.0,2.4,H25 - CBA - PC,30,2.0,60.82,14.0,5,0.0
199,2.0,2.4,H25 - CBA - PC,30,2.0,60.82,14.0,2,0.0
199,2.0,2.4,H25 - CBA - PC,30,2.0,60.82,14.0,4,0.0
199,2.0,2.5,H25 - CBA - Universell porter,9,2.0,60.82,14.0,3,100.0
199,2.0,2.5,H25 - CBA - Universell porter,9,2.0,60.82,14.0,2,0.0
199,2.0,2.5,H25 - CBA - Universell porter,9,2.0,60.82,14.0,1,0.0
199,2.0,2.5,H25 - CBA - Universell porter,9,2.0,60.82,14.0,4,0.0
199,2.0,2.5,H25 - CBA - Universell porter,9,2.0,60.82,14.0,5,0.0
199,2.0,2.6,H25 - CBA - Pipeline ytelse,16,2.0,60.82,14.0,4,100.0
199,2.0,2.6,H25 - CBA - Pipeline ytelse,16,2.0,60.82,14.0,1,0.0
199,2.0,2.6,H25 - CBA - Pipeline ytelse,16,2.0,60.82,14.0,3,0.0
199,2.0,2.6,H25 - CBA - Pipeline ytelse,16,2.0,60.82,14.0,5,0.0
199,2.0,2.6,H25 - CBA - Pipeline ytelse,16,2.0,60.82,14.0,2,0.0
199,2.0,2.7,H25 - CBA - Seriell Adder,17,2.0,60.82,14.0,2,100.0
199,2.0,2.7,H25 - CBA - Seriell Adder,17,2.0,60.82,14.0,3,0.0
199,2.0,2.7,H25 - CBA - Seriell Adder,17,2.0,60.82,14.0,4,0.0
199,2.0,2.7,H25 - CBA - Seriell Adder,17,2.0,60.82,14.0,5,0.0
199,2.0,2.7,H25 - CBA - Seriell Adder,17,2.0,60.82,14.0,1,0.0
71,2.0,2.1,H25 - CBA - Cache-miss,93,2.0,33.82,14.0,1,0.0
71,2.0,2.1,H25 - CBA - Cache-miss,93,2.0,33.82,14.0,2,25.0
71,2.0,2.1,H25 - CBA - Cache-miss,93,2.0,33.82,14.0,5,25.0
71,2.0,2.1,H25 - CBA - Cache-miss,93,2.0,33.82,14.0,3,50.0
71,2.0,2.1,H25 - CBA - Cache-miss,93,2.0,33.82,14.0,4,0.0
71,2.0,2.2,H25 - CBA - Adder,72,2.0,33.82,14.0,5,0.0
71,2.0,2.2,H25 - CBA - Adder,72,2.0,33.82,14.0,2,0.0
71,2.0,2.2,H25 - CBA - Adder,72,2.0,33.82,14.0,3,50.0
71,2.0,2.2,H25 - CBA - Adder,72,2.0,33.82,14.0,4,25.0
71,2.0,2.2,H25 - CBA - Adder,72,2.0,33.82,14.0,1,25.0
71,2.0,2.3,H25 - CBA - ALU,74,2.0,33.82,14.0,1,50.0
71,2.0,2.3,H25 - CBA - ALU,74,2.0,33.82,14.0,3,50.0
71,2.0,2.3,H25 - CBA - ALU,74,2.0,33.82,14.0,2,0.0
71,2.0,2.3,H25 - CBA - ALU,74,2.0,33.82,14.0,5,0.0
71,2.0,2.3,H25 - CBA - ALU,74,2.0,33.82,14.0,4,0.0
71,2.0,2.4,H25 - CBA - PC,80,2.0,33.82,14.0,4,50.0
71,2.0,2.4,H25 - CBA - PC,80,2.0,33.82,14.0,3,0.0
71,2.0,2.4,H25 - CBA - PC,80,2.0,33.82,14.0,5,0.0
71,2.0,2.4,H25 - CBA - PC,80,2.0,33.82,14.0,2,0.0
71,2.0,2.4,H25 - CBA - PC,80,2.0,33.82,14.0,1,50.0
71,2.0,2.5,H25 - CBA - Universell porter,39,2.0,33.82,14.0,3,75.0
71,2.0,2.5,H25 - CBA - Universell porter,39,2.0,33.82,14.0,5,25.0
71,2.0,2.5,H25 - CBA - Universell porter,39,2.0,33.82,14.0,1,0.0
71,2.0,2.5,H25 - CBA - Universell porter,39,2.0,33.82,14.0,2,0.0
71,2.0,2.5,H25 - CBA - Universell porter,39,2.0,33.82,14.0,4,0.0
71,2.0,2.6,H25 - CBA - Pipeline ytelse,22,2.0,33.82,14.0,4,50.0
71,2.0,2.6,H25 - CBA - Pipeline ytelse,22,2.0,33.82,14.0,3,50.0
71,2.0,2.6,H25 - CBA - Pipeline ytelse,22,2.0,33.82,14.0,2,0.0
71,2.0,2.6,H25 - CBA - Pipeline ytelse,22,2.0,33.82,14.0,1,0.0
71,2.0,2.6,H25 - CBA - Pipeline ytelse,22,2.0,33.82,14.0,5,0.0
71,2.0,2.7,H25 - CBA - Seriell Adder,132,2.0,33.82,14.0,1,25.0
71,2.0,2.7,H25 - CBA - Seriell Adder,132,2.0,33.82,14.0,2,25.0
71,2.0,2.7,H25 - CBA - Seriell Adder,132,2.0,33.82,14.0,4,50.0
71,2.0,2.7,H25 - CBA - Seriell Adder,132,2.0,33.82,14.0,3,0.0
71,2.0,2.7,H25 - CBA - Seriell Adder,132,2.0,33.82,14.0,5,0.0
102,2.0,2.1,H25 - CBA - Cache-miss,68,2.0,77.67,14.0,2,100.0
102,2.0,2.1,H25 - CBA - Cache-miss,68,2.0,77.67,14.0,5,0.0
102,2.0,2.1,H25 - CBA - Cache-miss,68,2.0,77.67,14.0,4,0.0
102,2.0,2.1,H25 - CBA - Cache-miss,68,2.0,77.67,14.0,3,0.0
102,2.0,2.1,H25 - CBA - Cache-miss,68,2.0,77.67,14.0,1,0.0
102,2.0,2.2,H25 - CBA - Adder,27,2.0,77.67,14.0,2,100.0
102,2.0,2.2,H25 - CBA - Adder,27,2.0,77.67,14.0,1,0.0
102,2.0,2.2,H25 - CBA - Adder,27,2.0,77.67,14.0,4,0.0
102,2.0,2.2,H25 - CBA - Adder,27,2.0,77.67,14.0,5,0.0
102,2.0,2.2,H25 - CBA - Adder,27,2.0,77.67,14.0,3,0.0
102,2.0,2.3,H25 - CBA - ALU,171,2.0,77.67,14.0,4,0.0
102,2.0,2.3,H25 - CBA - ALU,171,2.0,77.67,14.0,3,0.0
102,2.0,2.3,H25 - CBA - ALU,171,2.0,77.67,14.0,5,0.0
102,2.0,2.3,H25 - CBA - ALU,171,2.0,77.67,14.0,1,75.0
102,2.0,2.3,H25 - CBA - ALU,171,2.0,77.67,14.0,2,25.0
102,2.0,2.4,H25 - CBA - PC,81,2.0,77.67,14.0,1,100.0
102,2.0,2.4,H25 - CBA - PC,81,2.0,77.67,14.0,3,0.0
102,2.0,2.4,H25 - CBA - PC,81,2.0,77.67,14.0,4,0.0
102,2.0,2.4,H25 - CBA - PC,81,2.0,77.67,14.0,2,0.0
102,2.0,2.4,H25 - CBA - PC,81,2.0,77.67,14.0,5,0.0
102,2.0,2.5,H25 - CBA - Universell porter,61,2.0,77.67,14.0,3,100.0
102,2.0,2.5,H25 - CBA - Universell porter,61,2.0,77.67,14.0,1,0.0
102,2.0,2.5,H25 - CBA - Universell porter,61,2.0,77.67,14.0,4,0.0
102,2.0,2.5,H25 - CBA - Universell porter,61,2.0,77.67,14.0,2,0.0
102,2.0,2.5,H25 - CBA - Universell porter,61,2.0,77.67,14.0,5,0.0
102,2.0,2.6,H25 - CBA - Pipeline ytelse,82,2.0,77.67,14.0,4,100.0
102,2.0,2.6,H25 - CBA - Pipeline ytelse,82,2.0,77.67,14.0,1,0.0
102,2.0,2.6,H25 - CBA - Pipeline ytelse,82,2.0,77.67,14.0,2,0.0
102,2.0,2.6,H25 - CBA - Pipeline ytelse,82,2.0,77.67,14.0,3,0.0
102,2.0,2.6,H25 - CBA - Pipeline ytelse,82,2.0,77.67,14.0,5,0.0
102,2.0,2.7,H25 - CBA - Seriell Adder,95,2.0,77.67,14.0,3,0.0
102,2.0,2.7,H25 - CBA - Seriell Adder,95,2.0,77.67,14.0,5,0.0
102,2.0,2.7,H25 - CBA - Seriell Adder,95,2.0,77.67,14.0,4,0.0
102,2.0,2.7,H25 - CBA - Seriell Adder,95,2.0,77.67,14.0,2,100.0
102,2.0,2.7,H25 - CBA - Seriell Adder,95,2.0,77.67,14.0,1,0.0
113,2.0,2.1,H25 - CBA - Cache-miss,58,2.0,59.65,14.0,2,100.0
113,2.0,2.1,H25 - CBA - Cache-miss,58,2.0,59.65,14.0,3,0.0
113,2.0,2.1,H25 - CBA - Cache-miss,58,2.0,59.65,14.0,4,0.0
113,2.0,2.1,H25 - CBA - Cache-miss,58,2.0,59.65,14.0,1,0.0
113,2.0,2.1,H25 - CBA - Cache-miss,58,2.0,59.65,14.0,5,0.0
113,2.0,2.2,H25 - CBA - Adder,65,2.0,59.65,14.0,2,100.0
113,2.0,2.2,H25 - CBA - Adder,65,2.0,59.65,14.0,4,0.0
113,2.0,2.2,H25 - CBA - Adder,65,2.0,59.65,14.0,5,0.0
113,2.0,2.2,H25 - CBA - Adder,65,2.0,59.65,14.0,3,0.0
113,2.0,2.2,H25 - CBA - Adder,65,2.0,59.65,14.0,1,0.0
113,2.0,2.3,H25 - CBA - ALU,130,2.0,59.65,14.0,2,50.0
113,2.0,2.3,H25 - CBA - ALU,130,2.0,59.65,14.0,1,50.0
113,2.0,2.3,H25 - CBA - ALU,130,2.0,59.65,14.0,5,0.0
113,2.0,2.3,H25 - CBA - ALU,130,2.0,59.65,14.0,3,0.0
113,2.0,2.3,H25 - CBA - ALU,130,2.0,59.65,14.0,4,0.0
113,2.0,2.4,H25 - CBA - PC,63,2.0,59.65,14.0,1,75.0
113,2.0,2.4,H25 - CBA - PC,63,2.0,59.65,14.0,3,25.0
113,2.0,2.4,H25 - CBA - PC,63,2.0,59.65,14.0,2,0.0
113,2.0,2.4,H25 - CBA - PC,63,2.0,59.65,14.0,4,0.0
113,2.0,2.4,H25 - CBA - PC,63,2.0,59.65,14.0,5,0.0
113,2.0,2.5,H25 - CBA - Universell porter,94,2.0,59.65,14.0,3,100.0
113,2.0,2.5,H25 - CBA - Universell porter,94,2.0,59.65,14.0,4,0.0
113,2.0,2.5,H25 - CBA - Universell porter,94,2.0,59.65,14.0,2,0.0
113,2.0,2.5,H25 - CBA - Universell porter,94,2.0,59.65,14.0,5,0.0
113,2.0,2.5,H25 - CBA - Universell porter,94,2.0,59.65,14.0,1,0.0
113,2.0,2.6,H25 - CBA - Pipeline ytelse,93,2.0,59.65,14.0,4,0.0
113,2.0,2.6,H25 - CBA - Pipeline ytelse,93,2.0,59.65,14.0,2,25.0
113,2.0,2.6,H25 - CBA - Pipeline ytelse,93,2.0,59.65,14.0,5,0.0
113,2.0,2.6,H25 - CBA - Pipeline ytelse,93,2.0,59.65,14.0,1,0.0
113,2.0,2.6,H25 - CBA - Pipeline ytelse,93,2.0,59.65,14.0,3,75.0
113,2.0,2.7,H25 - CBA - Seriell Adder,128,2.0,59.65,14.0,2,75.0
113,2.0,2.7,H25 - CBA - Seriell Adder,128,2.0,59.65,14.0,3,25.0
113,2.0,2.7,H25 - CBA - Seriell Adder,128,2.0,59.65,14.0,4,0.0
113,2.0,2.7,H25 - CBA - Seriell Adder,128,2.0,59.65,14.0,1,0.0
113,2.0,2.7,H25 - CBA - Seriell Adder,128,2.0,59.65,14.0,5,0.0
217,2.0,2.1,H25 - CBA - Cache-miss,173,2.0,76.67,14.0,1,0.0
217,2.0,2.1,H25 - CBA - Cache-miss,173,2.0,76.67,14.0,2,100.0
217,2.0,2.1,H25 - CBA - Cache-miss,173,2.0,76.67,14.0,5,0.0
217,2.0,2.1,H25 - CBA - Cache-miss,173,2.0,76.67,14.0,3,0.0
217,2.0,2.1,H25 - CBA - Cache-miss,173,2.0,76.67,14.0,4,0.0
217,2.0,2.2,H25 - CBA - Adder,70,2.0,76.67,14.0,2,75.0
217,2.0,2.2,H25 - CBA - Adder,70,2.0,76.67,14.0,3,25.0
217,2.0,2.2,H25 - CBA - Adder,70,2.0,76.67,14.0,1,0.0
217,2.0,2.2,H25 - CBA - Adder,70,2.0,76.67,14.0,5,0.0
217,2.0,2.2,H25 - CBA - Adder,70,2.0,76.67,14.0,4,0.0
217,2.0,2.3,H25 - CBA - ALU,51,2.0,76.67,14.0,1,100.0
217,2.0,2.3,H25 - CBA - ALU,51,2.0,76.67,14.0,2,0.0
217,2.0,2.3,H25 - CBA - ALU,51,2.0,76.67,14.0,5,0.0
217,2.0,2.3,H25 - CBA - ALU,51,2.0,76.67,14.0,4,0.0
217,2.0,2.3,H25 - CBA - ALU,51,2.0,76.67,14.0,3,0.0
217,2.0,2.4,H25 - CBA - PC,81,2.0,76.67,14.0,3,0.0
217,2.0,2.4,H25 - CBA - PC,81,2.0,76.67,14.0,5,0.0
217,2.0,2.4,H25 - CBA - PC,81,2.0,76.67,14.0,2,0.0
217,2.0,2.4,H25 - CBA - PC,81,2.0,76.67,14.0,4,0.0
217,2.0,2.4,H25 - CBA - PC,81,2.0,76.67,14.0,1,100.0
217,2.0,2.5,H25 - CBA - Universell porter,50,2.0,76.67,14.0,3,100.0
217,2.0,2.5,H25 - CBA - Universell porter,50,2.0,76.67,14.0,4,0.0
217,2.0,2.5,H25 - CBA - Universell porter,50,2.0,76.67,14.0,2,0.0
217,2.0,2.5,H25 - CBA - Universell porter,50,2.0,76.67,14.0,5,0.0
217,2.0,2.5,H25 - CBA - Universell porter,50,2.0,76.67,14.0,1,0.0
217,2.0,2.6,H25 - CBA - Pipeline ytelse,41,2.0,76.67,14.0,5,25.0
217,2.0,2.6,H25 - CBA - Pipeline ytelse,41,2.0,76.67,14.0,4,50.0
217,2.0,2.6,H25 - CBA - Pipeline ytelse,41,2.0,76.67,14.0,3,0.0
217,2.0,2.6,H25 - CBA - Pipeline ytelse,41,2.0,76.67,14.0,2,0.0
217,2.0,2.6,H25 - CBA - Pipeline ytelse,41,2.0,76.67,14.0,1,25.0
217,2.0,2.7,H25 - CBA - Seriell Adder,30,2.0,76.67,14.0,2,50.0
217,2.0,2.7,H25 - CBA - Seriell Adder,30,2.0,76.67,14.0,4,50.0
217,2.0,2.7,H25 - CBA - Seriell Adder,30,2.0,76.67,14.0,5,0.0
217,2.0,2.7,H25 - CBA - Seriell Adder,30,2.0,76.67,14.0,3,0.0
217,2.0,2.7,H25 - CBA - Seriell Adder,30,2.0,76.67,14.0,1,0.0
239,2.0,2.1,H25 - CBA - Cache-miss,79,2.0,73.0,14.0,2,100.0
239,2.0,2.1,H25 - CBA - Cache-miss,79,2.0,73.0,14.0,1,0.0
239,2.0,2.1,H25 - CBA - Cache-miss,79,2.0,73.0,14.0,4,0.0
239,2.0,2.1,H25 - CBA - Cache-miss,79,2.0,73.0,14.0,5,0.0
239,2.0,2.1,H25 - CBA - Cache-miss,79,2.0,73.0,14.0,3,0.0
239,2.0,2.2,H25 - CBA - Adder,82,2.0,73.0,14.0,5,75.0
239,2.0,2.2,H25 - CBA - Adder,82,2.0,73.0,14.0,2,25.0
239,2.0,2.2,H25 - CBA - Adder,82,2.0,73.0,14.0,1,0.0
239,2.0,2.2,H25 - CBA - Adder,82,2.0,73.0,14.0,3,0.0
239,2.0,2.2,H25 - CBA - Adder,82,2.0,73.0,14.0,4,0.0
239,2.0,2.3,H25 - CBA - ALU,203,2.0,73.0,14.0,2,75.0
239,2.0,2.3,H25 - CBA - ALU,203,2.0,73.0,14.0,1,25.0
239,2.0,2.3,H25 - CBA - ALU,203,2.0,73.0,14.0,4,0.0
239,2.0,2.3,H25 - CBA - ALU,203,2.0,73.0,14.0,3,0.0
239,2.0,2.3,H25 - CBA - ALU,203,2.0,73.0,14.0,5,0.0
239,2.0,2.4,H25 - CBA - PC,192,2.0,73.0,14.0,1,50.0
239,2.0,2.4,H25 - CBA - PC,192,2.0,73.0,14.0,2,25.0
239,2.0,2.4,H25 - CBA - PC,192,2.0,73.0,14.0,3,25.0
239,2.0,2.4,H25 - CBA - PC,192,2.0,73.0,14.0,5,0.0
239,2.0,2.4,H25 - CBA - PC,192,2.0,73.0,14.0,4,0.0
239,2.0,2.5,H25 - CBA - Universell porter,54,2.0,73.0,14.0,3,100.0
239,2.0,2.5,H25 - CBA - Universell porter,54,2.0,73.0,14.0,5,0.0
239,2.0,2.5,H25 - CBA - Universell porter,54,2.0,73.0,14.0,2,0.0
239,2.0,2.5,H25 - CBA - Universell porter,54,2.0,73.0,14.0,4,0.0
239,2.0,2.5,H25 - CBA - Universell porter,54,2.0,73.0,14.0,1,0.0
239,2.0,2.6,H25 - CBA - Pipeline ytelse,193,2.0,73.0,14.0,1,50.0
239,2.0,2.6,H25 - CBA - Pipeline ytelse,193,2.0,73.0,14.0,3,25.0
239,2.0,2.6,H25 - CBA - Pipeline ytelse,193,2.0,73.0,14.0,5,25.0
239,2.0,2.6,H25 - CBA - Pipeline ytelse,193,2.0,73.0,14.0,4,0.0
239,2.0,2.6,H25 - CBA - Pipeline ytelse,193,2.0,73.0,14.0,2,0.0
239,2.0,2.7,H25 - CBA - Seriell Adder,209,2.0,73.0,14.0,4,25.0
239,2.0,2.7,H25 - CBA - Seriell Adder,209,2.0,73.0,14.0,2,75.0
239,2.0,2.7,H25 - CBA - Seriell Adder,209,2.0,73.0,14.0,1,0.0
239,2.0,2.7,H25 - CBA - Seriell Adder,209,2.0,73.0,14.0,5,0.0
239,2.0,2.7,H25 - CBA - Seriell Adder,209,2.0,73.0,14.0,3,0.0
27,2.0,2.1,H25 - CBA - Cache-miss,167,2.0,55.84,14.0,3,25.0
27,2.0,2.1,H25 - CBA - Cache-miss,167,2.0,55.84,14.0,2,75.0
27,2.0,2.1,H25 - CBA - Cache-miss,167,2.0,55.84,14.0,4,0.0
27,2.0,2.1,H25 - CBA - Cache-miss,167,2.0,55.84,14.0,5,0.0
27,2.0,2.2,H25 - CBA - Adder,80,2.0,55.84,14.0,2,100.0
27,2.0,2.2,H25 - CBA - Adder,80,2.0,55.84,14.0,1,0.0
27,2.0,2.2,H25 - CBA - Adder,80,2.0,55.84,14.0,3,0.0
27,2.0,2.2,H25 - CBA - Adder,80,2.0,55.84,14.0,5,0.0
27,2.0,2.2,H25 - CBA - Adder,80,2.0,55.84,14.0,4,0.0
27,2.0,2.3,H25 - CBA - ALU,89,2.0,55.84,14.0,5,50.0
27,2.0,2.3,H25 - CBA - ALU,89,2.0,55.84,14.0,2,0.0
27,2.0,2.3,H25 - CBA - ALU,89,2.0,55.84,14.0,3,0.0
27,2.0,2.3,H25 - CBA - ALU,89,2.0,55.84,14.0,1,50.0
27,2.0,2.3,H25 - CBA - ALU,89,2.0,55.84,14.0,4,0.0
27,2.0,2.4,H25 - CBA - PC,121,2.0,55.84,14.0,4,0.0
27,2.0,2.4,H25 - CBA - PC,121,2.0,55.84,14.0,3,100.0
27,2.0,2.4,H25 - CBA - PC,121,2.0,55.84,14.0,2,0.0
27,2.0,2.4,H25 - CBA - PC,121,2.0,55.84,14.0,1,0.0
27,2.0,2.4,H25 - CBA - PC,121,2.0,55.84,14.0,5,0.0
27,2.0,2.5,H25 - CBA - Universell porter,59,2.0,55.84,14.0,3,100.0
27,2.0,2.5,H25 - CBA - Universell porter,59,2.0,55.84,14.0,2,0.0
27,2.0,2.5,H25 - CBA - Universell porter,59,2.0,55.84,14.0,5,0.0
27,2.0,2.5,H25 - CBA - Universell porter,59,2.0,55.84,14.0,1,0.0
27,2.0,2.5,H25 - CBA - Universell porter,59,2.0,55.84,14.0,4,0.0
27,2.0,2.6,H25 - CBA - Pipeline ytelse,151,2.0,55.84,14.0,1,0.0
27,2.0,2.6,H25 - CBA - Pipeline ytelse,151,2.0,55.84,14.0,4,50.0
27,2.0,2.6,H25 - CBA - Pipeline ytelse,151,2.0,55.84,14.0,3,0.0
27,2.0,2.6,H25 - CBA - Pipeline ytelse,151,2.0,55.84,14.0,5,50.0
27,2.0,2.6,H25 - CBA - Pipeline ytelse,151,2.0,55.84,14.0,2,0.0
27,2.0,2.7,H25 - CBA - Seriell Adder,84,2.0,55.84,14.0,4,0.0
27,2.0,2.7,H25 - CBA - Seriell Adder,84,2.0,55.84,14.0,1,0.0
27,2.0,2.7,H25 - CBA - Seriell Adder,84,2.0,55.84,14.0,2,100.0
27,2.0,2.7,H25 - CBA - Seriell Adder,84,2.0,55.84,14.0,3,0.0
27,2.0,2.7,H25 - CBA - Seriell Adder,84,2.0,55.84,14.0,5,0.0
453,2.0,2.1,H25 - CBA - Cache-miss,113,2.0,57.14,14.0,1,0.0
453,2.0,2.1,H25 - CBA - Cache-miss,113,2.0,57.14,14.0,5,100.0
453,2.0,2.1,H25 - CBA - Cache-miss,113,2.0,57.14,14.0,2,0.0
453,2.0,2.1,H25 - CBA - Cache-miss,113,2.0,57.14,14.0,3,0.0
453,2.0,2.1,H25 - CBA - Cache-miss,113,2.0,57.14,14.0,4,0.0
453,2.0,2.2,H25 - CBA - Adder,64,2.0,57.14,14.0,2,100.0
453,2.0,2.2,H25 - CBA - Adder,64,2.0,57.14,14.0,5,0.0
453,2.0,2.2,H25 - CBA - Adder,64,2.0,57.14,14.0,1,0.0
453,2.0,2.2,H25 - CBA - Adder,64,2.0,57.14,14.0,4,0.0
453,2.0,2.2,H25 - CBA - Adder,64,2.0,57.14,14.0,3,0.0
453,2.0,2.3,H25 - CBA - ALU,161,2.0,57.14,14.0,2,75.0
453,2.0,2.3,H25 - CBA - ALU,161,2.0,57.14,14.0,1,25.0
453,2.0,2.3,H25 - CBA - ALU,161,2.0,57.14,14.0,5,0.0
453,2.0,2.3,H25 - CBA - ALU,161,2.0,57.14,14.0,3,0.0
453,2.0,2.3,H25 - CBA - ALU,161,2.0,57.14,14.0,4,0.0
453,2.0,2.4,H25 - CBA - PC,69,2.0,57.14,14.0,3,100.0
453,2.0,2.4,H25 - CBA - PC,69,2.0,57.14,14.0,5,0.0
453,2.0,2.4,H25 - CBA - PC,69,2.0,57.14,14.0,1,0.0
453,2.0,2.4,H25 - CBA - PC,69,2.0,57.14,14.0,2,0.0
453,2.0,2.4,H25 - CBA - PC,69,2.0,57.14,14.0,4,0.0
453,2.0,2.5,H25 - CBA - Universell porter,168,2.0,57.14,14.0,3,0.0
453,2.0,2.5,H25 - CBA - Universell porter,168,2.0,57.14,14.0,5,100.0
453,2.0,2.5,H25 - CBA - Universell porter,168,2.0,57.14,14.0,1,0.0
453,2.0,2.5,H25 - CBA - Universell porter,168,2.0,57.14,14.0,2,0.0
453,2.0,2.5,H25 - CBA - Universell porter,168,2.0,57.14,14.0,4,0.0
453,2.0,2.6,H25 - CBA - Pipeline ytelse,67,2.0,57.14,14.0,1,100.0
453,2.0,2.6,H25 - CBA - Pipeline ytelse,67,2.0,57.14,14.0,5,0.0
453,2.0,2.6,H25 - CBA - Pipeline ytelse,67,2.0,57.14,14.0,4,0.0
453,2.0,2.6,H25 - CBA - Pipeline ytelse,67,2.0,57.14,14.0,2,0.0
453,2.0,2.6,H25 - CBA - Pipeline ytelse,67,2.0,57.14,14.0,3,0.0
453,2.0,2.7,H25 - CBA - Seriell Adder,117,2.0,57.14,14.0,4,0.0
453,2.0,2.7,H25 - CBA - Seriell Adder,117,2.0,57.14,14.0,1,0.0
453,2.0,2.7,H25 - CBA - Seriell Adder,117,2.0,57.14,14.0,3,0.0
453,2.0,2.7,H25 - CBA - Seriell Adder,117,2.0,57.14,14.0,5,50.0
453,2.0,2.7,H25 - CBA - Seriell Adder,117,2.0,57.14,14.0,2,50.0
177,2.0,2.1,H25 - CBA - Cache-miss,67,2.0,51.48,14.0,4,75.0
177,2.0,2.1,H25 - CBA - Cache-miss,67,2.0,51.48,14.0,5,25.0
177,2.0,2.1,H25 - CBA - Cache-miss,67,2.0,51.48,14.0,2,0.0
177,2.0,2.1,H25 - CBA - Cache-miss,67,2.0,51.48,14.0,3,0.0
177,2.0,2.1,H25 - CBA - Cache-miss,67,2.0,51.48,14.0,1,0.0
177,2.0,2.2,H25 - CBA - Adder,41,2.0,51.48,14.0,2,100.0
177,2.0,2.2,H25 - CBA - Adder,41,2.0,51.48,14.0,4,0.0
177,2.0,2.2,H25 - CBA - Adder,41,2.0,51.48,14.0,3,0.0
177,2.0,2.2,H25 - CBA - Adder,41,2.0,51.48,14.0,5,0.0
177,2.0,2.2,H25 - CBA - Adder,41,2.0,51.48,14.0,1,0.0
177,2.0,2.3,H25 - CBA - ALU,67,2.0,51.48,14.0,1,100.0
177,2.0,2.3,H25 - CBA - ALU,67,2.0,51.48,14.0,4,0.0
177,2.0,2.3,H25 - CBA - ALU,67,2.0,51.48,14.0,5,0.0
177,2.0,2.3,H25 - CBA - ALU,67,2.0,51.48,14.0,3,0.0
177,2.0,2.3,H25 - CBA - ALU,67,2.0,51.48,14.0,2,0.0
177,2.0,2.4,H25 - CBA - PC,64,2.0,51.48,14.0,3,100.0
177,2.0,2.4,H25 - CBA - PC,64,2.0,51.48,14.0,4,0.0
177,2.0,2.4,H25 - CBA - PC,64,2.0,51.48,14.0,5,0.0
177,2.0,2.4,H25 - CBA - PC,64,2.0,51.48,14.0,2,0.0
177,2.0,2.4,H25 - CBA - PC,64,2.0,51.48,14.0,1,0.0
177,2.0,2.5,H25 - CBA - Universell porter,41,2.0,51.48,14.0,3,75.0
177,2.0,2.5,H25 - CBA - Universell porter,41,2.0,51.48,14.0,5,0.0
177,2.0,2.5,H25 - CBA - Universell porter,41,2.0,51.48,14.0,4,0.0
177,2.0,2.5,H25 - CBA - Universell porter,41,2.0,51.48,14.0,1,25.0
177,2.0,2.5,H25 - CBA - Universell porter,41,2.0,51.48,14.0,2,0.0
177,2.0,2.6,H25 - CBA - Pipeline ytelse,30,2.0,51.48,14.0,4,75.0
177,2.0,2.6,H25 - CBA - Pipeline ytelse,30,2.0,51.48,14.0,2,25.0
177,2.0,2.6,H25 - CBA - Pipeline ytelse,30,2.0,51.48,14.0,1,0.0
177,2.0,2.6,H25 - CBA - Pipeline ytelse,30,2.0,51.48,14.0,5,0.0
177,2.0,2.6,H25 - CBA - Pipeline ytelse,30,2.0,51.48,14.0,3,0.0
177,2.0,2.7,H25 - CBA - Seriell Adder,23,2.0,51.48,14.0,2,100.0
433,2.0,2.1,H25 - CBA - Cache-miss,64,2.0,42.02,14.0,2,100.0
433,2.0,2.1,H25 - CBA - Cache-miss,64,2.0,42.02,14.0,4,0.0
433,2.0,2.1,H25 - CBA - Cache-miss,64,2.0,42.02,14.0,1,0.0
433,2.0,2.1,H25 - CBA - Cache-miss,64,2.0,42.02,14.0,3,0.0
433,2.0,2.1,H25 - CBA - Cache-miss,64,2.0,42.02,14.0,5,0.0
433,2.0,2.2,H25 - CBA - Adder,42,2.0,42.02,14.0,2,75.0
433,2.0,2.2,H25 - CBA - Adder,42,2.0,42.02,14.0,5,25.0
433,2.0,2.2,H25 - CBA - Adder,42,2.0,42.02,14.0,4,0.0
433,2.0,2.2,H25 - CBA - Adder,42,2.0,42.02,14.0,1,0.0
433,2.0,2.2,H25 - CBA - Adder,42,2.0,42.02,14.0,3,0.0
433,2.0,2.3,H25 - CBA - ALU,21,2.0,42.02,14.0,1,75.0
433,2.0,2.3,H25 - CBA - ALU,21,2.0,42.02,14.0,5,25.0
433,2.0,2.3,H25 - CBA - ALU,21,2.0,42.02,14.0,3,0.0
433,2.0,2.3,H25 - CBA - ALU,21,2.0,42.02,14.0,2,0.0
433,2.0,2.3,H25 - CBA - ALU,21,2.0,42.02,14.0,4,0.0
433,2.0,2.4,H25 - CBA - PC,25,2.0,42.02,14.0,1,75.0
433,2.0,2.4,H25 - CBA - PC,25,2.0,42.02,14.0,3,25.0
433,2.0,2.4,H25 - CBA - PC,25,2.0,42.02,14.0,5,0.0
433,2.0,2.4,H25 - CBA - PC,25,2.0,42.02,14.0,2,0.0
433,2.0,2.4,H25 - CBA - PC,25,2.0,42.02,14.0,4,0.0
433,2.0,2.5,H25 - CBA - Universell porter,21,2.0,42.02,14.0,4,75.0
433,2.0,2.5,H25 - CBA - Universell porter,21,2.0,42.02,14.0,3,25.0
433,2.0,2.5,H25 - CBA - Universell porter,21,2.0,42.02,14.0,5,0.0
433,2.0,2.5,H25 - CBA - Universell porter,21,2.0,42.02,14.0,2,0.0
433,2.0,2.5,H25 - CBA - Universell porter,21,2.0,42.02,14.0,1,0.0
433,2.0,2.6,H25 - CBA - Pipeline ytelse,23,2.0,42.02,14.0,1,25.0
433,2.0,2.6,H25 - CBA - Pipeline ytelse,23,2.0,42.02,14.0,5,75.0
433,2.0,2.6,H25 - CBA - Pipeline ytelse,23,2.0,42.02,14.0,4,0.0
433,2.0,2.6,H25 - CBA - Pipeline ytelse,23,2.0,42.02,14.0,2,0.0
433,2.0,2.6,H25 - CBA - Pipeline ytelse,23,2.0,42.02,14.0,3,0.0
433,2.0,2.7,H25 - CBA - Seriell Adder,111,2.0,42.02,14.0,1,0.0
433,2.0,2.7,H25 - CBA - Seriell Adder,111,2.0,42.02,14.0,4,75.0
433,2.0,2.7,H25 - CBA - Seriell Adder,111,2.0,42.02,14.0,2,25.0
433,2.0,2.7,H25 - CBA - Seriell Adder,111,2.0,42.02,14.0,5,0.0
433,2.0,2.7,H25 - CBA - Seriell Adder,111,2.0,42.02,14.0,3,0.0
60,2.0,2.1,H25 - CBA - Cache-miss,72,2.0,95.0,14.0,3,0.0
60,2.0,2.1,H25 - CBA - Cache-miss,72,2.0,95.0,14.0,1,0.0
60,2.0,2.1,H25 - CBA - Cache-miss,72,2.0,95.0,14.0,4,0.0
60,2.0,2.1,H25 - CBA - Cache-miss,72,2.0,95.0,14.0,5,0.0
60,2.0,2.1,H25 - CBA - Cache-miss,72,2.0,95.0,14.0,2,100.0
60,2.0,2.2,H25 - CBA - Adder,35,2.0,95.0,14.0,1,0.0
60,2.0,2.2,H25 - CBA - Adder,35,2.0,95.0,14.0,3,0.0
60,2.0,2.2,H25 - CBA - Adder,35,2.0,95.0,14.0,4,0.0
60,2.0,2.2,H25 - CBA - Adder,35,2.0,95.0,14.0,5,0.0
60,2.0,2.2,H25 - CBA - Adder,35,2.0,95.0,14.0,2,100.0
60,2.0,2.3,H25 - CBA - ALU,215,2.0,95.0,14.0,1,100.0
60,2.0,2.3,H25 - CBA - ALU,215,2.0,95.0,14.0,3,0.0
60,2.0,2.3,H25 - CBA - ALU,215,2.0,95.0,14.0,4,0.0
60,2.0,2.3,H25 - CBA - ALU,215,2.0,95.0,14.0,5,0.0
60,2.0,2.3,H25 - CBA - ALU,215,2.0,95.0,14.0,2,0.0
60,2.0,2.4,H25 - CBA - PC,39,2.0,95.0,14.0,3,0.0
60,2.0,2.4,H25 - CBA - PC,39,2.0,95.0,14.0,5,0.0
60,2.0,2.4,H25 - CBA - PC,39,2.0,95.0,14.0,4,0.0
60,2.0,2.4,H25 - CBA - PC,39,2.0,95.0,14.0,2,0.0
60,2.0,2.4,H25 - CBA - PC,39,2.0,95.0,14.0,1,100.0
60,2.0,2.5,H25 - CBA - Universell porter,26,2.0,95.0,14.0,1,0.0
60,2.0,2.5,H25 - CBA - Universell porter,26,2.0,95.0,14.0,3,100.0
60,2.0,2.5,H25 - CBA - Universell porter,26,2.0,95.0,14.0,2,0.0
60,2.0,2.5,H25 - CBA - Universell porter,26,2.0,95.0,14.0,4,0.0
60,2.0,2.5,H25 - CBA - Universell porter,26,2.0,95.0,14.0,5,0.0
60,2.0,2.6,H25 - CBA - Pipeline ytelse,27,2.0,95.0,14.0,2,0.0
60,2.0,2.6,H25 - CBA - Pipeline ytelse,27,2.0,95.0,14.0,5,0.0
60,2.0,2.6,H25 - CBA - Pipeline ytelse,27,2.0,95.0,14.0,3,0.0
60,2.0,2.6,H25 - CBA - Pipeline ytelse,27,2.0,95.0,14.0,4,100.0
60,2.0,2.6,H25 - CBA - Pipeline ytelse,27,2.0,95.0,14.0,1,0.0
60,2.0,2.7,H25 - CBA - Seriell Adder,29,2.0,95.0,14.0,2,100.0
60,2.0,2.7,H25 - CBA - Seriell Adder,29,2.0,95.0,14.0,1,0.0
60,2.0,2.7,H25 - CBA - Seriell Adder,29,2.0,95.0,14.0,3,0.0
60,2.0,2.7,H25 - CBA - Seriell Adder,29,2.0,95.0,14.0,5,0.0
60,2.0,2.7,H25 - CBA - Seriell Adder,29,2.0,95.0,14.0,4,0.0
189,2.0,2.1,H25 - CBA - Cache-miss,91,2.0,70.65,14.0,2,25.0
189,2.0,2.1,H25 - CBA - Cache-miss,91,2.0,70.65,14.0,4,0.0
189,2.0,2.1,H25 - CBA - Cache-miss,91,2.0,70.65,14.0,1,0.0
189,2.0,2.1,H25 - CBA - Cache-miss,91,2.0,70.65,14.0,5,75.0
189,2.0,2.1,H25 - CBA - Cache-miss,91,2.0,70.65,14.0,3,0.0
189,2.0,2.2,H25 - CBA - Adder,97,2.0,70.65,14.0,2,0.0
189,2.0,2.2,H25 - CBA - Adder,97,2.0,70.65,14.0,1,0.0
189,2.0,2.2,H25 - CBA - Adder,97,2.0,70.65,14.0,4,100.0
189,2.0,2.2,H25 - CBA - Adder,97,2.0,70.65,14.0,3,0.0
189,2.0,2.2,H25 - CBA - Adder,97,2.0,70.65,14.0,5,0.0
189,2.0,2.3,H25 - CBA - ALU,42,2.0,70.65,14.0,1,75.0
189,2.0,2.3,H25 - CBA - ALU,42,2.0,70.65,14.0,5,0.0
189,2.0,2.3,H25 - CBA - ALU,42,2.0,70.65,14.0,2,25.0
189,2.0,2.3,H25 - CBA - ALU,42,2.0,70.65,14.0,3,0.0
189,2.0,2.3,H25 - CBA - ALU,42,2.0,70.65,14.0,4,0.0
189,2.0,2.4,H25 - CBA - PC,56,2.0,70.65,14.0,1,75.0
189,2.0,2.4,H25 - CBA - PC,56,2.0,70.65,14.0,3,0.0
189,2.0,2.4,H25 - CBA - PC,56,2.0,70.65,14.0,4,0.0
189,2.0,2.4,H25 - CBA - PC,56,2.0,70.65,14.0,5,0.0
189,2.0,2.4,H25 - CBA - PC,56,2.0,70.65,14.0,2,25.0
189,2.0,2.5,H25 - CBA - Universell porter,41,2.0,70.65,14.0,2,0.0
189,2.0,2.5,H25 - CBA - Universell porter,41,2.0,70.65,14.0,1,0.0
189,2.0,2.5,H25 - CBA - Universell porter,41,2.0,70.65,14.0,3,100.0
189,2.0,2.5,H25 - CBA - Universell porter,41,2.0,70.65,14.0,4,0.0
189,2.0,2.5,H25 - CBA - Universell porter,41,2.0,70.65,14.0,5,0.0
189,2.0,2.6,H25 - CBA - Pipeline ytelse,98,2.0,70.65,14.0,4,100.0
189,2.0,2.6,H25 - CBA - Pipeline ytelse,98,2.0,70.65,14.0,2,0.0
189,2.0,2.6,H25 - CBA - Pipeline ytelse,98,2.0,70.65,14.0,1,0.0
189,2.0,2.6,H25 - CBA - Pipeline ytelse,98,2.0,70.65,14.0,3,0.0
189,2.0,2.6,H25 - CBA - Pipeline ytelse,98,2.0,70.65,14.0,5,0.0
189,2.0,2.7,H25 - CBA - Seriell Adder,46,2.0,70.65,14.0,2,100.0
189,2.0,2.7,H25 - CBA - Seriell Adder,46,2.0,70.65,14.0,1,0.0
189,2.0,2.7,H25 - CBA - Seriell Adder,46,2.0,70.65,14.0,4,0.0
189,2.0,2.7,H25 - CBA - Seriell Adder,46,2.0,70.65,14.0,3,0.0
189,2.0,2.7,H25 - CBA - Seriell Adder,46,2.0,70.65,14.0,5,0.0
342,2.0,2.1,H25 - CBA - Cache-miss,136,0.0,48.52,8.0,2,50.0
342,2.0,2.1,H25 - CBA - Cache-miss,136,0.0,48.52,8.0,4,50.0
342,2.0,2.2,H25 - CBA - Adder,115,2.0,48.52,8.0,5,0.0
342,2.0,2.2,H25 - CBA - Adder,115,2.0,48.52,8.0,2,100.0
342,2.0,2.3,H25 - CBA - ALU,113,2.0,48.52,8.0,4,0.0
342,2.0,2.3,H25 - CBA - ALU,113,2.0,48.52,8.0,1,0.0
342,2.0,2.3,H25 - CBA - ALU,113,2.0,48.52,8.0,5,100.0
342,2.0,2.4,H25 - CBA - PC,78,0.0,48.52,8.0,2,100.0
342,2.0,2.5,H25 - CBA - Universell porter,243,2.0,48.52,8.0,3,100.0
342,2.0,2.6,H25 - CBA - Pipeline ytelse,36,0.0,48.52,8.0,3,100.0
342,2.0,2.7,H25 - CBA - Seriell Adder,64,2.0,48.52,8.0,2,100.0
61,2.0,2.1,H25 - CBA - Cache-miss,137,2.0,56.69,14.0,3,0.0
61,2.0,2.1,H25 - CBA - Cache-miss,137,2.0,56.69,14.0,2,0.0
61,2.0,2.1,H25 - CBA - Cache-miss,137,2.0,56.69,14.0,1,25.0
61,2.0,2.1,H25 - CBA - Cache-miss,137,2.0,56.69,14.0,4,25.0
61,2.0,2.1,H25 - CBA - Cache-miss,137,2.0,56.69,14.0,5,50.0
61,2.0,2.2,H25 - CBA - Adder,91,2.0,56.69,14.0,1,0.0
61,2.0,2.2,H25 - CBA - Adder,91,2.0,56.69,14.0,4,0.0
61,2.0,2.2,H25 - CBA - Adder,91,2.0,56.69,14.0,5,50.0
61,2.0,2.2,H25 - CBA - Adder,91,2.0,56.69,14.0,3,25.0
61,2.0,2.2,H25 - CBA - Adder,91,2.0,56.69,14.0,2,25.0
61,2.0,2.3,H25 - CBA - ALU,38,2.0,56.69,14.0,3,75.0
61,2.0,2.3,H25 - CBA - ALU,38,2.0,56.69,14.0,1,25.0
61,2.0,2.3,H25 - CBA - ALU,38,2.0,56.69,14.0,4,0.0
61,2.0,2.3,H25 - CBA - ALU,38,2.0,56.69,14.0,2,0.0
61,2.0,2.3,H25 - CBA - ALU,38,2.0,56.69,14.0,5,0.0
61,2.0,2.4,H25 - CBA - PC,81,2.0,56.69,14.0,2,0.0
61,2.0,2.4,H25 - CBA - PC,81,2.0,56.69,14.0,1,25.0
61,2.0,2.4,H25 - CBA - PC,81,2.0,56.69,14.0,4,25.0
61,2.0,2.4,H25 - CBA - PC,81,2.0,56.69,14.0,5,25.0
61,2.0,2.4,H25 - CBA - PC,81,2.0,56.69,14.0,3,25.0
61,2.0,2.5,H25 - CBA - Universell porter,90,2.0,56.69,14.0,3,50.0
61,2.0,2.5,H25 - CBA - Universell porter,90,2.0,56.69,14.0,5,25.0
61,2.0,2.5,H25 - CBA - Universell porter,90,2.0,56.69,14.0,1,25.0
61,2.0,2.5,H25 - CBA - Universell porter,90,2.0,56.69,14.0,2,0.0
61,2.0,2.5,H25 - CBA - Universell porter,90,2.0,56.69,14.0,4,0.0
61,2.0,2.6,H25 - CBA - Pipeline ytelse,65,2.0,56.69,14.0,3,50.0
61,2.0,2.6,H25 - CBA - Pipeline ytelse,65,2.0,56.69,14.0,1,25.0
61,2.0,2.6,H25 - CBA - Pipeline ytelse,65,2.0,56.69,14.0,2,0.0
61,2.0,2.6,H25 - CBA - Pipeline ytelse,65,2.0,56.69,14.0,5,25.0
61,2.0,2.6,H25 - CBA - Pipeline ytelse,65,2.0,56.69,14.0,4,0.0
61,2.0,2.7,H25 - CBA - Seriell Adder,74,2.0,56.69,14.0,4,25.0
61,2.0,2.7,H25 - CBA - Seriell Adder,74,2.0,56.69,14.0,3,25.0
61,2.0,2.7,H25 - CBA - Seriell Adder,74,2.0,56.69,14.0,2,25.0
61,2.0,2.7,H25 - CBA - Seriell Adder,74,2.0,56.69,14.0,5,0.0
61,2.0,2.7,H25 - CBA - Seriell Adder,74,2.0,56.69,14.0,1,25.0
327,2.0,2.1,H25 - CBA - Cache-miss,65,2.0,75.18,14.0,2,100.0
327,2.0,2.1,H25 - CBA - Cache-miss,65,2.0,75.18,14.0,4,0.0
327,2.0,2.1,H25 - CBA - Cache-miss,65,2.0,75.18,14.0,5,0.0
327,2.0,2.1,H25 - CBA - Cache-miss,65,2.0,75.18,14.0,1,0.0
327,2.0,2.1,H25 - CBA - Cache-miss,65,2.0,75.18,14.0,3,0.0
327,2.0,2.2,H25 - CBA - Adder,30,2.0,75.18,14.0,2,100.0
327,2.0,2.2,H25 - CBA - Adder,30,2.0,75.18,14.0,5,0.0
327,2.0,2.2,H25 - CBA - Adder,30,2.0,75.18,14.0,1,0.0
327,2.0,2.2,H25 - CBA - Adder,30,2.0,75.18,14.0,3,0.0
327,2.0,2.2,H25 - CBA - Adder,30,2.0,75.18,14.0,4,0.0
327,2.0,2.3,H25 - CBA - ALU,309,2.0,75.18,14.0,1,75.0
327,2.0,2.3,H25 - CBA - ALU,309,2.0,75.18,14.0,2,0.0
327,2.0,2.3,H25 - CBA - ALU,309,2.0,75.18,14.0,4,0.0
327,2.0,2.3,H25 - CBA - ALU,309,2.0,75.18,14.0,5,25.0
327,2.0,2.3,H25 - CBA - ALU,309,2.0,75.18,14.0,3,0.0
327,2.0,2.4,H25 - CBA - PC,103,2.0,75.18,14.0,3,100.0
327,2.0,2.4,H25 - CBA - PC,103,2.0,75.18,14.0,4,0.0
327,2.0,2.4,H25 - CBA - PC,103,2.0,75.18,14.0,5,0.0
327,2.0,2.4,H25 - CBA - PC,103,2.0,75.18,14.0,2,0.0
327,2.0,2.4,H25 - CBA - PC,103,2.0,75.18,14.0,1,0.0
327,2.0,2.5,H25 - CBA - Universell porter,57,2.0,75.18,14.0,3,100.0
327,2.0,2.5,H25 - CBA - Universell porter,57,2.0,75.18,14.0,4,0.0
327,2.0,2.5,H25 - CBA - Universell porter,57,2.0,75.18,14.0,2,0.0
327,2.0,2.5,H25 - CBA - Universell porter,57,2.0,75.18,14.0,5,0.0
327,2.0,2.5,H25 - CBA - Universell porter,57,2.0,75.18,14.0,1,0.0
327,2.0,2.6,H25 - CBA - Pipeline ytelse,126,2.0,75.18,14.0,4,75.0
327,2.0,2.6,H25 - CBA - Pipeline ytelse,126,2.0,75.18,14.0,3,25.0
327,2.0,2.6,H25 - CBA - Pipeline ytelse,126,2.0,75.18,14.0,5,0.0
327,2.0,2.6,H25 - CBA - Pipeline ytelse,126,2.0,75.18,14.0,1,0.0
327,2.0,2.6,H25 - CBA - Pipeline ytelse,126,2.0,75.18,14.0,2,0.0
327,2.0,2.7,H25 - CBA - Seriell Adder,162,2.0,75.18,14.0,2,100.0
327,2.0,2.7,H25 - CBA - Seriell Adder,162,2.0,75.18,14.0,3,0.0
327,2.0,2.7,H25 - CBA - Seriell Adder,162,2.0,75.18,14.0,5,0.0
327,2.0,2.7,H25 - CBA - Seriell Adder,162,2.0,75.18,14.0,1,0.0
327,2.0,2.7,H25 - CBA - Seriell Adder,162,2.0,75.18,14.0,4,0.0
200,2.0,2.1,H25 - CBA - Cache-miss,147,2.0,71.78,14.0,2,100.0
200,2.0,2.1,H25 - CBA - Cache-miss,147,2.0,71.78,14.0,4,0.0
200,2.0,2.1,H25 - CBA - Cache-miss,147,2.0,71.78,14.0,3,0.0
200,2.0,2.1,H25 - CBA - Cache-miss,147,2.0,71.78,14.0,1,0.0
200,2.0,2.1,H25 - CBA - Cache-miss,147,2.0,71.78,14.0,5,0.0
200,2.0,2.2,H25 - CBA - Adder,186,2.0,71.78,14.0,2,75.0
200,2.0,2.2,H25 - CBA - Adder,186,2.0,71.78,14.0,3,25.0
200,2.0,2.2,H25 - CBA - Adder,186,2.0,71.78,14.0,4,0.0
200,2.0,2.2,H25 - CBA - Adder,186,2.0,71.78,14.0,5,0.0
200,2.0,2.2,H25 - CBA - Adder,186,2.0,71.78,14.0,1,0.0
200,2.0,2.3,H25 - CBA - ALU,145,2.0,71.78,14.0,1,25.0
200,2.0,2.3,H25 - CBA - ALU,145,2.0,71.78,14.0,2,75.0
200,2.0,2.3,H25 - CBA - ALU,145,2.0,71.78,14.0,5,0.0
200,2.0,2.3,H25 - CBA - ALU,145,2.0,71.78,14.0,4,0.0
200,2.0,2.3,H25 - CBA - ALU,145,2.0,71.78,14.0,3,0.0
200,2.0,2.4,H25 - CBA - PC,38,2.0,71.78,14.0,1,100.0
200,2.0,2.4,H25 - CBA - PC,38,2.0,71.78,14.0,2,0.0
200,2.0,2.4,H25 - CBA - PC,38,2.0,71.78,14.0,5,0.0
200,2.0,2.4,H25 - CBA - PC,38,2.0,71.78,14.0,4,0.0
200,2.0,2.4,H25 - CBA - PC,38,2.0,71.78,14.0,3,0.0
200,2.0,2.5,H25 - CBA - Universell porter,78,2.0,71.78,14.0,3,75.0
200,2.0,2.5,H25 - CBA - Universell porter,78,2.0,71.78,14.0,5,0.0
200,2.0,2.5,H25 - CBA - Universell porter,78,2.0,71.78,14.0,1,25.0
200,2.0,2.5,H25 - CBA - Universell porter,78,2.0,71.78,14.0,2,0.0
200,2.0,2.5,H25 - CBA - Universell porter,78,2.0,71.78,14.0,4,0.0
200,2.0,2.6,H25 - CBA - Pipeline ytelse,329,2.0,71.78,14.0,1,50.0
200,2.0,2.6,H25 - CBA - Pipeline ytelse,329,2.0,71.78,14.0,3,50.0
200,2.0,2.6,H25 - CBA - Pipeline ytelse,329,2.0,71.78,14.0,2,0.0
200,2.0,2.6,H25 - CBA - Pipeline ytelse,329,2.0,71.78,14.0,4,0.0
200,2.0,2.6,H25 - CBA - Pipeline ytelse,329,2.0,71.78,14.0,5,0.0
200,2.0,2.7,H25 - CBA - Seriell Adder,227,2.0,71.78,14.0,1,25.0
200,2.0,2.7,H25 - CBA - Seriell Adder,227,2.0,71.78,14.0,2,75.0
200,2.0,2.7,H25 - CBA - Seriell Adder,227,2.0,71.78,14.0,4,0.0
200,2.0,2.7,H25 - CBA - Seriell Adder,227,2.0,71.78,14.0,3,0.0
200,2.0,2.7,H25 - CBA - Seriell Adder,227,2.0,71.78,14.0,5,0.0
126,2.0,2.1,H25 - CBA - Cache-miss,52,2.0,55.69,14.0,2,50.0
126,2.0,2.1,H25 - CBA - Cache-miss,52,2.0,55.69,14.0,5,50.0
126,2.0,2.1,H25 - CBA - Cache-miss,52,2.0,55.69,14.0,1,0.0
126,2.0,2.1,H25 - CBA - Cache-miss,52,2.0,55.69,14.0,3,0.0
126,2.0,2.1,H25 - CBA - Cache-miss,52,2.0,55.69,14.0,4,0.0
126,2.0,2.2,H25 - CBA - Adder,17,2.0,55.69,14.0,2,100.0
126,2.0,2.2,H25 - CBA - Adder,17,2.0,55.69,14.0,3,0.0
126,2.0,2.2,H25 - CBA - Adder,17,2.0,55.69,14.0,4,0.0
126,2.0,2.2,H25 - CBA - Adder,17,2.0,55.69,14.0,1,0.0
126,2.0,2.2,H25 - CBA - Adder,17,2.0,55.69,14.0,5,0.0
126,2.0,2.3,H25 - CBA - ALU,79,2.0,55.69,14.0,1,75.0
126,2.0,2.3,H25 - CBA - ALU,79,2.0,55.69,14.0,5,0.0
126,2.0,2.3,H25 - CBA - ALU,79,2.0,55.69,14.0,4,0.0
126,2.0,2.3,H25 - CBA - ALU,79,2.0,55.69,14.0,2,0.0
126,2.0,2.3,H25 - CBA - ALU,79,2.0,55.69,14.0,3,25.0
126,2.0,2.4,H25 - CBA - PC,86,2.0,55.69,14.0,3,25.0
126,2.0,2.4,H25 - CBA - PC,86,2.0,55.69,14.0,5,0.0
126,2.0,2.4,H25 - CBA - PC,86,2.0,55.69,14.0,2,50.0
126,2.0,2.4,H25 - CBA - PC,86,2.0,55.69,14.0,1,25.0
126,2.0,2.4,H25 - CBA - PC,86,2.0,55.69,14.0,4,0.0
126,2.0,2.5,H25 - CBA - Universell porter,40,2.0,55.69,14.0,3,100.0
126,2.0,2.5,H25 - CBA - Universell porter,40,2.0,55.69,14.0,1,0.0
126,2.0,2.5,H25 - CBA - Universell porter,40,2.0,55.69,14.0,4,0.0
126,2.0,2.5,H25 - CBA - Universell porter,40,2.0,55.69,14.0,2,0.0
126,2.0,2.5,H25 - CBA - Universell porter,40,2.0,55.69,14.0,5,0.0
126,2.0,2.6,H25 - CBA - Pipeline ytelse,48,2.0,55.69,14.0,4,75.0
126,2.0,2.6,H25 - CBA - Pipeline ytelse,48,2.0,55.69,14.0,3,0.0
126,2.0,2.6,H25 - CBA - Pipeline ytelse,48,2.0,55.69,14.0,5,0.0
126,2.0,2.6,H25 - CBA - Pipeline ytelse,48,2.0,55.69,14.0,2,0.0
126,2.0,2.6,H25 - CBA - Pipeline ytelse,48,2.0,55.69,14.0,1,25.0
126,2.0,2.7,H25 - CBA - Seriell Adder,56,2.0,55.69,14.0,2,75.0
126,2.0,2.7,H25 - CBA - Seriell Adder,56,2.0,55.69,14.0,3,25.0
126,2.0,2.7,H25 - CBA - Seriell Adder,56,2.0,55.69,14.0,1,0.0
126,2.0,2.7,H25 - CBA - Seriell Adder,56,2.0,55.69,14.0,4,0.0
126,2.0,2.7,H25 - CBA - Seriell Adder,56,2.0,55.69,14.0,5,0.0
7,2.0,2.1,H25 - CBA - Cache-miss,28,2.0,69.32,14.0,2,100.0
7,2.0,2.1,H25 - CBA - Cache-miss,28,2.0,69.32,14.0,1,0.0
7,2.0,2.1,H25 - CBA - Cache-miss,28,2.0,69.32,14.0,3,0.0
7,2.0,2.1,H25 - CBA - Cache-miss,28,2.0,69.32,14.0,5,0.0
7,2.0,2.1,H25 - CBA - Cache-miss,28,2.0,69.32,14.0,4,0.0
7,2.0,2.2,H25 - CBA - Adder,12,2.0,69.32,14.0,2,100.0
7,2.0,2.2,H25 - CBA - Adder,12,2.0,69.32,14.0,1,0.0
7,2.0,2.2,H25 - CBA - Adder,12,2.0,69.32,14.0,5,0.0
7,2.0,2.2,H25 - CBA - Adder,12,2.0,69.32,14.0,3,0.0
7,2.0,2.2,H25 - CBA - Adder,12,2.0,69.32,14.0,4,0.0
7,2.0,2.3,H25 - CBA - ALU,49,2.0,69.32,14.0,2,50.0
7,2.0,2.3,H25 - CBA - ALU,49,2.0,69.32,14.0,1,50.0
7,2.0,2.3,H25 - CBA - ALU,49,2.0,69.32,14.0,4,0.0
7,2.0,2.3,H25 - CBA - ALU,49,2.0,69.32,14.0,5,0.0
7,2.0,2.3,H25 - CBA - ALU,49,2.0,69.32,14.0,3,0.0
7,2.0,2.4,H25 - CBA - PC,34,2.0,69.32,14.0,3,100.0
7,2.0,2.4,H25 - CBA - PC,34,2.0,69.32,14.0,2,0.0
7,2.0,2.4,H25 - CBA - PC,34,2.0,69.32,14.0,4,0.0
7,2.0,2.4,H25 - CBA - PC,34,2.0,69.32,14.0,1,0.0
7,2.0,2.4,H25 - CBA - PC,34,2.0,69.32,14.0,5,0.0
7,2.0,2.5,H25 - CBA - Universell porter,19,2.0,69.32,14.0,3,100.0
7,2.0,2.5,H25 - CBA - Universell porter,19,2.0,69.32,14.0,1,0.0
7,2.0,2.5,H25 - CBA - Universell porter,19,2.0,69.32,14.0,4,0.0
7,2.0,2.5,H25 - CBA - Universell porter,19,2.0,69.32,14.0,2,0.0
7,2.0,2.5,H25 - CBA - Universell porter,19,2.0,69.32,14.0,5,0.0
7,2.0,2.6,H25 - CBA - Pipeline ytelse,19,2.0,69.32,14.0,4,100.0
7,2.0,2.6,H25 - CBA - Pipeline ytelse,19,2.0,69.32,14.0,1,0.0
7,2.0,2.6,H25 - CBA - Pipeline ytelse,19,2.0,69.32,14.0,2,0.0
7,2.0,2.6,H25 - CBA - Pipeline ytelse,19,2.0,69.32,14.0,3,0.0
7,2.0,2.6,H25 - CBA - Pipeline ytelse,19,2.0,69.32,14.0,5,0.0
7,2.0,2.7,H25 - CBA - Seriell Adder,18,2.0,69.32,14.0,1,100.0
7,2.0,2.7,H25 - CBA - Seriell Adder,18,2.0,69.32,14.0,4,0.0
7,2.0,2.7,H25 - CBA - Seriell Adder,18,2.0,69.32,14.0,5,0.0
7,2.0,2.7,H25 - CBA - Seriell Adder,18,2.0,69.32,14.0,2,0.0
7,2.0,2.7,H25 - CBA - Seriell Adder,18,2.0,69.32,14.0,3,0.0
293,2.0,2.1,H25 - CBA - Cache-miss,95,2.0,81.82,14.0,2,100.0
293,2.0,2.1,H25 - CBA - Cache-miss,95,2.0,81.82,14.0,5,0.0
293,2.0,2.1,H25 - CBA - Cache-miss,95,2.0,81.82,14.0,3,0.0
293,2.0,2.1,H25 - CBA - Cache-miss,95,2.0,81.82,14.0,1,0.0
293,2.0,2.1,H25 - CBA - Cache-miss,95,2.0,81.82,14.0,4,0.0
293,2.0,2.2,H25 - CBA - Adder,52,2.0,81.82,14.0,2,100.0
293,2.0,2.2,H25 - CBA - Adder,52,2.0,81.82,14.0,5,0.0
293,2.0,2.2,H25 - CBA - Adder,52,2.0,81.82,14.0,1,0.0
293,2.0,2.2,H25 - CBA - Adder,52,2.0,81.82,14.0,3,0.0
293,2.0,2.2,H25 - CBA - Adder,52,2.0,81.82,14.0,4,0.0
293,2.0,2.3,H25 - CBA - ALU,67,2.0,81.82,14.0,1,100.0
293,2.0,2.3,H25 - CBA - ALU,67,2.0,81.82,14.0,5,0.0
293,2.0,2.3,H25 - CBA - ALU,67,2.0,81.82,14.0,4,0.0
293,2.0,2.3,H25 - CBA - ALU,67,2.0,81.82,14.0,3,0.0
293,2.0,2.3,H25 - CBA - ALU,67,2.0,81.82,14.0,2,0.0
293,2.0,2.4,H25 - CBA - PC,74,2.0,81.82,14.0,1,100.0
293,2.0,2.4,H25 - CBA - PC,74,2.0,81.82,14.0,3,0.0
293,2.0,2.4,H25 - CBA - PC,74,2.0,81.82,14.0,2,0.0
293,2.0,2.4,H25 - CBA - PC,74,2.0,81.82,14.0,5,0.0
293,2.0,2.4,H25 - CBA - PC,74,2.0,81.82,14.0,4,0.0
293,2.0,2.5,H25 - CBA - Universell porter,183,2.0,81.82,14.0,2,0.0
293,2.0,2.5,H25 - CBA - Universell porter,183,2.0,81.82,14.0,3,100.0
293,2.0,2.5,H25 - CBA - Universell porter,183,2.0,81.82,14.0,5,0.0
293,2.0,2.5,H25 - CBA - Universell porter,183,2.0,81.82,14.0,1,0.0
293,2.0,2.5,H25 - CBA - Universell porter,183,2.0,81.82,14.0,4,0.0
293,2.0,2.6,H25 - CBA - Pipeline ytelse,86,2.0,81.82,14.0,2,0.0
293,2.0,2.6,H25 - CBA - Pipeline ytelse,86,2.0,81.82,14.0,4,75.0
293,2.0,2.6,H25 - CBA - Pipeline ytelse,86,2.0,81.82,14.0,5,0.0
293,2.0,2.6,H25 - CBA - Pipeline ytelse,86,2.0,81.82,14.0,3,25.0
293,2.0,2.6,H25 - CBA - Pipeline ytelse,86,2.0,81.82,14.0,1,0.0
293,2.0,2.7,H25 - CBA - Seriell Adder,106,2.0,81.82,14.0,1,0.0
293,2.0,2.7,H25 - CBA - Seriell Adder,106,2.0,81.82,14.0,3,0.0
293,2.0,2.7,H25 - CBA - Seriell Adder,106,2.0,81.82,14.0,2,100.0
293,2.0,2.7,H25 - CBA - Seriell Adder,106,2.0,81.82,14.0,4,0.0
293,2.0,2.7,H25 - CBA - Seriell Adder,106,2.0,81.82,14.0,5,0.0
381,2.0,2.1,H25 - CBA - Cache-miss,110,2.0,63.52,14.0,1,0.0
381,2.0,2.1,H25 - CBA - Cache-miss,110,2.0,63.52,14.0,2,50.0
381,2.0,2.1,H25 - CBA - Cache-miss,110,2.0,63.52,14.0,4,0.0
381,2.0,2.1,H25 - CBA - Cache-miss,110,2.0,63.52,14.0,5,50.0
381,2.0,2.1,H25 - CBA - Cache-miss,110,2.0,63.52,14.0,3,0.0
381,2.0,2.2,H25 - CBA - Adder,42,2.0,63.52,14.0,2,100.0
381,2.0,2.2,H25 - CBA - Adder,42,2.0,63.52,14.0,5,0.0
381,2.0,2.2,H25 - CBA - Adder,42,2.0,63.52,14.0,4,0.0
381,2.0,2.2,H25 - CBA - Adder,42,2.0,63.52,14.0,3,0.0
381,2.0,2.2,H25 - CBA - Adder,42,2.0,63.52,14.0,1,0.0
381,2.0,2.3,H25 - CBA - ALU,81,2.0,63.52,14.0,2,50.0
381,2.0,2.3,H25 - CBA - ALU,81,2.0,63.52,14.0,3,0.0
381,2.0,2.3,H25 - CBA - ALU,81,2.0,63.52,14.0,5,0.0
381,2.0,2.3,H25 - CBA - ALU,81,2.0,63.52,14.0,1,50.0
381,2.0,2.3,H25 - CBA - ALU,81,2.0,63.52,14.0,4,0.0
381,2.0,2.4,H25 - CBA - PC,25,2.0,63.52,14.0,1,100.0
381,2.0,2.4,H25 - CBA - PC,25,2.0,63.52,14.0,2,0.0
381,2.0,2.4,H25 - CBA - PC,25,2.0,63.52,14.0,4,0.0
381,2.0,2.4,H25 - CBA - PC,25,2.0,63.52,14.0,3,0.0
381,2.0,2.4,H25 - CBA - PC,25,2.0,63.52,14.0,5,0.0
381,2.0,2.5,H25 - CBA - Universell porter,25,2.0,63.52,14.0,3,100.0
381,2.0,2.5,H25 - CBA - Universell porter,25,2.0,63.52,14.0,2,0.0
381,2.0,2.5,H25 - CBA - Universell porter,25,2.0,63.52,14.0,4,0.0
381,2.0,2.5,H25 - CBA - Universell porter,25,2.0,63.52,14.0,5,0.0
381,2.0,2.5,H25 - CBA - Universell porter,25,2.0,63.52,14.0,1,0.0
381,2.0,2.6,H25 - CBA - Pipeline ytelse,97,2.0,63.52,14.0,2,0.0
381,2.0,2.6,H25 - CBA - Pipeline ytelse,97,2.0,63.52,14.0,1,0.0
381,2.0,2.6,H25 - CBA - Pipeline ytelse,97,2.0,63.52,14.0,5,0.0
381,2.0,2.6,H25 - CBA - Pipeline ytelse,97,2.0,63.52,14.0,4,100.0
381,2.0,2.6,H25 - CBA - Pipeline ytelse,97,2.0,63.52,14.0,3,0.0
381,2.0,2.7,H25 - CBA - Seriell Adder,250,2.0,63.52,14.0,3,0.0
381,2.0,2.7,H25 - CBA - Seriell Adder,250,2.0,63.52,14.0,2,0.0
381,2.0,2.7,H25 - CBA - Seriell Adder,250,2.0,63.52,14.0,5,25.0
381,2.0,2.7,H25 - CBA - Seriell Adder,250,2.0,63.52,14.0,1,25.0
381,2.0,2.7,H25 - CBA - Seriell Adder,250,2.0,63.52,14.0,4,50.0
117,2.0,2.2,H25 - CBA - Adder,32,2.0,43.88,10.0,2,100.0
117,2.0,2.3,H25 - CBA - ALU,69,2.0,43.88,10.0,1,100.0
117,2.0,2.3,H25 - CBA - ALU,69,2.0,43.88,10.0,4,0.0
117,2.0,2.3,H25 - CBA - ALU,69,2.0,43.88,10.0,3,0.0
117,2.0,2.3,H25 - CBA - ALU,69,2.0,43.88,10.0,2,0.0
117,2.0,2.3,H25 - CBA - ALU,69,2.0,43.88,10.0,5,0.0
117,2.0,2.4,H25 - CBA - PC,42,2.0,43.88,10.0,3,100.0
117,2.0,2.4,H25 - CBA - PC,42,2.0,43.88,10.0,5,0.0
117,2.0,2.4,H25 - CBA - PC,42,2.0,43.88,10.0,2,0.0
117,2.0,2.4,H25 - CBA - PC,42,2.0,43.88,10.0,1,0.0
117,2.0,2.4,H25 - CBA - PC,42,2.0,43.88,10.0,4,0.0
117,2.0,2.5,H25 - CBA - Universell porter,24,2.0,43.88,10.0,3,100.0
117,2.0,2.5,H25 - CBA - Universell porter,24,2.0,43.88,10.0,4,0.0
117,2.0,2.5,H25 - CBA - Universell porter,24,2.0,43.88,10.0,2,0.0
117,2.0,2.5,H25 - CBA - Universell porter,24,2.0,43.88,10.0,5,0.0
117,2.0,2.5,H25 - CBA - Universell porter,24,2.0,43.88,10.0,1,0.0
117,2.0,2.6,H25 - CBA - Pipeline ytelse,104,2.0,43.88,10.0,3,75.0
117,2.0,2.6,H25 - CBA - Pipeline ytelse,104,2.0,43.88,10.0,1,25.0
117,2.0,2.6,H25 - CBA - Pipeline ytelse,104,2.0,43.88,10.0,2,0.0
117,2.0,2.6,H25 - CBA - Pipeline ytelse,104,2.0,43.88,10.0,4,0.0
117,2.0,2.6,H25 - CBA - Pipeline ytelse,104,2.0,43.88,10.0,5,0.0
321,2.0,2.1,H25 - CBA - Cache-miss,90,2.0,75.32,14.0,1,0.0
321,2.0,2.1,H25 - CBA - Cache-miss,90,2.0,75.32,14.0,2,100.0
321,2.0,2.1,H25 - CBA - Cache-miss,90,2.0,75.32,14.0,5,0.0
321,2.0,2.1,H25 - CBA - Cache-miss,90,2.0,75.32,14.0,4,0.0
321,2.0,2.1,H25 - CBA - Cache-miss,90,2.0,75.32,14.0,3,0.0
321,2.0,2.2,H25 - CBA - Adder,104,2.0,75.32,14.0,2,100.0
321,2.0,2.2,H25 - CBA - Adder,104,2.0,75.32,14.0,1,0.0
321,2.0,2.2,H25 - CBA - Adder,104,2.0,75.32,14.0,3,0.0
321,2.0,2.2,H25 - CBA - Adder,104,2.0,75.32,14.0,4,0.0
321,2.0,2.2,H25 - CBA - Adder,104,2.0,75.32,14.0,5,0.0
321,2.0,2.3,H25 - CBA - ALU,111,2.0,75.32,14.0,5,50.0
321,2.0,2.3,H25 - CBA - ALU,111,2.0,75.32,14.0,3,50.0
321,2.0,2.3,H25 - CBA - ALU,111,2.0,75.32,14.0,2,0.0
321,2.0,2.3,H25 - CBA - ALU,111,2.0,75.32,14.0,4,0.0
321,2.0,2.3,H25 - CBA - ALU,111,2.0,75.32,14.0,1,0.0
321,2.0,2.4,H25 - CBA - PC,57,2.0,75.32,14.0,3,100.0
321,2.0,2.4,H25 - CBA - PC,57,2.0,75.32,14.0,2,0.0
321,2.0,2.4,H25 - CBA - PC,57,2.0,75.32,14.0,5,0.0
321,2.0,2.4,H25 - CBA - PC,57,2.0,75.32,14.0,1,0.0
321,2.0,2.4,H25 - CBA - PC,57,2.0,75.32,14.0,4,0.0
321,2.0,2.5,H25 - CBA - Universell porter,69,2.0,75.32,14.0,3,100.0
321,2.0,2.5,H25 - CBA - Universell porter,69,2.0,75.32,14.0,4,0.0
321,2.0,2.5,H25 - CBA - Universell porter,69,2.0,75.32,14.0,1,0.0
321,2.0,2.5,H25 - CBA - Universell porter,69,2.0,75.32,14.0,2,0.0
321,2.0,2.5,H25 - CBA - Universell porter,69,2.0,75.32,14.0,5,0.0
321,2.0,2.6,H25 - CBA - Pipeline ytelse,234,2.0,75.32,14.0,4,100.0
321,2.0,2.6,H25 - CBA - Pipeline ytelse,234,2.0,75.32,14.0,2,0.0
321,2.0,2.6,H25 - CBA - Pipeline ytelse,234,2.0,75.32,14.0,3,0.0
321,2.0,2.6,H25 - CBA - Pipeline ytelse,234,2.0,75.32,14.0,5,0.0
321,2.0,2.6,H25 - CBA - Pipeline ytelse,234,2.0,75.32,14.0,1,0.0
321,2.0,2.7,H25 - CBA - Seriell Adder,141,2.0,75.32,14.0,1,0.0
321,2.0,2.7,H25 - CBA - Seriell Adder,141,2.0,75.32,14.0,3,50.0
321,2.0,2.7,H25 - CBA - Seriell Adder,141,2.0,75.32,14.0,4,0.0
321,2.0,2.7,H25 - CBA - Seriell Adder,141,2.0,75.32,14.0,2,50.0
321,2.0,2.7,H25 - CBA - Seriell Adder,141,2.0,75.32,14.0,5,0.0
174,2.0,2.1,H25 - CBA - Cache-miss,61,2.0,91.5,14.0,2,75.0
174,2.0,2.1,H25 - CBA - Cache-miss,61,2.0,91.5,14.0,5,25.0
174,2.0,2.1,H25 - CBA - Cache-miss,61,2.0,91.5,14.0,4,0.0
174,2.0,2.1,H25 - CBA - Cache-miss,61,2.0,91.5,14.0,3,0.0
174,2.0,2.1,H25 - CBA - Cache-miss,61,2.0,91.5,14.0,1,0.0
174,2.0,2.2,H25 - CBA - Adder,58,2.0,91.5,14.0,2,75.0
174,2.0,2.2,H25 - CBA - Adder,58,2.0,91.5,14.0,3,0.0
174,2.0,2.2,H25 - CBA - Adder,58,2.0,91.5,14.0,1,0.0
174,2.0,2.2,H25 - CBA - Adder,58,2.0,91.5,14.0,4,25.0
174,2.0,2.2,H25 - CBA - Adder,58,2.0,91.5,14.0,5,0.0
174,2.0,2.3,H25 - CBA - ALU,24,2.0,91.5,14.0,1,100.0
174,2.0,2.3,H25 - CBA - ALU,24,2.0,91.5,14.0,3,0.0
174,2.0,2.3,H25 - CBA - ALU,24,2.0,91.5,14.0,2,0.0
174,2.0,2.3,H25 - CBA - ALU,24,2.0,91.5,14.0,4,0.0
174,2.0,2.3,H25 - CBA - ALU,24,2.0,91.5,14.0,5,0.0
174,2.0,2.4,H25 - CBA - PC,45,2.0,91.5,14.0,2,75.0
174,2.0,2.4,H25 - CBA - PC,45,2.0,91.5,14.0,1,25.0
174,2.0,2.4,H25 - CBA - PC,45,2.0,91.5,14.0,3,0.0
174,2.0,2.4,H25 - CBA - PC,45,2.0,91.5,14.0,4,0.0
174,2.0,2.4,H25 - CBA - PC,45,2.0,91.5,14.0,5,0.0
174,2.0,2.5,H25 - CBA - Universell porter,20,2.0,91.5,14.0,3,100.0
174,2.0,2.5,H25 - CBA - Universell porter,20,2.0,91.5,14.0,4,0.0
174,2.0,2.5,H25 - CBA - Universell porter,20,2.0,91.5,14.0,2,0.0
174,2.0,2.5,H25 - CBA - Universell porter,20,2.0,91.5,14.0,1,0.0
174,2.0,2.5,H25 - CBA - Universell porter,20,2.0,91.5,14.0,5,0.0
174,2.0,2.6,H25 - CBA - Pipeline ytelse,85,2.0,91.5,14.0,4,50.0
174,2.0,2.6,H25 - CBA - Pipeline ytelse,85,2.0,91.5,14.0,3,0.0
174,2.0,2.6,H25 - CBA - Pipeline ytelse,85,2.0,91.5,14.0,1,50.0
174,2.0,2.6,H25 - CBA - Pipeline ytelse,85,2.0,91.5,14.0,2,0.0
174,2.0,2.6,H25 - CBA - Pipeline ytelse,85,2.0,91.5,14.0,5,0.0
174,2.0,2.7,H25 - CBA - Seriell Adder,25,2.0,91.5,14.0,2,100.0
174,2.0,2.7,H25 - CBA - Seriell Adder,25,2.0,91.5,14.0,1,0.0
174,2.0,2.7,H25 - CBA - Seriell Adder,25,2.0,91.5,14.0,4,0.0
174,2.0,2.7,H25 - CBA - Seriell Adder,25,2.0,91.5,14.0,5,0.0
174,2.0,2.7,H25 - CBA - Seriell Adder,25,2.0,91.5,14.0,3,0.0
114,2.0,2.1,H25 - CBA - Cache-miss,183,2.0,83.0,14.0,2,100.0
114,2.0,2.1,H25 - CBA - Cache-miss,183,2.0,83.0,14.0,5,0.0
114,2.0,2.1,H25 - CBA - Cache-miss,183,2.0,83.0,14.0,3,0.0
114,2.0,2.1,H25 - CBA - Cache-miss,183,2.0,83.0,14.0,1,0.0
114,2.0,2.1,H25 - CBA - Cache-miss,183,2.0,83.0,14.0,4,0.0
114,2.0,2.2,H25 - CBA - Adder,94,2.0,83.0,14.0,2,100.0
114,2.0,2.2,H25 - CBA - Adder,94,2.0,83.0,14.0,4,0.0
114,2.0,2.2,H25 - CBA - Adder,94,2.0,83.0,14.0,5,0.0
114,2.0,2.2,H25 - CBA - Adder,94,2.0,83.0,14.0,3,0.0
114,2.0,2.2,H25 - CBA - Adder,94,2.0,83.0,14.0,1,0.0
114,2.0,2.3,H25 - CBA - ALU,109,2.0,83.0,14.0,1,50.0
114,2.0,2.3,H25 - CBA - ALU,109,2.0,83.0,14.0,5,50.0
114,2.0,2.3,H25 - CBA - ALU,109,2.0,83.0,14.0,4,0.0
114,2.0,2.3,H25 - CBA - ALU,109,2.0,83.0,14.0,3,0.0
114,2.0,2.3,H25 - CBA - ALU,109,2.0,83.0,14.0,2,0.0
114,2.0,2.4,H25 - CBA - PC,48,2.0,83.0,14.0,3,100.0
114,2.0,2.4,H25 - CBA - PC,48,2.0,83.0,14.0,4,0.0
114,2.0,2.4,H25 - CBA - PC,48,2.0,83.0,14.0,2,0.0
114,2.0,2.4,H25 - CBA - PC,48,2.0,83.0,14.0,5,0.0
114,2.0,2.4,H25 - CBA - PC,48,2.0,83.0,14.0,1,0.0
114,2.0,2.5,H25 - CBA - Universell porter,63,2.0,83.0,14.0,3,100.0
114,2.0,2.5,H25 - CBA - Universell porter,63,2.0,83.0,14.0,2,0.0
114,2.0,2.5,H25 - CBA - Universell porter,63,2.0,83.0,14.0,5,0.0
114,2.0,2.5,H25 - CBA - Universell porter,63,2.0,83.0,14.0,4,0.0
114,2.0,2.5,H25 - CBA - Universell porter,63,2.0,83.0,14.0,1,0.0
114,2.0,2.6,H25 - CBA - Pipeline ytelse,41,2.0,83.0,14.0,4,100.0
114,2.0,2.6,H25 - CBA - Pipeline ytelse,41,2.0,83.0,14.0,2,0.0
114,2.0,2.6,H25 - CBA - Pipeline ytelse,41,2.0,83.0,14.0,3,0.0
114,2.0,2.6,H25 - CBA - Pipeline ytelse,41,2.0,83.0,14.0,1,0.0
114,2.0,2.6,H25 - CBA - Pipeline ytelse,41,2.0,83.0,14.0,5,0.0
114,2.0,2.7,H25 - CBA - Seriell Adder,61,2.0,83.0,14.0,2,100.0
114,2.0,2.7,H25 - CBA - Seriell Adder,61,2.0,83.0,14.0,4,0.0
114,2.0,2.7,H25 - CBA - Seriell Adder,61,2.0,83.0,14.0,5,0.0
114,2.0,2.7,H25 - CBA - Seriell Adder,61,2.0,83.0,14.0,1,0.0
114,2.0,2.7,H25 - CBA - Seriell Adder,61,2.0,83.0,14.0,3,0.0
249,2.0,2.1,H25 - CBA - Cache-miss,52,2.0,44.68,14.0,1,0.0
249,2.0,2.1,H25 - CBA - Cache-miss,52,2.0,44.68,14.0,3,25.0
249,2.0,2.1,H25 - CBA - Cache-miss,52,2.0,44.68,14.0,5,0.0
249,2.0,2.1,H25 - CBA - Cache-miss,52,2.0,44.68,14.0,2,75.0
249,2.0,2.1,H25 - CBA - Cache-miss,52,2.0,44.68,14.0,4,0.0
249,2.0,2.2,H25 - CBA - Adder,116,2.0,44.68,14.0,4,0.0
249,2.0,2.2,H25 - CBA - Adder,116,2.0,44.68,14.0,1,0.0
249,2.0,2.2,H25 - CBA - Adder,116,2.0,44.68,14.0,5,50.0
249,2.0,2.2,H25 - CBA - Adder,116,2.0,44.68,14.0,3,50.0
249,2.0,2.2,H25 - CBA - Adder,116,2.0,44.68,14.0,2,0.0
249,2.0,2.3,H25 - CBA - ALU,240,2.0,44.68,14.0,1,100.0
249,2.0,2.3,H25 - CBA - ALU,240,2.0,44.68,14.0,5,0.0
249,2.0,2.3,H25 - CBA - ALU,240,2.0,44.68,14.0,3,0.0
249,2.0,2.3,H25 - CBA - ALU,240,2.0,44.68,14.0,2,0.0
249,2.0,2.3,H25 - CBA - ALU,240,2.0,44.68,14.0,4,0.0
249,2.0,2.4,H25 - CBA - PC,244,2.0,44.68,14.0,3,75.0
249,2.0,2.4,H25 - CBA - PC,244,2.0,44.68,14.0,5,0.0
249,2.0,2.4,H25 - CBA - PC,244,2.0,44.68,14.0,4,0.0
249,2.0,2.4,H25 - CBA - PC,244,2.0,44.68,14.0,2,0.0
249,2.0,2.4,H25 - CBA - PC,244,2.0,44.68,14.0,1,25.0
249,2.0,2.5,H25 - CBA - Universell porter,92,2.0,44.68,14.0,4,0.0
249,2.0,2.5,H25 - CBA - Universell porter,92,2.0,44.68,14.0,3,25.0
249,2.0,2.5,H25 - CBA - Universell porter,92,2.0,44.68,14.0,1,0.0
249,2.0,2.5,H25 - CBA - Universell porter,92,2.0,44.68,14.0,2,0.0
249,2.0,2.5,H25 - CBA - Universell porter,92,2.0,44.68,14.0,5,75.0
249,2.0,2.6,H25 - CBA - Pipeline ytelse,64,2.0,44.68,14.0,4,0.0
249,2.0,2.6,H25 - CBA - Pipeline ytelse,64,2.0,44.68,14.0,2,0.0
249,2.0,2.6,H25 - CBA - Pipeline ytelse,64,2.0,44.68,14.0,3,0.0
249,2.0,2.6,H25 - CBA - Pipeline ytelse,64,2.0,44.68,14.0,1,100.0
249,2.0,2.6,H25 - CBA - Pipeline ytelse,64,2.0,44.68,14.0,5,0.0
249,2.0,2.7,H25 - CBA - Seriell Adder,213,2.0,44.68,14.0,3,0.0
249,2.0,2.7,H25 - CBA - Seriell Adder,213,2.0,44.68,14.0,1,0.0
249,2.0,2.7,H25 - CBA - Seriell Adder,213,2.0,44.68,14.0,4,0.0
249,2.0,2.7,H25 - CBA - Seriell Adder,213,2.0,44.68,14.0,5,0.0
249,2.0,2.7,H25 - CBA - Seriell Adder,213,2.0,44.68,14.0,2,100.0
329,2.0,2.1,H25 - CBA - Cache-miss,68,2.0,74.62,14.0,2,100.0
329,2.0,2.1,H25 - CBA - Cache-miss,68,2.0,74.62,14.0,3,0.0
329,2.0,2.1,H25 - CBA - Cache-miss,68,2.0,74.62,14.0,1,0.0
329,2.0,2.1,H25 - CBA - Cache-miss,68,2.0,74.62,14.0,5,0.0
329,2.0,2.1,H25 - CBA - Cache-miss,68,2.0,74.62,14.0,4,0.0
329,2.0,2.2,H25 - CBA - Adder,244,2.0,74.62,14.0,5,50.0
329,2.0,2.2,H25 - CBA - Adder,244,2.0,74.62,14.0,3,50.0
329,2.0,2.2,H25 - CBA - Adder,244,2.0,74.62,14.0,4,0.0
329,2.0,2.2,H25 - CBA - Adder,244,2.0,74.62,14.0,2,0.0
329,2.0,2.2,H25 - CBA - Adder,244,2.0,74.62,14.0,1,0.0
329,2.0,2.3,H25 - CBA - ALU,125,2.0,74.62,14.0,5,0.0
329,2.0,2.3,H25 - CBA - ALU,125,2.0,74.62,14.0,1,100.0
329,2.0,2.3,H25 - CBA - ALU,125,2.0,74.62,14.0,4,0.0
329,2.0,2.3,H25 - CBA - ALU,125,2.0,74.62,14.0,3,0.0
329,2.0,2.3,H25 - CBA - ALU,125,2.0,74.62,14.0,2,0.0
329,2.0,2.4,H25 - CBA - PC,57,2.0,74.62,14.0,1,100.0
329,2.0,2.4,H25 - CBA - PC,57,2.0,74.62,14.0,2,0.0
329,2.0,2.4,H25 - CBA - PC,57,2.0,74.62,14.0,3,0.0
329,2.0,2.4,H25 - CBA - PC,57,2.0,74.62,14.0,5,0.0
329,2.0,2.4,H25 - CBA - PC,57,2.0,74.62,14.0,4,0.0
329,2.0,2.5,H25 - CBA - Universell porter,287,2.0,74.62,14.0,3,100.0
329,2.0,2.5,H25 - CBA - Universell porter,287,2.0,74.62,14.0,5,0.0
329,2.0,2.5,H25 - CBA - Universell porter,287,2.0,74.62,14.0,2,0.0
329,2.0,2.5,H25 - CBA - Universell porter,287,2.0,74.62,14.0,1,0.0
329,2.0,2.5,H25 - CBA - Universell porter,287,2.0,74.62,14.0,4,0.0
329,2.0,2.6,H25 - CBA - Pipeline ytelse,48,2.0,74.62,14.0,1,100.0
329,2.0,2.6,H25 - CBA - Pipeline ytelse,48,2.0,74.62,14.0,5,0.0
329,2.0,2.6,H25 - CBA - Pipeline ytelse,48,2.0,74.62,14.0,2,0.0
329,2.0,2.6,H25 - CBA - Pipeline ytelse,48,2.0,74.62,14.0,4,0.0
329,2.0,2.6,H25 - CBA - Pipeline ytelse,48,2.0,74.62,14.0,3,0.0
329,2.0,2.7,H25 - CBA - Seriell Adder,305,2.0,74.62,14.0,5,0.0
329,2.0,2.7,H25 - CBA - Seriell Adder,305,2.0,74.62,14.0,3,50.0
329,2.0,2.7,H25 - CBA - Seriell Adder,305,2.0,74.62,14.0,2,50.0
329,2.0,2.7,H25 - CBA - Seriell Adder,305,2.0,74.62,14.0,4,0.0
329,2.0,2.7,H25 - CBA - Seriell Adder,305,2.0,74.62,14.0,1,0.0
75,2.0,2.1,H25 - CBA - Cache-miss,166,2.0,46.77,14.0,2,75.0
75,2.0,2.1,H25 - CBA - Cache-miss,166,2.0,46.77,14.0,3,25.0
75,2.0,2.1,H25 - CBA - Cache-miss,166,2.0,46.77,14.0,1,0.0
75,2.0,2.1,H25 - CBA - Cache-miss,166,2.0,46.77,14.0,4,0.0
75,2.0,2.1,H25 - CBA - Cache-miss,166,2.0,46.77,14.0,5,0.0
75,2.0,2.2,H25 - CBA - Adder,112,2.0,46.77,14.0,3,0.0
75,2.0,2.2,H25 - CBA - Adder,112,2.0,46.77,14.0,1,0.0
75,2.0,2.2,H25 - CBA - Adder,112,2.0,46.77,14.0,4,75.0
75,2.0,2.2,H25 - CBA - Adder,112,2.0,46.77,14.0,2,25.0
75,2.0,2.2,H25 - CBA - Adder,112,2.0,46.77,14.0,5,0.0
75,2.0,2.3,H25 - CBA - ALU,156,2.0,46.77,14.0,3,25.0
75,2.0,2.3,H25 - CBA - ALU,156,2.0,46.77,14.0,2,0.0
75,2.0,2.3,H25 - CBA - ALU,156,2.0,46.77,14.0,4,0.0
75,2.0,2.3,H25 - CBA - ALU,156,2.0,46.77,14.0,1,75.0
75,2.0,2.3,H25 - CBA - ALU,156,2.0,46.77,14.0,5,0.0
75,2.0,2.4,H25 - CBA - PC,124,2.0,46.77,14.0,4,0.0
75,2.0,2.4,H25 - CBA - PC,124,2.0,46.77,14.0,3,0.0
75,2.0,2.4,H25 - CBA - PC,124,2.0,46.77,14.0,2,0.0
75,2.0,2.4,H25 - CBA - PC,124,2.0,46.77,14.0,5,75.0
75,2.0,2.4,H25 - CBA - PC,124,2.0,46.77,14.0,1,25.0
75,2.0,2.5,H25 - CBA - Universell porter,84,2.0,46.77,14.0,4,50.0
75,2.0,2.5,H25 - CBA - Universell porter,84,2.0,46.77,14.0,5,50.0
75,2.0,2.5,H25 - CBA - Universell porter,84,2.0,46.77,14.0,3,0.0
75,2.0,2.5,H25 - CBA - Universell porter,84,2.0,46.77,14.0,1,0.0
75,2.0,2.5,H25 - CBA - Universell porter,84,2.0,46.77,14.0,2,0.0
75,2.0,2.6,H25 - CBA - Pipeline ytelse,78,2.0,46.77,14.0,3,0.0
75,2.0,2.6,H25 - CBA - Pipeline ytelse,78,2.0,46.77,14.0,4,0.0
75,2.0,2.6,H25 - CBA - Pipeline ytelse,78,2.0,46.77,14.0,2,75.0
75,2.0,2.6,H25 - CBA - Pipeline ytelse,78,2.0,46.77,14.0,1,25.0
75,2.0,2.6,H25 - CBA - Pipeline ytelse,78,2.0,46.77,14.0,5,0.0
75,2.0,2.7,H25 - CBA - Seriell Adder,166,2.0,46.77,14.0,2,25.0
75,2.0,2.7,H25 - CBA - Seriell Adder,166,2.0,46.77,14.0,1,25.0
75,2.0,2.7,H25 - CBA - Seriell Adder,166,2.0,46.77,14.0,5,0.0
75,2.0,2.7,H25 - CBA - Seriell Adder,166,2.0,46.77,14.0,3,25.0
75,2.0,2.7,H25 - CBA - Seriell Adder,166,2.0,46.77,14.0,4,25.0
479,2.0,2.1,H25 - CBA - Cache-miss,316,2.0,47.05,14.0,2,0.0
479,2.0,2.1,H25 - CBA - Cache-miss,316,2.0,47.05,14.0,1,0.0
479,2.0,2.1,H25 - CBA - Cache-miss,316,2.0,47.05,14.0,5,50.0
479,2.0,2.1,H25 - CBA - Cache-miss,316,2.0,47.05,14.0,4,0.0
479,2.0,2.1,H25 - CBA - Cache-miss,316,2.0,47.05,14.0,3,50.0
479,2.0,2.2,H25 - CBA - Adder,114,2.0,47.05,14.0,5,50.0
479,2.0,2.2,H25 - CBA - Adder,114,2.0,47.05,14.0,3,50.0
479,2.0,2.2,H25 - CBA - Adder,114,2.0,47.05,14.0,2,0.0
479,2.0,2.2,H25 - CBA - Adder,114,2.0,47.05,14.0,1,0.0
479,2.0,2.2,H25 - CBA - Adder,114,2.0,47.05,14.0,4,0.0
479,2.0,2.3,H25 - CBA - ALU,90,2.0,47.05,14.0,5,100.0
479,2.0,2.3,H25 - CBA - ALU,90,2.0,47.05,14.0,4,0.0
479,2.0,2.3,H25 - CBA - ALU,90,2.0,47.05,14.0,2,0.0
479,2.0,2.3,H25 - CBA - ALU,90,2.0,47.05,14.0,1,0.0
479,2.0,2.3,H25 - CBA - ALU,90,2.0,47.05,14.0,3,0.0
479,2.0,2.4,H25 - CBA - PC,100,2.0,47.05,14.0,5,50.0
479,2.0,2.4,H25 - CBA - PC,100,2.0,47.05,14.0,3,50.0
479,2.0,2.4,H25 - CBA - PC,100,2.0,47.05,14.0,1,0.0
479,2.0,2.4,H25 - CBA - PC,100,2.0,47.05,14.0,2,0.0
479,2.0,2.4,H25 - CBA - PC,100,2.0,47.05,14.0,4,0.0
479,2.0,2.5,H25 - CBA - Universell porter,146,2.0,47.05,14.0,3,75.0
479,2.0,2.5,H25 - CBA - Universell porter,146,2.0,47.05,14.0,4,0.0
479,2.0,2.5,H25 - CBA - Universell porter,146,2.0,47.05,14.0,1,0.0
479,2.0,2.5,H25 - CBA - Universell porter,146,2.0,47.05,14.0,5,25.0
479,2.0,2.5,H25 - CBA - Universell porter,146,2.0,47.05,14.0,2,0.0
479,2.0,2.6,H25 - CBA - Pipeline ytelse,163,2.0,47.05,14.0,4,0.0
479,2.0,2.6,H25 - CBA - Pipeline ytelse,163,2.0,47.05,14.0,1,50.0
479,2.0,2.6,H25 - CBA - Pipeline ytelse,163,2.0,47.05,14.0,2,0.0
479,2.0,2.6,H25 - CBA - Pipeline ytelse,163,2.0,47.05,14.0,5,0.0
479,2.0,2.6,H25 - CBA - Pipeline ytelse,163,2.0,47.05,14.0,3,50.0
479,2.0,2.7,H25 - CBA - Seriell Adder,88,2.0,47.05,14.0,4,0.0
479,2.0,2.7,H25 - CBA - Seriell Adder,88,2.0,47.05,14.0,2,100.0
479,2.0,2.7,H25 - CBA - Seriell Adder,88,2.0,47.05,14.0,1,0.0
479,2.0,2.7,H25 - CBA - Seriell Adder,88,2.0,47.05,14.0,5,0.0
479,2.0,2.7,H25 - CBA - Seriell Adder,88,2.0,47.05,14.0,3,0.0
494,2.0,2.1,H25 - CBA - Cache-miss,29,2.0,51.65,6.0,2,100.0
494,2.0,2.2,H25 - CBA - Adder,25,0.0,51.65,6.0,2,50.0
494,2.0,2.2,H25 - CBA - Adder,25,0.0,51.65,6.0,5,50.0
494,2.0,2.3,H25 - CBA - ALU,28,0.0,51.65,6.0,1,75.0
494,2.0,2.3,H25 - CBA - ALU,28,0.0,51.65,6.0,4,25.0
494,2.0,2.4,H25 - CBA - PC,60,0.0,51.65,6.0,1,75.0
494,2.0,2.4,H25 - CBA - PC,60,0.0,51.65,6.0,2,25.0
494,2.0,2.5,H25 - CBA - Universell porter,74,0.0,51.65,6.0,3,75.0
494,2.0,2.5,H25 - CBA - Universell porter,74,0.0,51.65,6.0,1,25.0
494,2.0,2.6,H25 - CBA - Pipeline ytelse,17,2.0,51.65,6.0,4,100.0
494,2.0,2.7,H25 - CBA - Seriell Adder,107,2.0,51.65,6.0,2,100.0
472,2.0,2.1,H25 - CBA - Cache-miss,139,2.0,88.65,14.0,1,0.0
472,2.0,2.1,H25 - CBA - Cache-miss,139,2.0,88.65,14.0,2,100.0
472,2.0,2.1,H25 - CBA - Cache-miss,139,2.0,88.65,14.0,3,0.0
472,2.0,2.1,H25 - CBA - Cache-miss,139,2.0,88.65,14.0,5,0.0
472,2.0,2.1,H25 - CBA - Cache-miss,139,2.0,88.65,14.0,4,0.0
472,2.0,2.2,H25 - CBA - Adder,37,2.0,88.65,14.0,5,0.0
472,2.0,2.2,H25 - CBA - Adder,37,2.0,88.65,14.0,1,0.0
472,2.0,2.2,H25 - CBA - Adder,37,2.0,88.65,14.0,4,0.0
472,2.0,2.2,H25 - CBA - Adder,37,2.0,88.65,14.0,3,0.0
472,2.0,2.2,H25 - CBA - Adder,37,2.0,88.65,14.0,2,100.0
472,2.0,2.3,H25 - CBA - ALU,137,2.0,88.65,14.0,5,0.0
472,2.0,2.3,H25 - CBA - ALU,137,2.0,88.65,14.0,4,0.0
472,2.0,2.3,H25 - CBA - ALU,137,2.0,88.65,14.0,3,0.0
472,2.0,2.3,H25 - CBA - ALU,137,2.0,88.65,14.0,1,50.0
472,2.0,2.3,H25 - CBA - ALU,137,2.0,88.65,14.0,2,50.0
472,2.0,2.4,H25 - CBA - PC,96,2.0,88.65,14.0,4,0.0
472,2.0,2.4,H25 - CBA - PC,96,2.0,88.65,14.0,1,100.0
472,2.0,2.4,H25 - CBA - PC,96,2.0,88.65,14.0,5,0.0
472,2.0,2.4,H25 - CBA - PC,96,2.0,88.65,14.0,2,0.0
472,2.0,2.4,H25 - CBA - PC,96,2.0,88.65,14.0,3,0.0
472,2.0,2.5,H25 - CBA - Universell porter,84,2.0,88.65,14.0,3,100.0
472,2.0,2.5,H25 - CBA - Universell porter,84,2.0,88.65,14.0,4,0.0
472,2.0,2.5,H25 - CBA - Universell porter,84,2.0,88.65,14.0,5,0.0
472,2.0,2.5,H25 - CBA - Universell porter,84,2.0,88.65,14.0,2,0.0
472,2.0,2.5,H25 - CBA - Universell porter,84,2.0,88.65,14.0,1,0.0
472,2.0,2.6,H25 - CBA - Pipeline ytelse,81,2.0,88.65,14.0,2,0.0
472,2.0,2.6,H25 - CBA - Pipeline ytelse,81,2.0,88.65,14.0,1,0.0
472,2.0,2.6,H25 - CBA - Pipeline ytelse,81,2.0,88.65,14.0,3,0.0
472,2.0,2.6,H25 - CBA - Pipeline ytelse,81,2.0,88.65,14.0,5,0.0
472,2.0,2.6,H25 - CBA - Pipeline ytelse,81,2.0,88.65,14.0,4,100.0
472,2.0,2.7,H25 - CBA - Seriell Adder,144,2.0,88.65,14.0,5,50.0
472,2.0,2.7,H25 - CBA - Seriell Adder,144,2.0,88.65,14.0,2,50.0
472,2.0,2.7,H25 - CBA - Seriell Adder,144,2.0,88.65,14.0,3,0.0
472,2.0,2.7,H25 - CBA - Seriell Adder,144,2.0,88.65,14.0,1,0.0
472,2.0,2.7,H25 - CBA - Seriell Adder,144,2.0,88.65,14.0,4,0.0
90,2.0,2.1,H25 - CBA - Cache-miss,95,2.0,86.65,14.0,2,100.0
90,2.0,2.1,H25 - CBA - Cache-miss,95,2.0,86.65,14.0,4,0.0
90,2.0,2.1,H25 - CBA - Cache-miss,95,2.0,86.65,14.0,1,0.0
90,2.0,2.1,H25 - CBA - Cache-miss,95,2.0,86.65,14.0,3,0.0
90,2.0,2.1,H25 - CBA - Cache-miss,95,2.0,86.65,14.0,5,0.0
90,2.0,2.2,H25 - CBA - Adder,75,2.0,86.65,14.0,2,100.0
90,2.0,2.2,H25 - CBA - Adder,75,2.0,86.65,14.0,3,0.0
90,2.0,2.2,H25 - CBA - Adder,75,2.0,86.65,14.0,5,0.0
90,2.0,2.2,H25 - CBA - Adder,75,2.0,86.65,14.0,4,0.0
90,2.0,2.2,H25 - CBA - Adder,75,2.0,86.65,14.0,1,0.0
90,2.0,2.3,H25 - CBA - ALU,46,2.0,86.65,14.0,1,100.0
90,2.0,2.3,H25 - CBA - ALU,46,2.0,86.65,14.0,4,0.0
90,2.0,2.3,H25 - CBA - ALU,46,2.0,86.65,14.0,5,0.0
90,2.0,2.3,H25 - CBA - ALU,46,2.0,86.65,14.0,3,0.0
90,2.0,2.3,H25 - CBA - ALU,46,2.0,86.65,14.0,2,0.0
90,2.0,2.4,H25 - CBA - PC,72,2.0,86.65,14.0,1,100.0
90,2.0,2.4,H25 - CBA - PC,72,2.0,86.65,14.0,3,0.0
90,2.0,2.4,H25 - CBA - PC,72,2.0,86.65,14.0,4,0.0
90,2.0,2.4,H25 - CBA - PC,72,2.0,86.65,14.0,2,0.0
90,2.0,2.4,H25 - CBA - PC,72,2.0,86.65,14.0,5,0.0
90,2.0,2.5,H25 - CBA - Universell porter,62,2.0,86.65,14.0,3,100.0
90,2.0,2.5,H25 - CBA - Universell porter,62,2.0,86.65,14.0,5,0.0
90,2.0,2.5,H25 - CBA - Universell porter,62,2.0,86.65,14.0,4,0.0
90,2.0,2.5,H25 - CBA - Universell porter,62,2.0,86.65,14.0,1,0.0
90,2.0,2.5,H25 - CBA - Universell porter,62,2.0,86.65,14.0,2,0.0
90,2.0,2.6,H25 - CBA - Pipeline ytelse,104,2.0,86.65,14.0,4,100.0
90,2.0,2.6,H25 - CBA - Pipeline ytelse,104,2.0,86.65,14.0,2,0.0
90,2.0,2.6,H25 - CBA - Pipeline ytelse,104,2.0,86.65,14.0,5,0.0
90,2.0,2.6,H25 - CBA - Pipeline ytelse,104,2.0,86.65,14.0,1,0.0
90,2.0,2.6,H25 - CBA - Pipeline ytelse,104,2.0,86.65,14.0,3,0.0
90,2.0,2.7,H25 - CBA - Seriell Adder,62,2.0,86.65,14.0,2,100.0
90,2.0,2.7,H25 - CBA - Seriell Adder,62,2.0,86.65,14.0,5,0.0
90,2.0,2.7,H25 - CBA - Seriell Adder,62,2.0,86.65,14.0,1,0.0
90,2.0,2.7,H25 - CBA - Seriell Adder,62,2.0,86.65,14.0,4,0.0
90,2.0,2.7,H25 - CBA - Seriell Adder,62,2.0,86.65,14.0,3,0.0
287,2.0,2.1,H25 - CBA - Cache-miss,118,2.0,43.02,14.0,2,100.0
287,2.0,2.1,H25 - CBA - Cache-miss,118,2.0,43.02,14.0,5,0.0
287,2.0,2.1,H25 - CBA - Cache-miss,118,2.0,43.02,14.0,4,0.0
287,2.0,2.1,H25 - CBA - Cache-miss,118,2.0,43.02,14.0,1,0.0
287,2.0,2.1,H25 - CBA - Cache-miss,118,2.0,43.02,14.0,3,0.0
287,2.0,2.4,H25 - CBA - PC,101,2.0,43.02,14.0,4,100.0
287,2.0,2.4,H25 - CBA - PC,101,2.0,43.02,14.0,1,0.0
287,2.0,2.4,H25 - CBA - PC,101,2.0,43.02,14.0,3,0.0
287,2.0,2.4,H25 - CBA - PC,101,2.0,43.02,14.0,5,0.0
287,2.0,2.4,H25 - CBA - PC,101,2.0,43.02,14.0,2,0.0
287,2.0,2.6,H25 - CBA - Pipeline ytelse,66,2.0,43.02,14.0,3,100.0
287,2.0,2.6,H25 - CBA - Pipeline ytelse,66,2.0,43.02,14.0,1,0.0
287,2.0,2.6,H25 - CBA - Pipeline ytelse,66,2.0,43.02,14.0,4,0.0
287,2.0,2.6,H25 - CBA - Pipeline ytelse,66,2.0,43.02,14.0,2,0.0
287,2.0,2.6,H25 - CBA - Pipeline ytelse,66,2.0,43.02,14.0,5,0.0
287,2.0,2.7,H25 - CBA - Seriell Adder,433,2.0,43.02,14.0,1,0.0
287,2.0,2.7,H25 - CBA - Seriell Adder,433,2.0,43.02,14.0,2,75.0
287,2.0,2.7,H25 - CBA - Seriell Adder,433,2.0,43.02,14.0,5,0.0
287,2.0,2.7,H25 - CBA - Seriell Adder,433,2.0,43.02,14.0,3,0.0
287,2.0,2.7,H25 - CBA - Seriell Adder,433,2.0,43.02,14.0,4,25.0
441,2.0,2.1,H25 - CBA - Cache-miss,179,2.0,50.85,14.0,1,0.0
441,2.0,2.1,H25 - CBA - Cache-miss,179,2.0,50.85,14.0,4,75.0
441,2.0,2.1,H25 - CBA - Cache-miss,179,2.0,50.85,14.0,3,0.0
441,2.0,2.1,H25 - CBA - Cache-miss,179,2.0,50.85,14.0,2,25.0
441,2.0,2.2,H25 - CBA - Adder,66,2.0,50.85,14.0,2,75.0
441,2.0,2.2,H25 - CBA - Adder,66,2.0,50.85,14.0,1,0.0
441,2.0,2.2,H25 - CBA - Adder,66,2.0,50.85,14.0,4,25.0
441,2.0,2.2,H25 - CBA - Adder,66,2.0,50.85,14.0,5,0.0
441,2.0,2.2,H25 - CBA - Adder,66,2.0,50.85,14.0,3,0.0
441,2.0,2.3,H25 - CBA - ALU,64,2.0,50.85,14.0,1,50.0
441,2.0,2.3,H25 - CBA - ALU,64,2.0,50.85,14.0,2,50.0
441,2.0,2.3,H25 - CBA - ALU,64,2.0,50.85,14.0,5,0.0
441,2.0,2.3,H25 - CBA - ALU,64,2.0,50.85,14.0,4,0.0
441,2.0,2.3,H25 - CBA - ALU,64,2.0,50.85,14.0,3,0.0
441,2.0,2.4,H25 - CBA - PC,61,2.0,50.85,14.0,1,0.0
441,2.0,2.4,H25 - CBA - PC,61,2.0,50.85,14.0,3,75.0
441,2.0,2.4,H25 - CBA - PC,61,2.0,50.85,14.0,4,25.0
441,2.0,2.4,H25 - CBA - PC,61,2.0,50.85,14.0,2,0.0
441,2.0,2.4,H25 - CBA - PC,61,2.0,50.85,14.0,5,0.0
441,2.0,2.5,H25 - CBA - Universell porter,84,2.0,50.85,14.0,3,50.0
441,2.0,2.5,H25 - CBA - Universell porter,84,2.0,50.85,14.0,4,0.0
441,2.0,2.5,H25 - CBA - Universell porter,84,2.0,50.85,14.0,2,25.0
441,2.0,2.5,H25 - CBA - Universell porter,84,2.0,50.85,14.0,1,25.0
441,2.0,2.5,H25 - CBA - Universell porter,84,2.0,50.85,14.0,5,0.0
441,2.0,2.6,H25 - CBA - Pipeline ytelse,87,2.0,50.85,14.0,4,0.0
441,2.0,2.6,H25 - CBA - Pipeline ytelse,87,2.0,50.85,14.0,5,50.0
441,2.0,2.6,H25 - CBA - Pipeline ytelse,87,2.0,50.85,14.0,2,0.0
441,2.0,2.6,H25 - CBA - Pipeline ytelse,87,2.0,50.85,14.0,1,50.0
441,2.0,2.6,H25 - CBA - Pipeline ytelse,87,2.0,50.85,14.0,3,0.0
441,2.0,2.7,H25 - CBA - Seriell Adder,57,2.0,50.85,14.0,2,50.0
441,2.0,2.7,H25 - CBA - Seriell Adder,57,2.0,50.85,14.0,4,25.0
441,2.0,2.7,H25 - CBA - Seriell Adder,57,2.0,50.85,14.0,1,0.0
441,2.0,2.7,H25 - CBA - Seriell Adder,57,2.0,50.85,14.0,5,25.0
462,2.0,2.1,H25 - CBA - Cache-miss,580,2.0,43.52,14.0,3,50.0
462,2.0,2.1,H25 - CBA - Cache-miss,580,2.0,43.52,14.0,1,0.0
462,2.0,2.1,H25 - CBA - Cache-miss,580,2.0,43.52,14.0,5,0.0
462,2.0,2.1,H25 - CBA - Cache-miss,580,2.0,43.52,14.0,2,0.0
462,2.0,2.1,H25 - CBA - Cache-miss,580,2.0,43.52,14.0,4,50.0
462,2.0,2.2,H25 - CBA - Adder,137,2.0,43.52,14.0,5,25.0
462,2.0,2.2,H25 - CBA - Adder,137,2.0,43.52,14.0,2,0.0
462,2.0,2.2,H25 - CBA - Adder,137,2.0,43.52,14.0,4,0.0
462,2.0,2.2,H25 - CBA - Adder,137,2.0,43.52,14.0,1,0.0
462,2.0,2.2,H25 - CBA - Adder,137,2.0,43.52,14.0,3,75.0
462,2.0,2.3,H25 - CBA - ALU,345,2.0,43.52,14.0,1,0.0
462,2.0,2.3,H25 - CBA - ALU,345,2.0,43.52,14.0,2,50.0
462,2.0,2.3,H25 - CBA - ALU,345,2.0,43.52,14.0,5,25.0
462,2.0,2.3,H25 - CBA - ALU,345,2.0,43.52,14.0,3,25.0
462,2.0,2.3,H25 - CBA - ALU,345,2.0,43.52,14.0,4,0.0
462,2.0,2.4,H25 - CBA - PC,167,2.0,43.52,14.0,1,0.0
462,2.0,2.4,H25 - CBA - PC,167,2.0,43.52,14.0,5,0.0
462,2.0,2.4,H25 - CBA - PC,167,2.0,43.52,14.0,4,50.0
462,2.0,2.4,H25 - CBA - PC,167,2.0,43.52,14.0,3,50.0
462,2.0,2.4,H25 - CBA - PC,167,2.0,43.52,14.0,2,0.0
462,2.0,2.5,H25 - CBA - Universell porter,186,2.0,43.52,14.0,3,0.0
462,2.0,2.5,H25 - CBA - Universell porter,186,2.0,43.52,14.0,1,25.0
462,2.0,2.5,H25 - CBA - Universell porter,186,2.0,43.52,14.0,5,25.0
462,2.0,2.5,H25 - CBA - Universell porter,186,2.0,43.52,14.0,4,50.0
462,2.0,2.5,H25 - CBA - Universell porter,186,2.0,43.52,14.0,2,0.0
462,2.0,2.6,H25 - CBA - Pipeline ytelse,130,2.0,43.52,14.0,1,50.0
462,2.0,2.6,H25 - CBA - Pipeline ytelse,130,2.0,43.52,14.0,3,50.0
462,2.0,2.6,H25 - CBA - Pipeline ytelse,130,2.0,43.52,14.0,2,0.0
462,2.0,2.6,H25 - CBA - Pipeline ytelse,130,2.0,43.52,14.0,4,0.0
462,2.0,2.6,H25 - CBA - Pipeline ytelse,130,2.0,43.52,14.0,5,0.0
462,2.0,2.7,H25 - CBA - Seriell Adder,133,2.0,43.52,14.0,1,0.0
462,2.0,2.7,H25 - CBA - Seriell Adder,133,2.0,43.52,14.0,5,75.0
462,2.0,2.7,H25 - CBA - Seriell Adder,133,2.0,43.52,14.0,2,25.0
462,2.0,2.7,H25 - CBA - Seriell Adder,133,2.0,43.52,14.0,3,0.0
462,2.0,2.7,H25 - CBA - Seriell Adder,133,2.0,43.52,14.0,4,0.0
251,2.0,2.1,H25 - CBA - Cache-miss,85,2.0,84.49,14.0,1,0.0
251,2.0,2.1,H25 - CBA - Cache-miss,85,2.0,84.49,14.0,4,75.0
251,2.0,2.1,H25 - CBA - Cache-miss,85,2.0,84.49,14.0,2,0.0
251,2.0,2.1,H25 - CBA - Cache-miss,85,2.0,84.49,14.0,3,0.0
251,2.0,2.1,H25 - CBA - Cache-miss,85,2.0,84.49,14.0,5,25.0
251,2.0,2.2,H25 - CBA - Adder,82,2.0,84.49,14.0,2,100.0
251,2.0,2.2,H25 - CBA - Adder,82,2.0,84.49,14.0,5,0.0
251,2.0,2.2,H25 - CBA - Adder,82,2.0,84.49,14.0,1,0.0
251,2.0,2.2,H25 - CBA - Adder,82,2.0,84.49,14.0,3,0.0
251,2.0,2.2,H25 - CBA - Adder,82,2.0,84.49,14.0,4,0.0
251,2.0,2.3,H25 - CBA - ALU,157,2.0,84.49,14.0,5,0.0
251,2.0,2.3,H25 - CBA - ALU,157,2.0,84.49,14.0,3,0.0
251,2.0,2.3,H25 - CBA - ALU,157,2.0,84.49,14.0,1,50.0
251,2.0,2.3,H25 - CBA - ALU,157,2.0,84.49,14.0,4,0.0
251,2.0,2.3,H25 - CBA - ALU,157,2.0,84.49,14.0,2,50.0
251,2.0,2.4,H25 - CBA - PC,32,2.0,84.49,14.0,1,100.0
251,2.0,2.4,H25 - CBA - PC,32,2.0,84.49,14.0,3,0.0
251,2.0,2.4,H25 - CBA - PC,32,2.0,84.49,14.0,2,0.0
251,2.0,2.4,H25 - CBA - PC,32,2.0,84.49,14.0,4,0.0
251,2.0,2.4,H25 - CBA - PC,32,2.0,84.49,14.0,5,0.0
251,2.0,2.5,H25 - CBA - Universell porter,18,2.0,84.49,14.0,3,100.0
251,2.0,2.5,H25 - CBA - Universell porter,18,2.0,84.49,14.0,1,0.0
251,2.0,2.5,H25 - CBA - Universell porter,18,2.0,84.49,14.0,4,0.0
251,2.0,2.5,H25 - CBA - Universell porter,18,2.0,84.49,14.0,5,0.0
251,2.0,2.5,H25 - CBA - Universell porter,18,2.0,84.49,14.0,2,0.0
251,2.0,2.6,H25 - CBA - Pipeline ytelse,10,2.0,84.49,14.0,4,100.0
251,2.0,2.6,H25 - CBA - Pipeline ytelse,10,2.0,84.49,14.0,3,0.0
251,2.0,2.6,H25 - CBA - Pipeline ytelse,10,2.0,84.49,14.0,5,0.0
251,2.0,2.6,H25 - CBA - Pipeline ytelse,10,2.0,84.49,14.0,2,0.0
251,2.0,2.6,H25 - CBA - Pipeline ytelse,10,2.0,84.49,14.0,1,0.0
251,2.0,2.7,H25 - CBA - Seriell Adder,37,2.0,84.49,14.0,2,100.0
251,2.0,2.7,H25 - CBA - Seriell Adder,37,2.0,84.49,14.0,3,0.0
251,2.0,2.7,H25 - CBA - Seriell Adder,37,2.0,84.49,14.0,5,0.0
251,2.0,2.7,H25 - CBA - Seriell Adder,37,2.0,84.49,14.0,1,0.0
251,2.0,2.7,H25 - CBA - Seriell Adder,37,2.0,84.49,14.0,4,0.0
383,2.0,2.1,H25 - CBA - Cache-miss,117,0.0,25.94,2.0,5,50.0
383,2.0,2.1,H25 - CBA - Cache-miss,117,0.0,25.94,2.0,3,25.0
383,2.0,2.1,H25 - CBA - Cache-miss,117,0.0,25.94,2.0,4,25.0
383,2.0,2.2,H25 - CBA - Adder,94,0.0,25.94,2.0,3,100.0
383,2.0,2.3,H25 - CBA - ALU,54,0.0,25.94,2.0,1,50.0
383,2.0,2.3,H25 - CBA - ALU,54,0.0,25.94,2.0,5,50.0
383,2.0,2.4,H25 - CBA - PC,49,0.0,25.94,2.0,3,75.0
383,2.0,2.4,H25 - CBA - PC,49,0.0,25.94,2.0,4,25.0
383,2.0,2.5,H25 - CBA - Universell porter,67,2.0,25.94,2.0,3,100.0
383,2.0,2.6,H25 - CBA - Pipeline ytelse,32,0.0,25.94,2.0,4,75.0
383,2.0,2.6,H25 - CBA - Pipeline ytelse,32,0.0,25.94,2.0,3,25.0
383,2.0,2.7,H25 - CBA - Seriell Adder,103,0.0,25.94,2.0,4,50.0
383,2.0,2.7,H25 - CBA - Seriell Adder,103,0.0,25.94,2.0,2,50.0
34,2.0,2.1,H25 - CBA - Cache-miss,249,2.0,56.15,14.0,3,50.0
34,2.0,2.1,H25 - CBA - Cache-miss,249,2.0,56.15,14.0,1,0.0
34,2.0,2.1,H25 - CBA - Cache-miss,249,2.0,56.15,14.0,2,0.0
34,2.0,2.1,H25 - CBA - Cache-miss,249,2.0,56.15,14.0,5,50.0
34,2.0,2.1,H25 - CBA - Cache-miss,249,2.0,56.15,14.0,4,0.0
34,2.0,2.2,H25 - CBA - Adder,180,2.0,56.15,14.0,5,0.0
34,2.0,2.2,H25 - CBA - Adder,180,2.0,56.15,14.0,1,0.0
34,2.0,2.2,H25 - CBA - Adder,180,2.0,56.15,14.0,2,50.0
34,2.0,2.2,H25 - CBA - Adder,180,2.0,56.15,14.0,3,50.0
34,2.0,2.2,H25 - CBA - Adder,180,2.0,56.15,14.0,4,0.0
34,2.0,2.3,H25 - CBA - ALU,167,2.0,56.15,14.0,1,25.0
34,2.0,2.3,H25 - CBA - ALU,167,2.0,56.15,14.0,5,0.0
34,2.0,2.3,H25 - CBA - ALU,167,2.0,56.15,14.0,2,50.0
34,2.0,2.3,H25 - CBA - ALU,167,2.0,56.15,14.0,3,25.0
34,2.0,2.3,H25 - CBA - ALU,167,2.0,56.15,14.0,4,0.0
34,2.0,2.4,H25 - CBA - PC,147,2.0,56.15,14.0,1,50.0
34,2.0,2.4,H25 - CBA - PC,147,2.0,56.15,14.0,3,25.0
34,2.0,2.4,H25 - CBA - PC,147,2.0,56.15,14.0,5,25.0
34,2.0,2.4,H25 - CBA - PC,147,2.0,56.15,14.0,2,0.0
34,2.0,2.4,H25 - CBA - PC,147,2.0,56.15,14.0,4,0.0
34,2.0,2.5,H25 - CBA - Universell porter,186,2.0,56.15,14.0,3,50.0
34,2.0,2.5,H25 - CBA - Universell porter,186,2.0,56.15,14.0,4,0.0
34,2.0,2.5,H25 - CBA - Universell porter,186,2.0,56.15,14.0,2,0.0
34,2.0,2.5,H25 - CBA - Universell porter,186,2.0,56.15,14.0,5,0.0
34,2.0,2.5,H25 - CBA - Universell porter,186,2.0,56.15,14.0,1,50.0
34,2.0,2.6,H25 - CBA - Pipeline ytelse,246,2.0,56.15,14.0,4,100.0
34,2.0,2.6,H25 - CBA - Pipeline ytelse,246,2.0,56.15,14.0,3,0.0
34,2.0,2.6,H25 - CBA - Pipeline ytelse,246,2.0,56.15,14.0,5,0.0
34,2.0,2.6,H25 - CBA - Pipeline ytelse,246,2.0,56.15,14.0,2,0.0
34,2.0,2.6,H25 - CBA - Pipeline ytelse,246,2.0,56.15,14.0,1,0.0
34,2.0,2.7,H25 - CBA - Seriell Adder,81,2.0,56.15,14.0,1,50.0
34,2.0,2.7,H25 - CBA - Seriell Adder,81,2.0,56.15,14.0,4,50.0
34,2.0,2.7,H25 - CBA - Seriell Adder,81,2.0,56.15,14.0,3,0.0
34,2.0,2.7,H25 - CBA - Seriell Adder,81,2.0,56.15,14.0,2,0.0
34,2.0,2.7,H25 - CBA - Seriell Adder,81,2.0,56.15,14.0,5,0.0
128,2.0,2.1,H25 - CBA - Cache-miss,139,2.0,63.85,12.0,1,0.0
128,2.0,2.1,H25 - CBA - Cache-miss,139,2.0,63.85,12.0,3,0.0
128,2.0,2.1,H25 - CBA - Cache-miss,139,2.0,63.85,12.0,2,100.0
128,2.0,2.1,H25 - CBA - Cache-miss,139,2.0,63.85,12.0,4,0.0
128,2.0,2.1,H25 - CBA - Cache-miss,139,2.0,63.85,12.0,5,0.0
128,2.0,2.2,H25 - CBA - Adder,63,2.0,63.85,12.0,2,50.0
128,2.0,2.2,H25 - CBA - Adder,63,2.0,63.85,12.0,5,50.0
128,2.0,2.2,H25 - CBA - Adder,63,2.0,63.85,12.0,1,0.0
128,2.0,2.2,H25 - CBA - Adder,63,2.0,63.85,12.0,4,0.0
128,2.0,2.2,H25 - CBA - Adder,63,2.0,63.85,12.0,3,0.0
128,2.0,2.3,H25 - CBA - ALU,68,2.0,63.85,12.0,1,100.0
128,2.0,2.3,H25 - CBA - ALU,68,2.0,63.85,12.0,4,0.0
128,2.0,2.3,H25 - CBA - ALU,68,2.0,63.85,12.0,3,0.0
128,2.0,2.3,H25 - CBA - ALU,68,2.0,63.85,12.0,2,0.0
128,2.0,2.3,H25 - CBA - ALU,68,2.0,63.85,12.0,5,0.0
128,2.0,2.4,H25 - CBA - PC,51,2.0,63.85,12.0,3,100.0
128,2.0,2.4,H25 - CBA - PC,51,2.0,63.85,12.0,2,0.0
128,2.0,2.4,H25 - CBA - PC,51,2.0,63.85,12.0,5,0.0
128,2.0,2.4,H25 - CBA - PC,51,2.0,63.85,12.0,1,0.0
128,2.0,2.4,H25 - CBA - PC,51,2.0,63.85,12.0,4,0.0
128,2.0,2.5,H25 - CBA - Universell porter,128,2.0,63.85,12.0,3,100.0
128,2.0,2.5,H25 - CBA - Universell porter,128,2.0,63.85,12.0,4,0.0
128,2.0,2.5,H25 - CBA - Universell porter,128,2.0,63.85,12.0,1,0.0
128,2.0,2.5,H25 - CBA - Universell porter,128,2.0,63.85,12.0,5,0.0
128,2.0,2.5,H25 - CBA - Universell porter,128,2.0,63.85,12.0,2,0.0
128,2.0,2.6,H25 - CBA - Pipeline ytelse,118,2.0,63.85,12.0,4,100.0
128,2.0,2.6,H25 - CBA - Pipeline ytelse,118,2.0,63.85,12.0,1,0.0
128,2.0,2.6,H25 - CBA - Pipeline ytelse,118,2.0,63.85,12.0,2,0.0
128,2.0,2.6,H25 - CBA - Pipeline ytelse,118,2.0,63.85,12.0,5,0.0
128,2.0,2.6,H25 - CBA - Pipeline ytelse,118,2.0,63.85,12.0,3,0.0
128,2.0,2.7,H25 - CBA - Seriell Adder,136,0.0,63.85,12.0,1,25.0
128,2.0,2.7,H25 - CBA - Seriell Adder,136,0.0,63.85,12.0,2,25.0
128,2.0,2.7,H25 - CBA - Seriell Adder,136,0.0,63.85,12.0,4,25.0
128,2.0,2.7,H25 - CBA - Seriell Adder,136,0.0,63.85,12.0,5,25.0
89,2.0,2.1,H25 - CBA - Cache-miss,34,2.0,89.17,14.0,2,100.0
89,2.0,2.1,H25 - CBA - Cache-miss,34,2.0,89.17,14.0,1,0.0
89,2.0,2.1,H25 - CBA - Cache-miss,34,2.0,89.17,14.0,4,0.0
89,2.0,2.1,H25 - CBA - Cache-miss,34,2.0,89.17,14.0,5,0.0
89,2.0,2.1,H25 - CBA - Cache-miss,34,2.0,89.17,14.0,3,0.0
89,2.0,2.2,H25 - CBA - Adder,24,2.0,89.17,14.0,2,100.0
89,2.0,2.2,H25 - CBA - Adder,24,2.0,89.17,14.0,4,0.0
89,2.0,2.2,H25 - CBA - Adder,24,2.0,89.17,14.0,1,0.0
89,2.0,2.2,H25 - CBA - Adder,24,2.0,89.17,14.0,5,0.0
89,2.0,2.2,H25 - CBA - Adder,24,2.0,89.17,14.0,3,0.0
89,2.0,2.3,H25 - CBA - ALU,125,2.0,89.17,14.0,3,0.0
89,2.0,2.3,H25 - CBA - ALU,125,2.0,89.17,14.0,2,0.0
89,2.0,2.3,H25 - CBA - ALU,125,2.0,89.17,14.0,5,50.0
89,2.0,2.3,H25 - CBA - ALU,125,2.0,89.17,14.0,1,50.0
89,2.0,2.3,H25 - CBA - ALU,125,2.0,89.17,14.0,4,0.0
89,2.0,2.4,H25 - CBA - PC,230,2.0,89.17,14.0,5,0.0
89,2.0,2.4,H25 - CBA - PC,230,2.0,89.17,14.0,4,0.0
89,2.0,2.4,H25 - CBA - PC,230,2.0,89.17,14.0,3,0.0
89,2.0,2.4,H25 - CBA - PC,230,2.0,89.17,14.0,2,50.0
89,2.0,2.4,H25 - CBA - PC,230,2.0,89.17,14.0,1,50.0
89,2.0,2.5,H25 - CBA - Universell porter,25,2.0,89.17,14.0,3,100.0
89,2.0,2.5,H25 - CBA - Universell porter,25,2.0,89.17,14.0,5,0.0
89,2.0,2.5,H25 - CBA - Universell porter,25,2.0,89.17,14.0,4,0.0
89,2.0,2.5,H25 - CBA - Universell porter,25,2.0,89.17,14.0,1,0.0
89,2.0,2.5,H25 - CBA - Universell porter,25,2.0,89.17,14.0,2,0.0
89,2.0,2.6,H25 - CBA - Pipeline ytelse,32,2.0,89.17,14.0,4,100.0
89,2.0,2.6,H25 - CBA - Pipeline ytelse,32,2.0,89.17,14.0,2,0.0
89,2.0,2.6,H25 - CBA - Pipeline ytelse,32,2.0,89.17,14.0,3,0.0
89,2.0,2.6,H25 - CBA - Pipeline ytelse,32,2.0,89.17,14.0,5,0.0
89,2.0,2.6,H25 - CBA - Pipeline ytelse,32,2.0,89.17,14.0,1,0.0
89,2.0,2.7,H25 - CBA - Seriell Adder,59,2.0,89.17,14.0,2,100.0
89,2.0,2.7,H25 - CBA - Seriell Adder,59,2.0,89.17,14.0,4,0.0
89,2.0,2.7,H25 - CBA - Seriell Adder,59,2.0,89.17,14.0,3,0.0
89,2.0,2.7,H25 - CBA - Seriell Adder,59,2.0,89.17,14.0,5,0.0
89,2.0,2.7,H25 - CBA - Seriell Adder,59,2.0,89.17,14.0,1,0.0
130,2.0,2.1,H25 - CBA - Cache-miss,39,2.0,60.66,14.0,1,0.0
130,2.0,2.1,H25 - CBA - Cache-miss,39,2.0,60.66,14.0,2,100.0
130,2.0,2.1,H25 - CBA - Cache-miss,39,2.0,60.66,14.0,3,0.0
130,2.0,2.1,H25 - CBA - Cache-miss,39,2.0,60.66,14.0,4,0.0
130,2.0,2.1,H25 - CBA - Cache-miss,39,2.0,60.66,14.0,5,0.0
130,2.0,2.2,H25 - CBA - Adder,92,2.0,60.66,14.0,4,0.0
130,2.0,2.2,H25 - CBA - Adder,92,2.0,60.66,14.0,3,0.0
130,2.0,2.2,H25 - CBA - Adder,92,2.0,60.66,14.0,1,0.0
130,2.0,2.2,H25 - CBA - Adder,92,2.0,60.66,14.0,5,50.0
130,2.0,2.2,H25 - CBA - Adder,92,2.0,60.66,14.0,2,50.0
130,2.0,2.3,H25 - CBA - ALU,58,2.0,60.66,14.0,5,0.0
130,2.0,2.3,H25 - CBA - ALU,58,2.0,60.66,14.0,2,0.0
130,2.0,2.3,H25 - CBA - ALU,58,2.0,60.66,14.0,1,75.0
130,2.0,2.3,H25 - CBA - ALU,58,2.0,60.66,14.0,4,0.0
130,2.0,2.3,H25 - CBA - ALU,58,2.0,60.66,14.0,3,25.0
130,2.0,2.4,H25 - CBA - PC,123,2.0,60.66,14.0,4,0.0
130,2.0,2.4,H25 - CBA - PC,123,2.0,60.66,14.0,3,25.0
130,2.0,2.4,H25 - CBA - PC,123,2.0,60.66,14.0,5,0.0
130,2.0,2.4,H25 - CBA - PC,123,2.0,60.66,14.0,2,0.0
130,2.0,2.4,H25 - CBA - PC,123,2.0,60.66,14.0,1,75.0
130,2.0,2.6,H25 - CBA - Pipeline ytelse,40,2.0,60.66,14.0,5,0.0
130,2.0,2.6,H25 - CBA - Pipeline ytelse,40,2.0,60.66,14.0,4,0.0
130,2.0,2.6,H25 - CBA - Pipeline ytelse,40,2.0,60.66,14.0,2,100.0
130,2.0,2.6,H25 - CBA - Pipeline ytelse,40,2.0,60.66,14.0,3,0.0
130,2.0,2.6,H25 - CBA - Pipeline ytelse,40,2.0,60.66,14.0,1,0.0
461,2.0,2.1,H25 - CBA - Cache-miss,105,2.0,62.32,14.0,1,0.0
461,2.0,2.1,H25 - CBA - Cache-miss,105,2.0,62.32,14.0,2,50.0
461,2.0,2.1,H25 - CBA - Cache-miss,105,2.0,62.32,14.0,5,25.0
461,2.0,2.1,H25 - CBA - Cache-miss,105,2.0,62.32,14.0,4,25.0
461,2.0,2.1,H25 - CBA - Cache-miss,105,2.0,62.32,14.0,3,0.0
461,2.0,2.2,H25 - CBA - Adder,72,2.0,62.32,14.0,2,100.0
461,2.0,2.2,H25 - CBA - Adder,72,2.0,62.32,14.0,5,0.0
461,2.0,2.2,H25 - CBA - Adder,72,2.0,62.32,14.0,4,0.0
461,2.0,2.2,H25 - CBA - Adder,72,2.0,62.32,14.0,3,0.0
461,2.0,2.2,H25 - CBA - Adder,72,2.0,62.32,14.0,1,0.0
461,2.0,2.3,H25 - CBA - ALU,98,2.0,62.32,14.0,1,50.0
461,2.0,2.3,H25 - CBA - ALU,98,2.0,62.32,14.0,2,50.0
461,2.0,2.3,H25 - CBA - ALU,98,2.0,62.32,14.0,4,0.0
461,2.0,2.3,H25 - CBA - ALU,98,2.0,62.32,14.0,5,0.0
461,2.0,2.3,H25 - CBA - ALU,98,2.0,62.32,14.0,3,0.0
461,2.0,2.4,H25 - CBA - PC,159,2.0,62.32,14.0,3,25.0
461,2.0,2.4,H25 - CBA - PC,159,2.0,62.32,14.0,1,50.0
461,2.0,2.4,H25 - CBA - PC,159,2.0,62.32,14.0,5,0.0
461,2.0,2.4,H25 - CBA - PC,159,2.0,62.32,14.0,4,0.0
461,2.0,2.4,H25 - CBA - PC,159,2.0,62.32,14.0,2,25.0
461,2.0,2.5,H25 - CBA - Universell porter,69,2.0,62.32,14.0,3,100.0
461,2.0,2.5,H25 - CBA - Universell porter,69,2.0,62.32,14.0,5,0.0
461,2.0,2.5,H25 - CBA - Universell porter,69,2.0,62.32,14.0,1,0.0
461,2.0,2.5,H25 - CBA - Universell porter,69,2.0,62.32,14.0,2,0.0
461,2.0,2.5,H25 - CBA - Universell porter,69,2.0,62.32,14.0,4,0.0
461,2.0,2.6,H25 - CBA - Pipeline ytelse,33,2.0,62.32,14.0,4,100.0
461,2.0,2.6,H25 - CBA - Pipeline ytelse,33,2.0,62.32,14.0,5,0.0
461,2.0,2.6,H25 - CBA - Pipeline ytelse,33,2.0,62.32,14.0,3,0.0
461,2.0,2.6,H25 - CBA - Pipeline ytelse,33,2.0,62.32,14.0,1,0.0
461,2.0,2.6,H25 - CBA - Pipeline ytelse,33,2.0,62.32,14.0,2,0.0
461,2.0,2.7,H25 - CBA - Seriell Adder,93,2.0,62.32,14.0,5,0.0
461,2.0,2.7,H25 - CBA - Seriell Adder,93,2.0,62.32,14.0,4,0.0
461,2.0,2.7,H25 - CBA - Seriell Adder,93,2.0,62.32,14.0,2,50.0
461,2.0,2.7,H25 - CBA - Seriell Adder,93,2.0,62.32,14.0,1,25.0
461,2.0,2.7,H25 - CBA - Seriell Adder,93,2.0,62.32,14.0,3,25.0
310,2.0,2.1,H25 - CBA - Cache-miss,188,2.0,50.21,14.0,1,0.0
310,2.0,2.1,H25 - CBA - Cache-miss,188,2.0,50.21,14.0,2,50.0
310,2.0,2.1,H25 - CBA - Cache-miss,188,2.0,50.21,14.0,3,25.0
310,2.0,2.1,H25 - CBA - Cache-miss,188,2.0,50.21,14.0,5,25.0
310,2.0,2.1,H25 - CBA - Cache-miss,188,2.0,50.21,14.0,4,0.0
310,2.0,2.2,H25 - CBA - Adder,110,2.0,50.21,14.0,5,0.0
310,2.0,2.2,H25 - CBA - Adder,110,2.0,50.21,14.0,3,50.0
310,2.0,2.2,H25 - CBA - Adder,110,2.0,50.21,14.0,1,0.0
310,2.0,2.2,H25 - CBA - Adder,110,2.0,50.21,14.0,2,0.0
310,2.0,2.2,H25 - CBA - Adder,110,2.0,50.21,14.0,4,50.0
310,2.0,2.3,H25 - CBA - ALU,66,2.0,50.21,14.0,4,25.0
310,2.0,2.3,H25 - CBA - ALU,66,2.0,50.21,14.0,2,25.0
310,2.0,2.3,H25 - CBA - ALU,66,2.0,50.21,14.0,5,50.0
310,2.0,2.3,H25 - CBA - ALU,66,2.0,50.21,14.0,1,0.0
310,2.0,2.3,H25 - CBA - ALU,66,2.0,50.21,14.0,3,0.0
310,2.0,2.4,H25 - CBA - PC,127,2.0,50.21,14.0,2,25.0
310,2.0,2.4,H25 - CBA - PC,127,2.0,50.21,14.0,1,25.0
310,2.0,2.4,H25 - CBA - PC,127,2.0,50.21,14.0,5,50.0
310,2.0,2.4,H25 - CBA - PC,127,2.0,50.21,14.0,4,0.0
310,2.0,2.4,H25 - CBA - PC,127,2.0,50.21,14.0,3,0.0
310,2.0,2.5,H25 - CBA - Universell porter,147,2.0,50.21,14.0,5,50.0
310,2.0,2.5,H25 - CBA - Universell porter,147,2.0,50.21,14.0,1,0.0
310,2.0,2.5,H25 - CBA - Universell porter,147,2.0,50.21,14.0,3,50.0
310,2.0,2.5,H25 - CBA - Universell porter,147,2.0,50.21,14.0,4,0.0
310,2.0,2.5,H25 - CBA - Universell porter,147,2.0,50.21,14.0,2,0.0
310,2.0,2.6,H25 - CBA - Pipeline ytelse,438,2.0,50.21,14.0,4,25.0
310,2.0,2.6,H25 - CBA - Pipeline ytelse,438,2.0,50.21,14.0,1,0.0
310,2.0,2.6,H25 - CBA - Pipeline ytelse,438,2.0,50.21,14.0,5,50.0
310,2.0,2.6,H25 - CBA - Pipeline ytelse,438,2.0,50.21,14.0,3,0.0
310,2.0,2.6,H25 - CBA - Pipeline ytelse,438,2.0,50.21,14.0,2,25.0
310,2.0,2.7,H25 - CBA - Seriell Adder,172,2.0,50.21,14.0,5,0.0
310,2.0,2.7,H25 - CBA - Seriell Adder,172,2.0,50.21,14.0,4,25.0
310,2.0,2.7,H25 - CBA - Seriell Adder,172,2.0,50.21,14.0,2,25.0
310,2.0,2.7,H25 - CBA - Seriell Adder,172,2.0,50.21,14.0,1,0.0
310,2.0,2.7,H25 - CBA - Seriell Adder,172,2.0,50.21,14.0,3,50.0
43,2.0,2.4,H25 - CBA - PC,153,2.0,59.52,14.0,1,100.0
43,2.0,2.4,H25 - CBA - PC,153,2.0,59.52,14.0,4,0.0
43,2.0,2.4,H25 - CBA - PC,153,2.0,59.52,14.0,3,0.0
43,2.0,2.4,H25 - CBA - PC,153,2.0,59.52,14.0,5,0.0
43,2.0,2.4,H25 - CBA - PC,153,2.0,59.52,14.0,2,0.0
361,2.0,2.1,H25 - CBA - Cache-miss,136,2.0,79.67,14.0,1,0.0
361,2.0,2.1,H25 - CBA - Cache-miss,136,2.0,79.67,14.0,4,0.0
361,2.0,2.1,H25 - CBA - Cache-miss,136,2.0,79.67,14.0,5,0.0
361,2.0,2.1,H25 - CBA - Cache-miss,136,2.0,79.67,14.0,3,0.0
361,2.0,2.1,H25 - CBA - Cache-miss,136,2.0,79.67,14.0,2,100.0
361,2.0,2.2,H25 - CBA - Adder,169,2.0,79.67,14.0,1,0.0
361,2.0,2.2,H25 - CBA - Adder,169,2.0,79.67,14.0,4,0.0
361,2.0,2.2,H25 - CBA - Adder,169,2.0,79.67,14.0,2,75.0
361,2.0,2.2,H25 - CBA - Adder,169,2.0,79.67,14.0,5,0.0
361,2.0,2.2,H25 - CBA - Adder,169,2.0,79.67,14.0,3,25.0
361,2.0,2.3,H25 - CBA - ALU,207,2.0,79.67,14.0,1,50.0
361,2.0,2.3,H25 - CBA - ALU,207,2.0,79.67,14.0,2,0.0
361,2.0,2.3,H25 - CBA - ALU,207,2.0,79.67,14.0,3,0.0
361,2.0,2.3,H25 - CBA - ALU,207,2.0,79.67,14.0,5,0.0
361,2.0,2.3,H25 - CBA - ALU,207,2.0,79.67,14.0,4,50.0
361,2.0,2.4,H25 - CBA - PC,128,2.0,79.67,14.0,5,0.0
361,2.0,2.4,H25 - CBA - PC,128,2.0,79.67,14.0,3,0.0
361,2.0,2.4,H25 - CBA - PC,128,2.0,79.67,14.0,2,25.0
361,2.0,2.4,H25 - CBA - PC,128,2.0,79.67,14.0,1,75.0
361,2.0,2.4,H25 - CBA - PC,128,2.0,79.67,14.0,4,0.0
361,2.0,2.5,H25 - CBA - Universell porter,82,2.0,79.67,14.0,4,0.0
361,2.0,2.5,H25 - CBA - Universell porter,82,2.0,79.67,14.0,5,0.0
361,2.0,2.5,H25 - CBA - Universell porter,82,2.0,79.67,14.0,2,0.0
361,2.0,2.5,H25 - CBA - Universell porter,82,2.0,79.67,14.0,1,0.0
361,2.0,2.5,H25 - CBA - Universell porter,82,2.0,79.67,14.0,3,100.0
361,2.0,2.6,H25 - CBA - Pipeline ytelse,115,2.0,79.67,14.0,4,100.0
361,2.0,2.6,H25 - CBA - Pipeline ytelse,115,2.0,79.67,14.0,5,0.0
361,2.0,2.6,H25 - CBA - Pipeline ytelse,115,2.0,79.67,14.0,3,0.0
361,2.0,2.6,H25 - CBA - Pipeline ytelse,115,2.0,79.67,14.0,2,0.0
361,2.0,2.6,H25 - CBA - Pipeline ytelse,115,2.0,79.67,14.0,1,0.0
361,2.0,2.7,H25 - CBA - Seriell Adder,134,2.0,79.67,14.0,5,0.0
361,2.0,2.7,H25 - CBA - Seriell Adder,134,2.0,79.67,14.0,2,50.0
361,2.0,2.7,H25 - CBA - Seriell Adder,134,2.0,79.67,14.0,3,0.0
361,2.0,2.7,H25 - CBA - Seriell Adder,134,2.0,79.67,14.0,4,25.0
361,2.0,2.7,H25 - CBA - Seriell Adder,134,2.0,79.67,14.0,1,25.0
509,2.0,2.1,H25 - CBA - Cache-miss,118,2.0,34.01,12.0,5,0.0
509,2.0,2.1,H25 - CBA - Cache-miss,118,2.0,34.01,12.0,3,25.0
509,2.0,2.1,H25 - CBA - Cache-miss,118,2.0,34.01,12.0,1,0.0
509,2.0,2.1,H25 - CBA - Cache-miss,118,2.0,34.01,12.0,2,0.0
509,2.0,2.1,H25 - CBA - Cache-miss,118,2.0,34.01,12.0,4,75.0
509,2.0,2.2,H25 - CBA - Adder,75,2.0,34.01,12.0,3,100.0
509,2.0,2.2,H25 - CBA - Adder,75,2.0,34.01,12.0,5,0.0
509,2.0,2.2,H25 - CBA - Adder,75,2.0,34.01,12.0,4,0.0
509,2.0,2.2,H25 - CBA - Adder,75,2.0,34.01,12.0,1,0.0
509,2.0,2.2,H25 - CBA - Adder,75,2.0,34.01,12.0,2,0.0
509,2.0,2.4,H25 - CBA - PC,75,2.0,34.01,12.0,3,100.0
509,2.0,2.4,H25 - CBA - PC,75,2.0,34.01,12.0,1,0.0
509,2.0,2.4,H25 - CBA - PC,75,2.0,34.01,12.0,4,0.0
509,2.0,2.4,H25 - CBA - PC,75,2.0,34.01,12.0,5,0.0
509,2.0,2.4,H25 - CBA - PC,75,2.0,34.01,12.0,2,0.0
509,2.0,2.5,H25 - CBA - Universell porter,454,2.0,34.01,12.0,3,100.0
509,2.0,2.5,H25 - CBA - Universell porter,454,2.0,34.01,12.0,2,0.0
509,2.0,2.5,H25 - CBA - Universell porter,454,2.0,34.01,12.0,1,0.0
509,2.0,2.5,H25 - CBA - Universell porter,454,2.0,34.01,12.0,4,0.0
509,2.0,2.5,H25 - CBA - Universell porter,454,2.0,34.01,12.0,5,0.0
509,2.0,2.6,H25 - CBA - Pipeline ytelse,67,2.0,34.01,12.0,1,50.0
509,2.0,2.6,H25 - CBA - Pipeline ytelse,67,2.0,34.01,12.0,4,25.0
509,2.0,2.6,H25 - CBA - Pipeline ytelse,67,2.0,34.01,12.0,5,0.0
509,2.0,2.6,H25 - CBA - Pipeline ytelse,67,2.0,34.01,12.0,2,25.0
509,2.0,2.6,H25 - CBA - Pipeline ytelse,67,2.0,34.01,12.0,3,0.0
374,2.0,2.1,H25 - CBA - Cache-miss,247,2.0,57.0,14.0,5,0.0
374,2.0,2.1,H25 - CBA - Cache-miss,247,2.0,57.0,14.0,1,0.0
374,2.0,2.1,H25 - CBA - Cache-miss,247,2.0,57.0,14.0,3,0.0
374,2.0,2.1,H25 - CBA - Cache-miss,247,2.0,57.0,14.0,2,100.0
374,2.0,2.1,H25 - CBA - Cache-miss,247,2.0,57.0,14.0,4,0.0
374,2.0,2.2,H25 - CBA - Adder,50,2.0,57.0,14.0,2,100.0
374,2.0,2.2,H25 - CBA - Adder,50,2.0,57.0,14.0,4,0.0
374,2.0,2.2,H25 - CBA - Adder,50,2.0,57.0,14.0,5,0.0
374,2.0,2.2,H25 - CBA - Adder,50,2.0,57.0,14.0,1,0.0
374,2.0,2.2,H25 - CBA - Adder,50,2.0,57.0,14.0,3,0.0
374,2.0,2.3,H25 - CBA - ALU,47,2.0,57.0,14.0,2,75.0
374,2.0,2.3,H25 - CBA - ALU,47,2.0,57.0,14.0,1,25.0
374,2.0,2.3,H25 - CBA - ALU,47,2.0,57.0,14.0,4,0.0
374,2.0,2.3,H25 - CBA - ALU,47,2.0,57.0,14.0,5,0.0
374,2.0,2.3,H25 - CBA - ALU,47,2.0,57.0,14.0,3,0.0
374,2.0,2.4,H25 - CBA - PC,38,2.0,57.0,14.0,3,50.0
374,2.0,2.4,H25 - CBA - PC,38,2.0,57.0,14.0,1,50.0
374,2.0,2.4,H25 - CBA - PC,38,2.0,57.0,14.0,4,0.0
374,2.0,2.4,H25 - CBA - PC,38,2.0,57.0,14.0,5,0.0
374,2.0,2.4,H25 - CBA - PC,38,2.0,57.0,14.0,2,0.0
374,2.0,2.5,H25 - CBA - Universell porter,44,2.0,57.0,14.0,3,75.0
374,2.0,2.5,H25 - CBA - Universell porter,44,2.0,57.0,14.0,5,25.0
374,2.0,2.5,H25 - CBA - Universell porter,44,2.0,57.0,14.0,1,0.0
374,2.0,2.5,H25 - CBA - Universell porter,44,2.0,57.0,14.0,4,0.0
374,2.0,2.5,H25 - CBA - Universell porter,44,2.0,57.0,14.0,2,0.0
374,2.0,2.6,H25 - CBA - Pipeline ytelse,86,2.0,57.0,14.0,4,50.0
374,2.0,2.6,H25 - CBA - Pipeline ytelse,86,2.0,57.0,14.0,3,0.0
374,2.0,2.6,H25 - CBA - Pipeline ytelse,86,2.0,57.0,14.0,2,50.0
374,2.0,2.6,H25 - CBA - Pipeline ytelse,86,2.0,57.0,14.0,5,0.0
374,2.0,2.6,H25 - CBA - Pipeline ytelse,86,2.0,57.0,14.0,1,0.0
374,2.0,2.7,H25 - CBA - Seriell Adder,63,2.0,57.0,14.0,4,50.0
374,2.0,2.7,H25 - CBA - Seriell Adder,63,2.0,57.0,14.0,1,0.0
374,2.0,2.7,H25 - CBA - Seriell Adder,63,2.0,57.0,14.0,2,50.0
374,2.0,2.7,H25 - CBA - Seriell Adder,63,2.0,57.0,14.0,5,0.0
374,2.0,2.7,H25 - CBA - Seriell Adder,63,2.0,57.0,14.0,3,0.0
330,2.0,2.1,H25 - CBA - Cache-miss,39,2.0,67.85,14.0,2,100.0
330,2.0,2.1,H25 - CBA - Cache-miss,39,2.0,67.85,14.0,5,0.0
330,2.0,2.1,H25 - CBA - Cache-miss,39,2.0,67.85,14.0,4,0.0
330,2.0,2.1,H25 - CBA - Cache-miss,39,2.0,67.85,14.0,1,0.0
330,2.0,2.1,H25 - CBA - Cache-miss,39,2.0,67.85,14.0,3,0.0
330,2.0,2.2,H25 - CBA - Adder,49,2.0,67.85,14.0,2,100.0
330,2.0,2.2,H25 - CBA - Adder,49,2.0,67.85,14.0,5,0.0
330,2.0,2.2,H25 - CBA - Adder,49,2.0,67.85,14.0,1,0.0
330,2.0,2.2,H25 - CBA - Adder,49,2.0,67.85,14.0,3,0.0
330,2.0,2.2,H25 - CBA - Adder,49,2.0,67.85,14.0,4,0.0
330,2.0,2.3,H25 - CBA - ALU,206,2.0,67.85,14.0,2,50.0
330,2.0,2.3,H25 - CBA - ALU,206,2.0,67.85,14.0,1,0.0
330,2.0,2.3,H25 - CBA - ALU,206,2.0,67.85,14.0,4,0.0
330,2.0,2.3,H25 - CBA - ALU,206,2.0,67.85,14.0,3,0.0
330,2.0,2.3,H25 - CBA - ALU,206,2.0,67.85,14.0,5,50.0
330,2.0,2.4,H25 - CBA - PC,38,2.0,67.85,14.0,1,100.0
330,2.0,2.4,H25 - CBA - PC,38,2.0,67.85,14.0,2,0.0
330,2.0,2.4,H25 - CBA - PC,38,2.0,67.85,14.0,5,0.0
330,2.0,2.4,H25 - CBA - PC,38,2.0,67.85,14.0,3,0.0
330,2.0,2.4,H25 - CBA - PC,38,2.0,67.85,14.0,4,0.0
330,2.0,2.5,H25 - CBA - Universell porter,31,2.0,67.85,14.0,3,100.0
330,2.0,2.5,H25 - CBA - Universell porter,31,2.0,67.85,14.0,5,0.0
330,2.0,2.5,H25 - CBA - Universell porter,31,2.0,67.85,14.0,4,0.0
330,2.0,2.5,H25 - CBA - Universell porter,31,2.0,67.85,14.0,1,0.0
330,2.0,2.5,H25 - CBA - Universell porter,31,2.0,67.85,14.0,2,0.0
330,2.0,2.6,H25 - CBA - Pipeline ytelse,267,2.0,67.85,14.0,4,50.0
330,2.0,2.6,H25 - CBA - Pipeline ytelse,267,2.0,67.85,14.0,5,50.0
330,2.0,2.6,H25 - CBA - Pipeline ytelse,267,2.0,67.85,14.0,3,0.0
330,2.0,2.6,H25 - CBA - Pipeline ytelse,267,2.0,67.85,14.0,2,0.0
330,2.0,2.6,H25 - CBA - Pipeline ytelse,267,2.0,67.85,14.0,1,0.0
216,2.0,2.1,H25 - CBA - Cache-miss,120,2.0,78.65,14.0,2,100.0
216,2.0,2.1,H25 - CBA - Cache-miss,120,2.0,78.65,14.0,5,0.0
216,2.0,2.1,H25 - CBA - Cache-miss,120,2.0,78.65,14.0,4,0.0
216,2.0,2.1,H25 - CBA - Cache-miss,120,2.0,78.65,14.0,1,0.0
216,2.0,2.1,H25 - CBA - Cache-miss,120,2.0,78.65,14.0,3,0.0
216,2.0,2.2,H25 - CBA - Adder,68,2.0,78.65,14.0,2,100.0
216,2.0,2.2,H25 - CBA - Adder,68,2.0,78.65,14.0,3,0.0
216,2.0,2.2,H25 - CBA - Adder,68,2.0,78.65,14.0,4,0.0
216,2.0,2.2,H25 - CBA - Adder,68,2.0,78.65,14.0,1,0.0
216,2.0,2.2,H25 - CBA - Adder,68,2.0,78.65,14.0,5,0.0
216,2.0,2.3,H25 - CBA - ALU,138,2.0,78.65,14.0,1,75.0
216,2.0,2.3,H25 - CBA - ALU,138,2.0,78.65,14.0,5,0.0
216,2.0,2.3,H25 - CBA - ALU,138,2.0,78.65,14.0,4,0.0
216,2.0,2.3,H25 - CBA - ALU,138,2.0,78.65,14.0,3,0.0
216,2.0,2.3,H25 - CBA - ALU,138,2.0,78.65,14.0,2,25.0
216,2.0,2.4,H25 - CBA - PC,182,2.0,78.65,14.0,5,0.0
216,2.0,2.4,H25 - CBA - PC,182,2.0,78.65,14.0,4,0.0
216,2.0,2.4,H25 - CBA - PC,182,2.0,78.65,14.0,1,75.0
216,2.0,2.4,H25 - CBA - PC,182,2.0,78.65,14.0,2,25.0
216,2.0,2.4,H25 - CBA - PC,182,2.0,78.65,14.0,3,0.0
216,2.0,2.5,H25 - CBA - Universell porter,41,2.0,78.65,14.0,2,0.0
216,2.0,2.5,H25 - CBA - Universell porter,41,2.0,78.65,14.0,1,0.0
216,2.0,2.5,H25 - CBA - Universell porter,41,2.0,78.65,14.0,3,100.0
216,2.0,2.5,H25 - CBA - Universell porter,41,2.0,78.65,14.0,4,0.0
216,2.0,2.5,H25 - CBA - Universell porter,41,2.0,78.65,14.0,5,0.0
216,2.0,2.6,H25 - CBA - Pipeline ytelse,97,2.0,78.65,14.0,2,0.0
216,2.0,2.6,H25 - CBA - Pipeline ytelse,97,2.0,78.65,14.0,3,0.0
216,2.0,2.6,H25 - CBA - Pipeline ytelse,97,2.0,78.65,14.0,4,75.0
216,2.0,2.6,H25 - CBA - Pipeline ytelse,97,2.0,78.65,14.0,1,25.0
216,2.0,2.6,H25 - CBA - Pipeline ytelse,97,2.0,78.65,14.0,5,0.0
216,2.0,2.7,H25 - CBA - Seriell Adder,197,2.0,78.65,14.0,4,0.0
216,2.0,2.7,H25 - CBA - Seriell Adder,197,2.0,78.65,14.0,3,0.0
216,2.0,2.7,H25 - CBA - Seriell Adder,197,2.0,78.65,14.0,1,25.0
216,2.0,2.7,H25 - CBA - Seriell Adder,197,2.0,78.65,14.0,2,75.0
216,2.0,2.7,H25 - CBA - Seriell Adder,197,2.0,78.65,14.0,5,0.0
263,2.0,2.1,H25 - CBA - Cache-miss,111,2.0,87.67,14.0,2,100.0
263,2.0,2.1,H25 - CBA - Cache-miss,111,2.0,87.67,14.0,4,0.0
263,2.0,2.1,H25 - CBA - Cache-miss,111,2.0,87.67,14.0,3,0.0
263,2.0,2.1,H25 - CBA - Cache-miss,111,2.0,87.67,14.0,1,0.0
263,2.0,2.1,H25 - CBA - Cache-miss,111,2.0,87.67,14.0,5,0.0
263,2.0,2.2,H25 - CBA - Adder,29,2.0,87.67,14.0,2,100.0
263,2.0,2.2,H25 - CBA - Adder,29,2.0,87.67,14.0,4,0.0
263,2.0,2.2,H25 - CBA - Adder,29,2.0,87.67,14.0,5,0.0
263,2.0,2.2,H25 - CBA - Adder,29,2.0,87.67,14.0,3,0.0
263,2.0,2.2,H25 - CBA - Adder,29,2.0,87.67,14.0,1,0.0
263,2.0,2.3,H25 - CBA - ALU,290,2.0,87.67,14.0,2,0.0
263,2.0,2.3,H25 - CBA - ALU,290,2.0,87.67,14.0,5,0.0
263,2.0,2.3,H25 - CBA - ALU,290,2.0,87.67,14.0,3,0.0
263,2.0,2.3,H25 - CBA - ALU,290,2.0,87.67,14.0,4,0.0
263,2.0,2.3,H25 - CBA - ALU,290,2.0,87.67,14.0,1,100.0
263,2.0,2.4,H25 - CBA - PC,42,2.0,87.67,14.0,3,100.0
263,2.0,2.4,H25 - CBA - PC,42,2.0,87.67,14.0,5,0.0
263,2.0,2.4,H25 - CBA - PC,42,2.0,87.67,14.0,1,0.0
263,2.0,2.4,H25 - CBA - PC,42,2.0,87.67,14.0,4,0.0
263,2.0,2.4,H25 - CBA - PC,42,2.0,87.67,14.0,2,0.0
263,2.0,2.5,H25 - CBA - Universell porter,16,2.0,87.67,14.0,3,100.0
263,2.0,2.5,H25 - CBA - Universell porter,16,2.0,87.67,14.0,1,0.0
263,2.0,2.5,H25 - CBA - Universell porter,16,2.0,87.67,14.0,5,0.0
263,2.0,2.5,H25 - CBA - Universell porter,16,2.0,87.67,14.0,2,0.0
263,2.0,2.5,H25 - CBA - Universell porter,16,2.0,87.67,14.0,4,0.0
263,2.0,2.6,H25 - CBA - Pipeline ytelse,46,2.0,87.67,14.0,4,100.0
263,2.0,2.6,H25 - CBA - Pipeline ytelse,46,2.0,87.67,14.0,2,0.0
263,2.0,2.6,H25 - CBA - Pipeline ytelse,46,2.0,87.67,14.0,1,0.0
263,2.0,2.6,H25 - CBA - Pipeline ytelse,46,2.0,87.67,14.0,3,0.0
263,2.0,2.6,H25 - CBA - Pipeline ytelse,46,2.0,87.67,14.0,5,0.0
263,2.0,2.7,H25 - CBA - Seriell Adder,25,2.0,87.67,14.0,2,100.0
263,2.0,2.7,H25 - CBA - Seriell Adder,25,2.0,87.67,14.0,1,0.0
263,2.0,2.7,H25 - CBA - Seriell Adder,25,2.0,87.67,14.0,4,0.0
263,2.0,2.7,H25 - CBA - Seriell Adder,25,2.0,87.67,14.0,3,0.0
263,2.0,2.7,H25 - CBA - Seriell Adder,25,2.0,87.67,14.0,5,0.0
506,2.0,2.1,H25 - CBA - Cache-miss,83,2.0,71.56,14.0,5,75.0
506,2.0,2.1,H25 - CBA - Cache-miss,83,2.0,71.56,14.0,2,25.0
506,2.0,2.1,H25 - CBA - Cache-miss,83,2.0,71.56,14.0,4,0.0
506,2.0,2.1,H25 - CBA - Cache-miss,83,2.0,71.56,14.0,3,0.0
506,2.0,2.1,H25 - CBA - Cache-miss,83,2.0,71.56,14.0,1,0.0
506,2.0,2.2,H25 - CBA - Adder,39,2.0,71.56,14.0,2,100.0
506,2.0,2.2,H25 - CBA - Adder,39,2.0,71.56,14.0,1,0.0
506,2.0,2.2,H25 - CBA - Adder,39,2.0,71.56,14.0,3,0.0
506,2.0,2.2,H25 - CBA - Adder,39,2.0,71.56,14.0,4,0.0
506,2.0,2.2,H25 - CBA - Adder,39,2.0,71.56,14.0,5,0.0
506,2.0,2.3,H25 - CBA - ALU,73,2.0,71.56,14.0,1,75.0
506,2.0,2.3,H25 - CBA - ALU,73,2.0,71.56,14.0,2,25.0
506,2.0,2.3,H25 - CBA - ALU,73,2.0,71.56,14.0,4,0.0
506,2.0,2.3,H25 - CBA - ALU,73,2.0,71.56,14.0,5,0.0
506,2.0,2.3,H25 - CBA - ALU,73,2.0,71.56,14.0,3,0.0
506,2.0,2.4,H25 - CBA - PC,123,2.0,71.56,14.0,1,25.0
506,2.0,2.4,H25 - CBA - PC,123,2.0,71.56,14.0,3,75.0
506,2.0,2.4,H25 - CBA - PC,123,2.0,71.56,14.0,4,0.0
506,2.0,2.4,H25 - CBA - PC,123,2.0,71.56,14.0,5,0.0
506,2.0,2.4,H25 - CBA - PC,123,2.0,71.56,14.0,2,0.0
506,2.0,2.5,H25 - CBA - Universell porter,39,2.0,71.56,14.0,3,100.0
506,2.0,2.5,H25 - CBA - Universell porter,39,2.0,71.56,14.0,4,0.0
506,2.0,2.5,H25 - CBA - Universell porter,39,2.0,71.56,14.0,2,0.0
506,2.0,2.5,H25 - CBA - Universell porter,39,2.0,71.56,14.0,1,0.0
506,2.0,2.5,H25 - CBA - Universell porter,39,2.0,71.56,14.0,5,0.0
506,2.0,2.6,H25 - CBA - Pipeline ytelse,80,2.0,71.56,14.0,4,100.0
506,2.0,2.6,H25 - CBA - Pipeline ytelse,80,2.0,71.56,14.0,1,0.0
506,2.0,2.6,H25 - CBA - Pipeline ytelse,80,2.0,71.56,14.0,5,0.0
506,2.0,2.6,H25 - CBA - Pipeline ytelse,80,2.0,71.56,14.0,2,0.0
506,2.0,2.6,H25 - CBA - Pipeline ytelse,80,2.0,71.56,14.0,3,0.0
506,2.0,2.7,H25 - CBA - Seriell Adder,126,2.0,71.56,14.0,2,50.0
506,2.0,2.7,H25 - CBA - Seriell Adder,126,2.0,71.56,14.0,5,0.0
506,2.0,2.7,H25 - CBA - Seriell Adder,126,2.0,71.56,14.0,3,50.0
506,2.0,2.7,H25 - CBA - Seriell Adder,126,2.0,71.56,14.0,4,0.0
506,2.0,2.7,H25 - CBA - Seriell Adder,126,2.0,71.56,14.0,1,0.0
121,2.0,2.1,H25 - CBA - Cache-miss,120,2.0,85.67,14.0,5,0.0
121,2.0,2.1,H25 - CBA - Cache-miss,120,2.0,85.67,14.0,4,0.0
121,2.0,2.1,H25 - CBA - Cache-miss,120,2.0,85.67,14.0,3,0.0
121,2.0,2.1,H25 - CBA - Cache-miss,120,2.0,85.67,14.0,2,100.0
121,2.0,2.1,H25 - CBA - Cache-miss,120,2.0,85.67,14.0,1,0.0
121,2.0,2.2,H25 - CBA - Adder,68,2.0,85.67,14.0,1,0.0
121,2.0,2.2,H25 - CBA - Adder,68,2.0,85.67,14.0,5,0.0
121,2.0,2.2,H25 - CBA - Adder,68,2.0,85.67,14.0,2,50.0
121,2.0,2.2,H25 - CBA - Adder,68,2.0,85.67,14.0,3,50.0
121,2.0,2.2,H25 - CBA - Adder,68,2.0,85.67,14.0,4,0.0
121,2.0,2.3,H25 - CBA - ALU,303,2.0,85.67,14.0,4,0.0
121,2.0,2.3,H25 - CBA - ALU,303,2.0,85.67,14.0,5,0.0
121,2.0,2.3,H25 - CBA - ALU,303,2.0,85.67,14.0,3,50.0
121,2.0,2.3,H25 - CBA - ALU,303,2.0,85.67,14.0,1,50.0
121,2.0,2.3,H25 - CBA - ALU,303,2.0,85.67,14.0,2,0.0
121,2.0,2.4,H25 - CBA - PC,212,2.0,85.67,14.0,1,100.0
121,2.0,2.4,H25 - CBA - PC,212,2.0,85.67,14.0,3,0.0
121,2.0,2.4,H25 - CBA - PC,212,2.0,85.67,14.0,2,0.0
121,2.0,2.4,H25 - CBA - PC,212,2.0,85.67,14.0,4,0.0
121,2.0,2.4,H25 - CBA - PC,212,2.0,85.67,14.0,5,0.0
121,2.0,2.5,H25 - CBA - Universell porter,116,2.0,85.67,14.0,3,100.0
121,2.0,2.5,H25 - CBA - Universell porter,116,2.0,85.67,14.0,5,0.0
121,2.0,2.5,H25 - CBA - Universell porter,116,2.0,85.67,14.0,4,0.0
121,2.0,2.5,H25 - CBA - Universell porter,116,2.0,85.67,14.0,1,0.0
121,2.0,2.5,H25 - CBA - Universell porter,116,2.0,85.67,14.0,2,0.0
121,2.0,2.6,H25 - CBA - Pipeline ytelse,78,2.0,85.67,14.0,4,100.0
121,2.0,2.6,H25 - CBA - Pipeline ytelse,78,2.0,85.67,14.0,2,0.0
121,2.0,2.6,H25 - CBA - Pipeline ytelse,78,2.0,85.67,14.0,1,0.0
121,2.0,2.6,H25 - CBA - Pipeline ytelse,78,2.0,85.67,14.0,3,0.0
121,2.0,2.6,H25 - CBA - Pipeline ytelse,78,2.0,85.67,14.0,5,0.0
121,2.0,2.7,H25 - CBA - Seriell Adder,170,2.0,85.67,14.0,1,50.0
121,2.0,2.7,H25 - CBA - Seriell Adder,170,2.0,85.67,14.0,4,50.0
121,2.0,2.7,H25 - CBA - Seriell Adder,170,2.0,85.67,14.0,2,0.0
121,2.0,2.7,H25 - CBA - Seriell Adder,170,2.0,85.67,14.0,5,0.0
121,2.0,2.7,H25 - CBA - Seriell Adder,170,2.0,85.67,14.0,3,0.0
457,2.0,2.1,H25 - CBA - Cache-miss,557,2.0,91.5,14.0,1,0.0
457,2.0,2.1,H25 - CBA - Cache-miss,557,2.0,91.5,14.0,2,100.0
457,2.0,2.1,H25 - CBA - Cache-miss,557,2.0,91.5,14.0,3,0.0
457,2.0,2.1,H25 - CBA - Cache-miss,557,2.0,91.5,14.0,5,0.0
457,2.0,2.1,H25 - CBA - Cache-miss,557,2.0,91.5,14.0,4,0.0
457,2.0,2.2,H25 - CBA - Adder,113,2.0,91.5,14.0,2,100.0
457,2.0,2.2,H25 - CBA - Adder,113,2.0,91.5,14.0,1,0.0
457,2.0,2.2,H25 - CBA - Adder,113,2.0,91.5,14.0,3,0.0
457,2.0,2.2,H25 - CBA - Adder,113,2.0,91.5,14.0,4,0.0
457,2.0,2.2,H25 - CBA - Adder,113,2.0,91.5,14.0,5,0.0
457,2.0,2.6,H25 - CBA - Pipeline ytelse,281,2.0,91.5,14.0,4,100.0
457,2.0,2.6,H25 - CBA - Pipeline ytelse,281,2.0,91.5,14.0,2,0.0
457,2.0,2.6,H25 - CBA - Pipeline ytelse,281,2.0,91.5,14.0,5,0.0
457,2.0,2.6,H25 - CBA - Pipeline ytelse,281,2.0,91.5,14.0,3,0.0
457,2.0,2.6,H25 - CBA - Pipeline ytelse,281,2.0,91.5,14.0,1,0.0
457,2.0,2.7,H25 - CBA - Seriell Adder,87,2.0,91.5,14.0,2,100.0
457,2.0,2.7,H25 - CBA - Seriell Adder,87,2.0,91.5,14.0,5,0.0
457,2.0,2.7,H25 - CBA - Seriell Adder,87,2.0,91.5,14.0,1,0.0
457,2.0,2.7,H25 - CBA - Seriell Adder,87,2.0,91.5,14.0,3,0.0
457,2.0,2.7,H25 - CBA - Seriell Adder,87,2.0,91.5,14.0,4,0.0
282,2.0,2.1,H25 - CBA - Cache-miss,87,2.0,82.0,14.0,1,0.0
282,2.0,2.1,H25 - CBA - Cache-miss,87,2.0,82.0,14.0,3,0.0
282,2.0,2.1,H25 - CBA - Cache-miss,87,2.0,82.0,14.0,2,100.0
282,2.0,2.1,H25 - CBA - Cache-miss,87,2.0,82.0,14.0,5,0.0
282,2.0,2.1,H25 - CBA - Cache-miss,87,2.0,82.0,14.0,4,0.0
282,2.0,2.2,H25 - CBA - Adder,34,2.0,82.0,14.0,2,100.0
282,2.0,2.2,H25 - CBA - Adder,34,2.0,82.0,14.0,5,0.0
282,2.0,2.2,H25 - CBA - Adder,34,2.0,82.0,14.0,4,0.0
282,2.0,2.2,H25 - CBA - Adder,34,2.0,82.0,14.0,1,0.0
282,2.0,2.2,H25 - CBA - Adder,34,2.0,82.0,14.0,3,0.0
282,2.0,2.3,H25 - CBA - ALU,74,2.0,82.0,14.0,1,75.0
282,2.0,2.3,H25 - CBA - ALU,74,2.0,82.0,14.0,4,0.0
282,2.0,2.3,H25 - CBA - ALU,74,2.0,82.0,14.0,3,0.0
282,2.0,2.3,H25 - CBA - ALU,74,2.0,82.0,14.0,2,0.0
282,2.0,2.3,H25 - CBA - ALU,74,2.0,82.0,14.0,5,25.0
282,2.0,2.4,H25 - CBA - PC,50,2.0,82.0,14.0,1,75.0
282,2.0,2.4,H25 - CBA - PC,50,2.0,82.0,14.0,2,25.0
282,2.0,2.4,H25 - CBA - PC,50,2.0,82.0,14.0,3,0.0
282,2.0,2.4,H25 - CBA - PC,50,2.0,82.0,14.0,4,0.0
282,2.0,2.4,H25 - CBA - PC,50,2.0,82.0,14.0,5,0.0
282,2.0,2.5,H25 - CBA - Universell porter,34,2.0,82.0,14.0,3,100.0
282,2.0,2.5,H25 - CBA - Universell porter,34,2.0,82.0,14.0,2,0.0
282,2.0,2.5,H25 - CBA - Universell porter,34,2.0,82.0,14.0,4,0.0
282,2.0,2.5,H25 - CBA - Universell porter,34,2.0,82.0,14.0,5,0.0
282,2.0,2.5,H25 - CBA - Universell porter,34,2.0,82.0,14.0,1,0.0
282,2.0,2.6,H25 - CBA - Pipeline ytelse,30,2.0,82.0,14.0,4,100.0
282,2.0,2.6,H25 - CBA - Pipeline ytelse,30,2.0,82.0,14.0,1,0.0
282,2.0,2.6,H25 - CBA - Pipeline ytelse,30,2.0,82.0,14.0,5,0.0
282,2.0,2.6,H25 - CBA - Pipeline ytelse,30,2.0,82.0,14.0,3,0.0
282,2.0,2.6,H25 - CBA - Pipeline ytelse,30,2.0,82.0,14.0,2,0.0
282,2.0,2.7,H25 - CBA - Seriell Adder,27,2.0,82.0,14.0,2,100.0
282,2.0,2.7,H25 - CBA - Seriell Adder,27,2.0,82.0,14.0,4,0.0
282,2.0,2.7,H25 - CBA - Seriell Adder,27,2.0,82.0,14.0,3,0.0
282,2.0,2.7,H25 - CBA - Seriell Adder,27,2.0,82.0,14.0,5,0.0
282,2.0,2.7,H25 - CBA - Seriell Adder,27,2.0,82.0,14.0,1,0.0
502,2.0,2.1,H25 - CBA - Cache-miss,114,2.0,45.16,14.0,3,0.0
502,2.0,2.1,H25 - CBA - Cache-miss,114,2.0,45.16,14.0,1,0.0
502,2.0,2.1,H25 - CBA - Cache-miss,114,2.0,45.16,14.0,5,50.0
502,2.0,2.1,H25 - CBA - Cache-miss,114,2.0,45.16,14.0,4,50.0
502,2.0,2.1,H25 - CBA - Cache-miss,114,2.0,45.16,14.0,2,0.0
502,2.0,2.2,H25 - CBA - Adder,74,2.0,45.16,14.0,2,50.0
502,2.0,2.2,H25 - CBA - Adder,74,2.0,45.16,14.0,3,25.0
502,2.0,2.2,H25 - CBA - Adder,74,2.0,45.16,14.0,4,0.0
502,2.0,2.2,H25 - CBA - Adder,74,2.0,45.16,14.0,5,25.0
502,2.0,2.2,H25 - CBA - Adder,74,2.0,45.16,14.0,1,0.0
502,2.0,2.3,H25 - CBA - ALU,146,2.0,45.16,14.0,4,50.0
502,2.0,2.3,H25 - CBA - ALU,146,2.0,45.16,14.0,1,0.0
502,2.0,2.3,H25 - CBA - ALU,146,2.0,45.16,14.0,2,25.0
502,2.0,2.3,H25 - CBA - ALU,146,2.0,45.16,14.0,5,25.0
502,2.0,2.3,H25 - CBA - ALU,146,2.0,45.16,14.0,3,0.0
502,2.0,2.4,H25 - CBA - PC,105,2.0,45.16,14.0,3,75.0
502,2.0,2.4,H25 - CBA - PC,105,2.0,45.16,14.0,2,25.0
502,2.0,2.4,H25 - CBA - PC,105,2.0,45.16,14.0,4,0.0
502,2.0,2.4,H25 - CBA - PC,105,2.0,45.16,14.0,5,0.0
502,2.0,2.4,H25 - CBA - PC,105,2.0,45.16,14.0,1,0.0
502,2.0,2.5,H25 - CBA - Universell porter,32,2.0,45.16,14.0,3,100.0
502,2.0,2.5,H25 - CBA - Universell porter,32,2.0,45.16,14.0,5,0.0
502,2.0,2.5,H25 - CBA - Universell porter,32,2.0,45.16,14.0,2,0.0
502,2.0,2.5,H25 - CBA - Universell porter,32,2.0,45.16,14.0,4,0.0
502,2.0,2.5,H25 - CBA - Universell porter,32,2.0,45.16,14.0,1,0.0
502,2.0,2.6,H25 - CBA - Pipeline ytelse,61,2.0,45.16,14.0,4,75.0
502,2.0,2.6,H25 - CBA - Pipeline ytelse,61,2.0,45.16,14.0,1,0.0
502,2.0,2.6,H25 - CBA - Pipeline ytelse,61,2.0,45.16,14.0,3,25.0
502,2.0,2.6,H25 - CBA - Pipeline ytelse,61,2.0,45.16,14.0,5,0.0
502,2.0,2.6,H25 - CBA - Pipeline ytelse,61,2.0,45.16,14.0,2,0.0
502,2.0,2.7,H25 - CBA - Seriell Adder,64,2.0,45.16,14.0,1,75.0
502,2.0,2.7,H25 - CBA - Seriell Adder,64,2.0,45.16,14.0,2,0.0
502,2.0,2.7,H25 - CBA - Seriell Adder,64,2.0,45.16,14.0,5,0.0
502,2.0,2.7,H25 - CBA - Seriell Adder,64,2.0,45.16,14.0,4,25.0
502,2.0,2.7,H25 - CBA - Seriell Adder,64,2.0,45.16,14.0,3,0.0
438,2.0,2.1,H25 - CBA - Cache-miss,31,2.0,64.35,6.0,2,100.0
438,2.0,2.2,H25 - CBA - Adder,53,0.0,64.35,6.0,2,75.0
438,2.0,2.2,H25 - CBA - Adder,53,0.0,64.35,6.0,3,25.0
438,2.0,2.3,H25 - CBA - ALU,76,0.0,64.35,6.0,1,75.0
438,2.0,2.3,H25 - CBA - ALU,76,0.0,64.35,6.0,2,25.0
438,2.0,2.4,H25 - CBA - PC,91,2.0,64.35,6.0,3,0.0
438,2.0,2.4,H25 - CBA - PC,91,2.0,64.35,6.0,2,50.0
438,2.0,2.4,H25 - CBA - PC,91,2.0,64.35,6.0,1,50.0
438,2.0,2.5,H25 - CBA - Universell porter,58,0.0,64.35,6.0,3,75.0
438,2.0,2.5,H25 - CBA - Universell porter,58,0.0,64.35,6.0,5,25.0
438,2.0,2.6,H25 - CBA - Pipeline ytelse,46,0.0,64.35,6.0,4,75.0
438,2.0,2.6,H25 - CBA - Pipeline ytelse,46,0.0,64.35,6.0,1,25.0
438,2.0,2.7,H25 - CBA - Seriell Adder,66,2.0,64.35,6.0,2,100.0
438,2.0,2.7,H25 - CBA - Seriell Adder,66,2.0,64.35,6.0,3,0.0
427,2.0,2.1,H25 - CBA - Cache-miss,39,2.0,56.65,8.0,2,100.0
427,2.0,2.2,H25 - CBA - Adder,45,2.0,56.65,8.0,2,100.0
427,2.0,2.3,H25 - CBA - ALU,55,0.0,56.65,8.0,2,75.0
427,2.0,2.3,H25 - CBA - ALU,55,0.0,56.65,8.0,1,25.0
427,2.0,2.4,H25 - CBA - PC,61,0.0,56.65,8.0,1,25.0
427,2.0,2.4,H25 - CBA - PC,61,0.0,56.65,8.0,2,75.0
427,2.0,2.5,H25 - CBA - Universell porter,45,2.0,56.65,8.0,3,100.0
427,2.0,2.6,H25 - CBA - Pipeline ytelse,21,2.0,56.65,8.0,4,100.0
427,2.0,2.7,H25 - CBA - Seriell Adder,55,0.0,56.65,8.0,2,75.0
427,2.0,2.7,H25 - CBA - Seriell Adder,55,0.0,56.65,8.0,4,25.0
83,2.0,2.1,H25 - CBA - Cache-miss,60,2.0,54.02,14.0,2,100.0
83,2.0,2.1,H25 - CBA - Cache-miss,60,2.0,54.02,14.0,5,0.0
83,2.0,2.1,H25 - CBA - Cache-miss,60,2.0,54.02,14.0,1,0.0
83,2.0,2.1,H25 - CBA - Cache-miss,60,2.0,54.02,14.0,3,0.0
83,2.0,2.1,H25 - CBA - Cache-miss,60,2.0,54.02,14.0,4,0.0
83,2.0,2.2,H25 - CBA - Adder,20,2.0,54.02,14.0,2,100.0
83,2.0,2.2,H25 - CBA - Adder,20,2.0,54.02,14.0,4,0.0
83,2.0,2.2,H25 - CBA - Adder,20,2.0,54.02,14.0,5,0.0
83,2.0,2.2,H25 - CBA - Adder,20,2.0,54.02,14.0,1,0.0
83,2.0,2.2,H25 - CBA - Adder,20,2.0,54.02,14.0,3,0.0
83,2.0,2.3,H25 - CBA - ALU,106,2.0,54.02,14.0,5,75.0
83,2.0,2.3,H25 - CBA - ALU,106,2.0,54.02,14.0,2,25.0
83,2.0,2.3,H25 - CBA - ALU,106,2.0,54.02,14.0,4,0.0
83,2.0,2.3,H25 - CBA - ALU,106,2.0,54.02,14.0,3,0.0
83,2.0,2.3,H25 - CBA - ALU,106,2.0,54.02,14.0,1,0.0
83,2.0,2.4,H25 - CBA - PC,68,2.0,54.02,14.0,4,25.0
83,2.0,2.4,H25 - CBA - PC,68,2.0,54.02,14.0,3,75.0
83,2.0,2.4,H25 - CBA - PC,68,2.0,54.02,14.0,5,0.0
83,2.0,2.4,H25 - CBA - PC,68,2.0,54.02,14.0,2,0.0
83,2.0,2.4,H25 - CBA - PC,68,2.0,54.02,14.0,1,0.0
83,2.0,2.5,H25 - CBA - Universell porter,29,2.0,54.02,14.0,3,100.0
83,2.0,2.5,H25 - CBA - Universell porter,29,2.0,54.02,14.0,5,0.0
83,2.0,2.5,H25 - CBA - Universell porter,29,2.0,54.02,14.0,4,0.0
83,2.0,2.5,H25 - CBA - Universell porter,29,2.0,54.02,14.0,2,0.0
83,2.0,2.5,H25 - CBA - Universell porter,29,2.0,54.02,14.0,1,0.0
83,2.0,2.6,H25 - CBA - Pipeline ytelse,59,2.0,54.02,14.0,3,75.0
83,2.0,2.6,H25 - CBA - Pipeline ytelse,59,2.0,54.02,14.0,5,25.0
83,2.0,2.6,H25 - CBA - Pipeline ytelse,59,2.0,54.02,14.0,2,0.0
83,2.0,2.6,H25 - CBA - Pipeline ytelse,59,2.0,54.02,14.0,1,0.0
83,2.0,2.7,H25 - CBA - Seriell Adder,45,2.0,54.02,14.0,5,75.0
83,2.0,2.7,H25 - CBA - Seriell Adder,45,2.0,54.02,14.0,4,25.0
83,2.0,2.7,H25 - CBA - Seriell Adder,45,2.0,54.02,14.0,3,0.0
83,2.0,2.7,H25 - CBA - Seriell Adder,45,2.0,54.02,14.0,2,0.0
83,2.0,2.7,H25 - CBA - Seriell Adder,45,2.0,54.02,14.0,1,0.0
1,2.0,2.1,H25 - CBA - Cache-miss,167,2.0,44.01,14.0,3,0.0
1,2.0,2.1,H25 - CBA - Cache-miss,167,2.0,44.01,14.0,1,0.0
1,2.0,2.1,H25 - CBA - Cache-miss,167,2.0,44.01,14.0,4,0.0
1,2.0,2.1,H25 - CBA - Cache-miss,167,2.0,44.01,14.0,5,25.0
1,2.0,2.1,H25 - CBA - Cache-miss,167,2.0,44.01,14.0,2,75.0
1,2.0,2.2,H25 - CBA - Adder,94,2.0,44.01,14.0,5,0.0
1,2.0,2.2,H25 - CBA - Adder,94,2.0,44.01,14.0,3,25.0
1,2.0,2.2,H25 - CBA - Adder,94,2.0,44.01,14.0,2,0.0
1,2.0,2.2,H25 - CBA - Adder,94,2.0,44.01,14.0,1,0.0
1,2.0,2.2,H25 - CBA - Adder,94,2.0,44.01,14.0,4,75.0
1,2.0,2.3,H25 - CBA - ALU,89,2.0,44.01,14.0,1,0.0
1,2.0,2.3,H25 - CBA - ALU,89,2.0,44.01,14.0,3,0.0
1,2.0,2.3,H25 - CBA - ALU,89,2.0,44.01,14.0,5,25.0
1,2.0,2.3,H25 - CBA - ALU,89,2.0,44.01,14.0,4,0.0
1,2.0,2.3,H25 - CBA - ALU,89,2.0,44.01,14.0,2,75.0
1,2.0,2.4,H25 - CBA - PC,46,2.0,44.01,14.0,3,100.0
1,2.0,2.4,H25 - CBA - PC,46,2.0,44.01,14.0,2,0.0
1,2.0,2.4,H25 - CBA - PC,46,2.0,44.01,14.0,4,0.0
1,2.0,2.4,H25 - CBA - PC,46,2.0,44.01,14.0,1,0.0
1,2.0,2.4,H25 - CBA - PC,46,2.0,44.01,14.0,5,0.0
1,2.0,2.5,H25 - CBA - Universell porter,89,2.0,44.01,14.0,4,0.0
1,2.0,2.5,H25 - CBA - Universell porter,89,2.0,44.01,14.0,2,0.0
1,2.0,2.5,H25 - CBA - Universell porter,89,2.0,44.01,14.0,5,0.0
1,2.0,2.5,H25 - CBA - Universell porter,89,2.0,44.01,14.0,1,0.0
1,2.0,2.5,H25 - CBA - Universell porter,89,2.0,44.01,14.0,3,100.0
1,2.0,2.6,H25 - CBA - Pipeline ytelse,70,2.0,44.01,14.0,1,50.0
1,2.0,2.6,H25 - CBA - Pipeline ytelse,70,2.0,44.01,14.0,4,0.0
1,2.0,2.6,H25 - CBA - Pipeline ytelse,70,2.0,44.01,14.0,3,0.0
1,2.0,2.6,H25 - CBA - Pipeline ytelse,70,2.0,44.01,14.0,2,0.0
1,2.0,2.6,H25 - CBA - Pipeline ytelse,70,2.0,44.01,14.0,5,50.0
1,2.0,2.7,H25 - CBA - Seriell Adder,57,2.0,44.01,14.0,1,0.0
1,2.0,2.7,H25 - CBA - Seriell Adder,57,2.0,44.01,14.0,2,50.0
1,2.0,2.7,H25 - CBA - Seriell Adder,57,2.0,44.01,14.0,5,0.0
1,2.0,2.7,H25 - CBA - Seriell Adder,57,2.0,44.01,14.0,3,0.0
1,2.0,2.7,H25 - CBA - Seriell Adder,57,2.0,44.01,14.0,4,50.0
519,2.0,2.1,H25 - CBA - Cache-miss,63,2.0,70.95,14.0,3,0.0
519,2.0,2.1,H25 - CBA - Cache-miss,63,2.0,70.95,14.0,2,100.0
519,2.0,2.1,H25 - CBA - Cache-miss,63,2.0,70.95,14.0,1,0.0
519,2.0,2.1,H25 - CBA - Cache-miss,63,2.0,70.95,14.0,5,0.0
519,2.0,2.1,H25 - CBA - Cache-miss,63,2.0,70.95,14.0,4,0.0
519,2.0,2.2,H25 - CBA - Adder,82,2.0,70.95,14.0,2,100.0
519,2.0,2.2,H25 - CBA - Adder,82,2.0,70.95,14.0,1,0.0
519,2.0,2.2,H25 - CBA - Adder,82,2.0,70.95,14.0,3,0.0
519,2.0,2.2,H25 - CBA - Adder,82,2.0,70.95,14.0,4,0.0
519,2.0,2.2,H25 - CBA - Adder,82,2.0,70.95,14.0,5,0.0
519,2.0,2.3,H25 - CBA - ALU,282,2.0,70.95,14.0,5,75.0
519,2.0,2.3,H25 - CBA - ALU,282,2.0,70.95,14.0,3,0.0
519,2.0,2.3,H25 - CBA - ALU,282,2.0,70.95,14.0,4,25.0
519,2.0,2.3,H25 - CBA - ALU,282,2.0,70.95,14.0,1,0.0
519,2.0,2.3,H25 - CBA - ALU,282,2.0,70.95,14.0,2,0.0
519,2.0,2.4,H25 - CBA - PC,105,2.0,70.95,14.0,1,25.0
519,2.0,2.4,H25 - CBA - PC,105,2.0,70.95,14.0,3,0.0
519,2.0,2.4,H25 - CBA - PC,105,2.0,70.95,14.0,5,0.0
519,2.0,2.4,H25 - CBA - PC,105,2.0,70.95,14.0,2,75.0
519,2.0,2.4,H25 - CBA - PC,105,2.0,70.95,14.0,4,0.0
519,2.0,2.5,H25 - CBA - Universell porter,37,2.0,70.95,14.0,3,100.0
519,2.0,2.5,H25 - CBA - Universell porter,37,2.0,70.95,14.0,4,0.0
519,2.0,2.5,H25 - CBA - Universell porter,37,2.0,70.95,14.0,1,0.0
519,2.0,2.5,H25 - CBA - Universell porter,37,2.0,70.95,14.0,5,0.0
519,2.0,2.5,H25 - CBA - Universell porter,37,2.0,70.95,14.0,2,0.0
519,2.0,2.6,H25 - CBA - Pipeline ytelse,107,2.0,70.95,14.0,4,100.0
519,2.0,2.6,H25 - CBA - Pipeline ytelse,107,2.0,70.95,14.0,5,0.0
519,2.0,2.6,H25 - CBA - Pipeline ytelse,107,2.0,70.95,14.0,1,0.0
519,2.0,2.6,H25 - CBA - Pipeline ytelse,107,2.0,70.95,14.0,3,0.0
519,2.0,2.6,H25 - CBA - Pipeline ytelse,107,2.0,70.95,14.0,2,0.0
519,2.0,2.7,H25 - CBA - Seriell Adder,127,2.0,70.95,14.0,5,0.0
519,2.0,2.7,H25 - CBA - Seriell Adder,127,2.0,70.95,14.0,4,0.0
519,2.0,2.7,H25 - CBA - Seriell Adder,127,2.0,70.95,14.0,2,25.0
519,2.0,2.7,H25 - CBA - Seriell Adder,127,2.0,70.95,14.0,1,0.0
519,2.0,2.7,H25 - CBA - Seriell Adder,127,2.0,70.95,14.0,3,75.0
379,2.0,2.1,H25 - CBA - Cache-miss,109,2.0,43.09,14.0,3,0.0
379,2.0,2.1,H25 - CBA - Cache-miss,109,2.0,43.09,14.0,1,0.0
379,2.0,2.1,H25 - CBA - Cache-miss,109,2.0,43.09,14.0,2,100.0
379,2.0,2.1,H25 - CBA - Cache-miss,109,2.0,43.09,14.0,5,0.0
379,2.0,2.1,H25 - CBA - Cache-miss,109,2.0,43.09,14.0,4,0.0
379,2.0,2.2,H25 - CBA - Adder,76,2.0,43.09,14.0,1,0.0
379,2.0,2.2,H25 - CBA - Adder,76,2.0,43.09,14.0,4,0.0
379,2.0,2.2,H25 - CBA - Adder,76,2.0,43.09,14.0,5,50.0
379,2.0,2.2,H25 - CBA - Adder,76,2.0,43.09,14.0,3,0.0
379,2.0,2.2,H25 - CBA - Adder,76,2.0,43.09,14.0,2,50.0
379,2.0,2.3,H25 - CBA - ALU,58,2.0,43.09,14.0,2,100.0
379,2.0,2.3,H25 - CBA - ALU,58,2.0,43.09,14.0,3,0.0
379,2.0,2.3,H25 - CBA - ALU,58,2.0,43.09,14.0,4,0.0
379,2.0,2.3,H25 - CBA - ALU,58,2.0,43.09,14.0,5,0.0
379,2.0,2.3,H25 - CBA - ALU,58,2.0,43.09,14.0,1,0.0
379,2.0,2.4,H25 - CBA - PC,42,2.0,43.09,14.0,2,0.0
379,2.0,2.4,H25 - CBA - PC,42,2.0,43.09,14.0,5,0.0
379,2.0,2.4,H25 - CBA - PC,42,2.0,43.09,14.0,3,100.0
379,2.0,2.4,H25 - CBA - PC,42,2.0,43.09,14.0,1,0.0
379,2.0,2.4,H25 - CBA - PC,42,2.0,43.09,14.0,4,0.0
379,2.0,2.5,H25 - CBA - Universell porter,153,2.0,43.09,14.0,4,0.0
379,2.0,2.5,H25 - CBA - Universell porter,153,2.0,43.09,14.0,3,100.0
379,2.0,2.5,H25 - CBA - Universell porter,153,2.0,43.09,14.0,2,0.0
379,2.0,2.5,H25 - CBA - Universell porter,153,2.0,43.09,14.0,5,0.0
379,2.0,2.5,H25 - CBA - Universell porter,153,2.0,43.09,14.0,1,0.0
379,2.0,2.6,H25 - CBA - Pipeline ytelse,82,2.0,43.09,14.0,3,50.0
379,2.0,2.6,H25 - CBA - Pipeline ytelse,82,2.0,43.09,14.0,5,0.0
379,2.0,2.6,H25 - CBA - Pipeline ytelse,82,2.0,43.09,14.0,2,0.0
379,2.0,2.6,H25 - CBA - Pipeline ytelse,82,2.0,43.09,14.0,4,0.0
379,2.0,2.6,H25 - CBA - Pipeline ytelse,82,2.0,43.09,14.0,1,50.0
379,2.0,2.7,H25 - CBA - Seriell Adder,153,2.0,43.09,14.0,5,25.0
379,2.0,2.7,H25 - CBA - Seriell Adder,153,2.0,43.09,14.0,2,25.0
379,2.0,2.7,H25 - CBA - Seriell Adder,153,2.0,43.09,14.0,3,25.0
379,2.0,2.7,H25 - CBA - Seriell Adder,153,2.0,43.09,14.0,4,25.0
379,2.0,2.7,H25 - CBA - Seriell Adder,153,2.0,43.09,14.0,1,0.0
157,2.0,2.1,H25 - CBA - Cache-miss,129,2.0,84.5,14.0,2,100.0
157,2.0,2.1,H25 - CBA - Cache-miss,129,2.0,84.5,14.0,5,0.0
157,2.0,2.1,H25 - CBA - Cache-miss,129,2.0,84.5,14.0,1,0.0
157,2.0,2.1,H25 - CBA - Cache-miss,129,2.0,84.5,14.0,4,0.0
157,2.0,2.1,H25 - CBA - Cache-miss,129,2.0,84.5,14.0,3,0.0
157,2.0,2.2,H25 - CBA - Adder,67,2.0,84.5,14.0,2,100.0
157,2.0,2.2,H25 - CBA - Adder,67,2.0,84.5,14.0,1,0.0
157,2.0,2.2,H25 - CBA - Adder,67,2.0,84.5,14.0,3,0.0
157,2.0,2.2,H25 - CBA - Adder,67,2.0,84.5,14.0,4,0.0
157,2.0,2.2,H25 - CBA - Adder,67,2.0,84.5,14.0,5,0.0
157,2.0,2.3,H25 - CBA - ALU,119,2.0,84.5,14.0,1,50.0
157,2.0,2.3,H25 - CBA - ALU,119,2.0,84.5,14.0,3,0.0
157,2.0,2.3,H25 - CBA - ALU,119,2.0,84.5,14.0,5,0.0
157,2.0,2.3,H25 - CBA - ALU,119,2.0,84.5,14.0,2,50.0
157,2.0,2.3,H25 - CBA - ALU,119,2.0,84.5,14.0,4,0.0
157,2.0,2.4,H25 - CBA - PC,139,2.0,84.5,14.0,4,0.0
157,2.0,2.4,H25 - CBA - PC,139,2.0,84.5,14.0,3,0.0
157,2.0,2.4,H25 - CBA - PC,139,2.0,84.5,14.0,2,0.0
157,2.0,2.4,H25 - CBA - PC,139,2.0,84.5,14.0,1,100.0
157,2.0,2.4,H25 - CBA - PC,139,2.0,84.5,14.0,5,0.0
157,2.0,2.5,H25 - CBA - Universell porter,39,2.0,84.5,14.0,3,100.0
157,2.0,2.5,H25 - CBA - Universell porter,39,2.0,84.5,14.0,2,0.0
157,2.0,2.5,H25 - CBA - Universell porter,39,2.0,84.5,14.0,5,0.0
157,2.0,2.5,H25 - CBA - Universell porter,39,2.0,84.5,14.0,1,0.0
157,2.0,2.5,H25 - CBA - Universell porter,39,2.0,84.5,14.0,4,0.0
157,2.0,2.6,H25 - CBA - Pipeline ytelse,120,2.0,84.5,14.0,4,25.0
157,2.0,2.6,H25 - CBA - Pipeline ytelse,120,2.0,84.5,14.0,5,0.0
157,2.0,2.6,H25 - CBA - Pipeline ytelse,120,2.0,84.5,14.0,2,0.0
157,2.0,2.6,H25 - CBA - Pipeline ytelse,120,2.0,84.5,14.0,1,75.0
157,2.0,2.6,H25 - CBA - Pipeline ytelse,120,2.0,84.5,14.0,3,0.0
157,2.0,2.7,H25 - CBA - Seriell Adder,69,2.0,84.5,14.0,2,100.0
157,2.0,2.7,H25 - CBA - Seriell Adder,69,2.0,84.5,14.0,3,0.0
157,2.0,2.7,H25 - CBA - Seriell Adder,69,2.0,84.5,14.0,5,0.0
157,2.0,2.7,H25 - CBA - Seriell Adder,69,2.0,84.5,14.0,4,0.0
157,2.0,2.7,H25 - CBA - Seriell Adder,69,2.0,84.5,14.0,1,0.0
344,2.0,2.1,H25 - CBA - Cache-miss,43,2.0,71.16,14.0,2,100.0
344,2.0,2.1,H25 - CBA - Cache-miss,43,2.0,71.16,14.0,5,0.0
344,2.0,2.1,H25 - CBA - Cache-miss,43,2.0,71.16,14.0,1,0.0
344,2.0,2.1,H25 - CBA - Cache-miss,43,2.0,71.16,14.0,4,0.0
344,2.0,2.1,H25 - CBA - Cache-miss,43,2.0,71.16,14.0,3,0.0
344,2.0,2.2,H25 - CBA - Adder,505,2.0,71.16,14.0,2,0.0
344,2.0,2.2,H25 - CBA - Adder,505,2.0,71.16,14.0,3,0.0
344,2.0,2.2,H25 - CBA - Adder,505,2.0,71.16,14.0,4,100.0
344,2.0,2.2,H25 - CBA - Adder,505,2.0,71.16,14.0,1,0.0
344,2.0,2.2,H25 - CBA - Adder,505,2.0,71.16,14.0,5,0.0
344,2.0,2.3,H25 - CBA - ALU,227,2.0,71.16,14.0,5,0.0
344,2.0,2.3,H25 - CBA - ALU,227,2.0,71.16,14.0,1,0.0
344,2.0,2.3,H25 - CBA - ALU,227,2.0,71.16,14.0,2,100.0
344,2.0,2.3,H25 - CBA - ALU,227,2.0,71.16,14.0,4,0.0
344,2.0,2.3,H25 - CBA - ALU,227,2.0,71.16,14.0,3,0.0
344,2.0,2.4,H25 - CBA - PC,32,2.0,71.16,14.0,3,100.0
344,2.0,2.4,H25 - CBA - PC,32,2.0,71.16,14.0,1,0.0
344,2.0,2.4,H25 - CBA - PC,32,2.0,71.16,14.0,4,0.0
344,2.0,2.4,H25 - CBA - PC,32,2.0,71.16,14.0,5,0.0
344,2.0,2.4,H25 - CBA - PC,32,2.0,71.16,14.0,2,0.0
344,2.0,2.5,H25 - CBA - Universell porter,27,2.0,71.16,14.0,3,100.0
344,2.0,2.5,H25 - CBA - Universell porter,27,2.0,71.16,14.0,2,0.0
344,2.0,2.5,H25 - CBA - Universell porter,27,2.0,71.16,14.0,4,0.0
344,2.0,2.5,H25 - CBA - Universell porter,27,2.0,71.16,14.0,5,0.0
344,2.0,2.5,H25 - CBA - Universell porter,27,2.0,71.16,14.0,1,0.0
344,2.0,2.6,H25 - CBA - Pipeline ytelse,75,2.0,71.16,14.0,4,100.0
344,2.0,2.6,H25 - CBA - Pipeline ytelse,75,2.0,71.16,14.0,1,0.0
344,2.0,2.6,H25 - CBA - Pipeline ytelse,75,2.0,71.16,14.0,5,0.0
344,2.0,2.6,H25 - CBA - Pipeline ytelse,75,2.0,71.16,14.0,3,0.0
344,2.0,2.6,H25 - CBA - Pipeline ytelse,75,2.0,71.16,14.0,2,0.0
344,2.0,2.7,H25 - CBA - Seriell Adder,61,2.0,71.16,14.0,2,100.0
344,2.0,2.7,H25 - CBA - Seriell Adder,61,2.0,71.16,14.0,4,0.0
344,2.0,2.7,H25 - CBA - Seriell Adder,61,2.0,71.16,14.0,1,0.0
344,2.0,2.7,H25 - CBA - Seriell Adder,61,2.0,71.16,14.0,3,0.0
344,2.0,2.7,H25 - CBA - Seriell Adder,61,2.0,71.16,14.0,5,0.0
289,2.0,2.1,H25 - CBA - Cache-miss,74,2.0,46.82,14.0,2,100.0
289,2.0,2.1,H25 - CBA - Cache-miss,74,2.0,46.82,14.0,1,0.0
289,2.0,2.1,H25 - CBA - Cache-miss,74,2.0,46.82,14.0,5,0.0
289,2.0,2.1,H25 - CBA - Cache-miss,74,2.0,46.82,14.0,4,0.0
289,2.0,2.1,H25 - CBA - Cache-miss,74,2.0,46.82,14.0,3,0.0
289,2.0,2.2,H25 - CBA - Adder,141,2.0,46.82,14.0,2,75.0
289,2.0,2.2,H25 - CBA - Adder,141,2.0,46.82,14.0,1,0.0
289,2.0,2.2,H25 - CBA - Adder,141,2.0,46.82,14.0,5,25.0
289,2.0,2.2,H25 - CBA - Adder,141,2.0,46.82,14.0,3,0.0
289,2.0,2.2,H25 - CBA - Adder,141,2.0,46.82,14.0,4,0.0
289,2.0,2.3,H25 - CBA - ALU,78,2.0,46.82,14.0,2,25.0
289,2.0,2.3,H25 - CBA - ALU,78,2.0,46.82,14.0,1,75.0
289,2.0,2.3,H25 - CBA - ALU,78,2.0,46.82,14.0,3,0.0
289,2.0,2.3,H25 - CBA - ALU,78,2.0,46.82,14.0,5,0.0
289,2.0,2.3,H25 - CBA - ALU,78,2.0,46.82,14.0,4,0.0
289,2.0,2.4,H25 - CBA - PC,97,2.0,46.82,14.0,1,50.0
289,2.0,2.4,H25 - CBA - PC,97,2.0,46.82,14.0,4,50.0
289,2.0,2.4,H25 - CBA - PC,97,2.0,46.82,14.0,5,0.0
289,2.0,2.4,H25 - CBA - PC,97,2.0,46.82,14.0,2,0.0
289,2.0,2.4,H25 - CBA - PC,97,2.0,46.82,14.0,3,0.0
289,2.0,2.5,H25 - CBA - Universell porter,53,2.0,46.82,14.0,3,100.0
289,2.0,2.5,H25 - CBA - Universell porter,53,2.0,46.82,14.0,5,0.0
289,2.0,2.5,H25 - CBA - Universell porter,53,2.0,46.82,14.0,4,0.0
289,2.0,2.5,H25 - CBA - Universell porter,53,2.0,46.82,14.0,2,0.0
289,2.0,2.5,H25 - CBA - Universell porter,53,2.0,46.82,14.0,1,0.0
289,2.0,2.6,H25 - CBA - Pipeline ytelse,98,2.0,46.82,14.0,3,0.0
289,2.0,2.6,H25 - CBA - Pipeline ytelse,98,2.0,46.82,14.0,4,50.0
289,2.0,2.6,H25 - CBA - Pipeline ytelse,98,2.0,46.82,14.0,2,0.0
289,2.0,2.6,H25 - CBA - Pipeline ytelse,98,2.0,46.82,14.0,1,50.0
289,2.0,2.6,H25 - CBA - Pipeline ytelse,98,2.0,46.82,14.0,5,0.0
289,2.0,2.7,H25 - CBA - Seriell Adder,111,2.0,46.82,14.0,2,50.0
289,2.0,2.7,H25 - CBA - Seriell Adder,111,2.0,46.82,14.0,3,50.0
289,2.0,2.7,H25 - CBA - Seriell Adder,111,2.0,46.82,14.0,1,0.0
289,2.0,2.7,H25 - CBA - Seriell Adder,111,2.0,46.82,14.0,4,0.0
289,2.0,2.7,H25 - CBA - Seriell Adder,111,2.0,46.82,14.0,5,0.0
423,2.0,2.1,H25 - CBA - Cache-miss,108,2.0,74.99,14.0,3,0.0
423,2.0,2.1,H25 - CBA - Cache-miss,108,2.0,74.99,14.0,4,0.0
423,2.0,2.1,H25 - CBA - Cache-miss,108,2.0,74.99,14.0,1,0.0
423,2.0,2.1,H25 - CBA - Cache-miss,108,2.0,74.99,14.0,2,100.0
423,2.0,2.1,H25 - CBA - Cache-miss,108,2.0,74.99,14.0,5,0.0
423,2.0,2.2,H25 - CBA - Adder,39,2.0,74.99,14.0,2,100.0
423,2.0,2.2,H25 - CBA - Adder,39,2.0,74.99,14.0,3,0.0
423,2.0,2.2,H25 - CBA - Adder,39,2.0,74.99,14.0,4,0.0
423,2.0,2.2,H25 - CBA - Adder,39,2.0,74.99,14.0,5,0.0
423,2.0,2.2,H25 - CBA - Adder,39,2.0,74.99,14.0,1,0.0
423,2.0,2.3,H25 - CBA - ALU,71,2.0,74.99,14.0,4,50.0
423,2.0,2.3,H25 - CBA - ALU,71,2.0,74.99,14.0,2,25.0
423,2.0,2.3,H25 - CBA - ALU,71,2.0,74.99,14.0,1,25.0
423,2.0,2.3,H25 - CBA - ALU,71,2.0,74.99,14.0,3,0.0
423,2.0,2.3,H25 - CBA - ALU,71,2.0,74.99,14.0,5,0.0
423,2.0,2.4,H25 - CBA - PC,76,2.0,74.99,14.0,3,75.0
423,2.0,2.4,H25 - CBA - PC,76,2.0,74.99,14.0,2,25.0
423,2.0,2.4,H25 - CBA - PC,76,2.0,74.99,14.0,1,0.0
423,2.0,2.4,H25 - CBA - PC,76,2.0,74.99,14.0,5,0.0
423,2.0,2.4,H25 - CBA - PC,76,2.0,74.99,14.0,4,0.0
423,2.0,2.5,H25 - CBA - Universell porter,33,2.0,74.99,14.0,3,100.0
423,2.0,2.5,H25 - CBA - Universell porter,33,2.0,74.99,14.0,1,0.0
423,2.0,2.5,H25 - CBA - Universell porter,33,2.0,74.99,14.0,5,0.0
423,2.0,2.5,H25 - CBA - Universell porter,33,2.0,74.99,14.0,2,0.0
423,2.0,2.5,H25 - CBA - Universell porter,33,2.0,74.99,14.0,4,0.0
423,2.0,2.6,H25 - CBA - Pipeline ytelse,29,2.0,74.99,14.0,4,100.0
423,2.0,2.6,H25 - CBA - Pipeline ytelse,29,2.0,74.99,14.0,3,0.0
423,2.0,2.6,H25 - CBA - Pipeline ytelse,29,2.0,74.99,14.0,1,0.0
423,2.0,2.6,H25 - CBA - Pipeline ytelse,29,2.0,74.99,14.0,2,0.0
423,2.0,2.6,H25 - CBA - Pipeline ytelse,29,2.0,74.99,14.0,5,0.0
423,2.0,2.7,H25 - CBA - Seriell Adder,82,2.0,74.99,14.0,2,75.0
423,2.0,2.7,H25 - CBA - Seriell Adder,82,2.0,74.99,14.0,1,0.0
423,2.0,2.7,H25 - CBA - Seriell Adder,82,2.0,74.99,14.0,4,0.0
423,2.0,2.7,H25 - CBA - Seriell Adder,82,2.0,74.99,14.0,5,0.0
423,2.0,2.7,H25 - CBA - Seriell Adder,82,2.0,74.99,14.0,3,25.0
38,2.0,2.1,H25 - CBA - Cache-miss,186,2.0,87.48,14.0,2,75.0
38,2.0,2.1,H25 - CBA - Cache-miss,186,2.0,87.48,14.0,5,25.0
38,2.0,2.1,H25 - CBA - Cache-miss,186,2.0,87.48,14.0,3,0.0
38,2.0,2.1,H25 - CBA - Cache-miss,186,2.0,87.48,14.0,1,0.0
38,2.0,2.1,H25 - CBA - Cache-miss,186,2.0,87.48,14.0,4,0.0
38,2.0,2.2,H25 - CBA - Adder,75,2.0,87.48,14.0,3,0.0
38,2.0,2.2,H25 - CBA - Adder,75,2.0,87.48,14.0,2,100.0
38,2.0,2.2,H25 - CBA - Adder,75,2.0,87.48,14.0,1,0.0
38,2.0,2.2,H25 - CBA - Adder,75,2.0,87.48,14.0,4,0.0
38,2.0,2.2,H25 - CBA - Adder,75,2.0,87.48,14.0,5,0.0
38,2.0,2.3,H25 - CBA - ALU,101,2.0,87.48,14.0,1,50.0
38,2.0,2.3,H25 - CBA - ALU,101,2.0,87.48,14.0,4,0.0
38,2.0,2.3,H25 - CBA - ALU,101,2.0,87.48,14.0,2,50.0
38,2.0,2.3,H25 - CBA - ALU,101,2.0,87.48,14.0,5,0.0
38,2.0,2.3,H25 - CBA - ALU,101,2.0,87.48,14.0,3,0.0
38,2.0,2.4,H25 - CBA - PC,18,2.0,87.48,14.0,4,0.0
38,2.0,2.4,H25 - CBA - PC,18,2.0,87.48,14.0,1,100.0
38,2.0,2.4,H25 - CBA - PC,18,2.0,87.48,14.0,5,0.0
38,2.0,2.4,H25 - CBA - PC,18,2.0,87.48,14.0,2,0.0
38,2.0,2.4,H25 - CBA - PC,18,2.0,87.48,14.0,3,0.0
38,2.0,2.5,H25 - CBA - Universell porter,38,2.0,87.48,14.0,5,0.0
38,2.0,2.5,H25 - CBA - Universell porter,38,2.0,87.48,14.0,3,100.0
38,2.0,2.5,H25 - CBA - Universell porter,38,2.0,87.48,14.0,4,0.0
38,2.0,2.5,H25 - CBA - Universell porter,38,2.0,87.48,14.0,2,0.0
38,2.0,2.5,H25 - CBA - Universell porter,38,2.0,87.48,14.0,1,0.0
38,2.0,2.6,H25 - CBA - Pipeline ytelse,89,2.0,87.48,14.0,4,100.0
38,2.0,2.6,H25 - CBA - Pipeline ytelse,89,2.0,87.48,14.0,3,0.0
38,2.0,2.6,H25 - CBA - Pipeline ytelse,89,2.0,87.48,14.0,5,0.0
38,2.0,2.6,H25 - CBA - Pipeline ytelse,89,2.0,87.48,14.0,1,0.0
38,2.0,2.6,H25 - CBA - Pipeline ytelse,89,2.0,87.48,14.0,2,0.0
38,2.0,2.7,H25 - CBA - Seriell Adder,114,2.0,87.48,14.0,5,0.0
38,2.0,2.7,H25 - CBA - Seriell Adder,114,2.0,87.48,14.0,4,25.0
38,2.0,2.7,H25 - CBA - Seriell Adder,114,2.0,87.48,14.0,1,0.0
38,2.0,2.7,H25 - CBA - Seriell Adder,114,2.0,87.48,14.0,2,25.0
38,2.0,2.7,H25 - CBA - Seriell Adder,114,2.0,87.48,14.0,3,50.0
367,2.0,2.1,H25 - CBA - Cache-miss,71,2.0,67.32,10.0,2,75.0
367,2.0,2.1,H25 - CBA - Cache-miss,71,2.0,67.32,10.0,5,25.0
367,2.0,2.1,H25 - CBA - Cache-miss,71,2.0,67.32,10.0,3,0.0
367,2.0,2.1,H25 - CBA - Cache-miss,71,2.0,67.32,10.0,4,0.0
367,2.0,2.1,H25 - CBA - Cache-miss,71,2.0,67.32,10.0,1,0.0
367,2.0,2.2,H25 - CBA - Adder,20,2.0,67.32,10.0,2,100.0
367,2.0,2.2,H25 - CBA - Adder,20,2.0,67.32,10.0,3,0.0
367,2.0,2.2,H25 - CBA - Adder,20,2.0,67.32,10.0,4,0.0
367,2.0,2.2,H25 - CBA - Adder,20,2.0,67.32,10.0,5,0.0
367,2.0,2.2,H25 - CBA - Adder,20,2.0,67.32,10.0,1,0.0
367,2.0,2.3,H25 - CBA - ALU,22,2.0,67.32,10.0,1,75.0
367,2.0,2.3,H25 - CBA - ALU,22,2.0,67.32,10.0,2,25.0
367,2.0,2.3,H25 - CBA - ALU,22,2.0,67.32,10.0,5,0.0
367,2.0,2.3,H25 - CBA - ALU,22,2.0,67.32,10.0,3,0.0
367,2.0,2.3,H25 - CBA - ALU,22,2.0,67.32,10.0,4,0.0
367,2.0,2.4,H25 - CBA - PC,59,2.0,67.32,10.0,1,75.0
367,2.0,2.4,H25 - CBA - PC,59,2.0,67.32,10.0,2,25.0
367,2.0,2.4,H25 - CBA - PC,59,2.0,67.32,10.0,3,0.0
367,2.0,2.4,H25 - CBA - PC,59,2.0,67.32,10.0,5,0.0
367,2.0,2.4,H25 - CBA - PC,59,2.0,67.32,10.0,4,0.0
367,2.0,2.5,H25 - CBA - Universell porter,15,2.0,67.32,10.0,3,100.0
367,2.0,2.5,H25 - CBA - Universell porter,15,2.0,67.32,10.0,5,0.0
367,2.0,2.5,H25 - CBA - Universell porter,15,2.0,67.32,10.0,2,0.0
367,2.0,2.5,H25 - CBA - Universell porter,15,2.0,67.32,10.0,1,0.0
367,2.0,2.5,H25 - CBA - Universell porter,15,2.0,67.32,10.0,4,0.0
367,2.0,2.6,H25 - CBA - Pipeline ytelse,81,0.0,67.32,10.0,3,100.0
367,2.0,2.7,H25 - CBA - Seriell Adder,36,0.0,67.32,10.0,2,50.0
367,2.0,2.7,H25 - CBA - Seriell Adder,36,0.0,67.32,10.0,5,50.0
273,2.0,2.1,H25 - CBA - Cache-miss,121,2.0,73.82,14.0,4,0.0
273,2.0,2.1,H25 - CBA - Cache-miss,121,2.0,73.82,14.0,2,100.0
273,2.0,2.1,H25 - CBA - Cache-miss,121,2.0,73.82,14.0,3,0.0
273,2.0,2.1,H25 - CBA - Cache-miss,121,2.0,73.82,14.0,5,0.0
273,2.0,2.1,H25 - CBA - Cache-miss,121,2.0,73.82,14.0,1,0.0
273,2.0,2.2,H25 - CBA - Adder,77,2.0,73.82,14.0,5,0.0
273,2.0,2.2,H25 - CBA - Adder,77,2.0,73.82,14.0,3,0.0
273,2.0,2.2,H25 - CBA - Adder,77,2.0,73.82,14.0,1,0.0
273,2.0,2.2,H25 - CBA - Adder,77,2.0,73.82,14.0,2,100.0
273,2.0,2.2,H25 - CBA - Adder,77,2.0,73.82,14.0,4,0.0
273,2.0,2.3,H25 - CBA - ALU,172,2.0,73.82,14.0,1,0.0
273,2.0,2.3,H25 - CBA - ALU,172,2.0,73.82,14.0,3,50.0
273,2.0,2.3,H25 - CBA - ALU,172,2.0,73.82,14.0,4,0.0
273,2.0,2.3,H25 - CBA - ALU,172,2.0,73.82,14.0,2,50.0
273,2.0,2.3,H25 - CBA - ALU,172,2.0,73.82,14.0,5,0.0
273,2.0,2.4,H25 - CBA - PC,359,2.0,73.82,14.0,3,0.0
273,2.0,2.4,H25 - CBA - PC,359,2.0,73.82,14.0,4,0.0
273,2.0,2.4,H25 - CBA - PC,359,2.0,73.82,14.0,5,0.0
273,2.0,2.4,H25 - CBA - PC,359,2.0,73.82,14.0,2,0.0
273,2.0,2.4,H25 - CBA - PC,359,2.0,73.82,14.0,1,100.0
273,2.0,2.5,H25 - CBA - Universell porter,52,2.0,73.82,14.0,1,0.0
273,2.0,2.5,H25 - CBA - Universell porter,52,2.0,73.82,14.0,2,0.0
273,2.0,2.5,H25 - CBA - Universell porter,52,2.0,73.82,14.0,4,0.0
273,2.0,2.5,H25 - CBA - Universell porter,52,2.0,73.82,14.0,5,0.0
273,2.0,2.5,H25 - CBA - Universell porter,52,2.0,73.82,14.0,3,100.0
273,2.0,2.6,H25 - CBA - Pipeline ytelse,66,2.0,73.82,14.0,3,0.0
273,2.0,2.6,H25 - CBA - Pipeline ytelse,66,2.0,73.82,14.0,4,50.0
273,2.0,2.6,H25 - CBA - Pipeline ytelse,66,2.0,73.82,14.0,1,0.0
273,2.0,2.6,H25 - CBA - Pipeline ytelse,66,2.0,73.82,14.0,2,50.0
273,2.0,2.6,H25 - CBA - Pipeline ytelse,66,2.0,73.82,14.0,5,0.0
273,2.0,2.7,H25 - CBA - Seriell Adder,139,2.0,73.82,14.0,1,50.0
273,2.0,2.7,H25 - CBA - Seriell Adder,139,2.0,73.82,14.0,4,0.0
273,2.0,2.7,H25 - CBA - Seriell Adder,139,2.0,73.82,14.0,3,0.0
273,2.0,2.7,H25 - CBA - Seriell Adder,139,2.0,73.82,14.0,5,50.0
273,2.0,2.7,H25 - CBA - Seriell Adder,139,2.0,73.82,14.0,2,0.0
33,2.0,2.1,H25 - CBA - Cache-miss,179,2.0,77.17,14.0,1,0.0
33,2.0,2.1,H25 - CBA - Cache-miss,179,2.0,77.17,14.0,4,0.0
33,2.0,2.1,H25 - CBA - Cache-miss,179,2.0,77.17,14.0,2,100.0
33,2.0,2.1,H25 - CBA - Cache-miss,179,2.0,77.17,14.0,5,0.0
33,2.0,2.1,H25 - CBA - Cache-miss,179,2.0,77.17,14.0,3,0.0
33,2.0,2.2,H25 - CBA - Adder,319,2.0,77.17,14.0,1,0.0
33,2.0,2.2,H25 - CBA - Adder,319,2.0,77.17,14.0,4,0.0
33,2.0,2.2,H25 - CBA - Adder,319,2.0,77.17,14.0,3,0.0
33,2.0,2.2,H25 - CBA - Adder,319,2.0,77.17,14.0,2,100.0
33,2.0,2.2,H25 - CBA - Adder,319,2.0,77.17,14.0,5,0.0
33,2.0,2.3,H25 - CBA - ALU,196,2.0,77.17,14.0,3,0.0
33,2.0,2.3,H25 - CBA - ALU,196,2.0,77.17,14.0,4,0.0
33,2.0,2.3,H25 - CBA - ALU,196,2.0,77.17,14.0,5,0.0
33,2.0,2.3,H25 - CBA - ALU,196,2.0,77.17,14.0,1,75.0
33,2.0,2.3,H25 - CBA - ALU,196,2.0,77.17,14.0,2,25.0
33,2.0,2.4,H25 - CBA - PC,183,2.0,77.17,14.0,3,100.0
33,2.0,2.4,H25 - CBA - PC,183,2.0,77.17,14.0,4,0.0
33,2.0,2.4,H25 - CBA - PC,183,2.0,77.17,14.0,5,0.0
33,2.0,2.4,H25 - CBA - PC,183,2.0,77.17,14.0,1,0.0
33,2.0,2.4,H25 - CBA - PC,183,2.0,77.17,14.0,2,0.0
33,2.0,2.5,H25 - CBA - Universell porter,67,2.0,77.17,14.0,3,100.0
33,2.0,2.5,H25 - CBA - Universell porter,67,2.0,77.17,14.0,5,0.0
33,2.0,2.5,H25 - CBA - Universell porter,67,2.0,77.17,14.0,2,0.0
33,2.0,2.5,H25 - CBA - Universell porter,67,2.0,77.17,14.0,1,0.0
33,2.0,2.5,H25 - CBA - Universell porter,67,2.0,77.17,14.0,4,0.0
33,2.0,2.6,H25 - CBA - Pipeline ytelse,180,2.0,77.17,14.0,4,100.0
33,2.0,2.6,H25 - CBA - Pipeline ytelse,180,2.0,77.17,14.0,2,0.0
33,2.0,2.6,H25 - CBA - Pipeline ytelse,180,2.0,77.17,14.0,3,0.0
33,2.0,2.6,H25 - CBA - Pipeline ytelse,180,2.0,77.17,14.0,5,0.0
33,2.0,2.6,H25 - CBA - Pipeline ytelse,180,2.0,77.17,14.0,1,0.0
33,2.0,2.7,H25 - CBA - Seriell Adder,237,2.0,77.17,14.0,3,0.0
33,2.0,2.7,H25 - CBA - Seriell Adder,237,2.0,77.17,14.0,1,0.0
33,2.0,2.7,H25 - CBA - Seriell Adder,237,2.0,77.17,14.0,5,0.0
33,2.0,2.7,H25 - CBA - Seriell Adder,237,2.0,77.17,14.0,2,100.0
33,2.0,2.7,H25 - CBA - Seriell Adder,237,2.0,77.17,14.0,4,0.0
430,2.0,2.1,H25 - CBA - Cache-miss,66,2.0,72.67,14.0,2,100.0
430,2.0,2.2,H25 - CBA - Adder,21,2.0,72.67,14.0,2,100.0
430,2.0,2.3,H25 - CBA - ALU,53,2.0,72.67,14.0,1,100.0
430,2.0,2.4,H25 - CBA - PC,36,2.0,72.67,14.0,1,100.0
430,2.0,2.5,H25 - CBA - Universell porter,21,2.0,72.67,14.0,3,100.0
430,2.0,2.6,H25 - CBA - Pipeline ytelse,31,2.0,72.67,14.0,4,100.0
430,2.0,2.7,H25 - CBA - Seriell Adder,36,2.0,72.67,14.0,2,100.0
456,2.0,2.1,H25 - CBA - Cache-miss,130,2.0,86.48,14.0,2,100.0
456,2.0,2.1,H25 - CBA - Cache-miss,130,2.0,86.48,14.0,4,0.0
456,2.0,2.1,H25 - CBA - Cache-miss,130,2.0,86.48,14.0,3,0.0
456,2.0,2.1,H25 - CBA - Cache-miss,130,2.0,86.48,14.0,1,0.0
456,2.0,2.1,H25 - CBA - Cache-miss,130,2.0,86.48,14.0,5,0.0
456,2.0,2.2,H25 - CBA - Adder,57,2.0,86.48,14.0,2,100.0
456,2.0,2.2,H25 - CBA - Adder,57,2.0,86.48,14.0,3,0.0
456,2.0,2.2,H25 - CBA - Adder,57,2.0,86.48,14.0,4,0.0
456,2.0,2.2,H25 - CBA - Adder,57,2.0,86.48,14.0,1,0.0
456,2.0,2.2,H25 - CBA - Adder,57,2.0,86.48,14.0,5,0.0
456,2.0,2.3,H25 - CBA - ALU,121,2.0,86.48,14.0,1,100.0
456,2.0,2.3,H25 - CBA - ALU,121,2.0,86.48,14.0,5,0.0
456,2.0,2.3,H25 - CBA - ALU,121,2.0,86.48,14.0,3,0.0
456,2.0,2.3,H25 - CBA - ALU,121,2.0,86.48,14.0,4,0.0
456,2.0,2.3,H25 - CBA - ALU,121,2.0,86.48,14.0,2,0.0
456,2.0,2.4,H25 - CBA - PC,18,2.0,86.48,14.0,1,100.0
456,2.0,2.4,H25 - CBA - PC,18,2.0,86.48,14.0,5,0.0
456,2.0,2.4,H25 - CBA - PC,18,2.0,86.48,14.0,2,0.0
456,2.0,2.4,H25 - CBA - PC,18,2.0,86.48,14.0,4,0.0
456,2.0,2.4,H25 - CBA - PC,18,2.0,86.48,14.0,3,0.0
456,2.0,2.5,H25 - CBA - Universell porter,38,2.0,86.48,14.0,3,100.0
456,2.0,2.5,H25 - CBA - Universell porter,38,2.0,86.48,14.0,5,0.0
456,2.0,2.5,H25 - CBA - Universell porter,38,2.0,86.48,14.0,1,0.0
456,2.0,2.5,H25 - CBA - Universell porter,38,2.0,86.48,14.0,4,0.0
456,2.0,2.5,H25 - CBA - Universell porter,38,2.0,86.48,14.0,2,0.0
456,2.0,2.6,H25 - CBA - Pipeline ytelse,69,2.0,86.48,14.0,4,100.0
456,2.0,2.6,H25 - CBA - Pipeline ytelse,69,2.0,86.48,14.0,1,0.0
456,2.0,2.6,H25 - CBA - Pipeline ytelse,69,2.0,86.48,14.0,3,0.0
456,2.0,2.6,H25 - CBA - Pipeline ytelse,69,2.0,86.48,14.0,2,0.0
456,2.0,2.6,H25 - CBA - Pipeline ytelse,69,2.0,86.48,14.0,5,0.0
456,2.0,2.7,H25 - CBA - Seriell Adder,45,2.0,86.48,14.0,2,100.0
456,2.0,2.7,H25 - CBA - Seriell Adder,45,2.0,86.48,14.0,1,0.0
456,2.0,2.7,H25 - CBA - Seriell Adder,45,2.0,86.48,14.0,3,0.0
456,2.0,2.7,H25 - CBA - Seriell Adder,45,2.0,86.48,14.0,5,0.0
456,2.0,2.7,H25 - CBA - Seriell Adder,45,2.0,86.48,14.0,4,0.0
144,2.0,2.1,H25 - CBA - Cache-miss,273,2.0,80.65,14.0,1,0.0
144,2.0,2.1,H25 - CBA - Cache-miss,273,2.0,80.65,14.0,3,0.0
144,2.0,2.1,H25 - CBA - Cache-miss,273,2.0,80.65,14.0,4,0.0
144,2.0,2.1,H25 - CBA - Cache-miss,273,2.0,80.65,14.0,5,100.0
144,2.0,2.1,H25 - CBA - Cache-miss,273,2.0,80.65,14.0,2,0.0
144,2.0,2.2,H25 - CBA - Adder,31,2.0,80.65,14.0,2,100.0
144,2.0,2.2,H25 - CBA - Adder,31,2.0,80.65,14.0,5,0.0
144,2.0,2.2,H25 - CBA - Adder,31,2.0,80.65,14.0,3,0.0
144,2.0,2.2,H25 - CBA - Adder,31,2.0,80.65,14.0,1,0.0
144,2.0,2.2,H25 - CBA - Adder,31,2.0,80.65,14.0,4,0.0
144,2.0,2.3,H25 - CBA - ALU,255,2.0,80.65,14.0,4,0.0
144,2.0,2.3,H25 - CBA - ALU,255,2.0,80.65,14.0,1,75.0
144,2.0,2.3,H25 - CBA - ALU,255,2.0,80.65,14.0,5,0.0
144,2.0,2.3,H25 - CBA - ALU,255,2.0,80.65,14.0,2,25.0
144,2.0,2.3,H25 - CBA - ALU,255,2.0,80.65,14.0,3,0.0
144,2.0,2.4,H25 - CBA - PC,101,2.0,80.65,14.0,2,50.0
144,2.0,2.4,H25 - CBA - PC,101,2.0,80.65,14.0,1,50.0
144,2.0,2.4,H25 - CBA - PC,101,2.0,80.65,14.0,5,0.0
144,2.0,2.4,H25 - CBA - PC,101,2.0,80.65,14.0,3,0.0
144,2.0,2.4,H25 - CBA - PC,101,2.0,80.65,14.0,4,0.0
144,2.0,2.5,H25 - CBA - Universell porter,50,2.0,80.65,14.0,3,100.0
144,2.0,2.5,H25 - CBA - Universell porter,50,2.0,80.65,14.0,5,0.0
144,2.0,2.5,H25 - CBA - Universell porter,50,2.0,80.65,14.0,1,0.0
144,2.0,2.5,H25 - CBA - Universell porter,50,2.0,80.65,14.0,2,0.0
144,2.0,2.5,H25 - CBA - Universell porter,50,2.0,80.65,14.0,4,0.0
144,2.0,2.6,H25 - CBA - Pipeline ytelse,50,2.0,80.65,14.0,4,100.0
144,2.0,2.6,H25 - CBA - Pipeline ytelse,50,2.0,80.65,14.0,5,0.0
144,2.0,2.6,H25 - CBA - Pipeline ytelse,50,2.0,80.65,14.0,2,0.0
144,2.0,2.6,H25 - CBA - Pipeline ytelse,50,2.0,80.65,14.0,1,0.0
144,2.0,2.6,H25 - CBA - Pipeline ytelse,50,2.0,80.65,14.0,3,0.0
144,2.0,2.7,H25 - CBA - Seriell Adder,75,2.0,80.65,14.0,3,0.0
144,2.0,2.7,H25 - CBA - Seriell Adder,75,2.0,80.65,14.0,4,0.0
144,2.0,2.7,H25 - CBA - Seriell Adder,75,2.0,80.65,14.0,2,100.0
144,2.0,2.7,H25 - CBA - Seriell Adder,75,2.0,80.65,14.0,1,0.0
144,2.0,2.7,H25 - CBA - Seriell Adder,75,2.0,80.65,14.0,5,0.0
76,2.0,2.1,H25 - CBA - Cache-miss,92,2.0,47.98,8.0,2,0.0
76,2.0,2.1,H25 - CBA - Cache-miss,92,2.0,47.98,8.0,3,0.0
76,2.0,2.1,H25 - CBA - Cache-miss,92,2.0,47.98,8.0,4,0.0
76,2.0,2.1,H25 - CBA - Cache-miss,92,2.0,47.98,8.0,1,100.0
76,2.0,2.1,H25 - CBA - Cache-miss,92,2.0,47.98,8.0,5,0.0
76,2.0,2.2,H25 - CBA - Adder,164,2.0,47.98,8.0,2,50.0
76,2.0,2.2,H25 - CBA - Adder,164,2.0,47.98,8.0,3,50.0
76,2.0,2.2,H25 - CBA - Adder,164,2.0,47.98,8.0,5,0.0
76,2.0,2.2,H25 - CBA - Adder,164,2.0,47.98,8.0,4,0.0
76,2.0,2.2,H25 - CBA - Adder,164,2.0,47.98,8.0,1,0.0
76,2.0,2.3,H25 - CBA - ALU,184,2.0,47.98,8.0,5,25.0
76,2.0,2.3,H25 - CBA - ALU,184,2.0,47.98,8.0,1,50.0
76,2.0,2.3,H25 - CBA - ALU,184,2.0,47.98,8.0,3,0.0
76,2.0,2.3,H25 - CBA - ALU,184,2.0,47.98,8.0,2,25.0
76,2.0,2.3,H25 - CBA - ALU,184,2.0,47.98,8.0,4,0.0
76,2.0,2.4,H25 - CBA - PC,103,0.0,47.98,8.0,1,75.0
76,2.0,2.4,H25 - CBA - PC,103,0.0,47.98,8.0,2,25.0
76,2.0,2.5,H25 - CBA - Universell porter,114,2.0,47.98,8.0,5,75.0
76,2.0,2.5,H25 - CBA - Universell porter,114,2.0,47.98,8.0,2,0.0
76,2.0,2.5,H25 - CBA - Universell porter,114,2.0,47.98,8.0,4,25.0
76,2.0,2.6,H25 - CBA - Pipeline ytelse,79,0.0,47.98,8.0,1,50.0
76,2.0,2.6,H25 - CBA - Pipeline ytelse,79,0.0,47.98,8.0,3,25.0
76,2.0,2.6,H25 - CBA - Pipeline ytelse,79,0.0,47.98,8.0,5,25.0
76,2.0,2.7,H25 - CBA - Seriell Adder,57,0.0,47.98,8.0,3,50.0
76,2.0,2.7,H25 - CBA - Seriell Adder,57,0.0,47.98,8.0,5,25.0
76,2.0,2.7,H25 - CBA - Seriell Adder,57,0.0,47.98,8.0,2,25.0
408,2.0,2.1,H25 - CBA - Cache-miss,64,2.0,86.65,14.0,2,100.0
408,2.0,2.1,H25 - CBA - Cache-miss,64,2.0,86.65,14.0,5,0.0
408,2.0,2.1,H25 - CBA - Cache-miss,64,2.0,86.65,14.0,4,0.0
408,2.0,2.1,H25 - CBA - Cache-miss,64,2.0,86.65,14.0,3,0.0
408,2.0,2.1,H25 - CBA - Cache-miss,64,2.0,86.65,14.0,1,0.0
408,2.0,2.2,H25 - CBA - Adder,19,2.0,86.65,14.0,2,100.0
408,2.0,2.2,H25 - CBA - Adder,19,2.0,86.65,14.0,1,0.0
408,2.0,2.2,H25 - CBA - Adder,19,2.0,86.65,14.0,4,0.0
408,2.0,2.2,H25 - CBA - Adder,19,2.0,86.65,14.0,3,0.0
408,2.0,2.2,H25 - CBA - Adder,19,2.0,86.65,14.0,5,0.0
408,2.0,2.3,H25 - CBA - ALU,16,2.0,86.65,14.0,1,100.0
408,2.0,2.3,H25 - CBA - ALU,16,2.0,86.65,14.0,2,0.0
408,2.0,2.3,H25 - CBA - ALU,16,2.0,86.65,14.0,4,0.0
408,2.0,2.3,H25 - CBA - ALU,16,2.0,86.65,14.0,3,0.0
408,2.0,2.3,H25 - CBA - ALU,16,2.0,86.65,14.0,5,0.0
408,2.0,2.4,H25 - CBA - PC,111,2.0,86.65,14.0,1,100.0
408,2.0,2.4,H25 - CBA - PC,111,2.0,86.65,14.0,3,0.0
408,2.0,2.4,H25 - CBA - PC,111,2.0,86.65,14.0,5,0.0
408,2.0,2.4,H25 - CBA - PC,111,2.0,86.65,14.0,4,0.0
408,2.0,2.4,H25 - CBA - PC,111,2.0,86.65,14.0,2,0.0
408,2.0,2.5,H25 - CBA - Universell porter,25,2.0,86.65,14.0,3,100.0
408,2.0,2.5,H25 - CBA - Universell porter,25,2.0,86.65,14.0,1,0.0
408,2.0,2.5,H25 - CBA - Universell porter,25,2.0,86.65,14.0,5,0.0
408,2.0,2.5,H25 - CBA - Universell porter,25,2.0,86.65,14.0,2,0.0
408,2.0,2.5,H25 - CBA - Universell porter,25,2.0,86.65,14.0,4,0.0
408,2.0,2.6,H25 - CBA - Pipeline ytelse,24,2.0,86.65,14.0,4,100.0
408,2.0,2.6,H25 - CBA - Pipeline ytelse,24,2.0,86.65,14.0,5,0.0
408,2.0,2.6,H25 - CBA - Pipeline ytelse,24,2.0,86.65,14.0,2,0.0
408,2.0,2.6,H25 - CBA - Pipeline ytelse,24,2.0,86.65,14.0,1,0.0
408,2.0,2.6,H25 - CBA - Pipeline ytelse,24,2.0,86.65,14.0,3,0.0
408,2.0,2.7,H25 - CBA - Seriell Adder,120,2.0,86.65,14.0,1,25.0
408,2.0,2.7,H25 - CBA - Seriell Adder,120,2.0,86.65,14.0,2,25.0
408,2.0,2.7,H25 - CBA - Seriell Adder,120,2.0,86.65,14.0,4,25.0
408,2.0,2.7,H25 - CBA - Seriell Adder,120,2.0,86.65,14.0,5,0.0
408,2.0,2.7,H25 - CBA - Seriell Adder,120,2.0,86.65,14.0,3,25.0
141,2.0,2.1,H25 - CBA - Cache-miss,83,2.0,79.0,14.0,2,100.0
141,2.0,2.1,H25 - CBA - Cache-miss,83,2.0,79.0,14.0,3,0.0
141,2.0,2.1,H25 - CBA - Cache-miss,83,2.0,79.0,14.0,5,0.0
141,2.0,2.1,H25 - CBA - Cache-miss,83,2.0,79.0,14.0,4,0.0
141,2.0,2.1,H25 - CBA - Cache-miss,83,2.0,79.0,14.0,1,0.0
141,2.0,2.2,H25 - CBA - Adder,39,2.0,79.0,14.0,2,100.0
141,2.0,2.2,H25 - CBA - Adder,39,2.0,79.0,14.0,5,0.0
141,2.0,2.2,H25 - CBA - Adder,39,2.0,79.0,14.0,4,0.0
141,2.0,2.2,H25 - CBA - Adder,39,2.0,79.0,14.0,3,0.0
141,2.0,2.2,H25 - CBA - Adder,39,2.0,79.0,14.0,1,0.0
141,2.0,2.3,H25 - CBA - ALU,98,2.0,79.0,14.0,1,75.0
141,2.0,2.3,H25 - CBA - ALU,98,2.0,79.0,14.0,3,0.0
141,2.0,2.3,H25 - CBA - ALU,98,2.0,79.0,14.0,2,25.0
141,2.0,2.3,H25 - CBA - ALU,98,2.0,79.0,14.0,4,0.0
141,2.0,2.3,H25 - CBA - ALU,98,2.0,79.0,14.0,5,0.0
141,2.0,2.4,H25 - CBA - PC,42,2.0,79.0,14.0,2,100.0
141,2.0,2.4,H25 - CBA - PC,42,2.0,79.0,14.0,3,0.0
141,2.0,2.4,H25 - CBA - PC,42,2.0,79.0,14.0,5,0.0
141,2.0,2.4,H25 - CBA - PC,42,2.0,79.0,14.0,1,0.0
141,2.0,2.4,H25 - CBA - PC,42,2.0,79.0,14.0,4,0.0
141,2.0,2.5,H25 - CBA - Universell porter,74,2.0,79.0,14.0,3,100.0
141,2.0,2.5,H25 - CBA - Universell porter,74,2.0,79.0,14.0,2,0.0
141,2.0,2.5,H25 - CBA - Universell porter,74,2.0,79.0,14.0,4,0.0
141,2.0,2.5,H25 - CBA - Universell porter,74,2.0,79.0,14.0,5,0.0
141,2.0,2.5,H25 - CBA - Universell porter,74,2.0,79.0,14.0,1,0.0
141,2.0,2.6,H25 - CBA - Pipeline ytelse,185,2.0,79.0,14.0,1,25.0
141,2.0,2.6,H25 - CBA - Pipeline ytelse,185,2.0,79.0,14.0,3,25.0
141,2.0,2.6,H25 - CBA - Pipeline ytelse,185,2.0,79.0,14.0,2,0.0
141,2.0,2.6,H25 - CBA - Pipeline ytelse,185,2.0,79.0,14.0,4,50.0
141,2.0,2.6,H25 - CBA - Pipeline ytelse,185,2.0,79.0,14.0,5,0.0
141,2.0,2.7,H25 - CBA - Seriell Adder,25,2.0,79.0,14.0,2,100.0
141,2.0,2.7,H25 - CBA - Seriell Adder,25,2.0,79.0,14.0,4,0.0
141,2.0,2.7,H25 - CBA - Seriell Adder,25,2.0,79.0,14.0,3,0.0
141,2.0,2.7,H25 - CBA - Seriell Adder,25,2.0,79.0,14.0,1,0.0
141,2.0,2.7,H25 - CBA - Seriell Adder,25,2.0,79.0,14.0,5,0.0
187,2.0,2.1,H25 - CBA - Cache-miss,107,2.0,71.69,14.0,1,0.0
187,2.0,2.1,H25 - CBA - Cache-miss,107,2.0,71.69,14.0,3,0.0
187,2.0,2.1,H25 - CBA - Cache-miss,107,2.0,71.69,14.0,2,50.0
187,2.0,2.1,H25 - CBA - Cache-miss,107,2.0,71.69,14.0,5,50.0
187,2.0,2.1,H25 - CBA - Cache-miss,107,2.0,71.69,14.0,4,0.0
187,2.0,2.2,H25 - CBA - Adder,75,2.0,71.69,14.0,4,0.0
187,2.0,2.2,H25 - CBA - Adder,75,2.0,71.69,14.0,2,100.0
187,2.0,2.2,H25 - CBA - Adder,75,2.0,71.69,14.0,1,0.0
187,2.0,2.2,H25 - CBA - Adder,75,2.0,71.69,14.0,5,0.0
187,2.0,2.2,H25 - CBA - Adder,75,2.0,71.69,14.0,3,0.0
187,2.0,2.3,H25 - CBA - ALU,140,2.0,71.69,14.0,4,0.0
187,2.0,2.3,H25 - CBA - ALU,140,2.0,71.69,14.0,1,50.0
187,2.0,2.3,H25 - CBA - ALU,140,2.0,71.69,14.0,3,0.0
187,2.0,2.3,H25 - CBA - ALU,140,2.0,71.69,14.0,2,50.0
187,2.0,2.3,H25 - CBA - ALU,140,2.0,71.69,14.0,5,0.0
187,2.0,2.4,H25 - CBA - PC,149,2.0,71.69,14.0,5,0.0
187,2.0,2.4,H25 - CBA - PC,149,2.0,71.69,14.0,2,0.0
187,2.0,2.4,H25 - CBA - PC,149,2.0,71.69,14.0,4,0.0
187,2.0,2.4,H25 - CBA - PC,149,2.0,71.69,14.0,3,50.0
187,2.0,2.4,H25 - CBA - PC,149,2.0,71.69,14.0,1,50.0
187,2.0,2.5,H25 - CBA - Universell porter,21,2.0,71.69,14.0,3,100.0
187,2.0,2.5,H25 - CBA - Universell porter,21,2.0,71.69,14.0,4,0.0
187,2.0,2.5,H25 - CBA - Universell porter,21,2.0,71.69,14.0,5,0.0
187,2.0,2.5,H25 - CBA - Universell porter,21,2.0,71.69,14.0,1,0.0
187,2.0,2.5,H25 - CBA - Universell porter,21,2.0,71.69,14.0,2,0.0
187,2.0,2.6,H25 - CBA - Pipeline ytelse,116,2.0,71.69,14.0,5,0.0
187,2.0,2.6,H25 - CBA - Pipeline ytelse,116,2.0,71.69,14.0,1,75.0
187,2.0,2.6,H25 - CBA - Pipeline ytelse,116,2.0,71.69,14.0,3,25.0
187,2.0,2.6,H25 - CBA - Pipeline ytelse,116,2.0,71.69,14.0,4,0.0
187,2.0,2.6,H25 - CBA - Pipeline ytelse,116,2.0,71.69,14.0,2,0.0
187,2.0,2.7,H25 - CBA - Seriell Adder,116,2.0,71.69,14.0,3,0.0
187,2.0,2.7,H25 - CBA - Seriell Adder,116,2.0,71.69,14.0,5,0.0
187,2.0,2.7,H25 - CBA - Seriell Adder,116,2.0,71.69,14.0,1,25.0
187,2.0,2.7,H25 - CBA - Seriell Adder,116,2.0,71.69,14.0,2,75.0
187,2.0,2.7,H25 - CBA - Seriell Adder,116,2.0,71.69,14.0,4,0.0
54,2.0,2.1,H25 - CBA - Cache-miss,37,2.0,66.15,14.0,2,100.0
54,2.0,2.1,H25 - CBA - Cache-miss,37,2.0,66.15,14.0,3,0.0
54,2.0,2.1,H25 - CBA - Cache-miss,37,2.0,66.15,14.0,5,0.0
54,2.0,2.1,H25 - CBA - Cache-miss,37,2.0,66.15,14.0,1,0.0
54,2.0,2.1,H25 - CBA - Cache-miss,37,2.0,66.15,14.0,4,0.0
54,2.0,2.2,H25 - CBA - Adder,56,2.0,66.15,14.0,2,100.0
54,2.0,2.2,H25 - CBA - Adder,56,2.0,66.15,14.0,5,0.0
54,2.0,2.2,H25 - CBA - Adder,56,2.0,66.15,14.0,1,0.0
54,2.0,2.2,H25 - CBA - Adder,56,2.0,66.15,14.0,4,0.0
54,2.0,2.2,H25 - CBA - Adder,56,2.0,66.15,14.0,3,0.0
54,2.0,2.3,H25 - CBA - ALU,79,2.0,66.15,14.0,3,100.0
54,2.0,2.3,H25 - CBA - ALU,79,2.0,66.15,14.0,4,0.0
54,2.0,2.3,H25 - CBA - ALU,79,2.0,66.15,14.0,1,0.0
54,2.0,2.3,H25 - CBA - ALU,79,2.0,66.15,14.0,2,0.0
54,2.0,2.3,H25 - CBA - ALU,79,2.0,66.15,14.0,5,0.0
54,2.0,2.4,H25 - CBA - PC,86,2.0,66.15,14.0,2,0.0
54,2.0,2.4,H25 - CBA - PC,86,2.0,66.15,14.0,5,0.0
54,2.0,2.4,H25 - CBA - PC,86,2.0,66.15,14.0,1,100.0
54,2.0,2.4,H25 - CBA - PC,86,2.0,66.15,14.0,4,0.0
54,2.0,2.4,H25 - CBA - PC,86,2.0,66.15,14.0,3,0.0
54,2.0,2.5,H25 - CBA - Universell porter,22,2.0,66.15,14.0,3,100.0
54,2.0,2.5,H25 - CBA - Universell porter,22,2.0,66.15,14.0,2,0.0
54,2.0,2.5,H25 - CBA - Universell porter,22,2.0,66.15,14.0,5,0.0
54,2.0,2.5,H25 - CBA - Universell porter,22,2.0,66.15,14.0,1,0.0
54,2.0,2.5,H25 - CBA - Universell porter,22,2.0,66.15,14.0,4,0.0
54,2.0,2.6,H25 - CBA - Pipeline ytelse,101,2.0,66.15,14.0,4,25.0
54,2.0,2.6,H25 - CBA - Pipeline ytelse,101,2.0,66.15,14.0,3,75.0
54,2.0,2.6,H25 - CBA - Pipeline ytelse,101,2.0,66.15,14.0,2,0.0
54,2.0,2.6,H25 - CBA - Pipeline ytelse,101,2.0,66.15,14.0,5,0.0
54,2.0,2.6,H25 - CBA - Pipeline ytelse,101,2.0,66.15,14.0,1,0.0
54,2.0,2.7,H25 - CBA - Seriell Adder,98,2.0,66.15,14.0,2,100.0
54,2.0,2.7,H25 - CBA - Seriell Adder,98,2.0,66.15,14.0,4,0.0
54,2.0,2.7,H25 - CBA - Seriell Adder,98,2.0,66.15,14.0,1,0.0
54,2.0,2.7,H25 - CBA - Seriell Adder,98,2.0,66.15,14.0,5,0.0
54,2.0,2.7,H25 - CBA - Seriell Adder,98,2.0,66.15,14.0,3,0.0
145,2.0,2.1,H25 - CBA - Cache-miss,39,2.0,75.65,14.0,1,0.0
145,2.0,2.1,H25 - CBA - Cache-miss,39,2.0,75.65,14.0,2,100.0
145,2.0,2.1,H25 - CBA - Cache-miss,39,2.0,75.65,14.0,3,0.0
145,2.0,2.1,H25 - CBA - Cache-miss,39,2.0,75.65,14.0,4,0.0
145,2.0,2.1,H25 - CBA - Cache-miss,39,2.0,75.65,14.0,5,0.0
145,2.0,2.2,H25 - CBA - Adder,26,2.0,75.65,14.0,2,100.0
145,2.0,2.2,H25 - CBA - Adder,26,2.0,75.65,14.0,4,0.0
145,2.0,2.2,H25 - CBA - Adder,26,2.0,75.65,14.0,1,0.0
145,2.0,2.2,H25 - CBA - Adder,26,2.0,75.65,14.0,3,0.0
145,2.0,2.2,H25 - CBA - Adder,26,2.0,75.65,14.0,5,0.0
145,2.0,2.3,H25 - CBA - ALU,77,2.0,75.65,14.0,1,75.0
145,2.0,2.3,H25 - CBA - ALU,77,2.0,75.65,14.0,4,0.0
145,2.0,2.3,H25 - CBA - ALU,77,2.0,75.65,14.0,2,25.0
145,2.0,2.3,H25 - CBA - ALU,77,2.0,75.65,14.0,5,0.0
145,2.0,2.3,H25 - CBA - ALU,77,2.0,75.65,14.0,3,0.0
145,2.0,2.4,H25 - CBA - PC,39,2.0,75.65,14.0,3,100.0
145,2.0,2.4,H25 - CBA - PC,39,2.0,75.65,14.0,4,0.0
145,2.0,2.4,H25 - CBA - PC,39,2.0,75.65,14.0,2,0.0
145,2.0,2.4,H25 - CBA - PC,39,2.0,75.65,14.0,5,0.0
145,2.0,2.4,H25 - CBA - PC,39,2.0,75.65,14.0,1,0.0
145,2.0,2.5,H25 - CBA - Universell porter,22,2.0,75.65,14.0,3,100.0
145,2.0,2.5,H25 - CBA - Universell porter,22,2.0,75.65,14.0,4,0.0
145,2.0,2.5,H25 - CBA - Universell porter,22,2.0,75.65,14.0,5,0.0
145,2.0,2.5,H25 - CBA - Universell porter,22,2.0,75.65,14.0,1,0.0
145,2.0,2.5,H25 - CBA - Universell porter,22,2.0,75.65,14.0,2,0.0
145,2.0,2.6,H25 - CBA - Pipeline ytelse,87,2.0,75.65,14.0,4,100.0
145,2.0,2.6,H25 - CBA - Pipeline ytelse,87,2.0,75.65,14.0,3,0.0
145,2.0,2.6,H25 - CBA - Pipeline ytelse,87,2.0,75.65,14.0,2,0.0
145,2.0,2.6,H25 - CBA - Pipeline ytelse,87,2.0,75.65,14.0,5,0.0
145,2.0,2.6,H25 - CBA - Pipeline ytelse,87,2.0,75.65,14.0,1,0.0
145,2.0,2.7,H25 - CBA - Seriell Adder,43,2.0,75.65,14.0,2,100.0
145,2.0,2.7,H25 - CBA - Seriell Adder,43,2.0,75.65,14.0,5,0.0
145,2.0,2.7,H25 - CBA - Seriell Adder,43,2.0,75.65,14.0,1,0.0
145,2.0,2.7,H25 - CBA - Seriell Adder,43,2.0,75.65,14.0,4,0.0
145,2.0,2.7,H25 - CBA - Seriell Adder,43,2.0,75.65,14.0,3,0.0
523,2.0,2.1,H25 - CBA - Cache-miss,131,2.0,72.52,14.0,2,100.0
523,2.0,2.1,H25 - CBA - Cache-miss,131,2.0,72.52,14.0,5,0.0
523,2.0,2.1,H25 - CBA - Cache-miss,131,2.0,72.52,14.0,3,0.0
523,2.0,2.1,H25 - CBA - Cache-miss,131,2.0,72.52,14.0,4,0.0
523,2.0,2.1,H25 - CBA - Cache-miss,131,2.0,72.52,14.0,1,0.0
523,2.0,2.2,H25 - CBA - Adder,32,2.0,72.52,14.0,2,100.0
523,2.0,2.2,H25 - CBA - Adder,32,2.0,72.52,14.0,5,0.0
523,2.0,2.2,H25 - CBA - Adder,32,2.0,72.52,14.0,1,0.0
523,2.0,2.2,H25 - CBA - Adder,32,2.0,72.52,14.0,4,0.0
523,2.0,2.2,H25 - CBA - Adder,32,2.0,72.52,14.0,3,0.0
523,2.0,2.3,H25 - CBA - ALU,75,2.0,72.52,14.0,1,100.0
523,2.0,2.3,H25 - CBA - ALU,75,2.0,72.52,14.0,3,0.0
523,2.0,2.3,H25 - CBA - ALU,75,2.0,72.52,14.0,4,0.0
523,2.0,2.3,H25 - CBA - ALU,75,2.0,72.52,14.0,2,0.0
523,2.0,2.3,H25 - CBA - ALU,75,2.0,72.52,14.0,5,0.0
523,2.0,2.4,H25 - CBA - PC,58,2.0,72.52,14.0,1,100.0
523,2.0,2.4,H25 - CBA - PC,58,2.0,72.52,14.0,4,0.0
523,2.0,2.4,H25 - CBA - PC,58,2.0,72.52,14.0,3,0.0
523,2.0,2.4,H25 - CBA - PC,58,2.0,72.52,14.0,2,0.0
523,2.0,2.4,H25 - CBA - PC,58,2.0,72.52,14.0,5,0.0
523,2.0,2.5,H25 - CBA - Universell porter,43,2.0,72.52,14.0,3,100.0
523,2.0,2.5,H25 - CBA - Universell porter,43,2.0,72.52,14.0,2,0.0
523,2.0,2.5,H25 - CBA - Universell porter,43,2.0,72.52,14.0,4,0.0
523,2.0,2.5,H25 - CBA - Universell porter,43,2.0,72.52,14.0,5,0.0
523,2.0,2.5,H25 - CBA - Universell porter,43,2.0,72.52,14.0,1,0.0
523,2.0,2.6,H25 - CBA - Pipeline ytelse,149,2.0,72.52,14.0,1,0.0
523,2.0,2.6,H25 - CBA - Pipeline ytelse,149,2.0,72.52,14.0,3,25.0
523,2.0,2.6,H25 - CBA - Pipeline ytelse,149,2.0,72.52,14.0,5,0.0
523,2.0,2.6,H25 - CBA - Pipeline ytelse,149,2.0,72.52,14.0,4,75.0
523,2.0,2.6,H25 - CBA - Pipeline ytelse,149,2.0,72.52,14.0,2,0.0
523,2.0,2.7,H25 - CBA - Seriell Adder,209,2.0,72.52,14.0,1,0.0
523,2.0,2.7,H25 - CBA - Seriell Adder,209,2.0,72.52,14.0,3,0.0
523,2.0,2.7,H25 - CBA - Seriell Adder,209,2.0,72.52,14.0,5,0.0
523,2.0,2.7,H25 - CBA - Seriell Adder,209,2.0,72.52,14.0,2,25.0
523,2.0,2.7,H25 - CBA - Seriell Adder,209,2.0,72.52,14.0,4,75.0
105,2.0,2.1,H25 - CBA - Cache-miss,121,2.0,91.0,14.0,2,100.0
105,2.0,2.1,H25 - CBA - Cache-miss,121,2.0,91.0,14.0,4,0.0
105,2.0,2.1,H25 - CBA - Cache-miss,121,2.0,91.0,14.0,5,0.0
105,2.0,2.1,H25 - CBA - Cache-miss,121,2.0,91.0,14.0,1,0.0
105,2.0,2.1,H25 - CBA - Cache-miss,121,2.0,91.0,14.0,3,0.0
105,2.0,2.2,H25 - CBA - Adder,41,2.0,91.0,14.0,1,0.0
105,2.0,2.2,H25 - CBA - Adder,41,2.0,91.0,14.0,4,0.0
105,2.0,2.2,H25 - CBA - Adder,41,2.0,91.0,14.0,5,0.0
105,2.0,2.2,H25 - CBA - Adder,41,2.0,91.0,14.0,2,100.0
105,2.0,2.2,H25 - CBA - Adder,41,2.0,91.0,14.0,3,0.0
105,2.0,2.3,H25 - CBA - ALU,74,2.0,91.0,14.0,5,0.0
105,2.0,2.3,H25 - CBA - ALU,74,2.0,91.0,14.0,4,0.0
105,2.0,2.3,H25 - CBA - ALU,74,2.0,91.0,14.0,1,100.0
105,2.0,2.3,H25 - CBA - ALU,74,2.0,91.0,14.0,3,0.0
105,2.0,2.3,H25 - CBA - ALU,74,2.0,91.0,14.0,2,0.0
105,2.0,2.4,H25 - CBA - PC,120,2.0,91.0,14.0,5,0.0
105,2.0,2.4,H25 - CBA - PC,120,2.0,91.0,14.0,4,0.0
105,2.0,2.4,H25 - CBA - PC,120,2.0,91.0,14.0,3,0.0
105,2.0,2.4,H25 - CBA - PC,120,2.0,91.0,14.0,2,100.0
105,2.0,2.4,H25 - CBA - PC,120,2.0,91.0,14.0,1,0.0
105,2.0,2.5,H25 - CBA - Universell porter,56,2.0,91.0,14.0,3,100.0
105,2.0,2.5,H25 - CBA - Universell porter,56,2.0,91.0,14.0,4,0.0
105,2.0,2.5,H25 - CBA - Universell porter,56,2.0,91.0,14.0,2,0.0
105,2.0,2.5,H25 - CBA - Universell porter,56,2.0,91.0,14.0,5,0.0
105,2.0,2.5,H25 - CBA - Universell porter,56,2.0,91.0,14.0,1,0.0
105,2.0,2.6,H25 - CBA - Pipeline ytelse,95,2.0,91.0,14.0,4,100.0
105,2.0,2.6,H25 - CBA - Pipeline ytelse,95,2.0,91.0,14.0,3,0.0
105,2.0,2.6,H25 - CBA - Pipeline ytelse,95,2.0,91.0,14.0,5,0.0
105,2.0,2.6,H25 - CBA - Pipeline ytelse,95,2.0,91.0,14.0,1,0.0
105,2.0,2.6,H25 - CBA - Pipeline ytelse,95,2.0,91.0,14.0,2,0.0
105,2.0,2.7,H25 - CBA - Seriell Adder,42,2.0,91.0,14.0,1,0.0
105,2.0,2.7,H25 - CBA - Seriell Adder,42,2.0,91.0,14.0,4,0.0
105,2.0,2.7,H25 - CBA - Seriell Adder,42,2.0,91.0,14.0,3,0.0
105,2.0,2.7,H25 - CBA - Seriell Adder,42,2.0,91.0,14.0,5,0.0
105,2.0,2.7,H25 - CBA - Seriell Adder,42,2.0,91.0,14.0,2,100.0
498,2.0,2.1,H25 - CBA - Cache-miss,49,2.0,77.82,14.0,2,100.0
498,2.0,2.1,H25 - CBA - Cache-miss,49,2.0,77.82,14.0,1,0.0
498,2.0,2.1,H25 - CBA - Cache-miss,49,2.0,77.82,14.0,4,0.0
498,2.0,2.1,H25 - CBA - Cache-miss,49,2.0,77.82,14.0,3,0.0
498,2.0,2.1,H25 - CBA - Cache-miss,49,2.0,77.82,14.0,5,0.0
498,2.0,2.2,H25 - CBA - Adder,95,2.0,77.82,14.0,2,100.0
498,2.0,2.2,H25 - CBA - Adder,95,2.0,77.82,14.0,1,0.0
498,2.0,2.2,H25 - CBA - Adder,95,2.0,77.82,14.0,3,0.0
498,2.0,2.2,H25 - CBA - Adder,95,2.0,77.82,14.0,4,0.0
498,2.0,2.2,H25 - CBA - Adder,95,2.0,77.82,14.0,5,0.0
498,2.0,2.3,H25 - CBA - ALU,113,2.0,77.82,14.0,1,75.0
498,2.0,2.3,H25 - CBA - ALU,113,2.0,77.82,14.0,4,0.0
498,2.0,2.3,H25 - CBA - ALU,113,2.0,77.82,14.0,5,0.0
498,2.0,2.3,H25 - CBA - ALU,113,2.0,77.82,14.0,3,0.0
498,2.0,2.3,H25 - CBA - ALU,113,2.0,77.82,14.0,2,25.0
498,2.0,2.4,H25 - CBA - PC,113,2.0,77.82,14.0,3,100.0
498,2.0,2.4,H25 - CBA - PC,113,2.0,77.82,14.0,5,0.0
498,2.0,2.4,H25 - CBA - PC,113,2.0,77.82,14.0,4,0.0
498,2.0,2.4,H25 - CBA - PC,113,2.0,77.82,14.0,1,0.0
498,2.0,2.4,H25 - CBA - PC,113,2.0,77.82,14.0,2,0.0
498,2.0,2.5,H25 - CBA - Universell porter,16,2.0,77.82,14.0,3,100.0
498,2.0,2.5,H25 - CBA - Universell porter,16,2.0,77.82,14.0,2,0.0
498,2.0,2.5,H25 - CBA - Universell porter,16,2.0,77.82,14.0,5,0.0
498,2.0,2.5,H25 - CBA - Universell porter,16,2.0,77.82,14.0,4,0.0
498,2.0,2.5,H25 - CBA - Universell porter,16,2.0,77.82,14.0,1,0.0
498,2.0,2.6,H25 - CBA - Pipeline ytelse,190,2.0,77.82,14.0,5,0.0
498,2.0,2.6,H25 - CBA - Pipeline ytelse,190,2.0,77.82,14.0,1,0.0
498,2.0,2.6,H25 - CBA - Pipeline ytelse,190,2.0,77.82,14.0,4,75.0
498,2.0,2.6,H25 - CBA - Pipeline ytelse,190,2.0,77.82,14.0,2,0.0
498,2.0,2.6,H25 - CBA - Pipeline ytelse,190,2.0,77.82,14.0,3,25.0
498,2.0,2.7,H25 - CBA - Seriell Adder,141,2.0,77.82,14.0,3,0.0
498,2.0,2.7,H25 - CBA - Seriell Adder,141,2.0,77.82,14.0,5,0.0
498,2.0,2.7,H25 - CBA - Seriell Adder,141,2.0,77.82,14.0,2,100.0
498,2.0,2.7,H25 - CBA - Seriell Adder,141,2.0,77.82,14.0,4,0.0
498,2.0,2.7,H25 - CBA - Seriell Adder,141,2.0,77.82,14.0,1,0.0
192,2.0,2.1,H25 - CBA - Cache-miss,73,2.0,69.99,14.0,2,100.0
192,2.0,2.1,H25 - CBA - Cache-miss,73,2.0,69.99,14.0,5,0.0
192,2.0,2.1,H25 - CBA - Cache-miss,73,2.0,69.99,14.0,4,0.0
192,2.0,2.1,H25 - CBA - Cache-miss,73,2.0,69.99,14.0,1,0.0
192,2.0,2.1,H25 - CBA - Cache-miss,73,2.0,69.99,14.0,3,0.0
192,2.0,2.2,H25 - CBA - Adder,59,2.0,69.99,14.0,2,100.0
192,2.0,2.2,H25 - CBA - Adder,59,2.0,69.99,14.0,1,0.0
192,2.0,2.2,H25 - CBA - Adder,59,2.0,69.99,14.0,5,0.0
192,2.0,2.2,H25 - CBA - Adder,59,2.0,69.99,14.0,3,0.0
192,2.0,2.2,H25 - CBA - Adder,59,2.0,69.99,14.0,4,0.0
192,2.0,2.3,H25 - CBA - ALU,102,2.0,69.99,14.0,1,50.0
192,2.0,2.3,H25 - CBA - ALU,102,2.0,69.99,14.0,4,50.0
192,2.0,2.3,H25 - CBA - ALU,102,2.0,69.99,14.0,3,0.0
192,2.0,2.3,H25 - CBA - ALU,102,2.0,69.99,14.0,2,0.0
192,2.0,2.3,H25 - CBA - ALU,102,2.0,69.99,14.0,5,0.0
192,2.0,2.4,H25 - CBA - PC,70,2.0,69.99,14.0,3,75.0
192,2.0,2.4,H25 - CBA - PC,70,2.0,69.99,14.0,1,0.0
192,2.0,2.4,H25 - CBA - PC,70,2.0,69.99,14.0,2,0.0
192,2.0,2.4,H25 - CBA - PC,70,2.0,69.99,14.0,4,0.0
192,2.0,2.4,H25 - CBA - PC,70,2.0,69.99,14.0,5,25.0
192,2.0,2.5,H25 - CBA - Universell porter,46,2.0,69.99,14.0,3,100.0
192,2.0,2.5,H25 - CBA - Universell porter,46,2.0,69.99,14.0,1,0.0
192,2.0,2.5,H25 - CBA - Universell porter,46,2.0,69.99,14.0,2,0.0
192,2.0,2.5,H25 - CBA - Universell porter,46,2.0,69.99,14.0,4,0.0
192,2.0,2.5,H25 - CBA - Universell porter,46,2.0,69.99,14.0,5,0.0
192,2.0,2.6,H25 - CBA - Pipeline ytelse,150,2.0,69.99,14.0,4,50.0
192,2.0,2.6,H25 - CBA - Pipeline ytelse,150,2.0,69.99,14.0,2,0.0
192,2.0,2.6,H25 - CBA - Pipeline ytelse,150,2.0,69.99,14.0,1,25.0
192,2.0,2.6,H25 - CBA - Pipeline ytelse,150,2.0,69.99,14.0,3,25.0
192,2.0,2.6,H25 - CBA - Pipeline ytelse,150,2.0,69.99,14.0,5,0.0
192,2.0,2.7,H25 - CBA - Seriell Adder,184,2.0,69.99,14.0,2,50.0
192,2.0,2.7,H25 - CBA - Seriell Adder,184,2.0,69.99,14.0,5,50.0
192,2.0,2.7,H25 - CBA - Seriell Adder,184,2.0,69.99,14.0,1,0.0
192,2.0,2.7,H25 - CBA - Seriell Adder,184,2.0,69.99,14.0,3,0.0
192,2.0,2.7,H25 - CBA - Seriell Adder,184,2.0,69.99,14.0,4,0.0
364,2.0,2.1,H25 - CBA - Cache-miss,31,2.0,49.72,14.0,2,100.0
364,2.0,2.1,H25 - CBA - Cache-miss,31,2.0,49.72,14.0,5,0.0
364,2.0,2.1,H25 - CBA - Cache-miss,31,2.0,49.72,14.0,1,0.0
364,2.0,2.1,H25 - CBA - Cache-miss,31,2.0,49.72,14.0,3,0.0
364,2.0,2.1,H25 - CBA - Cache-miss,31,2.0,49.72,14.0,4,0.0
364,2.0,2.2,H25 - CBA - Adder,49,2.0,49.72,14.0,2,75.0
364,2.0,2.2,H25 - CBA - Adder,49,2.0,49.72,14.0,5,0.0
364,2.0,2.2,H25 - CBA - Adder,49,2.0,49.72,14.0,1,0.0
364,2.0,2.2,H25 - CBA - Adder,49,2.0,49.72,14.0,3,25.0
364,2.0,2.2,H25 - CBA - Adder,49,2.0,49.72,14.0,4,0.0
364,2.0,2.3,H25 - CBA - ALU,30,2.0,49.72,14.0,1,100.0
364,2.0,2.3,H25 - CBA - ALU,30,2.0,49.72,14.0,5,0.0
364,2.0,2.3,H25 - CBA - ALU,30,2.0,49.72,14.0,3,0.0
364,2.0,2.3,H25 - CBA - ALU,30,2.0,49.72,14.0,2,0.0
364,2.0,2.3,H25 - CBA - ALU,30,2.0,49.72,14.0,4,0.0
364,2.0,2.4,H25 - CBA - PC,53,2.0,49.72,14.0,1,75.0
364,2.0,2.4,H25 - CBA - PC,53,2.0,49.72,14.0,2,25.0
364,2.0,2.4,H25 - CBA - PC,53,2.0,49.72,14.0,5,0.0
364,2.0,2.4,H25 - CBA - PC,53,2.0,49.72,14.0,4,0.0
364,2.0,2.4,H25 - CBA - PC,53,2.0,49.72,14.0,3,0.0
364,2.0,2.5,H25 - CBA - Universell porter,80,2.0,49.72,14.0,3,75.0
364,2.0,2.5,H25 - CBA - Universell porter,80,2.0,49.72,14.0,5,25.0
364,2.0,2.5,H25 - CBA - Universell porter,80,2.0,49.72,14.0,4,0.0
364,2.0,2.5,H25 - CBA - Universell porter,80,2.0,49.72,14.0,1,0.0
364,2.0,2.5,H25 - CBA - Universell porter,80,2.0,49.72,14.0,2,0.0
364,2.0,2.6,H25 - CBA - Pipeline ytelse,38,2.0,49.72,14.0,3,75.0
364,2.0,2.6,H25 - CBA - Pipeline ytelse,38,2.0,49.72,14.0,1,25.0
364,2.0,2.6,H25 - CBA - Pipeline ytelse,38,2.0,49.72,14.0,2,0.0
364,2.0,2.6,H25 - CBA - Pipeline ytelse,38,2.0,49.72,14.0,4,0.0
364,2.0,2.6,H25 - CBA - Pipeline ytelse,38,2.0,49.72,14.0,5,0.0
364,2.0,2.7,H25 - CBA - Seriell Adder,44,2.0,49.72,14.0,3,75.0
364,2.0,2.7,H25 - CBA - Seriell Adder,44,2.0,49.72,14.0,2,25.0
364,2.0,2.7,H25 - CBA - Seriell Adder,44,2.0,49.72,14.0,1,0.0
364,2.0,2.7,H25 - CBA - Seriell Adder,44,2.0,49.72,14.0,4,0.0
364,2.0,2.7,H25 - CBA - Seriell Adder,44,2.0,49.72,14.0,5,0.0
51,2.0,2.1,H25 - CBA - Cache-miss,48,2.0,63.98,14.0,2,100.0
51,2.0,2.1,H25 - CBA - Cache-miss,48,2.0,63.98,14.0,1,0.0
51,2.0,2.1,H25 - CBA - Cache-miss,48,2.0,63.98,14.0,5,0.0
51,2.0,2.1,H25 - CBA - Cache-miss,48,2.0,63.98,14.0,3,0.0
51,2.0,2.1,H25 - CBA - Cache-miss,48,2.0,63.98,14.0,4,0.0
51,2.0,2.2,H25 - CBA - Adder,54,2.0,63.98,14.0,2,100.0
51,2.0,2.2,H25 - CBA - Adder,54,2.0,63.98,14.0,3,0.0
51,2.0,2.2,H25 - CBA - Adder,54,2.0,63.98,14.0,5,0.0
51,2.0,2.2,H25 - CBA - Adder,54,2.0,63.98,14.0,1,0.0
51,2.0,2.2,H25 - CBA - Adder,54,2.0,63.98,14.0,4,0.0
51,2.0,2.3,H25 - CBA - ALU,284,2.0,63.98,14.0,2,50.0
51,2.0,2.3,H25 - CBA - ALU,284,2.0,63.98,14.0,5,50.0
51,2.0,2.3,H25 - CBA - ALU,284,2.0,63.98,14.0,1,0.0
51,2.0,2.3,H25 - CBA - ALU,284,2.0,63.98,14.0,3,0.0
51,2.0,2.3,H25 - CBA - ALU,284,2.0,63.98,14.0,4,0.0
51,2.0,2.4,H25 - CBA - PC,89,2.0,63.98,14.0,3,100.0
51,2.0,2.4,H25 - CBA - PC,89,2.0,63.98,14.0,2,0.0
51,2.0,2.4,H25 - CBA - PC,89,2.0,63.98,14.0,1,0.0
51,2.0,2.4,H25 - CBA - PC,89,2.0,63.98,14.0,4,0.0
51,2.0,2.4,H25 - CBA - PC,89,2.0,63.98,14.0,5,0.0
51,2.0,2.5,H25 - CBA - Universell porter,28,2.0,63.98,14.0,3,100.0
51,2.0,2.5,H25 - CBA - Universell porter,28,2.0,63.98,14.0,1,0.0
51,2.0,2.5,H25 - CBA - Universell porter,28,2.0,63.98,14.0,5,0.0
51,2.0,2.5,H25 - CBA - Universell porter,28,2.0,63.98,14.0,4,0.0
51,2.0,2.5,H25 - CBA - Universell porter,28,2.0,63.98,14.0,2,0.0
51,2.0,2.6,H25 - CBA - Pipeline ytelse,89,2.0,63.98,14.0,1,0.0
51,2.0,2.6,H25 - CBA - Pipeline ytelse,89,2.0,63.98,14.0,4,100.0
51,2.0,2.6,H25 - CBA - Pipeline ytelse,89,2.0,63.98,14.0,2,0.0
51,2.0,2.6,H25 - CBA - Pipeline ytelse,89,2.0,63.98,14.0,3,0.0
51,2.0,2.6,H25 - CBA - Pipeline ytelse,89,2.0,63.98,14.0,5,0.0
51,2.0,2.7,H25 - CBA - Seriell Adder,201,2.0,63.98,14.0,2,75.0
51,2.0,2.7,H25 - CBA - Seriell Adder,201,2.0,63.98,14.0,1,0.0
51,2.0,2.7,H25 - CBA - Seriell Adder,201,2.0,63.98,14.0,5,0.0
51,2.0,2.7,H25 - CBA - Seriell Adder,201,2.0,63.98,14.0,4,25.0
51,2.0,2.7,H25 - CBA - Seriell Adder,201,2.0,63.98,14.0,3,0.0
420,2.0,2.1,H25 - CBA - Cache-miss,52,2.0,52.82,14.0,2,100.0
420,2.0,2.1,H25 - CBA - Cache-miss,52,2.0,52.82,14.0,1,0.0
420,2.0,2.1,H25 - CBA - Cache-miss,52,2.0,52.82,14.0,5,0.0
420,2.0,2.1,H25 - CBA - Cache-miss,52,2.0,52.82,14.0,4,0.0
420,2.0,2.1,H25 - CBA - Cache-miss,52,2.0,52.82,14.0,3,0.0
420,2.0,2.2,H25 - CBA - Adder,29,2.0,52.82,14.0,2,100.0
420,2.0,2.2,H25 - CBA - Adder,29,2.0,52.82,14.0,4,0.0
420,2.0,2.2,H25 - CBA - Adder,29,2.0,52.82,14.0,5,0.0
420,2.0,2.2,H25 - CBA - Adder,29,2.0,52.82,14.0,1,0.0
420,2.0,2.2,H25 - CBA - Adder,29,2.0,52.82,14.0,3,0.0
420,2.0,2.3,H25 - CBA - ALU,32,2.0,52.82,14.0,1,50.0
420,2.0,2.3,H25 - CBA - ALU,32,2.0,52.82,14.0,2,50.0
420,2.0,2.3,H25 - CBA - ALU,32,2.0,52.82,14.0,3,0.0
420,2.0,2.3,H25 - CBA - ALU,32,2.0,52.82,14.0,5,0.0
420,2.0,2.3,H25 - CBA - ALU,32,2.0,52.82,14.0,4,0.0
420,2.0,2.4,H25 - CBA - PC,76,2.0,52.82,14.0,4,25.0
420,2.0,2.4,H25 - CBA - PC,76,2.0,52.82,14.0,1,25.0
420,2.0,2.4,H25 - CBA - PC,76,2.0,52.82,14.0,5,0.0
420,2.0,2.4,H25 - CBA - PC,76,2.0,52.82,14.0,3,50.0
420,2.0,2.4,H25 - CBA - PC,76,2.0,52.82,14.0,2,0.0
420,2.0,2.5,H25 - CBA - Universell porter,21,2.0,52.82,14.0,3,100.0
420,2.0,2.5,H25 - CBA - Universell porter,21,2.0,52.82,14.0,4,0.0
420,2.0,2.5,H25 - CBA - Universell porter,21,2.0,52.82,14.0,1,0.0
420,2.0,2.5,H25 - CBA - Universell porter,21,2.0,52.82,14.0,2,0.0
420,2.0,2.5,H25 - CBA - Universell porter,21,2.0,52.82,14.0,5,0.0
420,2.0,2.6,H25 - CBA - Pipeline ytelse,76,2.0,52.82,14.0,5,25.0
420,2.0,2.6,H25 - CBA - Pipeline ytelse,76,2.0,52.82,14.0,2,0.0
420,2.0,2.6,H25 - CBA - Pipeline ytelse,76,2.0,52.82,14.0,3,0.0
420,2.0,2.6,H25 - CBA - Pipeline ytelse,76,2.0,52.82,14.0,1,25.0
420,2.0,2.6,H25 - CBA - Pipeline ytelse,76,2.0,52.82,14.0,4,50.0
420,2.0,2.7,H25 - CBA - Seriell Adder,28,2.0,52.82,14.0,4,25.0
420,2.0,2.7,H25 - CBA - Seriell Adder,28,2.0,52.82,14.0,3,0.0
420,2.0,2.7,H25 - CBA - Seriell Adder,28,2.0,52.82,14.0,5,0.0
420,2.0,2.7,H25 - CBA - Seriell Adder,28,2.0,52.82,14.0,1,25.0
420,2.0,2.7,H25 - CBA - Seriell Adder,28,2.0,52.82,14.0,2,50.0
215,2.0,2.1,H25 - CBA - Cache-miss,411,2.0,65.85,14.0,4,0.0
215,2.0,2.1,H25 - CBA - Cache-miss,411,2.0,65.85,14.0,5,0.0
215,2.0,2.1,H25 - CBA - Cache-miss,411,2.0,65.85,14.0,1,0.0
215,2.0,2.1,H25 - CBA - Cache-miss,411,2.0,65.85,14.0,2,100.0
215,2.0,2.1,H25 - CBA - Cache-miss,411,2.0,65.85,14.0,3,0.0
215,2.0,2.2,H25 - CBA - Adder,128,2.0,65.85,14.0,2,100.0
215,2.0,2.2,H25 - CBA - Adder,128,2.0,65.85,14.0,1,0.0
215,2.0,2.2,H25 - CBA - Adder,128,2.0,65.85,14.0,5,0.0
215,2.0,2.2,H25 - CBA - Adder,128,2.0,65.85,14.0,3,0.0
215,2.0,2.2,H25 - CBA - Adder,128,2.0,65.85,14.0,4,0.0
215,2.0,2.3,H25 - CBA - ALU,238,2.0,65.85,14.0,5,0.0
215,2.0,2.3,H25 - CBA - ALU,238,2.0,65.85,14.0,4,0.0
215,2.0,2.3,H25 - CBA - ALU,238,2.0,65.85,14.0,2,0.0
215,2.0,2.3,H25 - CBA - ALU,238,2.0,65.85,14.0,3,75.0
215,2.0,2.3,H25 - CBA - ALU,238,2.0,65.85,14.0,1,25.0
215,2.0,2.4,H25 - CBA - PC,237,2.0,65.85,14.0,3,0.0
215,2.0,2.4,H25 - CBA - PC,237,2.0,65.85,14.0,4,0.0
215,2.0,2.4,H25 - CBA - PC,237,2.0,65.85,14.0,2,50.0
215,2.0,2.4,H25 - CBA - PC,237,2.0,65.85,14.0,1,50.0
215,2.0,2.4,H25 - CBA - PC,237,2.0,65.85,14.0,5,0.0
215,2.0,2.5,H25 - CBA - Universell porter,68,2.0,65.85,14.0,1,0.0
215,2.0,2.5,H25 - CBA - Universell porter,68,2.0,65.85,14.0,5,0.0
215,2.0,2.5,H25 - CBA - Universell porter,68,2.0,65.85,14.0,4,0.0
215,2.0,2.5,H25 - CBA - Universell porter,68,2.0,65.85,14.0,3,100.0
215,2.0,2.5,H25 - CBA - Universell porter,68,2.0,65.85,14.0,2,0.0
215,2.0,2.6,H25 - CBA - Pipeline ytelse,220,2.0,65.85,14.0,4,0.0
215,2.0,2.6,H25 - CBA - Pipeline ytelse,220,2.0,65.85,14.0,3,0.0
215,2.0,2.6,H25 - CBA - Pipeline ytelse,220,2.0,65.85,14.0,1,100.0
215,2.0,2.6,H25 - CBA - Pipeline ytelse,220,2.0,65.85,14.0,5,0.0
215,2.0,2.6,H25 - CBA - Pipeline ytelse,220,2.0,65.85,14.0,2,0.0
215,2.0,2.7,H25 - CBA - Seriell Adder,330,2.0,65.85,14.0,3,0.0
215,2.0,2.7,H25 - CBA - Seriell Adder,330,2.0,65.85,14.0,4,0.0
215,2.0,2.7,H25 - CBA - Seriell Adder,330,2.0,65.85,14.0,1,0.0
215,2.0,2.7,H25 - CBA - Seriell Adder,330,2.0,65.85,14.0,5,0.0
215,2.0,2.7,H25 - CBA - Seriell Adder,330,2.0,65.85,14.0,2,100.0
436,2.0,2.1,H25 - CBA - Cache-miss,129,2.0,79.98,14.0,2,100.0
436,2.0,2.1,H25 - CBA - Cache-miss,129,2.0,79.98,14.0,1,0.0
436,2.0,2.1,H25 - CBA - Cache-miss,129,2.0,79.98,14.0,4,0.0
436,2.0,2.1,H25 - CBA - Cache-miss,129,2.0,79.98,14.0,3,0.0
436,2.0,2.1,H25 - CBA - Cache-miss,129,2.0,79.98,14.0,5,0.0
436,2.0,2.2,H25 - CBA - Adder,68,2.0,79.98,14.0,5,50.0
436,2.0,2.2,H25 - CBA - Adder,68,2.0,79.98,14.0,2,50.0
436,2.0,2.2,H25 - CBA - Adder,68,2.0,79.98,14.0,4,0.0
436,2.0,2.2,H25 - CBA - Adder,68,2.0,79.98,14.0,1,0.0
436,2.0,2.2,H25 - CBA - Adder,68,2.0,79.98,14.0,3,0.0
436,2.0,2.3,H25 - CBA - ALU,108,2.0,79.98,14.0,4,75.0
436,2.0,2.3,H25 - CBA - ALU,108,2.0,79.98,14.0,3,0.0
436,2.0,2.3,H25 - CBA - ALU,108,2.0,79.98,14.0,5,0.0
436,2.0,2.3,H25 - CBA - ALU,108,2.0,79.98,14.0,1,25.0
436,2.0,2.3,H25 - CBA - ALU,108,2.0,79.98,14.0,2,0.0
436,2.0,2.4,H25 - CBA - PC,100,2.0,79.98,14.0,4,0.0
436,2.0,2.4,H25 - CBA - PC,100,2.0,79.98,14.0,2,0.0
436,2.0,2.4,H25 - CBA - PC,100,2.0,79.98,14.0,3,0.0
436,2.0,2.4,H25 - CBA - PC,100,2.0,79.98,14.0,1,100.0
436,2.0,2.4,H25 - CBA - PC,100,2.0,79.98,14.0,5,0.0
436,2.0,2.5,H25 - CBA - Universell porter,129,2.0,79.98,14.0,3,50.0
436,2.0,2.5,H25 - CBA - Universell porter,129,2.0,79.98,14.0,2,0.0
436,2.0,2.5,H25 - CBA - Universell porter,129,2.0,79.98,14.0,4,0.0
436,2.0,2.5,H25 - CBA - Universell porter,129,2.0,79.98,14.0,5,0.0
436,2.0,2.5,H25 - CBA - Universell porter,129,2.0,79.98,14.0,1,50.0
436,2.0,2.6,H25 - CBA - Pipeline ytelse,98,2.0,79.98,14.0,3,0.0
436,2.0,2.6,H25 - CBA - Pipeline ytelse,98,2.0,79.98,14.0,4,100.0
436,2.0,2.6,H25 - CBA - Pipeline ytelse,98,2.0,79.98,14.0,2,0.0
436,2.0,2.6,H25 - CBA - Pipeline ytelse,98,2.0,79.98,14.0,1,0.0
436,2.0,2.6,H25 - CBA - Pipeline ytelse,98,2.0,79.98,14.0,5,0.0
436,2.0,2.7,H25 - CBA - Seriell Adder,77,2.0,79.98,14.0,2,50.0
436,2.0,2.7,H25 - CBA - Seriell Adder,77,2.0,79.98,14.0,1,25.0
436,2.0,2.7,H25 - CBA - Seriell Adder,77,2.0,79.98,14.0,3,25.0
436,2.0,2.7,H25 - CBA - Seriell Adder,77,2.0,79.98,14.0,4,0.0
436,2.0,2.7,H25 - CBA - Seriell Adder,77,2.0,79.98,14.0,5,0.0
180,2.0,2.1,H25 - CBA - Cache-miss,57,0.0,36.99,6.0,5,50.0
180,2.0,2.1,H25 - CBA - Cache-miss,57,0.0,36.99,6.0,2,50.0
180,2.0,2.2,H25 - CBA - Adder,18,2.0,36.99,6.0,2,100.0
180,2.0,2.3,H25 - CBA - ALU,79,0.0,36.99,6.0,1,75.0
180,2.0,2.3,H25 - CBA - ALU,79,0.0,36.99,6.0,5,25.0
180,2.0,2.4,H25 - CBA - PC,60,0.0,36.99,6.0,1,75.0
180,2.0,2.4,H25 - CBA - PC,60,0.0,36.99,6.0,3,25.0
180,2.0,2.5,H25 - CBA - Universell porter,47,0.0,36.99,6.0,5,50.0
180,2.0,2.5,H25 - CBA - Universell porter,47,0.0,36.99,6.0,3,50.0
180,2.0,2.6,H25 - CBA - Pipeline ytelse,9,2.0,36.99,6.0,4,100.0
180,2.0,2.7,H25 - CBA - Seriell Adder,30,2.0,36.99,6.0,2,100.0
15,2.0,2.1,H25 - CBA - Cache-miss,74,2.0,64.62,14.0,2,100.0
15,2.0,2.1,H25 - CBA - Cache-miss,74,2.0,64.62,14.0,1,0.0
15,2.0,2.1,H25 - CBA - Cache-miss,74,2.0,64.62,14.0,5,0.0
15,2.0,2.1,H25 - CBA - Cache-miss,74,2.0,64.62,14.0,3,0.0
15,2.0,2.1,H25 - CBA - Cache-miss,74,2.0,64.62,14.0,4,0.0
15,2.0,2.2,H25 - CBA - Adder,21,2.0,64.62,14.0,5,100.0
15,2.0,2.2,H25 - CBA - Adder,21,2.0,64.62,14.0,4,0.0
15,2.0,2.2,H25 - CBA - Adder,21,2.0,64.62,14.0,3,0.0
15,2.0,2.2,H25 - CBA - Adder,21,2.0,64.62,14.0,2,0.0
15,2.0,2.2,H25 - CBA - Adder,21,2.0,64.62,14.0,1,0.0
15,2.0,2.3,H25 - CBA - ALU,20,2.0,64.62,14.0,1,100.0
15,2.0,2.3,H25 - CBA - ALU,20,2.0,64.62,14.0,3,0.0
15,2.0,2.3,H25 - CBA - ALU,20,2.0,64.62,14.0,2,0.0
15,2.0,2.3,H25 - CBA - ALU,20,2.0,64.62,14.0,4,0.0
15,2.0,2.3,H25 - CBA - ALU,20,2.0,64.62,14.0,5,0.0
15,2.0,2.4,H25 - CBA - PC,27,2.0,64.62,14.0,3,75.0
15,2.0,2.4,H25 - CBA - PC,27,2.0,64.62,14.0,1,25.0
15,2.0,2.4,H25 - CBA - PC,27,2.0,64.62,14.0,5,0.0
15,2.0,2.4,H25 - CBA - PC,27,2.0,64.62,14.0,4,0.0
15,2.0,2.4,H25 - CBA - PC,27,2.0,64.62,14.0,2,0.0
15,2.0,2.5,H25 - CBA - Universell porter,63,2.0,64.62,14.0,3,0.0
15,2.0,2.5,H25 - CBA - Universell porter,63,2.0,64.62,14.0,4,100.0
15,2.0,2.5,H25 - CBA - Universell porter,63,2.0,64.62,14.0,2,0.0
15,2.0,2.5,H25 - CBA - Universell porter,63,2.0,64.62,14.0,5,0.0
15,2.0,2.5,H25 - CBA - Universell porter,63,2.0,64.62,14.0,1,0.0
15,2.0,2.6,H25 - CBA - Pipeline ytelse,20,2.0,64.62,14.0,4,100.0
15,2.0,2.6,H25 - CBA - Pipeline ytelse,20,2.0,64.62,14.0,5,0.0
15,2.0,2.6,H25 - CBA - Pipeline ytelse,20,2.0,64.62,14.0,1,0.0
15,2.0,2.6,H25 - CBA - Pipeline ytelse,20,2.0,64.62,14.0,2,0.0
15,2.0,2.6,H25 - CBA - Pipeline ytelse,20,2.0,64.62,14.0,3,0.0
15,2.0,2.7,H25 - CBA - Seriell Adder,57,2.0,64.62,14.0,3,25.0
15,2.0,2.7,H25 - CBA - Seriell Adder,57,2.0,64.62,14.0,1,0.0
15,2.0,2.7,H25 - CBA - Seriell Adder,57,2.0,64.62,14.0,5,75.0
15,2.0,2.7,H25 - CBA - Seriell Adder,57,2.0,64.62,14.0,4,0.0
15,2.0,2.7,H25 - CBA - Seriell Adder,57,2.0,64.62,14.0,2,0.0
198,2.0,2.1,H25 - CBA - Cache-miss,140,2.0,56.16,14.0,4,75.0
198,2.0,2.1,H25 - CBA - Cache-miss,140,2.0,56.16,14.0,1,0.0
198,2.0,2.1,H25 - CBA - Cache-miss,140,2.0,56.16,14.0,5,0.0
198,2.0,2.1,H25 - CBA - Cache-miss,140,2.0,56.16,14.0,2,25.0
198,2.0,2.1,H25 - CBA - Cache-miss,140,2.0,56.16,14.0,3,0.0
198,2.0,2.2,H25 - CBA - Adder,79,2.0,56.16,14.0,2,25.0
198,2.0,2.2,H25 - CBA - Adder,79,2.0,56.16,14.0,5,75.0
198,2.0,2.2,H25 - CBA - Adder,79,2.0,56.16,14.0,1,0.0
198,2.0,2.2,H25 - CBA - Adder,79,2.0,56.16,14.0,4,0.0
198,2.0,2.2,H25 - CBA - Adder,79,2.0,56.16,14.0,3,0.0
198,2.0,2.3,H25 - CBA - ALU,88,2.0,56.16,14.0,2,50.0
198,2.0,2.3,H25 - CBA - ALU,88,2.0,56.16,14.0,3,0.0
198,2.0,2.3,H25 - CBA - ALU,88,2.0,56.16,14.0,4,50.0
198,2.0,2.3,H25 - CBA - ALU,88,2.0,56.16,14.0,5,0.0
198,2.0,2.3,H25 - CBA - ALU,88,2.0,56.16,14.0,1,0.0
198,2.0,2.4,H25 - CBA - PC,45,2.0,56.16,14.0,5,0.0
198,2.0,2.4,H25 - CBA - PC,45,2.0,56.16,14.0,4,50.0
198,2.0,2.4,H25 - CBA - PC,45,2.0,56.16,14.0,3,50.0
198,2.0,2.4,H25 - CBA - PC,45,2.0,56.16,14.0,1,0.0
198,2.0,2.4,H25 - CBA - PC,45,2.0,56.16,14.0,2,0.0
198,2.0,2.5,H25 - CBA - Universell porter,40,2.0,56.16,14.0,2,0.0
198,2.0,2.5,H25 - CBA - Universell porter,40,2.0,56.16,14.0,1,0.0
198,2.0,2.5,H25 - CBA - Universell porter,40,2.0,56.16,14.0,4,0.0
198,2.0,2.5,H25 - CBA - Universell porter,40,2.0,56.16,14.0,3,100.0
198,2.0,2.5,H25 - CBA - Universell porter,40,2.0,56.16,14.0,5,0.0
198,2.0,2.6,H25 - CBA - Pipeline ytelse,82,2.0,56.16,14.0,4,0.0
198,2.0,2.6,H25 - CBA - Pipeline ytelse,82,2.0,56.16,14.0,2,0.0
198,2.0,2.6,H25 - CBA - Pipeline ytelse,82,2.0,56.16,14.0,5,50.0
198,2.0,2.6,H25 - CBA - Pipeline ytelse,82,2.0,56.16,14.0,1,25.0
198,2.0,2.6,H25 - CBA - Pipeline ytelse,82,2.0,56.16,14.0,3,25.0
198,2.0,2.7,H25 - CBA - Seriell Adder,136,2.0,56.16,14.0,2,50.0
198,2.0,2.7,H25 - CBA - Seriell Adder,136,2.0,56.16,14.0,4,0.0
198,2.0,2.7,H25 - CBA - Seriell Adder,136,2.0,56.16,14.0,5,25.0
198,2.0,2.7,H25 - CBA - Seriell Adder,136,2.0,56.16,14.0,3,25.0
198,2.0,2.7,H25 - CBA - Seriell Adder,136,2.0,56.16,14.0,1,0.0
160,2.0,2.1,H25 - CBA - Cache-miss,176,2.0,84.82,14.0,1,0.0
160,2.0,2.1,H25 - CBA - Cache-miss,176,2.0,84.82,14.0,2,0.0
160,2.0,2.1,H25 - CBA - Cache-miss,176,2.0,84.82,14.0,3,0.0
160,2.0,2.1,H25 - CBA - Cache-miss,176,2.0,84.82,14.0,4,0.0
160,2.0,2.1,H25 - CBA - Cache-miss,176,2.0,84.82,14.0,5,100.0
160,2.0,2.2,H25 - CBA - Adder,105,2.0,84.82,14.0,3,0.0
160,2.0,2.2,H25 - CBA - Adder,105,2.0,84.82,14.0,1,0.0
160,2.0,2.2,H25 - CBA - Adder,105,2.0,84.82,14.0,5,0.0
160,2.0,2.2,H25 - CBA - Adder,105,2.0,84.82,14.0,2,75.0
160,2.0,2.2,H25 - CBA - Adder,105,2.0,84.82,14.0,4,25.0
160,2.0,2.3,H25 - CBA - ALU,131,2.0,84.82,14.0,4,0.0
160,2.0,2.3,H25 - CBA - ALU,131,2.0,84.82,14.0,3,0.0
160,2.0,2.3,H25 - CBA - ALU,131,2.0,84.82,14.0,2,0.0
160,2.0,2.3,H25 - CBA - ALU,131,2.0,84.82,14.0,1,100.0
160,2.0,2.3,H25 - CBA - ALU,131,2.0,84.82,14.0,5,0.0
160,2.0,2.4,H25 - CBA - PC,162,2.0,84.82,14.0,5,0.0
160,2.0,2.4,H25 - CBA - PC,162,2.0,84.82,14.0,4,0.0
160,2.0,2.4,H25 - CBA - PC,162,2.0,84.82,14.0,1,100.0
160,2.0,2.4,H25 - CBA - PC,162,2.0,84.82,14.0,2,0.0
160,2.0,2.4,H25 - CBA - PC,162,2.0,84.82,14.0,3,0.0
160,2.0,2.5,H25 - CBA - Universell porter,29,2.0,84.82,14.0,3,100.0
160,2.0,2.5,H25 - CBA - Universell porter,29,2.0,84.82,14.0,2,0.0
160,2.0,2.5,H25 - CBA - Universell porter,29,2.0,84.82,14.0,1,0.0
160,2.0,2.5,H25 - CBA - Universell porter,29,2.0,84.82,14.0,4,0.0
160,2.0,2.5,H25 - CBA - Universell porter,29,2.0,84.82,14.0,5,0.0
160,2.0,2.6,H25 - CBA - Pipeline ytelse,31,2.0,84.82,14.0,4,100.0
160,2.0,2.6,H25 - CBA - Pipeline ytelse,31,2.0,84.82,14.0,2,0.0
160,2.0,2.6,H25 - CBA - Pipeline ytelse,31,2.0,84.82,14.0,1,0.0
160,2.0,2.6,H25 - CBA - Pipeline ytelse,31,2.0,84.82,14.0,3,0.0
160,2.0,2.6,H25 - CBA - Pipeline ytelse,31,2.0,84.82,14.0,5,0.0
160,2.0,2.7,H25 - CBA - Seriell Adder,52,2.0,84.82,14.0,2,100.0
160,2.0,2.7,H25 - CBA - Seriell Adder,52,2.0,84.82,14.0,1,0.0
160,2.0,2.7,H25 - CBA - Seriell Adder,52,2.0,84.82,14.0,5,0.0
160,2.0,2.7,H25 - CBA - Seriell Adder,52,2.0,84.82,14.0,3,0.0
160,2.0,2.7,H25 - CBA - Seriell Adder,52,2.0,84.82,14.0,4,0.0
385,2.0,2.1,H25 - CBA - Cache-miss,143,2.0,91.0,14.0,2,100.0
385,2.0,2.1,H25 - CBA - Cache-miss,143,2.0,91.0,14.0,4,0.0
385,2.0,2.1,H25 - CBA - Cache-miss,143,2.0,91.0,14.0,5,0.0
385,2.0,2.1,H25 - CBA - Cache-miss,143,2.0,91.0,14.0,1,0.0
385,2.0,2.1,H25 - CBA - Cache-miss,143,2.0,91.0,14.0,3,0.0
385,2.0,2.2,H25 - CBA - Adder,47,2.0,91.0,14.0,2,100.0
385,2.0,2.2,H25 - CBA - Adder,47,2.0,91.0,14.0,4,0.0
385,2.0,2.2,H25 - CBA - Adder,47,2.0,91.0,14.0,5,0.0
385,2.0,2.2,H25 - CBA - Adder,47,2.0,91.0,14.0,3,0.0
385,2.0,2.2,H25 - CBA - Adder,47,2.0,91.0,14.0,1,0.0
385,2.0,2.3,H25 - CBA - ALU,134,2.0,91.0,14.0,4,0.0
385,2.0,2.3,H25 - CBA - ALU,134,2.0,91.0,14.0,3,0.0
385,2.0,2.3,H25 - CBA - ALU,134,2.0,91.0,14.0,2,0.0
385,2.0,2.3,H25 - CBA - ALU,134,2.0,91.0,14.0,5,0.0
385,2.0,2.3,H25 - CBA - ALU,134,2.0,91.0,14.0,1,100.0
385,2.0,2.4,H25 - CBA - PC,76,2.0,91.0,14.0,4,0.0
385,2.0,2.4,H25 - CBA - PC,76,2.0,91.0,14.0,2,0.0
385,2.0,2.4,H25 - CBA - PC,76,2.0,91.0,14.0,5,0.0
385,2.0,2.4,H25 - CBA - PC,76,2.0,91.0,14.0,3,75.0
385,2.0,2.4,H25 - CBA - PC,76,2.0,91.0,14.0,1,25.0
385,2.0,2.5,H25 - CBA - Universell porter,78,2.0,91.0,14.0,2,0.0
385,2.0,2.5,H25 - CBA - Universell porter,78,2.0,91.0,14.0,3,100.0
385,2.0,2.5,H25 - CBA - Universell porter,78,2.0,91.0,14.0,4,0.0
385,2.0,2.5,H25 - CBA - Universell porter,78,2.0,91.0,14.0,1,0.0
385,2.0,2.5,H25 - CBA - Universell porter,78,2.0,91.0,14.0,5,0.0
385,2.0,2.6,H25 - CBA - Pipeline ytelse,66,2.0,91.0,14.0,4,100.0
385,2.0,2.6,H25 - CBA - Pipeline ytelse,66,2.0,91.0,14.0,5,0.0
385,2.0,2.6,H25 - CBA - Pipeline ytelse,66,2.0,91.0,14.0,3,0.0
385,2.0,2.6,H25 - CBA - Pipeline ytelse,66,2.0,91.0,14.0,2,0.0
385,2.0,2.6,H25 - CBA - Pipeline ytelse,66,2.0,91.0,14.0,1,0.0
385,2.0,2.7,H25 - CBA - Seriell Adder,72,2.0,91.0,14.0,1,0.0
385,2.0,2.7,H25 - CBA - Seriell Adder,72,2.0,91.0,14.0,4,0.0
385,2.0,2.7,H25 - CBA - Seriell Adder,72,2.0,91.0,14.0,2,100.0
385,2.0,2.7,H25 - CBA - Seriell Adder,72,2.0,91.0,14.0,3,0.0
385,2.0,2.7,H25 - CBA - Seriell Adder,72,2.0,91.0,14.0,5,0.0
297,2.0,2.1,H25 - CBA - Cache-miss,32,2.0,50.66,6.0,2,100.0
297,2.0,2.2,H25 - CBA - Adder,109,2.0,50.66,6.0,5,100.0
297,2.0,2.2,H25 - CBA - Adder,109,2.0,50.66,6.0,3,0.0
297,2.0,2.3,H25 - CBA - ALU,49,0.0,50.66,6.0,2,75.0
297,2.0,2.3,H25 - CBA - ALU,49,0.0,50.66,6.0,1,25.0
297,2.0,2.4,H25 - CBA - PC,75,0.0,50.66,6.0,2,25.0
297,2.0,2.4,H25 - CBA - PC,75,0.0,50.66,6.0,3,75.0
297,2.0,2.5,H25 - CBA - Universell porter,101,0.0,50.66,6.0,3,75.0
297,2.0,2.5,H25 - CBA - Universell porter,101,0.0,50.66,6.0,5,25.0
297,2.0,2.6,H25 - CBA - Pipeline ytelse,110,0.0,50.66,6.0,3,25.0
297,2.0,2.6,H25 - CBA - Pipeline ytelse,110,0.0,50.66,6.0,4,75.0
297,2.0,2.7,H25 - CBA - Seriell Adder,75,2.0,50.66,6.0,2,100.0
151,2.0,2.1,H25 - CBA - Cache-miss,115,2.0,61.45,14.0,2,100.0
151,2.0,2.1,H25 - CBA - Cache-miss,115,2.0,61.45,14.0,3,0.0
151,2.0,2.1,H25 - CBA - Cache-miss,115,2.0,61.45,14.0,4,0.0
151,2.0,2.1,H25 - CBA - Cache-miss,115,2.0,61.45,14.0,1,0.0
151,2.0,2.2,H25 - CBA - Adder,114,2.0,61.45,14.0,4,0.0
151,2.0,2.2,H25 - CBA - Adder,114,2.0,61.45,14.0,2,100.0
151,2.0,2.2,H25 - CBA - Adder,114,2.0,61.45,14.0,1,0.0
151,2.0,2.2,H25 - CBA - Adder,114,2.0,61.45,14.0,5,0.0
151,2.0,2.2,H25 - CBA - Adder,114,2.0,61.45,14.0,3,0.0
151,2.0,2.3,H25 - CBA - ALU,60,2.0,61.45,14.0,1,100.0
151,2.0,2.3,H25 - CBA - ALU,60,2.0,61.45,14.0,3,0.0
151,2.0,2.3,H25 - CBA - ALU,60,2.0,61.45,14.0,2,0.0
151,2.0,2.3,H25 - CBA - ALU,60,2.0,61.45,14.0,5,0.0
151,2.0,2.3,H25 - CBA - ALU,60,2.0,61.45,14.0,4,0.0
151,2.0,2.6,H25 - CBA - Pipeline ytelse,53,2.0,61.45,14.0,4,100.0
151,2.0,2.7,H25 - CBA - Seriell Adder,31,2.0,61.45,14.0,2,100.0
56,2.0,2.1,H25 - CBA - Cache-miss,44,2.0,83.5,14.0,2,100.0
56,2.0,2.1,H25 - CBA - Cache-miss,44,2.0,83.5,14.0,3,0.0
56,2.0,2.1,H25 - CBA - Cache-miss,44,2.0,83.5,14.0,1,0.0
56,2.0,2.1,H25 - CBA - Cache-miss,44,2.0,83.5,14.0,4,0.0
56,2.0,2.1,H25 - CBA - Cache-miss,44,2.0,83.5,14.0,5,0.0
56,2.0,2.2,H25 - CBA - Adder,68,2.0,83.5,14.0,2,100.0
56,2.0,2.2,H25 - CBA - Adder,68,2.0,83.5,14.0,3,0.0
56,2.0,2.2,H25 - CBA - Adder,68,2.0,83.5,14.0,4,0.0
56,2.0,2.2,H25 - CBA - Adder,68,2.0,83.5,14.0,5,0.0
56,2.0,2.2,H25 - CBA - Adder,68,2.0,83.5,14.0,1,0.0
56,2.0,2.3,H25 - CBA - ALU,84,2.0,83.5,14.0,1,75.0
56,2.0,2.3,H25 - CBA - ALU,84,2.0,83.5,14.0,2,25.0
56,2.0,2.3,H25 - CBA - ALU,84,2.0,83.5,14.0,3,0.0
56,2.0,2.3,H25 - CBA - ALU,84,2.0,83.5,14.0,5,0.0
56,2.0,2.3,H25 - CBA - ALU,84,2.0,83.5,14.0,4,0.0
56,2.0,2.4,H25 - CBA - PC,67,2.0,83.5,14.0,1,100.0
56,2.0,2.4,H25 - CBA - PC,67,2.0,83.5,14.0,5,0.0
56,2.0,2.4,H25 - CBA - PC,67,2.0,83.5,14.0,3,0.0
56,2.0,2.4,H25 - CBA - PC,67,2.0,83.5,14.0,2,0.0
56,2.0,2.4,H25 - CBA - PC,67,2.0,83.5,14.0,4,0.0
56,2.0,2.5,H25 - CBA - Universell porter,25,2.0,83.5,14.0,3,100.0
56,2.0,2.5,H25 - CBA - Universell porter,25,2.0,83.5,14.0,4,0.0
56,2.0,2.5,H25 - CBA - Universell porter,25,2.0,83.5,14.0,5,0.0
56,2.0,2.5,H25 - CBA - Universell porter,25,2.0,83.5,14.0,2,0.0
56,2.0,2.5,H25 - CBA - Universell porter,25,2.0,83.5,14.0,1,0.0
56,2.0,2.6,H25 - CBA - Pipeline ytelse,168,2.0,83.5,14.0,4,0.0
56,2.0,2.6,H25 - CBA - Pipeline ytelse,168,2.0,83.5,14.0,3,0.0
56,2.0,2.6,H25 - CBA - Pipeline ytelse,168,2.0,83.5,14.0,1,100.0
56,2.0,2.6,H25 - CBA - Pipeline ytelse,168,2.0,83.5,14.0,2,0.0
56,2.0,2.6,H25 - CBA - Pipeline ytelse,168,2.0,83.5,14.0,5,0.0
56,2.0,2.7,H25 - CBA - Seriell Adder,74,2.0,83.5,14.0,1,0.0
56,2.0,2.7,H25 - CBA - Seriell Adder,74,2.0,83.5,14.0,2,100.0
56,2.0,2.7,H25 - CBA - Seriell Adder,74,2.0,83.5,14.0,4,0.0
56,2.0,2.7,H25 - CBA - Seriell Adder,74,2.0,83.5,14.0,5,0.0
56,2.0,2.7,H25 - CBA - Seriell Adder,74,2.0,83.5,14.0,3,0.0
474,2.0,2.1,H25 - CBA - Cache-miss,69,2.0,85.17,14.0,3,0.0
474,2.0,2.1,H25 - CBA - Cache-miss,69,2.0,85.17,14.0,4,0.0
474,2.0,2.1,H25 - CBA - Cache-miss,69,2.0,85.17,14.0,1,0.0
474,2.0,2.1,H25 - CBA - Cache-miss,69,2.0,85.17,14.0,2,100.0
474,2.0,2.1,H25 - CBA - Cache-miss,69,2.0,85.17,14.0,5,0.0
474,2.0,2.2,H25 - CBA - Adder,71,2.0,85.17,14.0,2,100.0
474,2.0,2.2,H25 - CBA - Adder,71,2.0,85.17,14.0,1,0.0
474,2.0,2.2,H25 - CBA - Adder,71,2.0,85.17,14.0,3,0.0
474,2.0,2.2,H25 - CBA - Adder,71,2.0,85.17,14.0,4,0.0
474,2.0,2.2,H25 - CBA - Adder,71,2.0,85.17,14.0,5,0.0
474,2.0,2.3,H25 - CBA - ALU,64,2.0,85.17,14.0,1,100.0
474,2.0,2.3,H25 - CBA - ALU,64,2.0,85.17,14.0,2,0.0
474,2.0,2.3,H25 - CBA - ALU,64,2.0,85.17,14.0,4,0.0
474,2.0,2.3,H25 - CBA - ALU,64,2.0,85.17,14.0,5,0.0
474,2.0,2.3,H25 - CBA - ALU,64,2.0,85.17,14.0,3,0.0
474,2.0,2.4,H25 - CBA - PC,73,2.0,85.17,14.0,1,100.0
474,2.0,2.4,H25 - CBA - PC,73,2.0,85.17,14.0,2,0.0
474,2.0,2.4,H25 - CBA - PC,73,2.0,85.17,14.0,5,0.0
474,2.0,2.4,H25 - CBA - PC,73,2.0,85.17,14.0,3,0.0
474,2.0,2.4,H25 - CBA - PC,73,2.0,85.17,14.0,4,0.0
474,2.0,2.5,H25 - CBA - Universell porter,34,2.0,85.17,14.0,3,100.0
474,2.0,2.5,H25 - CBA - Universell porter,34,2.0,85.17,14.0,5,0.0
474,2.0,2.5,H25 - CBA - Universell porter,34,2.0,85.17,14.0,4,0.0
474,2.0,2.5,H25 - CBA - Universell porter,34,2.0,85.17,14.0,1,0.0
474,2.0,2.5,H25 - CBA - Universell porter,34,2.0,85.17,14.0,2,0.0
474,2.0,2.6,H25 - CBA - Pipeline ytelse,108,2.0,85.17,14.0,3,0.0
474,2.0,2.6,H25 - CBA - Pipeline ytelse,108,2.0,85.17,14.0,4,100.0
474,2.0,2.6,H25 - CBA - Pipeline ytelse,108,2.0,85.17,14.0,2,0.0
474,2.0,2.6,H25 - CBA - Pipeline ytelse,108,2.0,85.17,14.0,5,0.0
474,2.0,2.6,H25 - CBA - Pipeline ytelse,108,2.0,85.17,14.0,1,0.0
474,2.0,2.7,H25 - CBA - Seriell Adder,44,2.0,85.17,14.0,3,0.0
474,2.0,2.7,H25 - CBA - Seriell Adder,44,2.0,85.17,14.0,2,100.0
474,2.0,2.7,H25 - CBA - Seriell Adder,44,2.0,85.17,14.0,5,0.0
474,2.0,2.7,H25 - CBA - Seriell Adder,44,2.0,85.17,14.0,1,0.0
474,2.0,2.7,H25 - CBA - Seriell Adder,44,2.0,85.17,14.0,4,0.0
375,2.0,2.1,H25 - CBA - Cache-miss,70,2.0,92.0,14.0,2,100.0
375,2.0,2.1,H25 - CBA - Cache-miss,70,2.0,92.0,14.0,1,0.0
375,2.0,2.1,H25 - CBA - Cache-miss,70,2.0,92.0,14.0,4,0.0
375,2.0,2.1,H25 - CBA - Cache-miss,70,2.0,92.0,14.0,3,0.0
375,2.0,2.1,H25 - CBA - Cache-miss,70,2.0,92.0,14.0,5,0.0
375,2.0,2.2,H25 - CBA - Adder,104,2.0,92.0,14.0,2,100.0
375,2.0,2.2,H25 - CBA - Adder,104,2.0,92.0,14.0,4,0.0
375,2.0,2.2,H25 - CBA - Adder,104,2.0,92.0,14.0,3,0.0
375,2.0,2.2,H25 - CBA - Adder,104,2.0,92.0,14.0,5,0.0
375,2.0,2.2,H25 - CBA - Adder,104,2.0,92.0,14.0,1,0.0
375,2.0,2.3,H25 - CBA - ALU,224,2.0,92.0,14.0,1,0.0
375,2.0,2.3,H25 - CBA - ALU,224,2.0,92.0,14.0,2,100.0
375,2.0,2.3,H25 - CBA - ALU,224,2.0,92.0,14.0,5,0.0
375,2.0,2.3,H25 - CBA - ALU,224,2.0,92.0,14.0,4,0.0
375,2.0,2.3,H25 - CBA - ALU,224,2.0,92.0,14.0,3,0.0
375,2.0,2.4,H25 - CBA - PC,117,2.0,92.0,14.0,1,100.0
375,2.0,2.4,H25 - CBA - PC,117,2.0,92.0,14.0,4,0.0
375,2.0,2.4,H25 - CBA - PC,117,2.0,92.0,14.0,2,0.0
375,2.0,2.4,H25 - CBA - PC,117,2.0,92.0,14.0,5,0.0
375,2.0,2.4,H25 - CBA - PC,117,2.0,92.0,14.0,3,0.0
375,2.0,2.5,H25 - CBA - Universell porter,20,2.0,92.0,14.0,4,0.0
375,2.0,2.5,H25 - CBA - Universell porter,20,2.0,92.0,14.0,2,0.0
375,2.0,2.5,H25 - CBA - Universell porter,20,2.0,92.0,14.0,1,0.0
375,2.0,2.5,H25 - CBA - Universell porter,20,2.0,92.0,14.0,5,0.0
375,2.0,2.5,H25 - CBA - Universell porter,20,2.0,92.0,14.0,3,100.0
375,2.0,2.6,H25 - CBA - Pipeline ytelse,216,2.0,92.0,14.0,4,100.0
375,2.0,2.6,H25 - CBA - Pipeline ytelse,216,2.0,92.0,14.0,5,0.0
375,2.0,2.6,H25 - CBA - Pipeline ytelse,216,2.0,92.0,14.0,1,0.0
375,2.0,2.6,H25 - CBA - Pipeline ytelse,216,2.0,92.0,14.0,3,0.0
375,2.0,2.6,H25 - CBA - Pipeline ytelse,216,2.0,92.0,14.0,2,0.0
375,2.0,2.7,H25 - CBA - Seriell Adder,81,2.0,92.0,14.0,2,100.0
375,2.0,2.7,H25 - CBA - Seriell Adder,81,2.0,92.0,14.0,4,0.0
375,2.0,2.7,H25 - CBA - Seriell Adder,81,2.0,92.0,14.0,1,0.0
375,2.0,2.7,H25 - CBA - Seriell Adder,81,2.0,92.0,14.0,5,0.0
375,2.0,2.7,H25 - CBA - Seriell Adder,81,2.0,92.0,14.0,3,0.0
37,2.0,2.1,H25 - CBA - Cache-miss,129,2.0,77.34,14.0,2,100.0
37,2.0,2.1,H25 - CBA - Cache-miss,129,2.0,77.34,14.0,3,0.0
37,2.0,2.1,H25 - CBA - Cache-miss,129,2.0,77.34,14.0,5,0.0
37,2.0,2.1,H25 - CBA - Cache-miss,129,2.0,77.34,14.0,1,0.0
37,2.0,2.1,H25 - CBA - Cache-miss,129,2.0,77.34,14.0,4,0.0
37,2.0,2.2,H25 - CBA - Adder,70,2.0,77.34,14.0,2,100.0
37,2.0,2.2,H25 - CBA - Adder,70,2.0,77.34,14.0,3,0.0
37,2.0,2.2,H25 - CBA - Adder,70,2.0,77.34,14.0,4,0.0
37,2.0,2.2,H25 - CBA - Adder,70,2.0,77.34,14.0,5,0.0
37,2.0,2.2,H25 - CBA - Adder,70,2.0,77.34,14.0,1,0.0
37,2.0,2.3,H25 - CBA - ALU,146,2.0,77.34,14.0,2,0.0
37,2.0,2.3,H25 - CBA - ALU,146,2.0,77.34,14.0,1,100.0
37,2.0,2.3,H25 - CBA - ALU,146,2.0,77.34,14.0,5,0.0
37,2.0,2.3,H25 - CBA - ALU,146,2.0,77.34,14.0,3,0.0
37,2.0,2.3,H25 - CBA - ALU,146,2.0,77.34,14.0,4,0.0
37,2.0,2.4,H25 - CBA - PC,84,2.0,77.34,14.0,1,100.0
37,2.0,2.4,H25 - CBA - PC,84,2.0,77.34,14.0,4,0.0
37,2.0,2.4,H25 - CBA - PC,84,2.0,77.34,14.0,5,0.0
37,2.0,2.4,H25 - CBA - PC,84,2.0,77.34,14.0,3,0.0
37,2.0,2.4,H25 - CBA - PC,84,2.0,77.34,14.0,2,0.0
37,2.0,2.5,H25 - CBA - Universell porter,124,2.0,77.34,14.0,3,100.0
37,2.0,2.5,H25 - CBA - Universell porter,124,2.0,77.34,14.0,2,0.0
37,2.0,2.5,H25 - CBA - Universell porter,124,2.0,77.34,14.0,1,0.0
37,2.0,2.5,H25 - CBA - Universell porter,124,2.0,77.34,14.0,5,0.0
37,2.0,2.5,H25 - CBA - Universell porter,124,2.0,77.34,14.0,4,0.0
37,2.0,2.6,H25 - CBA - Pipeline ytelse,124,2.0,77.34,14.0,4,100.0
37,2.0,2.6,H25 - CBA - Pipeline ytelse,124,2.0,77.34,14.0,2,0.0
37,2.0,2.6,H25 - CBA - Pipeline ytelse,124,2.0,77.34,14.0,1,0.0
37,2.0,2.6,H25 - CBA - Pipeline ytelse,124,2.0,77.34,14.0,5,0.0
37,2.0,2.6,H25 - CBA - Pipeline ytelse,124,2.0,77.34,14.0,3,0.0
37,2.0,2.7,H25 - CBA - Seriell Adder,107,2.0,77.34,14.0,2,100.0
37,2.0,2.7,H25 - CBA - Seriell Adder,107,2.0,77.34,14.0,4,0.0
37,2.0,2.7,H25 - CBA - Seriell Adder,107,2.0,77.34,14.0,1,0.0
37,2.0,2.7,H25 - CBA - Seriell Adder,107,2.0,77.34,14.0,3,0.0
37,2.0,2.7,H25 - CBA - Seriell Adder,107,2.0,77.34,14.0,5,0.0
53,2.0,2.1,H25 - CBA - Cache-miss,401,2.0,58.35,14.0,4,50.0
53,2.0,2.1,H25 - CBA - Cache-miss,401,2.0,58.35,14.0,3,0.0
53,2.0,2.1,H25 - CBA - Cache-miss,401,2.0,58.35,14.0,2,50.0
53,2.0,2.1,H25 - CBA - Cache-miss,401,2.0,58.35,14.0,5,0.0
53,2.0,2.1,H25 - CBA - Cache-miss,401,2.0,58.35,14.0,1,0.0
53,2.0,2.2,H25 - CBA - Adder,173,2.0,58.35,14.0,1,0.0
53,2.0,2.2,H25 - CBA - Adder,173,2.0,58.35,14.0,5,0.0
53,2.0,2.2,H25 - CBA - Adder,173,2.0,58.35,14.0,2,100.0
53,2.0,2.2,H25 - CBA - Adder,173,2.0,58.35,14.0,3,0.0
53,2.0,2.2,H25 - CBA - Adder,173,2.0,58.35,14.0,4,0.0
53,2.0,2.3,H25 - CBA - ALU,515,2.0,58.35,14.0,1,75.0
53,2.0,2.3,H25 - CBA - ALU,515,2.0,58.35,14.0,4,0.0
53,2.0,2.3,H25 - CBA - ALU,515,2.0,58.35,14.0,3,0.0
53,2.0,2.3,H25 - CBA - ALU,515,2.0,58.35,14.0,5,25.0
53,2.0,2.3,H25 - CBA - ALU,515,2.0,58.35,14.0,2,0.0
53,2.0,2.4,H25 - CBA - PC,534,2.0,58.35,14.0,3,0.0
53,2.0,2.4,H25 - CBA - PC,534,2.0,58.35,14.0,5,0.0
53,2.0,2.4,H25 - CBA - PC,534,2.0,58.35,14.0,4,0.0
53,2.0,2.4,H25 - CBA - PC,534,2.0,58.35,14.0,2,0.0
53,2.0,2.4,H25 - CBA - PC,534,2.0,58.35,14.0,1,100.0
53,2.0,2.5,H25 - CBA - Universell porter,78,2.0,58.35,14.0,3,100.0
53,2.0,2.5,H25 - CBA - Universell porter,78,2.0,58.35,14.0,5,0.0
53,2.0,2.5,H25 - CBA - Universell porter,78,2.0,58.35,14.0,2,0.0
53,2.0,2.5,H25 - CBA - Universell porter,78,2.0,58.35,14.0,1,0.0
53,2.0,2.5,H25 - CBA - Universell porter,78,2.0,58.35,14.0,4,0.0
53,2.0,2.6,H25 - CBA - Pipeline ytelse,215,2.0,58.35,14.0,3,0.0
53,2.0,2.6,H25 - CBA - Pipeline ytelse,215,2.0,58.35,14.0,5,0.0
53,2.0,2.6,H25 - CBA - Pipeline ytelse,215,2.0,58.35,14.0,4,100.0
53,2.0,2.6,H25 - CBA - Pipeline ytelse,215,2.0,58.35,14.0,1,0.0
53,2.0,2.6,H25 - CBA - Pipeline ytelse,215,2.0,58.35,14.0,2,0.0
53,2.0,2.7,H25 - CBA - Seriell Adder,201,2.0,58.35,14.0,3,50.0
53,2.0,2.7,H25 - CBA - Seriell Adder,201,2.0,58.35,14.0,1,0.0
53,2.0,2.7,H25 - CBA - Seriell Adder,201,2.0,58.35,14.0,5,0.0
53,2.0,2.7,H25 - CBA - Seriell Adder,201,2.0,58.35,14.0,2,50.0
53,2.0,2.7,H25 - CBA - Seriell Adder,201,2.0,58.35,14.0,4,0.0
20,2.0,2.1,H25 - CBA - Cache-miss,50,2.0,56.19,14.0,1,0.0
20,2.0,2.1,H25 - CBA - Cache-miss,50,2.0,56.19,14.0,2,100.0
20,2.0,2.1,H25 - CBA - Cache-miss,50,2.0,56.19,14.0,3,0.0
20,2.0,2.1,H25 - CBA - Cache-miss,50,2.0,56.19,14.0,4,0.0
20,2.0,2.1,H25 - CBA - Cache-miss,50,2.0,56.19,14.0,5,0.0
20,2.0,2.2,H25 - CBA - Adder,58,2.0,56.19,14.0,3,0.0
20,2.0,2.2,H25 - CBA - Adder,58,2.0,56.19,14.0,1,0.0
20,2.0,2.2,H25 - CBA - Adder,58,2.0,56.19,14.0,2,100.0
20,2.0,2.2,H25 - CBA - Adder,58,2.0,56.19,14.0,4,0.0
20,2.0,2.2,H25 - CBA - Adder,58,2.0,56.19,14.0,5,0.0
20,2.0,2.3,H25 - CBA - ALU,106,2.0,56.19,14.0,4,0.0
20,2.0,2.3,H25 - CBA - ALU,106,2.0,56.19,14.0,2,0.0
20,2.0,2.3,H25 - CBA - ALU,106,2.0,56.19,14.0,5,0.0
20,2.0,2.3,H25 - CBA - ALU,106,2.0,56.19,14.0,1,100.0
20,2.0,2.3,H25 - CBA - ALU,106,2.0,56.19,14.0,3,0.0
20,2.0,2.4,H25 - CBA - PC,25,2.0,56.19,14.0,3,100.0
20,2.0,2.4,H25 - CBA - PC,25,2.0,56.19,14.0,4,0.0
20,2.0,2.4,H25 - CBA - PC,25,2.0,56.19,14.0,5,0.0
20,2.0,2.4,H25 - CBA - PC,25,2.0,56.19,14.0,1,0.0
20,2.0,2.4,H25 - CBA - PC,25,2.0,56.19,14.0,2,0.0
20,2.0,2.5,H25 - CBA - Universell porter,17,2.0,56.19,14.0,5,0.0
20,2.0,2.5,H25 - CBA - Universell porter,17,2.0,56.19,14.0,3,100.0
20,2.0,2.5,H25 - CBA - Universell porter,17,2.0,56.19,14.0,1,0.0
20,2.0,2.5,H25 - CBA - Universell porter,17,2.0,56.19,14.0,4,0.0
20,2.0,2.5,H25 - CBA - Universell porter,17,2.0,56.19,14.0,2,0.0
20,2.0,2.6,H25 - CBA - Pipeline ytelse,62,2.0,56.19,14.0,5,100.0
20,2.0,2.6,H25 - CBA - Pipeline ytelse,62,2.0,56.19,14.0,3,0.0
20,2.0,2.6,H25 - CBA - Pipeline ytelse,62,2.0,56.19,14.0,1,0.0
20,2.0,2.6,H25 - CBA - Pipeline ytelse,62,2.0,56.19,14.0,4,0.0
20,2.0,2.6,H25 - CBA - Pipeline ytelse,62,2.0,56.19,14.0,2,0.0
20,2.0,2.7,H25 - CBA - Seriell Adder,60,2.0,56.19,14.0,2,100.0
20,2.0,2.7,H25 - CBA - Seriell Adder,60,2.0,56.19,14.0,3,0.0
20,2.0,2.7,H25 - CBA - Seriell Adder,60,2.0,56.19,14.0,4,0.0
20,2.0,2.7,H25 - CBA - Seriell Adder,60,2.0,56.19,14.0,1,0.0
20,2.0,2.7,H25 - CBA - Seriell Adder,60,2.0,56.19,14.0,5,0.0
338,2.0,2.1,H25 - CBA - Cache-miss,69,2.0,65.74,14.0,1,0.0
338,2.0,2.1,H25 - CBA - Cache-miss,69,2.0,65.74,14.0,2,100.0
338,2.0,2.1,H25 - CBA - Cache-miss,69,2.0,65.74,14.0,5,0.0
338,2.0,2.1,H25 - CBA - Cache-miss,69,2.0,65.74,14.0,4,0.0
338,2.0,2.1,H25 - CBA - Cache-miss,69,2.0,65.74,14.0,3,0.0
338,2.0,2.2,H25 - CBA - Adder,31,2.0,65.74,14.0,2,100.0
338,2.0,2.2,H25 - CBA - Adder,31,2.0,65.74,14.0,5,0.0
338,2.0,2.2,H25 - CBA - Adder,31,2.0,65.74,14.0,4,0.0
338,2.0,2.2,H25 - CBA - Adder,31,2.0,65.74,14.0,3,0.0
338,2.0,2.2,H25 - CBA - Adder,31,2.0,65.74,14.0,1,0.0
338,2.0,2.3,H25 - CBA - ALU,27,2.0,65.74,14.0,1,100.0
338,2.0,2.3,H25 - CBA - ALU,27,2.0,65.74,14.0,3,0.0
338,2.0,2.3,H25 - CBA - ALU,27,2.0,65.74,14.0,2,0.0
338,2.0,2.3,H25 - CBA - ALU,27,2.0,65.74,14.0,4,0.0
338,2.0,2.3,H25 - CBA - ALU,27,2.0,65.74,14.0,5,0.0
338,2.0,2.4,H25 - CBA - PC,139,2.0,65.74,14.0,1,100.0
338,2.0,2.5,H25 - CBA - Universell porter,23,2.0,65.74,14.0,3,100.0
338,2.0,2.5,H25 - CBA - Universell porter,23,2.0,65.74,14.0,4,0.0
338,2.0,2.5,H25 - CBA - Universell porter,23,2.0,65.74,14.0,5,0.0
338,2.0,2.5,H25 - CBA - Universell porter,23,2.0,65.74,14.0,1,0.0
338,2.0,2.5,H25 - CBA - Universell porter,23,2.0,65.74,14.0,2,0.0
338,2.0,2.6,H25 - CBA - Pipeline ytelse,109,2.0,65.74,14.0,1,75.0
338,2.0,2.6,H25 - CBA - Pipeline ytelse,109,2.0,65.74,14.0,3,0.0
338,2.0,2.6,H25 - CBA - Pipeline ytelse,109,2.0,65.74,14.0,4,0.0
338,2.0,2.6,H25 - CBA - Pipeline ytelse,109,2.0,65.74,14.0,5,0.0
338,2.0,2.6,H25 - CBA - Pipeline ytelse,109,2.0,65.74,14.0,2,25.0
338,2.0,2.7,H25 - CBA - Seriell Adder,68,2.0,65.74,14.0,2,75.0
338,2.0,2.7,H25 - CBA - Seriell Adder,68,2.0,65.74,14.0,1,25.0
338,2.0,2.7,H25 - CBA - Seriell Adder,68,2.0,65.74,14.0,5,0.0
338,2.0,2.7,H25 - CBA - Seriell Adder,68,2.0,65.74,14.0,4,0.0
338,2.0,2.7,H25 - CBA - Seriell Adder,68,2.0,65.74,14.0,3,0.0
224,2.0,2.1,H25 - CBA - Cache-miss,105,0.0,75.0,4.0,2,50.0
224,2.0,2.1,H25 - CBA - Cache-miss,105,0.0,75.0,4.0,5,50.0
224,2.0,2.2,H25 - CBA - Adder,92,0.0,75.0,4.0,3,75.0
224,2.0,2.2,H25 - CBA - Adder,92,0.0,75.0,4.0,2,25.0
224,2.0,2.3,H25 - CBA - ALU,111,0.0,75.0,4.0,1,50.0
224,2.0,2.3,H25 - CBA - ALU,111,0.0,75.0,4.0,2,50.0
224,2.0,2.4,H25 - CBA - PC,191,2.0,75.0,4.0,2,0.0
224,2.0,2.4,H25 - CBA - PC,191,2.0,75.0,4.0,1,100.0
224,2.0,2.5,H25 - CBA - Universell porter,51,2.0,75.0,4.0,3,100.0
224,2.0,2.6,H25 - CBA - Pipeline ytelse,247,0.0,75.0,4.0,4,75.0
224,2.0,2.6,H25 - CBA - Pipeline ytelse,247,0.0,75.0,4.0,1,25.0
224,2.0,2.7,H25 - CBA - Seriell Adder,216,0.0,75.0,4.0,2,75.0
224,2.0,2.7,H25 - CBA - Seriell Adder,216,0.0,75.0,4.0,4,25.0
44,2.0,2.1,H25 - CBA - Cache-miss,78,2.0,46.32,14.0,5,100.0
44,2.0,2.1,H25 - CBA - Cache-miss,78,2.0,46.32,14.0,1,0.0
44,2.0,2.1,H25 - CBA - Cache-miss,78,2.0,46.32,14.0,2,0.0
44,2.0,2.1,H25 - CBA - Cache-miss,78,2.0,46.32,14.0,4,0.0
44,2.0,2.1,H25 - CBA - Cache-miss,78,2.0,46.32,14.0,3,0.0
44,2.0,2.2,H25 - CBA - Adder,35,2.0,46.32,14.0,2,100.0
44,2.0,2.2,H25 - CBA - Adder,35,2.0,46.32,14.0,4,0.0
44,2.0,2.2,H25 - CBA - Adder,35,2.0,46.32,14.0,3,0.0
44,2.0,2.2,H25 - CBA - Adder,35,2.0,46.32,14.0,5,0.0
44,2.0,2.2,H25 - CBA - Adder,35,2.0,46.32,14.0,1,0.0
44,2.0,2.3,H25 - CBA - ALU,133,2.0,46.32,14.0,1,25.0
44,2.0,2.3,H25 - CBA - ALU,133,2.0,46.32,14.0,2,50.0
44,2.0,2.3,H25 - CBA - ALU,133,2.0,46.32,14.0,3,0.0
44,2.0,2.3,H25 - CBA - ALU,133,2.0,46.32,14.0,5,25.0
44,2.0,2.3,H25 - CBA - ALU,133,2.0,46.32,14.0,4,0.0
44,2.0,2.4,H25 - CBA - PC,57,2.0,46.32,14.0,3,75.0
44,2.0,2.4,H25 - CBA - PC,57,2.0,46.32,14.0,4,25.0
44,2.0,2.4,H25 - CBA - PC,57,2.0,46.32,14.0,2,0.0
44,2.0,2.4,H25 - CBA - PC,57,2.0,46.32,14.0,5,0.0
44,2.0,2.4,H25 - CBA - PC,57,2.0,46.32,14.0,1,0.0
44,2.0,2.5,H25 - CBA - Universell porter,45,2.0,46.32,14.0,3,100.0
44,2.0,2.5,H25 - CBA - Universell porter,45,2.0,46.32,14.0,2,0.0
44,2.0,2.5,H25 - CBA - Universell porter,45,2.0,46.32,14.0,1,0.0
44,2.0,2.5,H25 - CBA - Universell porter,45,2.0,46.32,14.0,4,0.0
44,2.0,2.5,H25 - CBA - Universell porter,45,2.0,46.32,14.0,5,0.0
44,2.0,2.6,H25 - CBA - Pipeline ytelse,153,2.0,46.32,14.0,4,0.0
44,2.0,2.6,H25 - CBA - Pipeline ytelse,153,2.0,46.32,14.0,2,0.0
44,2.0,2.6,H25 - CBA - Pipeline ytelse,153,2.0,46.32,14.0,5,0.0
44,2.0,2.6,H25 - CBA - Pipeline ytelse,153,2.0,46.32,14.0,3,50.0
44,2.0,2.6,H25 - CBA - Pipeline ytelse,153,2.0,46.32,14.0,1,50.0
44,2.0,2.7,H25 - CBA - Seriell Adder,59,2.0,46.32,14.0,3,100.0
44,2.0,2.7,H25 - CBA - Seriell Adder,59,2.0,46.32,14.0,2,0.0
44,2.0,2.7,H25 - CBA - Seriell Adder,59,2.0,46.32,14.0,1,0.0
44,2.0,2.7,H25 - CBA - Seriell Adder,59,2.0,46.32,14.0,5,0.0
44,2.0,2.7,H25 - CBA - Seriell Adder,59,2.0,46.32,14.0,4,0.0
325,2.0,2.1,H25 - CBA - Cache-miss,29,2.0,87.68,14.0,5,0.0
325,2.0,2.1,H25 - CBA - Cache-miss,29,2.0,87.68,14.0,4,0.0
325,2.0,2.1,H25 - CBA - Cache-miss,29,2.0,87.68,14.0,2,100.0
325,2.0,2.1,H25 - CBA - Cache-miss,29,2.0,87.68,14.0,3,0.0
325,2.0,2.1,H25 - CBA - Cache-miss,29,2.0,87.68,14.0,1,0.0
325,2.0,2.2,H25 - CBA - Adder,106,2.0,87.68,14.0,2,100.0
325,2.0,2.2,H25 - CBA - Adder,106,2.0,87.68,14.0,1,0.0
325,2.0,2.2,H25 - CBA - Adder,106,2.0,87.68,14.0,5,0.0
325,2.0,2.2,H25 - CBA - Adder,106,2.0,87.68,14.0,4,0.0
325,2.0,2.2,H25 - CBA - Adder,106,2.0,87.68,14.0,3,0.0
325,2.0,2.3,H25 - CBA - ALU,50,2.0,87.68,14.0,1,100.0
325,2.0,2.3,H25 - CBA - ALU,50,2.0,87.68,14.0,2,0.0
325,2.0,2.3,H25 - CBA - ALU,50,2.0,87.68,14.0,4,0.0
325,2.0,2.3,H25 - CBA - ALU,50,2.0,87.68,14.0,5,0.0
325,2.0,2.3,H25 - CBA - ALU,50,2.0,87.68,14.0,3,0.0
325,2.0,2.4,H25 - CBA - PC,50,2.0,87.68,14.0,1,100.0
325,2.0,2.4,H25 - CBA - PC,50,2.0,87.68,14.0,2,0.0
325,2.0,2.4,H25 - CBA - PC,50,2.0,87.68,14.0,3,0.0
325,2.0,2.4,H25 - CBA - PC,50,2.0,87.68,14.0,4,0.0
325,2.0,2.4,H25 - CBA - PC,50,2.0,87.68,14.0,5,0.0
325,2.0,2.5,H25 - CBA - Universell porter,23,2.0,87.68,14.0,3,100.0
325,2.0,2.5,H25 - CBA - Universell porter,23,2.0,87.68,14.0,1,0.0
325,2.0,2.5,H25 - CBA - Universell porter,23,2.0,87.68,14.0,2,0.0
325,2.0,2.5,H25 - CBA - Universell porter,23,2.0,87.68,14.0,4,0.0
325,2.0,2.5,H25 - CBA - Universell porter,23,2.0,87.68,14.0,5,0.0
325,2.0,2.6,H25 - CBA - Pipeline ytelse,32,2.0,87.68,14.0,4,100.0
325,2.0,2.6,H25 - CBA - Pipeline ytelse,32,2.0,87.68,14.0,5,0.0
325,2.0,2.6,H25 - CBA - Pipeline ytelse,32,2.0,87.68,14.0,2,0.0
325,2.0,2.6,H25 - CBA - Pipeline ytelse,32,2.0,87.68,14.0,3,0.0
325,2.0,2.6,H25 - CBA - Pipeline ytelse,32,2.0,87.68,14.0,1,0.0
325,2.0,2.7,H25 - CBA - Seriell Adder,95,2.0,87.68,14.0,1,0.0
325,2.0,2.7,H25 - CBA - Seriell Adder,95,2.0,87.68,14.0,5,0.0
325,2.0,2.7,H25 - CBA - Seriell Adder,95,2.0,87.68,14.0,4,0.0
325,2.0,2.7,H25 - CBA - Seriell Adder,95,2.0,87.68,14.0,3,0.0
325,2.0,2.7,H25 - CBA - Seriell Adder,95,2.0,87.68,14.0,2,100.0
19,2.0,2.1,H25 - CBA - Cache-miss,101,2.0,88.5,14.0,2,100.0
19,2.0,2.1,H25 - CBA - Cache-miss,101,2.0,88.5,14.0,1,0.0
19,2.0,2.1,H25 - CBA - Cache-miss,101,2.0,88.5,14.0,4,0.0
19,2.0,2.1,H25 - CBA - Cache-miss,101,2.0,88.5,14.0,3,0.0
19,2.0,2.1,H25 - CBA - Cache-miss,101,2.0,88.5,14.0,5,0.0
19,2.0,2.2,H25 - CBA - Adder,147,2.0,88.5,14.0,2,100.0
19,2.0,2.2,H25 - CBA - Adder,147,2.0,88.5,14.0,1,0.0
19,2.0,2.2,H25 - CBA - Adder,147,2.0,88.5,14.0,5,0.0
19,2.0,2.2,H25 - CBA - Adder,147,2.0,88.5,14.0,4,0.0
19,2.0,2.2,H25 - CBA - Adder,147,2.0,88.5,14.0,3,0.0
19,2.0,2.3,H25 - CBA - ALU,107,2.0,88.5,14.0,2,0.0
19,2.0,2.3,H25 - CBA - ALU,107,2.0,88.5,14.0,1,100.0
19,2.0,2.3,H25 - CBA - ALU,107,2.0,88.5,14.0,3,0.0
19,2.0,2.3,H25 - CBA - ALU,107,2.0,88.5,14.0,5,0.0
19,2.0,2.3,H25 - CBA - ALU,107,2.0,88.5,14.0,4,0.0
19,2.0,2.4,H25 - CBA - PC,55,2.0,88.5,14.0,1,100.0
19,2.0,2.4,H25 - CBA - PC,55,2.0,88.5,14.0,2,0.0
19,2.0,2.4,H25 - CBA - PC,55,2.0,88.5,14.0,3,0.0
19,2.0,2.4,H25 - CBA - PC,55,2.0,88.5,14.0,4,0.0
19,2.0,2.4,H25 - CBA - PC,55,2.0,88.5,14.0,5,0.0
19,2.0,2.5,H25 - CBA - Universell porter,96,2.0,88.5,14.0,3,100.0
19,2.0,2.5,H25 - CBA - Universell porter,96,2.0,88.5,14.0,2,0.0
19,2.0,2.5,H25 - CBA - Universell porter,96,2.0,88.5,14.0,5,0.0
19,2.0,2.5,H25 - CBA - Universell porter,96,2.0,88.5,14.0,4,0.0
19,2.0,2.5,H25 - CBA - Universell porter,96,2.0,88.5,14.0,1,0.0
19,2.0,2.6,H25 - CBA - Pipeline ytelse,105,2.0,88.5,14.0,4,100.0
19,2.0,2.6,H25 - CBA - Pipeline ytelse,105,2.0,88.5,14.0,2,0.0
19,2.0,2.6,H25 - CBA - Pipeline ytelse,105,2.0,88.5,14.0,5,0.0
19,2.0,2.6,H25 - CBA - Pipeline ytelse,105,2.0,88.5,14.0,3,0.0
19,2.0,2.6,H25 - CBA - Pipeline ytelse,105,2.0,88.5,14.0,1,0.0
19,2.0,2.7,H25 - CBA - Seriell Adder,85,2.0,88.5,14.0,2,100.0
19,2.0,2.7,H25 - CBA - Seriell Adder,85,2.0,88.5,14.0,3,0.0
19,2.0,2.7,H25 - CBA - Seriell Adder,85,2.0,88.5,14.0,5,0.0
19,2.0,2.7,H25 - CBA - Seriell Adder,85,2.0,88.5,14.0,1,0.0
19,2.0,2.7,H25 - CBA - Seriell Adder,85,2.0,88.5,14.0,4,0.0
176,2.0,2.1,H25 - CBA - Cache-miss,513,2.0,74.19,14.0,5,75.0
176,2.0,2.1,H25 - CBA - Cache-miss,513,2.0,74.19,14.0,1,0.0
176,2.0,2.1,H25 - CBA - Cache-miss,513,2.0,74.19,14.0,2,0.0
176,2.0,2.1,H25 - CBA - Cache-miss,513,2.0,74.19,14.0,3,0.0
176,2.0,2.1,H25 - CBA - Cache-miss,513,2.0,74.19,14.0,4,25.0
176,2.0,2.2,H25 - CBA - Adder,85,2.0,74.19,14.0,2,100.0
176,2.0,2.2,H25 - CBA - Adder,85,2.0,74.19,14.0,3,0.0
176,2.0,2.2,H25 - CBA - Adder,85,2.0,74.19,14.0,4,0.0
176,2.0,2.2,H25 - CBA - Adder,85,2.0,74.19,14.0,1,0.0
176,2.0,2.2,H25 - CBA - Adder,85,2.0,74.19,14.0,5,0.0
176,2.0,2.3,H25 - CBA - ALU,244,2.0,74.19,14.0,4,0.0
176,2.0,2.3,H25 - CBA - ALU,244,2.0,74.19,14.0,3,0.0
176,2.0,2.3,H25 - CBA - ALU,244,2.0,74.19,14.0,1,75.0
176,2.0,2.3,H25 - CBA - ALU,244,2.0,74.19,14.0,2,25.0
176,2.0,2.3,H25 - CBA - ALU,244,2.0,74.19,14.0,5,0.0
176,2.0,2.4,H25 - CBA - PC,80,2.0,74.19,14.0,1,75.0
176,2.0,2.4,H25 - CBA - PC,80,2.0,74.19,14.0,2,25.0
176,2.0,2.4,H25 - CBA - PC,80,2.0,74.19,14.0,5,0.0
176,2.0,2.4,H25 - CBA - PC,80,2.0,74.19,14.0,4,0.0
176,2.0,2.4,H25 - CBA - PC,80,2.0,74.19,14.0,3,0.0
176,2.0,2.5,H25 - CBA - Universell porter,80,2.0,74.19,14.0,3,100.0
176,2.0,2.5,H25 - CBA - Universell porter,80,2.0,74.19,14.0,5,0.0
176,2.0,2.5,H25 - CBA - Universell porter,80,2.0,74.19,14.0,1,0.0
176,2.0,2.5,H25 - CBA - Universell porter,80,2.0,74.19,14.0,4,0.0
176,2.0,2.5,H25 - CBA - Universell porter,80,2.0,74.19,14.0,2,0.0
176,2.0,2.6,H25 - CBA - Pipeline ytelse,92,2.0,74.19,14.0,4,75.0
176,2.0,2.6,H25 - CBA - Pipeline ytelse,92,2.0,74.19,14.0,3,25.0
176,2.0,2.6,H25 - CBA - Pipeline ytelse,92,2.0,74.19,14.0,5,0.0
176,2.0,2.6,H25 - CBA - Pipeline ytelse,92,2.0,74.19,14.0,2,0.0
176,2.0,2.6,H25 - CBA - Pipeline ytelse,92,2.0,74.19,14.0,1,0.0
176,2.0,2.7,H25 - CBA - Seriell Adder,99,2.0,74.19,14.0,2,75.0
176,2.0,2.7,H25 - CBA - Seriell Adder,99,2.0,74.19,14.0,3,25.0
176,2.0,2.7,H25 - CBA - Seriell Adder,99,2.0,74.19,14.0,5,0.0
176,2.0,2.7,H25 - CBA - Seriell Adder,99,2.0,74.19,14.0,1,0.0
176,2.0,2.7,H25 - CBA - Seriell Adder,99,2.0,74.19,14.0,4,0.0
212,2.0,2.1,H25 - CBA - Cache-miss,89,2.0,43.15,14.0,4,0.0
212,2.0,2.1,H25 - CBA - Cache-miss,89,2.0,43.15,14.0,5,0.0
212,2.0,2.1,H25 - CBA - Cache-miss,89,2.0,43.15,14.0,1,0.0
212,2.0,2.1,H25 - CBA - Cache-miss,89,2.0,43.15,14.0,2,100.0
212,2.0,2.1,H25 - CBA - Cache-miss,89,2.0,43.15,14.0,3,0.0
212,2.0,2.2,H25 - CBA - Adder,13,2.0,43.15,14.0,2,100.0
212,2.0,2.2,H25 - CBA - Adder,13,2.0,43.15,14.0,1,0.0
212,2.0,2.2,H25 - CBA - Adder,13,2.0,43.15,14.0,3,0.0
212,2.0,2.2,H25 - CBA - Adder,13,2.0,43.15,14.0,5,0.0
212,2.0,2.2,H25 - CBA - Adder,13,2.0,43.15,14.0,4,0.0
212,2.0,2.3,H25 - CBA - ALU,95,2.0,43.15,14.0,5,75.0
212,2.0,2.3,H25 - CBA - ALU,95,2.0,43.15,14.0,3,25.0
212,2.0,2.3,H25 - CBA - ALU,95,2.0,43.15,14.0,1,0.0
212,2.0,2.3,H25 - CBA - ALU,95,2.0,43.15,14.0,4,0.0
212,2.0,2.3,H25 - CBA - ALU,95,2.0,43.15,14.0,2,0.0
212,2.0,2.4,H25 - CBA - PC,16,2.0,43.15,14.0,3,100.0
212,2.0,2.4,H25 - CBA - PC,16,2.0,43.15,14.0,2,0.0
212,2.0,2.4,H25 - CBA - PC,16,2.0,43.15,14.0,5,0.0
212,2.0,2.4,H25 - CBA - PC,16,2.0,43.15,14.0,4,0.0
212,2.0,2.4,H25 - CBA - PC,16,2.0,43.15,14.0,1,0.0
212,2.0,2.5,H25 - CBA - Universell porter,36,2.0,43.15,14.0,4,25.0
212,2.0,2.5,H25 - CBA - Universell porter,36,2.0,43.15,14.0,5,0.0
212,2.0,2.5,H25 - CBA - Universell porter,36,2.0,43.15,14.0,2,0.0
212,2.0,2.5,H25 - CBA - Universell porter,36,2.0,43.15,14.0,3,75.0
212,2.0,2.5,H25 - CBA - Universell porter,36,2.0,43.15,14.0,1,0.0
212,2.0,2.6,H25 - CBA - Pipeline ytelse,54,2.0,43.15,14.0,5,0.0
212,2.0,2.6,H25 - CBA - Pipeline ytelse,54,2.0,43.15,14.0,1,50.0
212,2.0,2.6,H25 - CBA - Pipeline ytelse,54,2.0,43.15,14.0,3,50.0
212,2.0,2.6,H25 - CBA - Pipeline ytelse,54,2.0,43.15,14.0,4,0.0
212,2.0,2.6,H25 - CBA - Pipeline ytelse,54,2.0,43.15,14.0,2,0.0
212,2.0,2.7,H25 - CBA - Seriell Adder,114,2.0,43.15,14.0,1,0.0
212,2.0,2.7,H25 - CBA - Seriell Adder,114,2.0,43.15,14.0,4,0.0
212,2.0,2.7,H25 - CBA - Seriell Adder,114,2.0,43.15,14.0,3,0.0
212,2.0,2.7,H25 - CBA - Seriell Adder,114,2.0,43.15,14.0,2,50.0
212,2.0,2.7,H25 - CBA - Seriell Adder,114,2.0,43.15,14.0,5,50.0
295,2.0,2.1,H25 - CBA - Cache-miss,84,2.0,81.52,14.0,1,0.0
295,2.0,2.1,H25 - CBA - Cache-miss,84,2.0,81.52,14.0,5,0.0
295,2.0,2.1,H25 - CBA - Cache-miss,84,2.0,81.52,14.0,3,0.0
295,2.0,2.1,H25 - CBA - Cache-miss,84,2.0,81.52,14.0,2,100.0
295,2.0,2.1,H25 - CBA - Cache-miss,84,2.0,81.52,14.0,4,0.0
295,2.0,2.2,H25 - CBA - Adder,65,2.0,81.52,14.0,4,0.0
295,2.0,2.2,H25 - CBA - Adder,65,2.0,81.52,14.0,2,100.0
295,2.0,2.2,H25 - CBA - Adder,65,2.0,81.52,14.0,1,0.0
295,2.0,2.2,H25 - CBA - Adder,65,2.0,81.52,14.0,5,0.0
295,2.0,2.2,H25 - CBA - Adder,65,2.0,81.52,14.0,3,0.0
295,2.0,2.3,H25 - CBA - ALU,40,2.0,81.52,14.0,1,100.0
295,2.0,2.3,H25 - CBA - ALU,40,2.0,81.52,14.0,3,0.0
295,2.0,2.3,H25 - CBA - ALU,40,2.0,81.52,14.0,2,0.0
295,2.0,2.3,H25 - CBA - ALU,40,2.0,81.52,14.0,4,0.0
295,2.0,2.3,H25 - CBA - ALU,40,2.0,81.52,14.0,5,0.0
295,2.0,2.4,H25 - CBA - PC,116,2.0,81.52,14.0,3,0.0
295,2.0,2.4,H25 - CBA - PC,116,2.0,81.52,14.0,1,100.0
295,2.0,2.4,H25 - CBA - PC,116,2.0,81.52,14.0,5,0.0
295,2.0,2.4,H25 - CBA - PC,116,2.0,81.52,14.0,2,0.0
295,2.0,2.4,H25 - CBA - PC,116,2.0,81.52,14.0,4,0.0
295,2.0,2.5,H25 - CBA - Universell porter,68,2.0,81.52,14.0,3,100.0
295,2.0,2.5,H25 - CBA - Universell porter,68,2.0,81.52,14.0,5,0.0
295,2.0,2.5,H25 - CBA - Universell porter,68,2.0,81.52,14.0,4,0.0
295,2.0,2.5,H25 - CBA - Universell porter,68,2.0,81.52,14.0,2,0.0
295,2.0,2.5,H25 - CBA - Universell porter,68,2.0,81.52,14.0,1,0.0
295,2.0,2.6,H25 - CBA - Pipeline ytelse,28,2.0,81.52,14.0,4,100.0
295,2.0,2.6,H25 - CBA - Pipeline ytelse,28,2.0,81.52,14.0,1,0.0
295,2.0,2.6,H25 - CBA - Pipeline ytelse,28,2.0,81.52,14.0,5,0.0
295,2.0,2.6,H25 - CBA - Pipeline ytelse,28,2.0,81.52,14.0,3,0.0
295,2.0,2.6,H25 - CBA - Pipeline ytelse,28,2.0,81.52,14.0,2,0.0
295,2.0,2.7,H25 - CBA - Seriell Adder,127,2.0,81.52,14.0,2,100.0
295,2.0,2.7,H25 - CBA - Seriell Adder,127,2.0,81.52,14.0,4,0.0
295,2.0,2.7,H25 - CBA - Seriell Adder,127,2.0,81.52,14.0,3,0.0
295,2.0,2.7,H25 - CBA - Seriell Adder,127,2.0,81.52,14.0,1,0.0
295,2.0,2.7,H25 - CBA - Seriell Adder,127,2.0,81.52,14.0,5,0.0
522,2.0,2.1,H25 - CBA - Cache-miss,49,2.0,40.45,14.0,2,0.0
522,2.0,2.1,H25 - CBA - Cache-miss,49,2.0,40.45,14.0,1,0.0
522,2.0,2.1,H25 - CBA - Cache-miss,49,2.0,40.45,14.0,5,0.0
522,2.0,2.1,H25 - CBA - Cache-miss,49,2.0,40.45,14.0,3,100.0
522,2.0,2.1,H25 - CBA - Cache-miss,49,2.0,40.45,14.0,4,0.0
522,2.0,2.2,H25 - CBA - Adder,14,2.0,40.45,14.0,5,100.0
522,2.0,2.2,H25 - CBA - Adder,14,2.0,40.45,14.0,1,0.0
522,2.0,2.2,H25 - CBA - Adder,14,2.0,40.45,14.0,2,0.0
522,2.0,2.2,H25 - CBA - Adder,14,2.0,40.45,14.0,4,0.0
522,2.0,2.2,H25 - CBA - Adder,14,2.0,40.45,14.0,3,0.0
522,2.0,2.3,H25 - CBA - ALU,48,2.0,40.45,14.0,5,100.0
522,2.0,2.3,H25 - CBA - ALU,48,2.0,40.45,14.0,4,0.0
522,2.0,2.3,H25 - CBA - ALU,48,2.0,40.45,14.0,2,0.0
522,2.0,2.3,H25 - CBA - ALU,48,2.0,40.45,14.0,3,0.0
522,2.0,2.3,H25 - CBA - ALU,48,2.0,40.45,14.0,1,0.0
522,2.0,2.4,H25 - CBA - PC,18,2.0,40.45,14.0,3,100.0
522,2.0,2.4,H25 - CBA - PC,18,2.0,40.45,14.0,2,0.0
522,2.0,2.4,H25 - CBA - PC,18,2.0,40.45,14.0,4,0.0
522,2.0,2.4,H25 - CBA - PC,18,2.0,40.45,14.0,5,0.0
522,2.0,2.4,H25 - CBA - PC,18,2.0,40.45,14.0,1,0.0
522,2.0,2.5,H25 - CBA - Universell porter,42,2.0,40.45,14.0,5,100.0
522,2.0,2.5,H25 - CBA - Universell porter,42,2.0,40.45,14.0,1,0.0
522,2.0,2.5,H25 - CBA - Universell porter,42,2.0,40.45,14.0,2,0.0
522,2.0,2.5,H25 - CBA - Universell porter,42,2.0,40.45,14.0,3,0.0
522,2.0,2.5,H25 - CBA - Universell porter,42,2.0,40.45,14.0,4,0.0
514,2.0,2.3,H25 - CBA - ALU,55,2.0,63.02,12.0,1,100.0
514,2.0,2.3,H25 - CBA - ALU,55,2.0,63.02,12.0,5,0.0
514,2.0,2.3,H25 - CBA - ALU,55,2.0,63.02,12.0,2,0.0
514,2.0,2.3,H25 - CBA - ALU,55,2.0,63.02,12.0,4,0.0
514,2.0,2.3,H25 - CBA - ALU,55,2.0,63.02,12.0,3,0.0
139,2.0,2.1,H25 - CBA - Cache-miss,87,2.0,70.49,14.0,4,0.0
139,2.0,2.1,H25 - CBA - Cache-miss,87,2.0,70.49,14.0,2,100.0
139,2.0,2.1,H25 - CBA - Cache-miss,87,2.0,70.49,14.0,3,0.0
139,2.0,2.1,H25 - CBA - Cache-miss,87,2.0,70.49,14.0,1,0.0
139,2.0,2.1,H25 - CBA - Cache-miss,87,2.0,70.49,14.0,5,0.0
139,2.0,2.4,H25 - CBA - PC,38,2.0,70.49,14.0,2,100.0
139,2.0,2.4,H25 - CBA - PC,38,2.0,70.49,14.0,1,0.0
139,2.0,2.4,H25 - CBA - PC,38,2.0,70.49,14.0,4,0.0
139,2.0,2.4,H25 - CBA - PC,38,2.0,70.49,14.0,5,0.0
139,2.0,2.4,H25 - CBA - PC,38,2.0,70.49,14.0,3,0.0
139,2.0,2.6,H25 - CBA - Pipeline ytelse,77,2.0,70.49,14.0,3,0.0
139,2.0,2.6,H25 - CBA - Pipeline ytelse,77,2.0,70.49,14.0,2,0.0
139,2.0,2.6,H25 - CBA - Pipeline ytelse,77,2.0,70.49,14.0,1,0.0
139,2.0,2.6,H25 - CBA - Pipeline ytelse,77,2.0,70.49,14.0,4,100.0
139,2.0,2.6,H25 - CBA - Pipeline ytelse,77,2.0,70.49,14.0,5,0.0
99,2.0,2.1,H25 - CBA - Cache-miss,92,2.0,40.32,12.0,5,50.0
99,2.0,2.1,H25 - CBA - Cache-miss,92,2.0,40.32,12.0,4,0.0
99,2.0,2.1,H25 - CBA - Cache-miss,92,2.0,40.32,12.0,1,0.0
99,2.0,2.1,H25 - CBA - Cache-miss,92,2.0,40.32,12.0,3,25.0
99,2.0,2.1,H25 - CBA - Cache-miss,92,2.0,40.32,12.0,2,25.0
99,2.0,2.2,H25 - CBA - Adder,89,2.0,40.32,12.0,3,75.0
99,2.0,2.2,H25 - CBA - Adder,89,2.0,40.32,12.0,1,0.0
99,2.0,2.2,H25 - CBA - Adder,89,2.0,40.32,12.0,2,0.0
99,2.0,2.2,H25 - CBA - Adder,89,2.0,40.32,12.0,4,25.0
99,2.0,2.2,H25 - CBA - Adder,89,2.0,40.32,12.0,5,0.0
99,2.0,2.4,H25 - CBA - PC,110,2.0,40.32,12.0,5,0.0
99,2.0,2.4,H25 - CBA - PC,110,2.0,40.32,12.0,3,0.0
99,2.0,2.4,H25 - CBA - PC,110,2.0,40.32,12.0,4,0.0
99,2.0,2.4,H25 - CBA - PC,110,2.0,40.32,12.0,2,75.0
99,2.0,2.4,H25 - CBA - PC,110,2.0,40.32,12.0,1,25.0
99,2.0,2.5,H25 - CBA - Universell porter,216,2.0,40.32,12.0,2,0.0
99,2.0,2.5,H25 - CBA - Universell porter,216,2.0,40.32,12.0,1,0.0
99,2.0,2.5,H25 - CBA - Universell porter,216,2.0,40.32,12.0,3,0.0
99,2.0,2.5,H25 - CBA - Universell porter,216,2.0,40.32,12.0,5,75.0
99,2.0,2.5,H25 - CBA - Universell porter,216,2.0,40.32,12.0,4,25.0
99,2.0,2.6,H25 - CBA - Pipeline ytelse,155,2.0,40.32,12.0,2,0.0
99,2.0,2.6,H25 - CBA - Pipeline ytelse,155,2.0,40.32,12.0,4,25.0
99,2.0,2.6,H25 - CBA - Pipeline ytelse,155,2.0,40.32,12.0,5,25.0
99,2.0,2.6,H25 - CBA - Pipeline ytelse,155,2.0,40.32,12.0,1,0.0
99,2.0,2.6,H25 - CBA - Pipeline ytelse,155,2.0,40.32,12.0,3,50.0
99,2.0,2.7,H25 - CBA - Seriell Adder,106,2.0,40.32,12.0,2,100.0
99,2.0,2.7,H25 - CBA - Seriell Adder,106,2.0,40.32,12.0,3,0.0
99,2.0,2.7,H25 - CBA - Seriell Adder,106,2.0,40.32,12.0,4,0.0
99,2.0,2.7,H25 - CBA - Seriell Adder,106,2.0,40.32,12.0,1,0.0
99,2.0,2.7,H25 - CBA - Seriell Adder,106,2.0,40.32,12.0,5,0.0
35,2.0,2.1,H25 - CBA - Cache-miss,44,2.0,83.98,14.0,4,0.0
35,2.0,2.1,H25 - CBA - Cache-miss,44,2.0,83.98,14.0,2,100.0
35,2.0,2.1,H25 - CBA - Cache-miss,44,2.0,83.98,14.0,5,0.0
35,2.0,2.1,H25 - CBA - Cache-miss,44,2.0,83.98,14.0,3,0.0
35,2.0,2.1,H25 - CBA - Cache-miss,44,2.0,83.98,14.0,1,0.0
35,2.0,2.2,H25 - CBA - Adder,41,2.0,83.98,14.0,2,100.0
35,2.0,2.2,H25 - CBA - Adder,41,2.0,83.98,14.0,5,0.0
35,2.0,2.2,H25 - CBA - Adder,41,2.0,83.98,14.0,1,0.0
35,2.0,2.2,H25 - CBA - Adder,41,2.0,83.98,14.0,3,0.0
35,2.0,2.2,H25 - CBA - Adder,41,2.0,83.98,14.0,4,0.0
35,2.0,2.3,H25 - CBA - ALU,344,2.0,83.98,14.0,3,50.0
35,2.0,2.3,H25 - CBA - ALU,344,2.0,83.98,14.0,4,50.0
35,2.0,2.3,H25 - CBA - ALU,344,2.0,83.98,14.0,1,0.0
35,2.0,2.3,H25 - CBA - ALU,344,2.0,83.98,14.0,5,0.0
35,2.0,2.3,H25 - CBA - ALU,344,2.0,83.98,14.0,2,0.0
35,2.0,2.4,H25 - CBA - PC,172,2.0,83.98,14.0,1,0.0
35,2.0,2.4,H25 - CBA - PC,172,2.0,83.98,14.0,4,0.0
35,2.0,2.4,H25 - CBA - PC,172,2.0,83.98,14.0,5,0.0
35,2.0,2.4,H25 - CBA - PC,172,2.0,83.98,14.0,3,100.0
35,2.0,2.4,H25 - CBA - PC,172,2.0,83.98,14.0,2,0.0
35,2.0,2.5,H25 - CBA - Universell porter,27,2.0,83.98,14.0,3,100.0
35,2.0,2.5,H25 - CBA - Universell porter,27,2.0,83.98,14.0,2,0.0
35,2.0,2.5,H25 - CBA - Universell porter,27,2.0,83.98,14.0,4,0.0
35,2.0,2.5,H25 - CBA - Universell porter,27,2.0,83.98,14.0,5,0.0
35,2.0,2.5,H25 - CBA - Universell porter,27,2.0,83.98,14.0,1,0.0
35,2.0,2.6,H25 - CBA - Pipeline ytelse,61,2.0,83.98,14.0,4,100.0
35,2.0,2.6,H25 - CBA - Pipeline ytelse,61,2.0,83.98,14.0,5,0.0
35,2.0,2.6,H25 - CBA - Pipeline ytelse,61,2.0,83.98,14.0,1,0.0
35,2.0,2.6,H25 - CBA - Pipeline ytelse,61,2.0,83.98,14.0,2,0.0
35,2.0,2.6,H25 - CBA - Pipeline ytelse,61,2.0,83.98,14.0,3,0.0
35,2.0,2.7,H25 - CBA - Seriell Adder,71,2.0,83.98,14.0,2,100.0
35,2.0,2.7,H25 - CBA - Seriell Adder,71,2.0,83.98,14.0,3,0.0
35,2.0,2.7,H25 - CBA - Seriell Adder,71,2.0,83.98,14.0,5,0.0
35,2.0,2.7,H25 - CBA - Seriell Adder,71,2.0,83.98,14.0,1,0.0
35,2.0,2.7,H25 - CBA - Seriell Adder,71,2.0,83.98,14.0,4,0.0
319,2.0,2.1,H25 - CBA - Cache-miss,170,2.0,69.3,14.0,2,75.0
319,2.0,2.1,H25 - CBA - Cache-miss,170,2.0,69.3,14.0,3,25.0
319,2.0,2.1,H25 - CBA - Cache-miss,170,2.0,69.3,14.0,1,0.0
319,2.0,2.1,H25 - CBA - Cache-miss,170,2.0,69.3,14.0,4,0.0
319,2.0,2.1,H25 - CBA - Cache-miss,170,2.0,69.3,14.0,5,0.0
319,2.0,2.2,H25 - CBA - Adder,128,2.0,69.3,14.0,1,25.0
319,2.0,2.2,H25 - CBA - Adder,128,2.0,69.3,14.0,2,25.0
319,2.0,2.2,H25 - CBA - Adder,128,2.0,69.3,14.0,5,25.0
319,2.0,2.2,H25 - CBA - Adder,128,2.0,69.3,14.0,3,25.0
319,2.0,2.2,H25 - CBA - Adder,128,2.0,69.3,14.0,4,0.0
319,2.0,2.3,H25 - CBA - ALU,243,2.0,69.3,14.0,5,0.0
319,2.0,2.3,H25 - CBA - ALU,243,2.0,69.3,14.0,2,25.0
319,2.0,2.3,H25 - CBA - ALU,243,2.0,69.3,14.0,3,0.0
319,2.0,2.3,H25 - CBA - ALU,243,2.0,69.3,14.0,1,75.0
319,2.0,2.3,H25 - CBA - ALU,243,2.0,69.3,14.0,4,0.0
319,2.0,2.4,H25 - CBA - PC,194,2.0,69.3,14.0,3,0.0
319,2.0,2.4,H25 - CBA - PC,194,2.0,69.3,14.0,2,0.0
319,2.0,2.4,H25 - CBA - PC,194,2.0,69.3,14.0,5,0.0
319,2.0,2.4,H25 - CBA - PC,194,2.0,69.3,14.0,1,100.0
319,2.0,2.4,H25 - CBA - PC,194,2.0,69.3,14.0,4,0.0
319,2.0,2.5,H25 - CBA - Universell porter,64,2.0,69.3,14.0,3,100.0
319,2.0,2.5,H25 - CBA - Universell porter,64,2.0,69.3,14.0,5,0.0
319,2.0,2.5,H25 - CBA - Universell porter,64,2.0,69.3,14.0,1,0.0
319,2.0,2.5,H25 - CBA - Universell porter,64,2.0,69.3,14.0,2,0.0
319,2.0,2.5,H25 - CBA - Universell porter,64,2.0,69.3,14.0,4,0.0
319,2.0,2.6,H25 - CBA - Pipeline ytelse,162,2.0,69.3,14.0,4,100.0
319,2.0,2.6,H25 - CBA - Pipeline ytelse,162,2.0,69.3,14.0,1,0.0
319,2.0,2.6,H25 - CBA - Pipeline ytelse,162,2.0,69.3,14.0,3,0.0
319,2.0,2.6,H25 - CBA - Pipeline ytelse,162,2.0,69.3,14.0,2,0.0
319,2.0,2.6,H25 - CBA - Pipeline ytelse,162,2.0,69.3,14.0,5,0.0
319,2.0,2.7,H25 - CBA - Seriell Adder,192,2.0,69.3,14.0,1,0.0
319,2.0,2.7,H25 - CBA - Seriell Adder,192,2.0,69.3,14.0,5,0.0
319,2.0,2.7,H25 - CBA - Seriell Adder,192,2.0,69.3,14.0,4,0.0
319,2.0,2.7,H25 - CBA - Seriell Adder,192,2.0,69.3,14.0,2,25.0
319,2.0,2.7,H25 - CBA - Seriell Adder,192,2.0,69.3,14.0,3,75.0
394,2.0,2.1,H25 - CBA - Cache-miss,95,2.0,78.98,14.0,4,0.0
394,2.0,2.1,H25 - CBA - Cache-miss,95,2.0,78.98,14.0,2,100.0
394,2.0,2.1,H25 - CBA - Cache-miss,95,2.0,78.98,14.0,1,0.0
394,2.0,2.1,H25 - CBA - Cache-miss,95,2.0,78.98,14.0,3,0.0
394,2.0,2.1,H25 - CBA - Cache-miss,95,2.0,78.98,14.0,5,0.0
394,2.0,2.2,H25 - CBA - Adder,30,2.0,78.98,14.0,1,0.0
394,2.0,2.2,H25 - CBA - Adder,30,2.0,78.98,14.0,2,100.0
394,2.0,2.2,H25 - CBA - Adder,30,2.0,78.98,14.0,3,0.0
394,2.0,2.2,H25 - CBA - Adder,30,2.0,78.98,14.0,4,0.0
394,2.0,2.2,H25 - CBA - Adder,30,2.0,78.98,14.0,5,0.0
394,2.0,2.3,H25 - CBA - ALU,93,2.0,78.98,14.0,4,0.0
394,2.0,2.3,H25 - CBA - ALU,93,2.0,78.98,14.0,3,0.0
394,2.0,2.3,H25 - CBA - ALU,93,2.0,78.98,14.0,5,0.0
394,2.0,2.3,H25 - CBA - ALU,93,2.0,78.98,14.0,2,0.0
394,2.0,2.3,H25 - CBA - ALU,93,2.0,78.98,14.0,1,100.0
394,2.0,2.4,H25 - CBA - PC,33,2.0,78.98,14.0,2,0.0
394,2.0,2.4,H25 - CBA - PC,33,2.0,78.98,14.0,4,0.0
394,2.0,2.4,H25 - CBA - PC,33,2.0,78.98,14.0,3,0.0
394,2.0,2.4,H25 - CBA - PC,33,2.0,78.98,14.0,5,0.0
394,2.0,2.4,H25 - CBA - PC,33,2.0,78.98,14.0,1,100.0
394,2.0,2.5,H25 - CBA - Universell porter,16,2.0,78.98,14.0,1,0.0
394,2.0,2.5,H25 - CBA - Universell porter,16,2.0,78.98,14.0,2,0.0
394,2.0,2.5,H25 - CBA - Universell porter,16,2.0,78.98,14.0,3,100.0
394,2.0,2.5,H25 - CBA - Universell porter,16,2.0,78.98,14.0,4,0.0
394,2.0,2.5,H25 - CBA - Universell porter,16,2.0,78.98,14.0,5,0.0
394,2.0,2.6,H25 - CBA - Pipeline ytelse,56,2.0,78.98,14.0,4,100.0
394,2.0,2.6,H25 - CBA - Pipeline ytelse,56,2.0,78.98,14.0,5,0.0
394,2.0,2.6,H25 - CBA - Pipeline ytelse,56,2.0,78.98,14.0,3,0.0
394,2.0,2.6,H25 - CBA - Pipeline ytelse,56,2.0,78.98,14.0,1,0.0
394,2.0,2.6,H25 - CBA - Pipeline ytelse,56,2.0,78.98,14.0,2,0.0
394,2.0,2.7,H25 - CBA - Seriell Adder,102,2.0,78.98,14.0,5,0.0
394,2.0,2.7,H25 - CBA - Seriell Adder,102,2.0,78.98,14.0,2,50.0
394,2.0,2.7,H25 - CBA - Seriell Adder,102,2.0,78.98,14.0,1,50.0
394,2.0,2.7,H25 - CBA - Seriell Adder,102,2.0,78.98,14.0,3,0.0
394,2.0,2.7,H25 - CBA - Seriell Adder,102,2.0,78.98,14.0,4,0.0
264,2.0,2.1,H25 - CBA - Cache-miss,233,2.0,72.02,12.0,2,100.0
264,2.0,2.1,H25 - CBA - Cache-miss,233,2.0,72.02,12.0,5,0.0
264,2.0,2.1,H25 - CBA - Cache-miss,233,2.0,72.02,12.0,3,0.0
264,2.0,2.1,H25 - CBA - Cache-miss,233,2.0,72.02,12.0,1,0.0
264,2.0,2.1,H25 - CBA - Cache-miss,233,2.0,72.02,12.0,4,0.0
264,2.0,2.2,H25 - CBA - Adder,531,2.0,72.02,12.0,2,100.0
264,2.0,2.2,H25 - CBA - Adder,531,2.0,72.02,12.0,5,0.0
264,2.0,2.2,H25 - CBA - Adder,531,2.0,72.02,12.0,4,0.0
264,2.0,2.2,H25 - CBA - Adder,531,2.0,72.02,12.0,1,0.0
264,2.0,2.2,H25 - CBA - Adder,531,2.0,72.02,12.0,3,0.0
264,2.0,2.3,H25 - CBA - ALU,347,2.0,72.02,12.0,2,75.0
264,2.0,2.3,H25 - CBA - ALU,347,2.0,72.02,12.0,1,25.0
264,2.0,2.3,H25 - CBA - ALU,347,2.0,72.02,12.0,5,0.0
264,2.0,2.3,H25 - CBA - ALU,347,2.0,72.02,12.0,4,0.0
264,2.0,2.3,H25 - CBA - ALU,347,2.0,72.02,12.0,3,0.0
264,2.0,2.4,H25 - CBA - PC,135,2.0,72.02,12.0,3,0.0
264,2.0,2.4,H25 - CBA - PC,135,2.0,72.02,12.0,1,100.0
264,2.0,2.4,H25 - CBA - PC,135,2.0,72.02,12.0,4,0.0
264,2.0,2.4,H25 - CBA - PC,135,2.0,72.02,12.0,5,0.0
264,2.0,2.4,H25 - CBA - PC,135,2.0,72.02,12.0,2,0.0
264,2.0,2.5,H25 - CBA - Universell porter,106,2.0,72.02,12.0,3,100.0
264,2.0,2.5,H25 - CBA - Universell porter,106,2.0,72.02,12.0,2,0.0
264,2.0,2.5,H25 - CBA - Universell porter,106,2.0,72.02,12.0,1,0.0
264,2.0,2.5,H25 - CBA - Universell porter,106,2.0,72.02,12.0,4,0.0
264,2.0,2.5,H25 - CBA - Universell porter,106,2.0,72.02,12.0,5,0.0
264,2.0,2.6,H25 - CBA - Pipeline ytelse,346,0.0,72.02,12.0,4,50.0
264,2.0,2.6,H25 - CBA - Pipeline ytelse,346,0.0,72.02,12.0,2,50.0
264,2.0,2.7,H25 - CBA - Seriell Adder,256,2.0,72.02,12.0,1,50.0
264,2.0,2.7,H25 - CBA - Seriell Adder,256,2.0,72.02,12.0,2,0.0
264,2.0,2.7,H25 - CBA - Seriell Adder,256,2.0,72.02,12.0,5,50.0
264,2.0,2.7,H25 - CBA - Seriell Adder,256,2.0,72.02,12.0,4,0.0
264,2.0,2.7,H25 - CBA - Seriell Adder,256,2.0,72.02,12.0,3,0.0
158,2.0,2.1,H25 - CBA - Cache-miss,85,2.0,75.65,14.0,4,0.0
158,2.0,2.1,H25 - CBA - Cache-miss,85,2.0,75.65,14.0,1,0.0
158,2.0,2.1,H25 - CBA - Cache-miss,85,2.0,75.65,14.0,3,0.0
158,2.0,2.1,H25 - CBA - Cache-miss,85,2.0,75.65,14.0,2,100.0
158,2.0,2.1,H25 - CBA - Cache-miss,85,2.0,75.65,14.0,5,0.0
158,2.0,2.2,H25 - CBA - Adder,13,2.0,75.65,14.0,1,0.0
158,2.0,2.2,H25 - CBA - Adder,13,2.0,75.65,14.0,3,0.0
158,2.0,2.2,H25 - CBA - Adder,13,2.0,75.65,14.0,5,0.0
158,2.0,2.2,H25 - CBA - Adder,13,2.0,75.65,14.0,4,0.0
158,2.0,2.2,H25 - CBA - Adder,13,2.0,75.65,14.0,2,100.0
158,2.0,2.3,H25 - CBA - ALU,74,2.0,75.65,14.0,5,0.0
158,2.0,2.3,H25 - CBA - ALU,74,2.0,75.65,14.0,3,0.0
158,2.0,2.3,H25 - CBA - ALU,74,2.0,75.65,14.0,2,0.0
158,2.0,2.3,H25 - CBA - ALU,74,2.0,75.65,14.0,1,100.0
158,2.0,2.3,H25 - CBA - ALU,74,2.0,75.65,14.0,4,0.0
158,2.0,2.4,H25 - CBA - PC,68,2.0,75.65,14.0,4,0.0
158,2.0,2.4,H25 - CBA - PC,68,2.0,75.65,14.0,2,0.0
158,2.0,2.4,H25 - CBA - PC,68,2.0,75.65,14.0,5,0.0
158,2.0,2.4,H25 - CBA - PC,68,2.0,75.65,14.0,3,0.0
158,2.0,2.4,H25 - CBA - PC,68,2.0,75.65,14.0,1,100.0
158,2.0,2.5,H25 - CBA - Universell porter,35,2.0,75.65,14.0,4,0.0
158,2.0,2.5,H25 - CBA - Universell porter,35,2.0,75.65,14.0,2,0.0
158,2.0,2.5,H25 - CBA - Universell porter,35,2.0,75.65,14.0,1,0.0
158,2.0,2.5,H25 - CBA - Universell porter,35,2.0,75.65,14.0,3,100.0
158,2.0,2.5,H25 - CBA - Universell porter,35,2.0,75.65,14.0,5,0.0
158,2.0,2.6,H25 - CBA - Pipeline ytelse,52,2.0,75.65,14.0,2,0.0
158,2.0,2.6,H25 - CBA - Pipeline ytelse,52,2.0,75.65,14.0,5,0.0
158,2.0,2.6,H25 - CBA - Pipeline ytelse,52,2.0,75.65,14.0,3,0.0
158,2.0,2.6,H25 - CBA - Pipeline ytelse,52,2.0,75.65,14.0,4,0.0
158,2.0,2.6,H25 - CBA - Pipeline ytelse,52,2.0,75.65,14.0,1,100.0
158,2.0,2.7,H25 - CBA - Seriell Adder,25,2.0,75.65,14.0,1,0.0
158,2.0,2.7,H25 - CBA - Seriell Adder,25,2.0,75.65,14.0,5,0.0
158,2.0,2.7,H25 - CBA - Seriell Adder,25,2.0,75.65,14.0,3,0.0
158,2.0,2.7,H25 - CBA - Seriell Adder,25,2.0,75.65,14.0,2,100.0
158,2.0,2.7,H25 - CBA - Seriell Adder,25,2.0,75.65,14.0,4,0.0
80,2.0,2.1,H25 - CBA - Cache-miss,47,2.0,72.95,14.0,1,0.0
80,2.0,2.1,H25 - CBA - Cache-miss,47,2.0,72.95,14.0,3,0.0
80,2.0,2.1,H25 - CBA - Cache-miss,47,2.0,72.95,14.0,2,100.0
80,2.0,2.1,H25 - CBA - Cache-miss,47,2.0,72.95,14.0,5,0.0
80,2.0,2.1,H25 - CBA - Cache-miss,47,2.0,72.95,14.0,4,0.0
80,2.0,2.2,H25 - CBA - Adder,81,2.0,72.95,14.0,2,100.0
80,2.0,2.2,H25 - CBA - Adder,81,2.0,72.95,14.0,1,0.0
80,2.0,2.2,H25 - CBA - Adder,81,2.0,72.95,14.0,4,0.0
80,2.0,2.2,H25 - CBA - Adder,81,2.0,72.95,14.0,3,0.0
80,2.0,2.2,H25 - CBA - Adder,81,2.0,72.95,14.0,5,0.0
80,2.0,2.3,H25 - CBA - ALU,91,2.0,72.95,14.0,4,0.0
80,2.0,2.3,H25 - CBA - ALU,91,2.0,72.95,14.0,5,0.0
80,2.0,2.3,H25 - CBA - ALU,91,2.0,72.95,14.0,3,0.0
80,2.0,2.3,H25 - CBA - ALU,91,2.0,72.95,14.0,1,100.0
80,2.0,2.3,H25 - CBA - ALU,91,2.0,72.95,14.0,2,0.0
80,2.0,2.4,H25 - CBA - PC,115,2.0,72.95,14.0,5,0.0
80,2.0,2.4,H25 - CBA - PC,115,2.0,72.95,14.0,3,0.0
80,2.0,2.4,H25 - CBA - PC,115,2.0,72.95,14.0,2,100.0
80,2.0,2.4,H25 - CBA - PC,115,2.0,72.95,14.0,4,0.0
80,2.0,2.4,H25 - CBA - PC,115,2.0,72.95,14.0,1,0.0
80,2.0,2.5,H25 - CBA - Universell porter,89,2.0,72.95,14.0,4,0.0
80,2.0,2.5,H25 - CBA - Universell porter,89,2.0,72.95,14.0,2,0.0
80,2.0,2.5,H25 - CBA - Universell porter,89,2.0,72.95,14.0,1,0.0
80,2.0,2.5,H25 - CBA - Universell porter,89,2.0,72.95,14.0,5,0.0
80,2.0,2.5,H25 - CBA - Universell porter,89,2.0,72.95,14.0,3,100.0
80,2.0,2.6,H25 - CBA - Pipeline ytelse,48,2.0,72.95,14.0,4,100.0
80,2.0,2.6,H25 - CBA - Pipeline ytelse,48,2.0,72.95,14.0,1,0.0
80,2.0,2.6,H25 - CBA - Pipeline ytelse,48,2.0,72.95,14.0,2,0.0
80,2.0,2.6,H25 - CBA - Pipeline ytelse,48,2.0,72.95,14.0,3,0.0
80,2.0,2.6,H25 - CBA - Pipeline ytelse,48,2.0,72.95,14.0,5,0.0
80,2.0,2.7,H25 - CBA - Seriell Adder,164,2.0,72.95,14.0,3,0.0
80,2.0,2.7,H25 - CBA - Seriell Adder,164,2.0,72.95,14.0,1,0.0
80,2.0,2.7,H25 - CBA - Seriell Adder,164,2.0,72.95,14.0,4,25.0
80,2.0,2.7,H25 - CBA - Seriell Adder,164,2.0,72.95,14.0,2,50.0
80,2.0,2.7,H25 - CBA - Seriell Adder,164,2.0,72.95,14.0,5,25.0
421,2.0,2.1,H25 - CBA - Cache-miss,230,2.0,75.82,14.0,3,0.0
421,2.0,2.1,H25 - CBA - Cache-miss,230,2.0,75.82,14.0,1,0.0
421,2.0,2.1,H25 - CBA - Cache-miss,230,2.0,75.82,14.0,2,75.0
421,2.0,2.1,H25 - CBA - Cache-miss,230,2.0,75.82,14.0,4,0.0
421,2.0,2.1,H25 - CBA - Cache-miss,230,2.0,75.82,14.0,5,25.0
421,2.0,2.2,H25 - CBA - Adder,61,2.0,75.82,14.0,2,100.0
421,2.0,2.2,H25 - CBA - Adder,61,2.0,75.82,14.0,3,0.0
421,2.0,2.2,H25 - CBA - Adder,61,2.0,75.82,14.0,1,0.0
421,2.0,2.2,H25 - CBA - Adder,61,2.0,75.82,14.0,4,0.0
421,2.0,2.2,H25 - CBA - Adder,61,2.0,75.82,14.0,5,0.0
421,2.0,2.3,H25 - CBA - ALU,133,2.0,75.82,14.0,4,0.0
421,2.0,2.3,H25 - CBA - ALU,133,2.0,75.82,14.0,2,0.0
421,2.0,2.3,H25 - CBA - ALU,133,2.0,75.82,14.0,3,75.0
421,2.0,2.3,H25 - CBA - ALU,133,2.0,75.82,14.0,1,25.0
421,2.0,2.3,H25 - CBA - ALU,133,2.0,75.82,14.0,5,0.0
421,2.0,2.4,H25 - CBA - PC,160,2.0,75.82,14.0,5,0.0
421,2.0,2.4,H25 - CBA - PC,160,2.0,75.82,14.0,4,0.0
421,2.0,2.4,H25 - CBA - PC,160,2.0,75.82,14.0,2,25.0
421,2.0,2.4,H25 - CBA - PC,160,2.0,75.82,14.0,3,25.0
421,2.0,2.4,H25 - CBA - PC,160,2.0,75.82,14.0,1,50.0
421,2.0,2.5,H25 - CBA - Universell porter,57,2.0,75.82,14.0,3,100.0
421,2.0,2.5,H25 - CBA - Universell porter,57,2.0,75.82,14.0,4,0.0
421,2.0,2.5,H25 - CBA - Universell porter,57,2.0,75.82,14.0,2,0.0
421,2.0,2.5,H25 - CBA - Universell porter,57,2.0,75.82,14.0,1,0.0
421,2.0,2.5,H25 - CBA - Universell porter,57,2.0,75.82,14.0,5,0.0
421,2.0,2.6,H25 - CBA - Pipeline ytelse,143,2.0,75.82,14.0,2,0.0
421,2.0,2.6,H25 - CBA - Pipeline ytelse,143,2.0,75.82,14.0,5,0.0
421,2.0,2.6,H25 - CBA - Pipeline ytelse,143,2.0,75.82,14.0,4,50.0
421,2.0,2.6,H25 - CBA - Pipeline ytelse,143,2.0,75.82,14.0,1,25.0
421,2.0,2.6,H25 - CBA - Pipeline ytelse,143,2.0,75.82,14.0,3,25.0
421,2.0,2.7,H25 - CBA - Seriell Adder,98,2.0,75.82,14.0,2,50.0
421,2.0,2.7,H25 - CBA - Seriell Adder,98,2.0,75.82,14.0,4,50.0
421,2.0,2.7,H25 - CBA - Seriell Adder,98,2.0,75.82,14.0,1,0.0
421,2.0,2.7,H25 - CBA - Seriell Adder,98,2.0,75.82,14.0,3,0.0
421,2.0,2.7,H25 - CBA - Seriell Adder,98,2.0,75.82,14.0,5,0.0
265,2.0,2.1,H25 - CBA - Cache-miss,406,2.0,68.48,12.0,2,100.0
265,2.0,2.1,H25 - CBA - Cache-miss,406,2.0,68.48,12.0,5,0.0
265,2.0,2.1,H25 - CBA - Cache-miss,406,2.0,68.48,12.0,1,0.0
265,2.0,2.1,H25 - CBA - Cache-miss,406,2.0,68.48,12.0,4,0.0
265,2.0,2.1,H25 - CBA - Cache-miss,406,2.0,68.48,12.0,3,0.0
265,2.0,2.2,H25 - CBA - Adder,113,2.0,68.48,12.0,2,100.0
265,2.0,2.2,H25 - CBA - Adder,113,2.0,68.48,12.0,1,0.0
265,2.0,2.2,H25 - CBA - Adder,113,2.0,68.48,12.0,4,0.0
265,2.0,2.2,H25 - CBA - Adder,113,2.0,68.48,12.0,3,0.0
265,2.0,2.2,H25 - CBA - Adder,113,2.0,68.48,12.0,5,0.0
265,2.0,2.3,H25 - CBA - ALU,239,2.0,68.48,12.0,1,100.0
265,2.0,2.3,H25 - CBA - ALU,239,2.0,68.48,12.0,2,0.0
265,2.0,2.3,H25 - CBA - ALU,239,2.0,68.48,12.0,3,0.0
265,2.0,2.3,H25 - CBA - ALU,239,2.0,68.48,12.0,5,0.0
265,2.0,2.3,H25 - CBA - ALU,239,2.0,68.48,12.0,4,0.0
265,2.0,2.4,H25 - CBA - PC,163,2.0,68.48,12.0,2,0.0
265,2.0,2.4,H25 - CBA - PC,163,2.0,68.48,12.0,1,100.0
265,2.0,2.4,H25 - CBA - PC,163,2.0,68.48,12.0,5,0.0
265,2.0,2.4,H25 - CBA - PC,163,2.0,68.48,12.0,3,0.0
265,2.0,2.4,H25 - CBA - PC,163,2.0,68.48,12.0,4,0.0
265,2.0,2.5,H25 - CBA - Universell porter,72,2.0,68.48,12.0,3,100.0
265,2.0,2.5,H25 - CBA - Universell porter,72,2.0,68.48,12.0,2,0.0
265,2.0,2.5,H25 - CBA - Universell porter,72,2.0,68.48,12.0,5,0.0
265,2.0,2.5,H25 - CBA - Universell porter,72,2.0,68.48,12.0,4,0.0
265,2.0,2.5,H25 - CBA - Universell porter,72,2.0,68.48,12.0,1,0.0
265,2.0,2.6,H25 - CBA - Pipeline ytelse,92,2.0,68.48,12.0,4,100.0
265,2.0,2.6,H25 - CBA - Pipeline ytelse,92,2.0,68.48,12.0,3,0.0
265,2.0,2.6,H25 - CBA - Pipeline ytelse,92,2.0,68.48,12.0,1,0.0
265,2.0,2.6,H25 - CBA - Pipeline ytelse,92,2.0,68.48,12.0,2,0.0
265,2.0,2.6,H25 - CBA - Pipeline ytelse,92,2.0,68.48,12.0,5,0.0
14,2.0,2.1,H25 - CBA - Cache-miss,98,2.0,68.69,14.0,3,0.0
14,2.0,2.1,H25 - CBA - Cache-miss,98,2.0,68.69,14.0,1,0.0
14,2.0,2.1,H25 - CBA - Cache-miss,98,2.0,68.69,14.0,5,0.0
14,2.0,2.1,H25 - CBA - Cache-miss,98,2.0,68.69,14.0,4,0.0
14,2.0,2.1,H25 - CBA - Cache-miss,98,2.0,68.69,14.0,2,100.0
14,2.0,2.2,H25 - CBA - Adder,132,2.0,68.69,14.0,2,100.0
14,2.0,2.2,H25 - CBA - Adder,132,2.0,68.69,14.0,5,0.0
14,2.0,2.2,H25 - CBA - Adder,132,2.0,68.69,14.0,3,0.0
14,2.0,2.2,H25 - CBA - Adder,132,2.0,68.69,14.0,1,0.0
14,2.0,2.2,H25 - CBA - Adder,132,2.0,68.69,14.0,4,0.0
14,2.0,2.3,H25 - CBA - ALU,150,2.0,68.69,14.0,4,0.0
14,2.0,2.3,H25 - CBA - ALU,150,2.0,68.69,14.0,3,0.0
14,2.0,2.3,H25 - CBA - ALU,150,2.0,68.69,14.0,2,50.0
14,2.0,2.3,H25 - CBA - ALU,150,2.0,68.69,14.0,1,50.0
14,2.0,2.3,H25 - CBA - ALU,150,2.0,68.69,14.0,5,0.0
14,2.0,2.4,H25 - CBA - PC,88,2.0,68.69,14.0,1,100.0
14,2.0,2.4,H25 - CBA - PC,88,2.0,68.69,14.0,5,0.0
14,2.0,2.4,H25 - CBA - PC,88,2.0,68.69,14.0,3,0.0
14,2.0,2.4,H25 - CBA - PC,88,2.0,68.69,14.0,4,0.0
14,2.0,2.4,H25 - CBA - PC,88,2.0,68.69,14.0,2,0.0
14,2.0,2.5,H25 - CBA - Universell porter,292,2.0,68.69,14.0,5,0.0
14,2.0,2.5,H25 - CBA - Universell porter,292,2.0,68.69,14.0,4,0.0
14,2.0,2.5,H25 - CBA - Universell porter,292,2.0,68.69,14.0,2,0.0
14,2.0,2.5,H25 - CBA - Universell porter,292,2.0,68.69,14.0,1,25.0
14,2.0,2.5,H25 - CBA - Universell porter,292,2.0,68.69,14.0,3,75.0
14,2.0,2.6,H25 - CBA - Pipeline ytelse,319,2.0,68.69,14.0,1,75.0
14,2.0,2.6,H25 - CBA - Pipeline ytelse,319,2.0,68.69,14.0,3,25.0
14,2.0,2.6,H25 - CBA - Pipeline ytelse,319,2.0,68.69,14.0,5,0.0
14,2.0,2.6,H25 - CBA - Pipeline ytelse,319,2.0,68.69,14.0,2,0.0
14,2.0,2.6,H25 - CBA - Pipeline ytelse,319,2.0,68.69,14.0,4,0.0
14,2.0,2.7,H25 - CBA - Seriell Adder,110,2.0,68.69,14.0,4,0.0
14,2.0,2.7,H25 - CBA - Seriell Adder,110,2.0,68.69,14.0,1,25.0
14,2.0,2.7,H25 - CBA - Seriell Adder,110,2.0,68.69,14.0,2,0.0
14,2.0,2.7,H25 - CBA - Seriell Adder,110,2.0,68.69,14.0,5,0.0
14,2.0,2.7,H25 - CBA - Seriell Adder,110,2.0,68.69,14.0,3,75.0
488,2.0,2.1,H25 - CBA - Cache-miss,46,2.0,90.5,14.0,5,0.0
488,2.0,2.1,H25 - CBA - Cache-miss,46,2.0,90.5,14.0,4,0.0
488,2.0,2.1,H25 - CBA - Cache-miss,46,2.0,90.5,14.0,1,0.0
488,2.0,2.1,H25 - CBA - Cache-miss,46,2.0,90.5,14.0,3,0.0
488,2.0,2.1,H25 - CBA - Cache-miss,46,2.0,90.5,14.0,2,100.0
488,2.0,2.2,H25 - CBA - Adder,75,2.0,90.5,14.0,2,100.0
488,2.0,2.2,H25 - CBA - Adder,75,2.0,90.5,14.0,5,0.0
488,2.0,2.2,H25 - CBA - Adder,75,2.0,90.5,14.0,3,0.0
488,2.0,2.2,H25 - CBA - Adder,75,2.0,90.5,14.0,4,0.0
488,2.0,2.2,H25 - CBA - Adder,75,2.0,90.5,14.0,1,0.0
488,2.0,2.3,H25 - CBA - ALU,48,2.0,90.5,14.0,1,50.0
488,2.0,2.3,H25 - CBA - ALU,48,2.0,90.5,14.0,4,0.0
488,2.0,2.3,H25 - CBA - ALU,48,2.0,90.5,14.0,3,0.0
488,2.0,2.3,H25 - CBA - ALU,48,2.0,90.5,14.0,5,0.0
488,2.0,2.3,H25 - CBA - ALU,48,2.0,90.5,14.0,2,50.0
488,2.0,2.4,H25 - CBA - PC,92,2.0,90.5,14.0,5,0.0
488,2.0,2.4,H25 - CBA - PC,92,2.0,90.5,14.0,3,0.0
488,2.0,2.4,H25 - CBA - PC,92,2.0,90.5,14.0,2,25.0
488,2.0,2.4,H25 - CBA - PC,92,2.0,90.5,14.0,4,0.0
488,2.0,2.4,H25 - CBA - PC,92,2.0,90.5,14.0,1,75.0
488,2.0,2.5,H25 - CBA - Universell porter,42,2.0,90.5,14.0,2,0.0
488,2.0,2.5,H25 - CBA - Universell porter,42,2.0,90.5,14.0,1,0.0
488,2.0,2.5,H25 - CBA - Universell porter,42,2.0,90.5,14.0,3,100.0
488,2.0,2.5,H25 - CBA - Universell porter,42,2.0,90.5,14.0,5,0.0
488,2.0,2.5,H25 - CBA - Universell porter,42,2.0,90.5,14.0,4,0.0
488,2.0,2.6,H25 - CBA - Pipeline ytelse,35,2.0,90.5,14.0,4,100.0
488,2.0,2.6,H25 - CBA - Pipeline ytelse,35,2.0,90.5,14.0,1,0.0
488,2.0,2.6,H25 - CBA - Pipeline ytelse,35,2.0,90.5,14.0,5,0.0
488,2.0,2.6,H25 - CBA - Pipeline ytelse,35,2.0,90.5,14.0,3,0.0
488,2.0,2.6,H25 - CBA - Pipeline ytelse,35,2.0,90.5,14.0,2,0.0
488,2.0,2.7,H25 - CBA - Seriell Adder,31,2.0,90.5,14.0,3,0.0
488,2.0,2.7,H25 - CBA - Seriell Adder,31,2.0,90.5,14.0,1,0.0
488,2.0,2.7,H25 - CBA - Seriell Adder,31,2.0,90.5,14.0,2,50.0
488,2.0,2.7,H25 - CBA - Seriell Adder,31,2.0,90.5,14.0,4,50.0
488,2.0,2.7,H25 - CBA - Seriell Adder,31,2.0,90.5,14.0,5,0.0
246,2.0,2.1,H25 - CBA - Cache-miss,57,2.0,53.84,14.0,2,100.0
246,2.0,2.1,H25 - CBA - Cache-miss,57,2.0,53.84,14.0,4,0.0
246,2.0,2.1,H25 - CBA - Cache-miss,57,2.0,53.84,14.0,5,0.0
246,2.0,2.1,H25 - CBA - Cache-miss,57,2.0,53.84,14.0,1,0.0
246,2.0,2.1,H25 - CBA - Cache-miss,57,2.0,53.84,14.0,3,0.0
246,2.0,2.2,H25 - CBA - Adder,58,2.0,53.84,14.0,1,0.0
246,2.0,2.2,H25 - CBA - Adder,58,2.0,53.84,14.0,4,0.0
246,2.0,2.2,H25 - CBA - Adder,58,2.0,53.84,14.0,5,0.0
246,2.0,2.2,H25 - CBA - Adder,58,2.0,53.84,14.0,3,0.0
246,2.0,2.2,H25 - CBA - Adder,58,2.0,53.84,14.0,2,100.0
246,2.0,2.3,H25 - CBA - ALU,70,2.0,53.84,14.0,1,75.0
246,2.0,2.3,H25 - CBA - ALU,70,2.0,53.84,14.0,5,25.0
246,2.0,2.3,H25 - CBA - ALU,70,2.0,53.84,14.0,2,0.0
246,2.0,2.3,H25 - CBA - ALU,70,2.0,53.84,14.0,4,0.0
246,2.0,2.3,H25 - CBA - ALU,70,2.0,53.84,14.0,3,0.0
246,2.0,2.4,H25 - CBA - PC,46,2.0,53.84,14.0,1,0.0
246,2.0,2.4,H25 - CBA - PC,46,2.0,53.84,14.0,3,100.0
246,2.0,2.4,H25 - CBA - PC,46,2.0,53.84,14.0,4,0.0
246,2.0,2.4,H25 - CBA - PC,46,2.0,53.84,14.0,5,0.0
246,2.0,2.4,H25 - CBA - PC,46,2.0,53.84,14.0,2,0.0
246,2.0,2.5,H25 - CBA - Universell porter,16,2.0,53.84,14.0,5,0.0
246,2.0,2.5,H25 - CBA - Universell porter,16,2.0,53.84,14.0,3,100.0
246,2.0,2.5,H25 - CBA - Universell porter,16,2.0,53.84,14.0,1,0.0
246,2.0,2.5,H25 - CBA - Universell porter,16,2.0,53.84,14.0,4,0.0
246,2.0,2.5,H25 - CBA - Universell porter,16,2.0,53.84,14.0,2,0.0
246,2.0,2.6,H25 - CBA - Pipeline ytelse,32,2.0,53.84,14.0,4,100.0
246,2.0,2.6,H25 - CBA - Pipeline ytelse,32,2.0,53.84,14.0,3,0.0
246,2.0,2.6,H25 - CBA - Pipeline ytelse,32,2.0,53.84,14.0,1,0.0
246,2.0,2.6,H25 - CBA - Pipeline ytelse,32,2.0,53.84,14.0,5,0.0
246,2.0,2.6,H25 - CBA - Pipeline ytelse,32,2.0,53.84,14.0,2,0.0
246,2.0,2.7,H25 - CBA - Seriell Adder,52,2.0,53.84,14.0,2,100.0
246,2.0,2.7,H25 - CBA - Seriell Adder,52,2.0,53.84,14.0,4,0.0
246,2.0,2.7,H25 - CBA - Seriell Adder,52,2.0,53.84,14.0,5,0.0
246,2.0,2.7,H25 - CBA - Seriell Adder,52,2.0,53.84,14.0,1,0.0
246,2.0,2.7,H25 - CBA - Seriell Adder,52,2.0,53.84,14.0,3,0.0
112,2.0,2.1,H25 - CBA - Cache-miss,140,2.0,87.0,14.0,1,0.0
112,2.0,2.1,H25 - CBA - Cache-miss,140,2.0,87.0,14.0,2,100.0
112,2.0,2.1,H25 - CBA - Cache-miss,140,2.0,87.0,14.0,3,0.0
112,2.0,2.1,H25 - CBA - Cache-miss,140,2.0,87.0,14.0,5,0.0
112,2.0,2.1,H25 - CBA - Cache-miss,140,2.0,87.0,14.0,4,0.0
112,2.0,2.2,H25 - CBA - Adder,185,2.0,87.0,14.0,2,75.0
112,2.0,2.2,H25 - CBA - Adder,185,2.0,87.0,14.0,3,0.0
112,2.0,2.2,H25 - CBA - Adder,185,2.0,87.0,14.0,1,0.0
112,2.0,2.2,H25 - CBA - Adder,185,2.0,87.0,14.0,4,0.0
112,2.0,2.2,H25 - CBA - Adder,185,2.0,87.0,14.0,5,25.0
112,2.0,2.3,H25 - CBA - ALU,112,2.0,87.0,14.0,3,0.0
112,2.0,2.3,H25 - CBA - ALU,112,2.0,87.0,14.0,4,0.0
112,2.0,2.3,H25 - CBA - ALU,112,2.0,87.0,14.0,2,0.0
112,2.0,2.3,H25 - CBA - ALU,112,2.0,87.0,14.0,5,25.0
112,2.0,2.3,H25 - CBA - ALU,112,2.0,87.0,14.0,1,75.0
112,2.0,2.4,H25 - CBA - PC,115,2.0,87.0,14.0,5,0.0
112,2.0,2.4,H25 - CBA - PC,115,2.0,87.0,14.0,4,0.0
112,2.0,2.4,H25 - CBA - PC,115,2.0,87.0,14.0,1,75.0
112,2.0,2.4,H25 - CBA - PC,115,2.0,87.0,14.0,3,25.0
112,2.0,2.4,H25 - CBA - PC,115,2.0,87.0,14.0,2,0.0
112,2.0,2.5,H25 - CBA - Universell porter,74,2.0,87.0,14.0,2,0.0
112,2.0,2.5,H25 - CBA - Universell porter,74,2.0,87.0,14.0,1,0.0
112,2.0,2.5,H25 - CBA - Universell porter,74,2.0,87.0,14.0,3,100.0
112,2.0,2.5,H25 - CBA - Universell porter,74,2.0,87.0,14.0,4,0.0
112,2.0,2.5,H25 - CBA - Universell porter,74,2.0,87.0,14.0,5,0.0
112,2.0,2.6,H25 - CBA - Pipeline ytelse,88,2.0,87.0,14.0,3,0.0
112,2.0,2.6,H25 - CBA - Pipeline ytelse,88,2.0,87.0,14.0,1,0.0
112,2.0,2.6,H25 - CBA - Pipeline ytelse,88,2.0,87.0,14.0,2,0.0
112,2.0,2.6,H25 - CBA - Pipeline ytelse,88,2.0,87.0,14.0,4,75.0
112,2.0,2.6,H25 - CBA - Pipeline ytelse,88,2.0,87.0,14.0,5,25.0
112,2.0,2.7,H25 - CBA - Seriell Adder,140,2.0,87.0,14.0,5,0.0
112,2.0,2.7,H25 - CBA - Seriell Adder,140,2.0,87.0,14.0,1,0.0
112,2.0,2.7,H25 - CBA - Seriell Adder,140,2.0,87.0,14.0,3,75.0
112,2.0,2.7,H25 - CBA - Seriell Adder,140,2.0,87.0,14.0,2,0.0
112,2.0,2.7,H25 - CBA - Seriell Adder,140,2.0,87.0,14.0,4,25.0
66,2.0,2.1,H25 - CBA - Cache-miss,133,2.0,82.17,14.0,5,0.0
66,2.0,2.1,H25 - CBA - Cache-miss,133,2.0,82.17,14.0,2,100.0
66,2.0,2.1,H25 - CBA - Cache-miss,133,2.0,82.17,14.0,4,0.0
66,2.0,2.1,H25 - CBA - Cache-miss,133,2.0,82.17,14.0,3,0.0
66,2.0,2.1,H25 - CBA - Cache-miss,133,2.0,82.17,14.0,1,0.0
66,2.0,2.2,H25 - CBA - Adder,57,2.0,82.17,14.0,2,75.0
66,2.0,2.2,H25 - CBA - Adder,57,2.0,82.17,14.0,3,25.0
66,2.0,2.2,H25 - CBA - Adder,57,2.0,82.17,14.0,4,0.0
66,2.0,2.2,H25 - CBA - Adder,57,2.0,82.17,14.0,1,0.0
66,2.0,2.2,H25 - CBA - Adder,57,2.0,82.17,14.0,5,0.0
66,2.0,2.3,H25 - CBA - ALU,116,2.0,82.17,14.0,2,100.0
66,2.0,2.3,H25 - CBA - ALU,116,2.0,82.17,14.0,1,0.0
66,2.0,2.3,H25 - CBA - ALU,116,2.0,82.17,14.0,3,0.0
66,2.0,2.3,H25 - CBA - ALU,116,2.0,82.17,14.0,4,0.0
66,2.0,2.3,H25 - CBA - ALU,116,2.0,82.17,14.0,5,0.0
66,2.0,2.4,H25 - CBA - PC,64,2.0,82.17,14.0,1,100.0
66,2.0,2.4,H25 - CBA - PC,64,2.0,82.17,14.0,2,0.0
66,2.0,2.4,H25 - CBA - PC,64,2.0,82.17,14.0,4,0.0
66,2.0,2.4,H25 - CBA - PC,64,2.0,82.17,14.0,3,0.0
66,2.0,2.4,H25 - CBA - PC,64,2.0,82.17,14.0,5,0.0
66,2.0,2.5,H25 - CBA - Universell porter,25,2.0,82.17,14.0,3,100.0
66,2.0,2.5,H25 - CBA - Universell porter,25,2.0,82.17,14.0,5,0.0
66,2.0,2.5,H25 - CBA - Universell porter,25,2.0,82.17,14.0,1,0.0
66,2.0,2.5,H25 - CBA - Universell porter,25,2.0,82.17,14.0,2,0.0
66,2.0,2.5,H25 - CBA - Universell porter,25,2.0,82.17,14.0,4,0.0
66,2.0,2.6,H25 - CBA - Pipeline ytelse,57,2.0,82.17,14.0,3,0.0
66,2.0,2.6,H25 - CBA - Pipeline ytelse,57,2.0,82.17,14.0,4,100.0
66,2.0,2.6,H25 - CBA - Pipeline ytelse,57,2.0,82.17,14.0,1,0.0
66,2.0,2.6,H25 - CBA - Pipeline ytelse,57,2.0,82.17,14.0,5,0.0
66,2.0,2.6,H25 - CBA - Pipeline ytelse,57,2.0,82.17,14.0,2,0.0
66,2.0,2.7,H25 - CBA - Seriell Adder,90,2.0,82.17,14.0,1,25.0
66,2.0,2.7,H25 - CBA - Seriell Adder,90,2.0,82.17,14.0,2,50.0
66,2.0,2.7,H25 - CBA - Seriell Adder,90,2.0,82.17,14.0,4,0.0
66,2.0,2.7,H25 - CBA - Seriell Adder,90,2.0,82.17,14.0,3,25.0
66,2.0,2.7,H25 - CBA - Seriell Adder,90,2.0,82.17,14.0,5,0.0
395,2.0,2.1,H25 - CBA - Cache-miss,134,2.0,88.82,14.0,5,100.0
395,2.0,2.1,H25 - CBA - Cache-miss,134,2.0,88.82,14.0,3,0.0
395,2.0,2.1,H25 - CBA - Cache-miss,134,2.0,88.82,14.0,1,0.0
395,2.0,2.1,H25 - CBA - Cache-miss,134,2.0,88.82,14.0,2,0.0
395,2.0,2.1,H25 - CBA - Cache-miss,134,2.0,88.82,14.0,4,0.0
395,2.0,2.2,H25 - CBA - Adder,53,2.0,88.82,14.0,2,100.0
395,2.0,2.2,H25 - CBA - Adder,53,2.0,88.82,14.0,1,0.0
395,2.0,2.2,H25 - CBA - Adder,53,2.0,88.82,14.0,3,0.0
395,2.0,2.2,H25 - CBA - Adder,53,2.0,88.82,14.0,4,0.0
395,2.0,2.2,H25 - CBA - Adder,53,2.0,88.82,14.0,5,0.0
395,2.0,2.3,H25 - CBA - ALU,69,2.0,88.82,14.0,4,0.0
395,2.0,2.3,H25 - CBA - ALU,69,2.0,88.82,14.0,5,0.0
395,2.0,2.3,H25 - CBA - ALU,69,2.0,88.82,14.0,1,100.0
395,2.0,2.3,H25 - CBA - ALU,69,2.0,88.82,14.0,3,0.0
395,2.0,2.3,H25 - CBA - ALU,69,2.0,88.82,14.0,2,0.0
395,2.0,2.4,H25 - CBA - PC,117,2.0,88.82,14.0,2,0.0
395,2.0,2.4,H25 - CBA - PC,117,2.0,88.82,14.0,3,0.0
395,2.0,2.4,H25 - CBA - PC,117,2.0,88.82,14.0,5,0.0
395,2.0,2.4,H25 - CBA - PC,117,2.0,88.82,14.0,4,0.0
395,2.0,2.4,H25 - CBA - PC,117,2.0,88.82,14.0,1,100.0
395,2.0,2.5,H25 - CBA - Universell porter,33,2.0,88.82,14.0,2,0.0
395,2.0,2.5,H25 - CBA - Universell porter,33,2.0,88.82,14.0,1,0.0
395,2.0,2.5,H25 - CBA - Universell porter,33,2.0,88.82,14.0,3,100.0
395,2.0,2.5,H25 - CBA - Universell porter,33,2.0,88.82,14.0,4,0.0
395,2.0,2.5,H25 - CBA - Universell porter,33,2.0,88.82,14.0,5,0.0
395,2.0,2.6,H25 - CBA - Pipeline ytelse,137,2.0,88.82,14.0,4,100.0
395,2.0,2.6,H25 - CBA - Pipeline ytelse,137,2.0,88.82,14.0,5,0.0
395,2.0,2.6,H25 - CBA - Pipeline ytelse,137,2.0,88.82,14.0,2,0.0
395,2.0,2.6,H25 - CBA - Pipeline ytelse,137,2.0,88.82,14.0,1,0.0
395,2.0,2.6,H25 - CBA - Pipeline ytelse,137,2.0,88.82,14.0,3,0.0
395,2.0,2.7,H25 - CBA - Seriell Adder,40,2.0,88.82,14.0,2,100.0
395,2.0,2.7,H25 - CBA - Seriell Adder,40,2.0,88.82,14.0,4,0.0
395,2.0,2.7,H25 - CBA - Seriell Adder,40,2.0,88.82,14.0,5,0.0
395,2.0,2.7,H25 - CBA - Seriell Adder,40,2.0,88.82,14.0,3,0.0
395,2.0,2.7,H25 - CBA - Seriell Adder,40,2.0,88.82,14.0,1,0.0
413,2.0,2.1,H25 - CBA - Cache-miss,24,2.0,55.57,14.0,2,100.0
413,2.0,2.1,H25 - CBA - Cache-miss,24,2.0,55.57,14.0,4,0.0
413,2.0,2.1,H25 - CBA - Cache-miss,24,2.0,55.57,14.0,1,0.0
413,2.0,2.1,H25 - CBA - Cache-miss,24,2.0,55.57,14.0,3,0.0
413,2.0,2.1,H25 - CBA - Cache-miss,24,2.0,55.57,14.0,5,0.0
413,2.0,2.2,H25 - CBA - Adder,24,2.0,55.57,14.0,2,100.0
413,2.0,2.2,H25 - CBA - Adder,24,2.0,55.57,14.0,5,0.0
413,2.0,2.2,H25 - CBA - Adder,24,2.0,55.57,14.0,4,0.0
413,2.0,2.2,H25 - CBA - Adder,24,2.0,55.57,14.0,1,0.0
413,2.0,2.2,H25 - CBA - Adder,24,2.0,55.57,14.0,3,0.0
413,2.0,2.3,H25 - CBA - ALU,48,2.0,55.57,14.0,5,25.0
413,2.0,2.3,H25 - CBA - ALU,48,2.0,55.57,14.0,1,75.0
413,2.0,2.3,H25 - CBA - ALU,48,2.0,55.57,14.0,4,0.0
413,2.0,2.3,H25 - CBA - ALU,48,2.0,55.57,14.0,3,0.0
413,2.0,2.3,H25 - CBA - ALU,48,2.0,55.57,14.0,2,0.0
413,2.0,2.4,H25 - CBA - PC,68,2.0,55.57,14.0,3,0.0
413,2.0,2.4,H25 - CBA - PC,68,2.0,55.57,14.0,4,0.0
413,2.0,2.4,H25 - CBA - PC,68,2.0,55.57,14.0,2,25.0
413,2.0,2.4,H25 - CBA - PC,68,2.0,55.57,14.0,5,0.0
413,2.0,2.4,H25 - CBA - PC,68,2.0,55.57,14.0,1,75.0
413,2.0,2.5,H25 - CBA - Universell porter,24,2.0,55.57,14.0,3,100.0
413,2.0,2.5,H25 - CBA - Universell porter,24,2.0,55.57,14.0,5,0.0
413,2.0,2.5,H25 - CBA - Universell porter,24,2.0,55.57,14.0,2,0.0
413,2.0,2.5,H25 - CBA - Universell porter,24,2.0,55.57,14.0,4,0.0
413,2.0,2.5,H25 - CBA - Universell porter,24,2.0,55.57,14.0,1,0.0
413,2.0,2.6,H25 - CBA - Pipeline ytelse,15,2.0,55.57,14.0,4,100.0
413,2.0,2.6,H25 - CBA - Pipeline ytelse,15,2.0,55.57,14.0,2,0.0
413,2.0,2.6,H25 - CBA - Pipeline ytelse,15,2.0,55.57,14.0,5,0.0
413,2.0,2.6,H25 - CBA - Pipeline ytelse,15,2.0,55.57,14.0,3,0.0
413,2.0,2.6,H25 - CBA - Pipeline ytelse,15,2.0,55.57,14.0,1,0.0
413,2.0,2.7,H25 - CBA - Seriell Adder,68,2.0,55.57,14.0,4,75.0
413,2.0,2.7,H25 - CBA - Seriell Adder,68,2.0,55.57,14.0,1,25.0
413,2.0,2.7,H25 - CBA - Seriell Adder,68,2.0,55.57,14.0,2,0.0
413,2.0,2.7,H25 - CBA - Seriell Adder,68,2.0,55.57,14.0,5,0.0
413,2.0,2.7,H25 - CBA - Seriell Adder,68,2.0,55.57,14.0,3,0.0
40,2.0,2.1,H25 - CBA - Cache-miss,73,2.0,35.94,10.0,3,0.0
40,2.0,2.1,H25 - CBA - Cache-miss,73,2.0,35.94,10.0,1,0.0
40,2.0,2.1,H25 - CBA - Cache-miss,73,2.0,35.94,10.0,2,75.0
40,2.0,2.1,H25 - CBA - Cache-miss,73,2.0,35.94,10.0,5,0.0
40,2.0,2.1,H25 - CBA - Cache-miss,73,2.0,35.94,10.0,4,25.0
40,2.0,2.2,H25 - CBA - Adder,42,2.0,35.94,10.0,3,75.0
40,2.0,2.2,H25 - CBA - Adder,42,2.0,35.94,10.0,5,0.0
40,2.0,2.2,H25 - CBA - Adder,42,2.0,35.94,10.0,4,0.0
40,2.0,2.2,H25 - CBA - Adder,42,2.0,35.94,10.0,2,25.0
40,2.0,2.2,H25 - CBA - Adder,42,2.0,35.94,10.0,1,0.0
40,2.0,2.3,H25 - CBA - ALU,28,0.0,35.94,10.0,2,100.0
40,2.0,2.4,H25 - CBA - PC,41,2.0,35.94,10.0,3,50.0
40,2.0,2.4,H25 - CBA - PC,41,2.0,35.94,10.0,4,50.0
40,2.0,2.4,H25 - CBA - PC,41,2.0,35.94,10.0,5,0.0
40,2.0,2.4,H25 - CBA - PC,41,2.0,35.94,10.0,2,0.0
40,2.0,2.4,H25 - CBA - PC,41,2.0,35.94,10.0,1,0.0
40,2.0,2.5,H25 - CBA - Universell porter,76,2.0,35.94,10.0,3,50.0
40,2.0,2.5,H25 - CBA - Universell porter,76,2.0,35.94,10.0,1,50.0
40,2.0,2.5,H25 - CBA - Universell porter,76,2.0,35.94,10.0,5,0.0
40,2.0,2.5,H25 - CBA - Universell porter,76,2.0,35.94,10.0,2,0.0
40,2.0,2.5,H25 - CBA - Universell porter,76,2.0,35.94,10.0,4,0.0
40,2.0,2.6,H25 - CBA - Pipeline ytelse,24,2.0,35.94,10.0,4,100.0
40,2.0,2.6,H25 - CBA - Pipeline ytelse,24,2.0,35.94,10.0,2,0.0
40,2.0,2.6,H25 - CBA - Pipeline ytelse,24,2.0,35.94,10.0,5,0.0
40,2.0,2.6,H25 - CBA - Pipeline ytelse,24,2.0,35.94,10.0,3,0.0
40,2.0,2.6,H25 - CBA - Pipeline ytelse,24,2.0,35.94,10.0,1,0.0
40,2.0,2.7,H25 - CBA - Seriell Adder,53,0.0,35.94,10.0,4,50.0
40,2.0,2.7,H25 - CBA - Seriell Adder,53,0.0,35.94,10.0,2,50.0
317,2.0,2.1,H25 - CBA - Cache-miss,14,2.0,72.15,14.0,2,100.0
317,2.0,2.1,H25 - CBA - Cache-miss,14,2.0,72.15,14.0,3,0.0
317,2.0,2.1,H25 - CBA - Cache-miss,14,2.0,72.15,14.0,4,0.0
317,2.0,2.1,H25 - CBA - Cache-miss,14,2.0,72.15,14.0,1,0.0
317,2.0,2.1,H25 - CBA - Cache-miss,14,2.0,72.15,14.0,5,0.0
317,2.0,2.2,H25 - CBA - Adder,29,2.0,72.15,14.0,2,100.0
317,2.0,2.2,H25 - CBA - Adder,29,2.0,72.15,14.0,5,0.0
317,2.0,2.2,H25 - CBA - Adder,29,2.0,72.15,14.0,4,0.0
317,2.0,2.2,H25 - CBA - Adder,29,2.0,72.15,14.0,1,0.0
317,2.0,2.2,H25 - CBA - Adder,29,2.0,72.15,14.0,3,0.0
317,2.0,2.3,H25 - CBA - ALU,40,2.0,72.15,14.0,2,75.0
317,2.0,2.3,H25 - CBA - ALU,40,2.0,72.15,14.0,4,0.0
317,2.0,2.3,H25 - CBA - ALU,40,2.0,72.15,14.0,1,25.0
317,2.0,2.3,H25 - CBA - ALU,40,2.0,72.15,14.0,3,0.0
317,2.0,2.3,H25 - CBA - ALU,40,2.0,72.15,14.0,5,0.0
317,2.0,2.4,H25 - CBA - PC,19,2.0,72.15,14.0,1,0.0
317,2.0,2.4,H25 - CBA - PC,19,2.0,72.15,14.0,3,100.0
317,2.0,2.4,H25 - CBA - PC,19,2.0,72.15,14.0,4,0.0
317,2.0,2.4,H25 - CBA - PC,19,2.0,72.15,14.0,2,0.0
317,2.0,2.4,H25 - CBA - PC,19,2.0,72.15,14.0,5,0.0
317,2.0,2.5,H25 - CBA - Universell porter,13,2.0,72.15,14.0,3,100.0
317,2.0,2.5,H25 - CBA - Universell porter,13,2.0,72.15,14.0,4,0.0
317,2.0,2.5,H25 - CBA - Universell porter,13,2.0,72.15,14.0,5,0.0
317,2.0,2.5,H25 - CBA - Universell porter,13,2.0,72.15,14.0,2,0.0
317,2.0,2.5,H25 - CBA - Universell porter,13,2.0,72.15,14.0,1,0.0
317,2.0,2.6,H25 - CBA - Pipeline ytelse,12,2.0,72.15,14.0,4,100.0
317,2.0,2.6,H25 - CBA - Pipeline ytelse,12,2.0,72.15,14.0,5,0.0
317,2.0,2.6,H25 - CBA - Pipeline ytelse,12,2.0,72.15,14.0,2,0.0
317,2.0,2.6,H25 - CBA - Pipeline ytelse,12,2.0,72.15,14.0,3,0.0
317,2.0,2.6,H25 - CBA - Pipeline ytelse,12,2.0,72.15,14.0,1,0.0
317,2.0,2.7,H25 - CBA - Seriell Adder,8,2.0,72.15,14.0,2,100.0
317,2.0,2.7,H25 - CBA - Seriell Adder,8,2.0,72.15,14.0,3,0.0
317,2.0,2.7,H25 - CBA - Seriell Adder,8,2.0,72.15,14.0,4,0.0
317,2.0,2.7,H25 - CBA - Seriell Adder,8,2.0,72.15,14.0,1,0.0
317,2.0,2.7,H25 - CBA - Seriell Adder,8,2.0,72.15,14.0,5,0.0
184,2.0,2.1,H25 - CBA - Cache-miss,109,2.0,85.15,14.0,1,0.0
184,2.0,2.1,H25 - CBA - Cache-miss,109,2.0,85.15,14.0,2,0.0
184,2.0,2.1,H25 - CBA - Cache-miss,109,2.0,85.15,14.0,5,75.0
184,2.0,2.1,H25 - CBA - Cache-miss,109,2.0,85.15,14.0,4,25.0
184,2.0,2.1,H25 - CBA - Cache-miss,109,2.0,85.15,14.0,3,0.0
184,2.0,2.2,H25 - CBA - Adder,45,2.0,85.15,14.0,1,0.0
184,2.0,2.2,H25 - CBA - Adder,45,2.0,85.15,14.0,2,100.0
184,2.0,2.2,H25 - CBA - Adder,45,2.0,85.15,14.0,5,0.0
184,2.0,2.2,H25 - CBA - Adder,45,2.0,85.15,14.0,4,0.0
184,2.0,2.2,H25 - CBA - Adder,45,2.0,85.15,14.0,3,0.0
184,2.0,2.3,H25 - CBA - ALU,155,2.0,85.15,14.0,3,0.0
184,2.0,2.3,H25 - CBA - ALU,155,2.0,85.15,14.0,2,100.0
184,2.0,2.3,H25 - CBA - ALU,155,2.0,85.15,14.0,5,0.0
184,2.0,2.3,H25 - CBA - ALU,155,2.0,85.15,14.0,1,0.0
184,2.0,2.3,H25 - CBA - ALU,155,2.0,85.15,14.0,4,0.0
184,2.0,2.4,H25 - CBA - PC,104,2.0,85.15,14.0,4,0.0
184,2.0,2.4,H25 - CBA - PC,104,2.0,85.15,14.0,2,0.0
184,2.0,2.4,H25 - CBA - PC,104,2.0,85.15,14.0,5,0.0
184,2.0,2.4,H25 - CBA - PC,104,2.0,85.15,14.0,1,0.0
184,2.0,2.4,H25 - CBA - PC,104,2.0,85.15,14.0,3,100.0
184,2.0,2.5,H25 - CBA - Universell porter,52,2.0,85.15,14.0,3,100.0
184,2.0,2.5,H25 - CBA - Universell porter,52,2.0,85.15,14.0,1,0.0
184,2.0,2.5,H25 - CBA - Universell porter,52,2.0,85.15,14.0,5,0.0
184,2.0,2.5,H25 - CBA - Universell porter,52,2.0,85.15,14.0,4,0.0
184,2.0,2.5,H25 - CBA - Universell porter,52,2.0,85.15,14.0,2,0.0
184,2.0,2.6,H25 - CBA - Pipeline ytelse,190,2.0,85.15,14.0,3,50.0
184,2.0,2.6,H25 - CBA - Pipeline ytelse,190,2.0,85.15,14.0,4,0.0
184,2.0,2.6,H25 - CBA - Pipeline ytelse,190,2.0,85.15,14.0,2,0.0
184,2.0,2.6,H25 - CBA - Pipeline ytelse,190,2.0,85.15,14.0,5,50.0
184,2.0,2.6,H25 - CBA - Pipeline ytelse,190,2.0,85.15,14.0,1,0.0
184,2.0,2.7,H25 - CBA - Seriell Adder,132,2.0,85.15,14.0,1,0.0
184,2.0,2.7,H25 - CBA - Seriell Adder,132,2.0,85.15,14.0,4,0.0
184,2.0,2.7,H25 - CBA - Seriell Adder,132,2.0,85.15,14.0,5,0.0
184,2.0,2.7,H25 - CBA - Seriell Adder,132,2.0,85.15,14.0,3,75.0
184,2.0,2.7,H25 - CBA - Seriell Adder,132,2.0,85.15,14.0,2,25.0
426,2.0,2.1,H25 - CBA - Cache-miss,43,2.0,81.5,14.0,2,100.0
426,2.0,2.1,H25 - CBA - Cache-miss,43,2.0,81.5,14.0,3,0.0
426,2.0,2.1,H25 - CBA - Cache-miss,43,2.0,81.5,14.0,1,0.0
426,2.0,2.1,H25 - CBA - Cache-miss,43,2.0,81.5,14.0,4,0.0
426,2.0,2.1,H25 - CBA - Cache-miss,43,2.0,81.5,14.0,5,0.0
426,2.0,2.2,H25 - CBA - Adder,67,2.0,81.5,14.0,2,100.0
426,2.0,2.2,H25 - CBA - Adder,67,2.0,81.5,14.0,3,0.0
426,2.0,2.2,H25 - CBA - Adder,67,2.0,81.5,14.0,5,0.0
426,2.0,2.2,H25 - CBA - Adder,67,2.0,81.5,14.0,4,0.0
426,2.0,2.2,H25 - CBA - Adder,67,2.0,81.5,14.0,1,0.0
426,2.0,2.3,H25 - CBA - ALU,105,2.0,81.5,14.0,2,0.0
426,2.0,2.3,H25 - CBA - ALU,105,2.0,81.5,14.0,1,100.0
426,2.0,2.3,H25 - CBA - ALU,105,2.0,81.5,14.0,3,0.0
426,2.0,2.3,H25 - CBA - ALU,105,2.0,81.5,14.0,5,0.0
426,2.0,2.3,H25 - CBA - ALU,105,2.0,81.5,14.0,4,0.0
426,2.0,2.4,H25 - CBA - PC,205,2.0,81.5,14.0,1,100.0
426,2.0,2.4,H25 - CBA - PC,205,2.0,81.5,14.0,2,0.0
426,2.0,2.4,H25 - CBA - PC,205,2.0,81.5,14.0,5,0.0
426,2.0,2.4,H25 - CBA - PC,205,2.0,81.5,14.0,4,0.0
426,2.0,2.4,H25 - CBA - PC,205,2.0,81.5,14.0,3,0.0
426,2.0,2.5,H25 - CBA - Universell porter,109,2.0,81.5,14.0,3,100.0
426,2.0,2.5,H25 - CBA - Universell porter,109,2.0,81.5,14.0,2,0.0
426,2.0,2.5,H25 - CBA - Universell porter,109,2.0,81.5,14.0,4,0.0
426,2.0,2.5,H25 - CBA - Universell porter,109,2.0,81.5,14.0,1,0.0
426,2.0,2.5,H25 - CBA - Universell porter,109,2.0,81.5,14.0,5,0.0
426,2.0,2.6,H25 - CBA - Pipeline ytelse,122,2.0,81.5,14.0,4,100.0
426,2.0,2.6,H25 - CBA - Pipeline ytelse,122,2.0,81.5,14.0,1,0.0
426,2.0,2.6,H25 - CBA - Pipeline ytelse,122,2.0,81.5,14.0,3,0.0
426,2.0,2.6,H25 - CBA - Pipeline ytelse,122,2.0,81.5,14.0,5,0.0
426,2.0,2.6,H25 - CBA - Pipeline ytelse,122,2.0,81.5,14.0,2,0.0
426,2.0,2.7,H25 - CBA - Seriell Adder,27,2.0,81.5,14.0,2,100.0
426,2.0,2.7,H25 - CBA - Seriell Adder,27,2.0,81.5,14.0,5,0.0
426,2.0,2.7,H25 - CBA - Seriell Adder,27,2.0,81.5,14.0,3,0.0
426,2.0,2.7,H25 - CBA - Seriell Adder,27,2.0,81.5,14.0,4,0.0
426,2.0,2.7,H25 - CBA - Seriell Adder,27,2.0,81.5,14.0,1,0.0
48,2.0,2.1,H25 - CBA - Cache-miss,86,2.0,66.67,14.0,4,0.0
48,2.0,2.1,H25 - CBA - Cache-miss,86,2.0,66.67,14.0,5,0.0
48,2.0,2.1,H25 - CBA - Cache-miss,86,2.0,66.67,14.0,3,0.0
48,2.0,2.1,H25 - CBA - Cache-miss,86,2.0,66.67,14.0,1,0.0
48,2.0,2.1,H25 - CBA - Cache-miss,86,2.0,66.67,14.0,2,100.0
48,2.0,2.2,H25 - CBA - Adder,73,2.0,66.67,14.0,2,100.0
48,2.0,2.2,H25 - CBA - Adder,73,2.0,66.67,14.0,4,0.0
48,2.0,2.2,H25 - CBA - Adder,73,2.0,66.67,14.0,1,0.0
48,2.0,2.2,H25 - CBA - Adder,73,2.0,66.67,14.0,3,0.0
48,2.0,2.2,H25 - CBA - Adder,73,2.0,66.67,14.0,5,0.0
48,2.0,2.3,H25 - CBA - ALU,74,2.0,66.67,14.0,4,0.0
48,2.0,2.3,H25 - CBA - ALU,74,2.0,66.67,14.0,1,50.0
48,2.0,2.3,H25 - CBA - ALU,74,2.0,66.67,14.0,2,50.0
48,2.0,2.3,H25 - CBA - ALU,74,2.0,66.67,14.0,5,0.0
48,2.0,2.3,H25 - CBA - ALU,74,2.0,66.67,14.0,3,0.0
48,2.0,2.4,H25 - CBA - PC,36,2.0,66.67,14.0,1,0.0
48,2.0,2.4,H25 - CBA - PC,36,2.0,66.67,14.0,5,0.0
48,2.0,2.4,H25 - CBA - PC,36,2.0,66.67,14.0,4,0.0
48,2.0,2.4,H25 - CBA - PC,36,2.0,66.67,14.0,3,50.0
48,2.0,2.4,H25 - CBA - PC,36,2.0,66.67,14.0,2,50.0
48,2.0,2.5,H25 - CBA - Universell porter,24,2.0,66.67,14.0,2,0.0
48,2.0,2.5,H25 - CBA - Universell porter,24,2.0,66.67,14.0,3,100.0
48,2.0,2.5,H25 - CBA - Universell porter,24,2.0,66.67,14.0,5,0.0
48,2.0,2.5,H25 - CBA - Universell porter,24,2.0,66.67,14.0,1,0.0
48,2.0,2.5,H25 - CBA - Universell porter,24,2.0,66.67,14.0,4,0.0
48,2.0,2.6,H25 - CBA - Pipeline ytelse,96,2.0,66.67,14.0,5,75.0
48,2.0,2.6,H25 - CBA - Pipeline ytelse,96,2.0,66.67,14.0,3,0.0
48,2.0,2.6,H25 - CBA - Pipeline ytelse,96,2.0,66.67,14.0,1,0.0
48,2.0,2.6,H25 - CBA - Pipeline ytelse,96,2.0,66.67,14.0,2,0.0
48,2.0,2.6,H25 - CBA - Pipeline ytelse,96,2.0,66.67,14.0,4,25.0
48,2.0,2.7,H25 - CBA - Seriell Adder,209,2.0,66.67,14.0,1,50.0
48,2.0,2.7,H25 - CBA - Seriell Adder,209,2.0,66.67,14.0,4,50.0
48,2.0,2.7,H25 - CBA - Seriell Adder,209,2.0,66.67,14.0,5,0.0
48,2.0,2.7,H25 - CBA - Seriell Adder,209,2.0,66.67,14.0,3,0.0
48,2.0,2.7,H25 - CBA - Seriell Adder,209,2.0,66.67,14.0,2,0.0
204,2.0,2.1,H25 - CBA - Cache-miss,55,2.0,60.78,14.0,1,0.0
204,2.0,2.1,H25 - CBA - Cache-miss,55,2.0,60.78,14.0,5,100.0
204,2.0,2.1,H25 - CBA - Cache-miss,55,2.0,60.78,14.0,3,0.0
204,2.0,2.1,H25 - CBA - Cache-miss,55,2.0,60.78,14.0,2,0.0
204,2.0,2.1,H25 - CBA - Cache-miss,55,2.0,60.78,14.0,4,0.0
204,2.0,2.2,H25 - CBA - Adder,27,2.0,60.78,14.0,3,100.0
204,2.0,2.2,H25 - CBA - Adder,27,2.0,60.78,14.0,4,0.0
204,2.0,2.2,H25 - CBA - Adder,27,2.0,60.78,14.0,2,0.0
204,2.0,2.2,H25 - CBA - Adder,27,2.0,60.78,14.0,1,0.0
204,2.0,2.2,H25 - CBA - Adder,27,2.0,60.78,14.0,5,0.0
204,2.0,2.3,H25 - CBA - ALU,26,2.0,60.78,14.0,1,0.0
204,2.0,2.3,H25 - CBA - ALU,26,2.0,60.78,14.0,3,0.0
204,2.0,2.3,H25 - CBA - ALU,26,2.0,60.78,14.0,4,0.0
204,2.0,2.3,H25 - CBA - ALU,26,2.0,60.78,14.0,5,0.0
204,2.0,2.3,H25 - CBA - ALU,26,2.0,60.78,14.0,2,100.0
204,2.0,2.4,H25 - CBA - PC,63,2.0,60.78,14.0,5,0.0
204,2.0,2.4,H25 - CBA - PC,63,2.0,60.78,14.0,4,0.0
204,2.0,2.4,H25 - CBA - PC,63,2.0,60.78,14.0,2,0.0
204,2.0,2.4,H25 - CBA - PC,63,2.0,60.78,14.0,3,100.0
204,2.0,2.4,H25 - CBA - PC,63,2.0,60.78,14.0,1,0.0
204,2.0,2.5,H25 - CBA - Universell porter,52,2.0,60.78,14.0,3,25.0
204,2.0,2.5,H25 - CBA - Universell porter,52,2.0,60.78,14.0,2,0.0
204,2.0,2.5,H25 - CBA - Universell porter,52,2.0,60.78,14.0,1,0.0
204,2.0,2.5,H25 - CBA - Universell porter,52,2.0,60.78,14.0,4,0.0
204,2.0,2.5,H25 - CBA - Universell porter,52,2.0,60.78,14.0,5,75.0
204,2.0,2.7,H25 - CBA - Seriell Adder,39,2.0,60.78,14.0,1,0.0
204,2.0,2.7,H25 - CBA - Seriell Adder,39,2.0,60.78,14.0,4,0.0
204,2.0,2.7,H25 - CBA - Seriell Adder,39,2.0,60.78,14.0,5,0.0
204,2.0,2.7,H25 - CBA - Seriell Adder,39,2.0,60.78,14.0,2,100.0
204,2.0,2.7,H25 - CBA - Seriell Adder,39,2.0,60.78,14.0,3,0.0
489,2.0,2.1,H25 - CBA - Cache-miss,54,2.0,46.01,14.0,4,100.0
489,2.0,2.1,H25 - CBA - Cache-miss,54,2.0,46.01,14.0,2,0.0
489,2.0,2.1,H25 - CBA - Cache-miss,54,2.0,46.01,14.0,5,0.0
489,2.0,2.1,H25 - CBA - Cache-miss,54,2.0,46.01,14.0,1,0.0
489,2.0,2.1,H25 - CBA - Cache-miss,54,2.0,46.01,14.0,3,0.0
489,2.0,2.2,H25 - CBA - Adder,67,2.0,46.01,14.0,2,25.0
489,2.0,2.2,H25 - CBA - Adder,67,2.0,46.01,14.0,5,0.0
489,2.0,2.2,H25 - CBA - Adder,67,2.0,46.01,14.0,3,75.0
489,2.0,2.2,H25 - CBA - Adder,67,2.0,46.01,14.0,4,0.0
489,2.0,2.2,H25 - CBA - Adder,67,2.0,46.01,14.0,1,0.0
489,2.0,2.3,H25 - CBA - ALU,78,2.0,46.01,14.0,2,50.0
489,2.0,2.3,H25 - CBA - ALU,78,2.0,46.01,14.0,5,25.0
489,2.0,2.3,H25 - CBA - ALU,78,2.0,46.01,14.0,1,25.0
489,2.0,2.3,H25 - CBA - ALU,78,2.0,46.01,14.0,3,0.0
489,2.0,2.3,H25 - CBA - ALU,78,2.0,46.01,14.0,4,0.0
489,2.0,2.4,H25 - CBA - PC,23,2.0,46.01,14.0,1,50.0
489,2.0,2.4,H25 - CBA - PC,23,2.0,46.01,14.0,2,50.0
489,2.0,2.4,H25 - CBA - PC,23,2.0,46.01,14.0,4,0.0
489,2.0,2.4,H25 - CBA - PC,23,2.0,46.01,14.0,5,0.0
489,2.0,2.4,H25 - CBA - PC,23,2.0,46.01,14.0,3,0.0
489,2.0,2.5,H25 - CBA - Universell porter,13,2.0,46.01,14.0,3,100.0
489,2.0,2.5,H25 - CBA - Universell porter,13,2.0,46.01,14.0,2,0.0
489,2.0,2.5,H25 - CBA - Universell porter,13,2.0,46.01,14.0,5,0.0
489,2.0,2.5,H25 - CBA - Universell porter,13,2.0,46.01,14.0,4,0.0
489,2.0,2.5,H25 - CBA - Universell porter,13,2.0,46.01,14.0,1,0.0
489,2.0,2.6,H25 - CBA - Pipeline ytelse,50,2.0,46.01,14.0,5,50.0
489,2.0,2.6,H25 - CBA - Pipeline ytelse,50,2.0,46.01,14.0,2,0.0
489,2.0,2.6,H25 - CBA - Pipeline ytelse,50,2.0,46.01,14.0,1,0.0
489,2.0,2.6,H25 - CBA - Pipeline ytelse,50,2.0,46.01,14.0,3,50.0
489,2.0,2.6,H25 - CBA - Pipeline ytelse,50,2.0,46.01,14.0,4,0.0
489,2.0,2.7,H25 - CBA - Seriell Adder,97,2.0,46.01,14.0,2,75.0
489,2.0,2.7,H25 - CBA - Seriell Adder,97,2.0,46.01,14.0,4,25.0
489,2.0,2.7,H25 - CBA - Seriell Adder,97,2.0,46.01,14.0,1,0.0
489,2.0,2.7,H25 - CBA - Seriell Adder,97,2.0,46.01,14.0,3,0.0
489,2.0,2.7,H25 - CBA - Seriell Adder,97,2.0,46.01,14.0,5,0.0
202,2.0,2.1,H25 - CBA - Cache-miss,64,2.0,80.65,14.0,1,0.0
202,2.0,2.1,H25 - CBA - Cache-miss,64,2.0,80.65,14.0,2,100.0
202,2.0,2.1,H25 - CBA - Cache-miss,64,2.0,80.65,14.0,3,0.0
202,2.0,2.1,H25 - CBA - Cache-miss,64,2.0,80.65,14.0,4,0.0
202,2.0,2.1,H25 - CBA - Cache-miss,64,2.0,80.65,14.0,5,0.0
202,2.0,2.2,H25 - CBA - Adder,144,2.0,80.65,14.0,5,0.0
202,2.0,2.2,H25 - CBA - Adder,144,2.0,80.65,14.0,4,50.0
202,2.0,2.2,H25 - CBA - Adder,144,2.0,80.65,14.0,3,0.0
202,2.0,2.2,H25 - CBA - Adder,144,2.0,80.65,14.0,2,50.0
202,2.0,2.3,H25 - CBA - ALU,202,2.0,80.65,14.0,1,50.0
202,2.0,2.3,H25 - CBA - ALU,202,2.0,80.65,14.0,5,0.0
202,2.0,2.3,H25 - CBA - ALU,202,2.0,80.65,14.0,4,0.0
202,2.0,2.3,H25 - CBA - ALU,202,2.0,80.65,14.0,2,50.0
202,2.0,2.3,H25 - CBA - ALU,202,2.0,80.65,14.0,3,0.0
202,2.0,2.4,H25 - CBA - PC,273,2.0,80.65,14.0,1,50.0
202,2.0,2.4,H25 - CBA - PC,273,2.0,80.65,14.0,3,25.0
202,2.0,2.4,H25 - CBA - PC,273,2.0,80.65,14.0,5,0.0
202,2.0,2.4,H25 - CBA - PC,273,2.0,80.65,14.0,4,0.0
202,2.0,2.4,H25 - CBA - PC,273,2.0,80.65,14.0,2,25.0
202,2.0,2.5,H25 - CBA - Universell porter,82,2.0,80.65,14.0,3,100.0
202,2.0,2.5,H25 - CBA - Universell porter,82,2.0,80.65,14.0,2,0.0
202,2.0,2.5,H25 - CBA - Universell porter,82,2.0,80.65,14.0,4,0.0
202,2.0,2.5,H25 - CBA - Universell porter,82,2.0,80.65,14.0,1,0.0
202,2.0,2.5,H25 - CBA - Universell porter,82,2.0,80.65,14.0,5,0.0
202,2.0,2.6,H25 - CBA - Pipeline ytelse,175,2.0,80.65,14.0,5,0.0
202,2.0,2.6,H25 - CBA - Pipeline ytelse,175,2.0,80.65,14.0,2,0.0
202,2.0,2.6,H25 - CBA - Pipeline ytelse,175,2.0,80.65,14.0,4,100.0
202,2.0,2.6,H25 - CBA - Pipeline ytelse,175,2.0,80.65,14.0,3,0.0
202,2.0,2.6,H25 - CBA - Pipeline ytelse,175,2.0,80.65,14.0,1,0.0
202,2.0,2.7,H25 - CBA - Seriell Adder,176,2.0,80.65,14.0,1,0.0
202,2.0,2.7,H25 - CBA - Seriell Adder,176,2.0,80.65,14.0,5,50.0
202,2.0,2.7,H25 - CBA - Seriell Adder,176,2.0,80.65,14.0,2,25.0
202,2.0,2.7,H25 - CBA - Seriell Adder,176,2.0,80.65,14.0,4,0.0
202,2.0,2.7,H25 - CBA - Seriell Adder,176,2.0,80.65,14.0,3,25.0
175,2.0,2.1,H25 - CBA - Cache-miss,77,2.0,70.5,14.0,2,75.0
175,2.0,2.1,H25 - CBA - Cache-miss,77,2.0,70.5,14.0,5,25.0
175,2.0,2.1,H25 - CBA - Cache-miss,77,2.0,70.5,14.0,1,0.0
175,2.0,2.1,H25 - CBA - Cache-miss,77,2.0,70.5,14.0,4,0.0
175,2.0,2.1,H25 - CBA - Cache-miss,77,2.0,70.5,14.0,3,0.0
175,2.0,2.2,H25 - CBA - Adder,95,2.0,70.5,14.0,2,50.0
175,2.0,2.2,H25 - CBA - Adder,95,2.0,70.5,14.0,5,50.0
175,2.0,2.2,H25 - CBA - Adder,95,2.0,70.5,14.0,1,0.0
175,2.0,2.2,H25 - CBA - Adder,95,2.0,70.5,14.0,4,0.0
175,2.0,2.2,H25 - CBA - Adder,95,2.0,70.5,14.0,3,0.0
175,2.0,2.3,H25 - CBA - ALU,107,2.0,70.5,14.0,1,75.0
175,2.0,2.3,H25 - CBA - ALU,107,2.0,70.5,14.0,2,25.0
175,2.0,2.3,H25 - CBA - ALU,107,2.0,70.5,14.0,3,0.0
175,2.0,2.3,H25 - CBA - ALU,107,2.0,70.5,14.0,4,0.0
175,2.0,2.3,H25 - CBA - ALU,107,2.0,70.5,14.0,5,0.0
175,2.0,2.4,H25 - CBA - PC,67,2.0,70.5,14.0,2,50.0
175,2.0,2.4,H25 - CBA - PC,67,2.0,70.5,14.0,3,0.0
175,2.0,2.4,H25 - CBA - PC,67,2.0,70.5,14.0,5,0.0
175,2.0,2.4,H25 - CBA - PC,67,2.0,70.5,14.0,4,0.0
175,2.0,2.4,H25 - CBA - PC,67,2.0,70.5,14.0,1,50.0
175,2.0,2.5,H25 - CBA - Universell porter,107,2.0,70.5,14.0,3,100.0
175,2.0,2.5,H25 - CBA - Universell porter,107,2.0,70.5,14.0,4,0.0
175,2.0,2.5,H25 - CBA - Universell porter,107,2.0,70.5,14.0,1,0.0
175,2.0,2.5,H25 - CBA - Universell porter,107,2.0,70.5,14.0,2,0.0
175,2.0,2.5,H25 - CBA - Universell porter,107,2.0,70.5,14.0,5,0.0
175,2.0,2.6,H25 - CBA - Pipeline ytelse,253,2.0,70.5,14.0,3,50.0
175,2.0,2.6,H25 - CBA - Pipeline ytelse,253,2.0,70.5,14.0,1,25.0
175,2.0,2.6,H25 - CBA - Pipeline ytelse,253,2.0,70.5,14.0,4,25.0
175,2.0,2.6,H25 - CBA - Pipeline ytelse,253,2.0,70.5,14.0,2,0.0
175,2.0,2.6,H25 - CBA - Pipeline ytelse,253,2.0,70.5,14.0,5,0.0
175,2.0,2.7,H25 - CBA - Seriell Adder,143,2.0,70.5,14.0,2,25.0
175,2.0,2.7,H25 - CBA - Seriell Adder,143,2.0,70.5,14.0,4,75.0
175,2.0,2.7,H25 - CBA - Seriell Adder,143,2.0,70.5,14.0,1,0.0
175,2.0,2.7,H25 - CBA - Seriell Adder,143,2.0,70.5,14.0,5,0.0
175,2.0,2.7,H25 - CBA - Seriell Adder,143,2.0,70.5,14.0,3,0.0
5,2.0,2.1,H25 - CBA - Cache-miss,142,2.0,62.81,14.0,1,0.0
5,2.0,2.1,H25 - CBA - Cache-miss,142,2.0,62.81,14.0,4,0.0
5,2.0,2.1,H25 - CBA - Cache-miss,142,2.0,62.81,14.0,5,75.0
5,2.0,2.1,H25 - CBA - Cache-miss,142,2.0,62.81,14.0,2,25.0
5,2.0,2.1,H25 - CBA - Cache-miss,142,2.0,62.81,14.0,3,0.0
5,2.0,2.2,H25 - CBA - Adder,105,2.0,62.81,14.0,1,0.0
5,2.0,2.2,H25 - CBA - Adder,105,2.0,62.81,14.0,2,50.0
5,2.0,2.2,H25 - CBA - Adder,105,2.0,62.81,14.0,3,0.0
5,2.0,2.2,H25 - CBA - Adder,105,2.0,62.81,14.0,4,0.0
5,2.0,2.2,H25 - CBA - Adder,105,2.0,62.81,14.0,5,50.0
5,2.0,2.3,H25 - CBA - ALU,58,2.0,62.81,14.0,5,50.0
5,2.0,2.3,H25 - CBA - ALU,58,2.0,62.81,14.0,1,25.0
5,2.0,2.3,H25 - CBA - ALU,58,2.0,62.81,14.0,4,0.0
5,2.0,2.3,H25 - CBA - ALU,58,2.0,62.81,14.0,2,25.0
5,2.0,2.3,H25 - CBA - ALU,58,2.0,62.81,14.0,3,0.0
5,2.0,2.4,H25 - CBA - PC,91,2.0,62.81,14.0,5,0.0
5,2.0,2.4,H25 - CBA - PC,91,2.0,62.81,14.0,1,25.0
5,2.0,2.4,H25 - CBA - PC,91,2.0,62.81,14.0,2,25.0
5,2.0,2.4,H25 - CBA - PC,91,2.0,62.81,14.0,4,50.0
5,2.0,2.4,H25 - CBA - PC,91,2.0,62.81,14.0,3,0.0
5,2.0,2.5,H25 - CBA - Universell porter,82,2.0,62.81,14.0,3,100.0
5,2.0,2.5,H25 - CBA - Universell porter,82,2.0,62.81,14.0,5,0.0
5,2.0,2.5,H25 - CBA - Universell porter,82,2.0,62.81,14.0,1,0.0
5,2.0,2.5,H25 - CBA - Universell porter,82,2.0,62.81,14.0,4,0.0
5,2.0,2.5,H25 - CBA - Universell porter,82,2.0,62.81,14.0,2,0.0
5,2.0,2.6,H25 - CBA - Pipeline ytelse,71,2.0,62.81,14.0,3,75.0
5,2.0,2.6,H25 - CBA - Pipeline ytelse,71,2.0,62.81,14.0,4,25.0
5,2.0,2.6,H25 - CBA - Pipeline ytelse,71,2.0,62.81,14.0,5,0.0
5,2.0,2.6,H25 - CBA - Pipeline ytelse,71,2.0,62.81,14.0,2,0.0
5,2.0,2.6,H25 - CBA - Pipeline ytelse,71,2.0,62.81,14.0,1,0.0
5,2.0,2.7,H25 - CBA - Seriell Adder,163,2.0,62.81,14.0,4,25.0
5,2.0,2.7,H25 - CBA - Seriell Adder,163,2.0,62.81,14.0,2,50.0
5,2.0,2.7,H25 - CBA - Seriell Adder,163,2.0,62.81,14.0,3,0.0
5,2.0,2.7,H25 - CBA - Seriell Adder,163,2.0,62.81,14.0,1,25.0
5,2.0,2.7,H25 - CBA - Seriell Adder,163,2.0,62.81,14.0,5,0.0
312,2.0,2.1,H25 - CBA - Cache-miss,55,2.0,65.72,14.0,2,100.0
312,2.0,2.1,H25 - CBA - Cache-miss,55,2.0,65.72,14.0,3,0.0
312,2.0,2.1,H25 - CBA - Cache-miss,55,2.0,65.72,14.0,4,0.0
312,2.0,2.1,H25 - CBA - Cache-miss,55,2.0,65.72,14.0,1,0.0
312,2.0,2.1,H25 - CBA - Cache-miss,55,2.0,65.72,14.0,5,0.0
312,2.0,2.2,H25 - CBA - Adder,64,2.0,65.72,14.0,2,100.0
312,2.0,2.2,H25 - CBA - Adder,64,2.0,65.72,14.0,4,0.0
312,2.0,2.2,H25 - CBA - Adder,64,2.0,65.72,14.0,5,0.0
312,2.0,2.2,H25 - CBA - Adder,64,2.0,65.72,14.0,1,0.0
312,2.0,2.2,H25 - CBA - Adder,64,2.0,65.72,14.0,3,0.0
312,2.0,2.3,H25 - CBA - ALU,119,2.0,65.72,14.0,4,100.0
312,2.0,2.3,H25 - CBA - ALU,119,2.0,65.72,14.0,2,0.0
312,2.0,2.3,H25 - CBA - ALU,119,2.0,65.72,14.0,5,0.0
312,2.0,2.3,H25 - CBA - ALU,119,2.0,65.72,14.0,3,0.0
312,2.0,2.3,H25 - CBA - ALU,119,2.0,65.72,14.0,1,0.0
312,2.0,2.4,H25 - CBA - PC,51,2.0,65.72,14.0,3,100.0
312,2.0,2.4,H25 - CBA - PC,51,2.0,65.72,14.0,1,0.0
312,2.0,2.4,H25 - CBA - PC,51,2.0,65.72,14.0,2,0.0
312,2.0,2.4,H25 - CBA - PC,51,2.0,65.72,14.0,5,0.0
312,2.0,2.4,H25 - CBA - PC,51,2.0,65.72,14.0,4,0.0
312,2.0,2.5,H25 - CBA - Universell porter,30,2.0,65.72,14.0,3,100.0
312,2.0,2.5,H25 - CBA - Universell porter,30,2.0,65.72,14.0,2,0.0
312,2.0,2.5,H25 - CBA - Universell porter,30,2.0,65.72,14.0,4,0.0
312,2.0,2.5,H25 - CBA - Universell porter,30,2.0,65.72,14.0,5,0.0
312,2.0,2.5,H25 - CBA - Universell porter,30,2.0,65.72,14.0,1,0.0
312,2.0,2.6,H25 - CBA - Pipeline ytelse,35,2.0,65.72,14.0,4,100.0
312,2.0,2.6,H25 - CBA - Pipeline ytelse,35,2.0,65.72,14.0,5,0.0
312,2.0,2.6,H25 - CBA - Pipeline ytelse,35,2.0,65.72,14.0,1,0.0
312,2.0,2.6,H25 - CBA - Pipeline ytelse,35,2.0,65.72,14.0,3,0.0
312,2.0,2.6,H25 - CBA - Pipeline ytelse,35,2.0,65.72,14.0,2,0.0
312,2.0,2.7,H25 - CBA - Seriell Adder,104,2.0,65.72,14.0,4,50.0
312,2.0,2.7,H25 - CBA - Seriell Adder,104,2.0,65.72,14.0,1,50.0
312,2.0,2.7,H25 - CBA - Seriell Adder,104,2.0,65.72,14.0,2,0.0
312,2.0,2.7,H25 - CBA - Seriell Adder,104,2.0,65.72,14.0,5,0.0
312,2.0,2.7,H25 - CBA - Seriell Adder,104,2.0,65.72,14.0,3,0.0
242,2.0,2.1,H25 - CBA - Cache-miss,121,2.0,80.82,14.0,2,100.0
242,2.0,2.1,H25 - CBA - Cache-miss,121,2.0,80.82,14.0,1,0.0
242,2.0,2.1,H25 - CBA - Cache-miss,121,2.0,80.82,14.0,3,0.0
242,2.0,2.1,H25 - CBA - Cache-miss,121,2.0,80.82,14.0,5,0.0
242,2.0,2.1,H25 - CBA - Cache-miss,121,2.0,80.82,14.0,4,0.0
242,2.0,2.2,H25 - CBA - Adder,124,2.0,80.82,14.0,2,100.0
242,2.0,2.2,H25 - CBA - Adder,124,2.0,80.82,14.0,3,0.0
242,2.0,2.2,H25 - CBA - Adder,124,2.0,80.82,14.0,1,0.0
242,2.0,2.2,H25 - CBA - Adder,124,2.0,80.82,14.0,5,0.0
242,2.0,2.2,H25 - CBA - Adder,124,2.0,80.82,14.0,4,0.0
242,2.0,2.3,H25 - CBA - ALU,99,2.0,80.82,14.0,1,75.0
242,2.0,2.3,H25 - CBA - ALU,99,2.0,80.82,14.0,2,25.0
242,2.0,2.3,H25 - CBA - ALU,99,2.0,80.82,14.0,3,0.0
242,2.0,2.3,H25 - CBA - ALU,99,2.0,80.82,14.0,4,0.0
242,2.0,2.3,H25 - CBA - ALU,99,2.0,80.82,14.0,5,0.0
242,2.0,2.4,H25 - CBA - PC,213,2.0,80.82,14.0,1,75.0
242,2.0,2.4,H25 - CBA - PC,213,2.0,80.82,14.0,2,25.0
242,2.0,2.4,H25 - CBA - PC,213,2.0,80.82,14.0,5,0.0
242,2.0,2.4,H25 - CBA - PC,213,2.0,80.82,14.0,3,0.0
242,2.0,2.4,H25 - CBA - PC,213,2.0,80.82,14.0,4,0.0
242,2.0,2.5,H25 - CBA - Universell porter,69,2.0,80.82,14.0,3,100.0
242,2.0,2.5,H25 - CBA - Universell porter,69,2.0,80.82,14.0,2,0.0
242,2.0,2.5,H25 - CBA - Universell porter,69,2.0,80.82,14.0,4,0.0
242,2.0,2.5,H25 - CBA - Universell porter,69,2.0,80.82,14.0,1,0.0
242,2.0,2.5,H25 - CBA - Universell porter,69,2.0,80.82,14.0,5,0.0
242,2.0,2.6,H25 - CBA - Pipeline ytelse,236,2.0,80.82,14.0,4,50.0
242,2.0,2.6,H25 - CBA - Pipeline ytelse,236,2.0,80.82,14.0,2,50.0
242,2.0,2.6,H25 - CBA - Pipeline ytelse,236,2.0,80.82,14.0,5,0.0
242,2.0,2.6,H25 - CBA - Pipeline ytelse,236,2.0,80.82,14.0,1,0.0
242,2.0,2.6,H25 - CBA - Pipeline ytelse,236,2.0,80.82,14.0,3,0.0
242,2.0,2.7,H25 - CBA - Seriell Adder,67,2.0,80.82,14.0,2,100.0
242,2.0,2.7,H25 - CBA - Seriell Adder,67,2.0,80.82,14.0,4,0.0
242,2.0,2.7,H25 - CBA - Seriell Adder,67,2.0,80.82,14.0,1,0.0
242,2.0,2.7,H25 - CBA - Seriell Adder,67,2.0,80.82,14.0,5,0.0
242,2.0,2.7,H25 - CBA - Seriell Adder,67,2.0,80.82,14.0,3,0.0
300,2.0,2.1,H25 - CBA - Cache-miss,29,2.0,88.0,14.0,3,0.0
300,2.0,2.1,H25 - CBA - Cache-miss,29,2.0,88.0,14.0,1,0.0
300,2.0,2.1,H25 - CBA - Cache-miss,29,2.0,88.0,14.0,4,0.0
300,2.0,2.1,H25 - CBA - Cache-miss,29,2.0,88.0,14.0,5,0.0
300,2.0,2.1,H25 - CBA - Cache-miss,29,2.0,88.0,14.0,2,100.0
300,2.0,2.2,H25 - CBA - Adder,38,2.0,88.0,14.0,2,100.0
300,2.0,2.2,H25 - CBA - Adder,38,2.0,88.0,14.0,1,0.0
300,2.0,2.2,H25 - CBA - Adder,38,2.0,88.0,14.0,3,0.0
300,2.0,2.2,H25 - CBA - Adder,38,2.0,88.0,14.0,5,0.0
300,2.0,2.2,H25 - CBA - Adder,38,2.0,88.0,14.0,4,0.0
300,2.0,2.3,H25 - CBA - ALU,84,2.0,88.0,14.0,1,75.0
300,2.0,2.3,H25 - CBA - ALU,84,2.0,88.0,14.0,3,0.0
300,2.0,2.3,H25 - CBA - ALU,84,2.0,88.0,14.0,5,0.0
300,2.0,2.3,H25 - CBA - ALU,84,2.0,88.0,14.0,2,25.0
300,2.0,2.3,H25 - CBA - ALU,84,2.0,88.0,14.0,4,0.0
300,2.0,2.4,H25 - CBA - PC,160,2.0,88.0,14.0,1,50.0
300,2.0,2.4,H25 - CBA - PC,160,2.0,88.0,14.0,4,0.0
300,2.0,2.4,H25 - CBA - PC,160,2.0,88.0,14.0,5,0.0
300,2.0,2.4,H25 - CBA - PC,160,2.0,88.0,14.0,3,25.0
300,2.0,2.4,H25 - CBA - PC,160,2.0,88.0,14.0,2,25.0
300,2.0,2.5,H25 - CBA - Universell porter,29,2.0,88.0,14.0,3,100.0
300,2.0,2.5,H25 - CBA - Universell porter,29,2.0,88.0,14.0,1,0.0
300,2.0,2.5,H25 - CBA - Universell porter,29,2.0,88.0,14.0,5,0.0
300,2.0,2.5,H25 - CBA - Universell porter,29,2.0,88.0,14.0,2,0.0
300,2.0,2.5,H25 - CBA - Universell porter,29,2.0,88.0,14.0,4,0.0
300,2.0,2.6,H25 - CBA - Pipeline ytelse,31,2.0,88.0,14.0,4,100.0
300,2.0,2.6,H25 - CBA - Pipeline ytelse,31,2.0,88.0,14.0,3,0.0
300,2.0,2.6,H25 - CBA - Pipeline ytelse,31,2.0,88.0,14.0,5,0.0
300,2.0,2.6,H25 - CBA - Pipeline ytelse,31,2.0,88.0,14.0,1,0.0
300,2.0,2.6,H25 - CBA - Pipeline ytelse,31,2.0,88.0,14.0,2,0.0
300,2.0,2.7,H25 - CBA - Seriell Adder,27,2.0,88.0,14.0,2,100.0
300,2.0,2.7,H25 - CBA - Seriell Adder,27,2.0,88.0,14.0,1,0.0
300,2.0,2.7,H25 - CBA - Seriell Adder,27,2.0,88.0,14.0,3,0.0
300,2.0,2.7,H25 - CBA - Seriell Adder,27,2.0,88.0,14.0,5,0.0
300,2.0,2.7,H25 - CBA - Seriell Adder,27,2.0,88.0,14.0,4,0.0
228,2.0,2.1,H25 - CBA - Cache-miss,29,2.0,60.15,14.0,2,75.0
228,2.0,2.1,H25 - CBA - Cache-miss,29,2.0,60.15,14.0,3,25.0
228,2.0,2.1,H25 - CBA - Cache-miss,29,2.0,60.15,14.0,5,0.0
228,2.0,2.1,H25 - CBA - Cache-miss,29,2.0,60.15,14.0,1,0.0
228,2.0,2.1,H25 - CBA - Cache-miss,29,2.0,60.15,14.0,4,0.0
228,2.0,2.2,H25 - CBA - Adder,28,2.0,60.15,14.0,3,75.0
228,2.0,2.2,H25 - CBA - Adder,28,2.0,60.15,14.0,2,25.0
228,2.0,2.2,H25 - CBA - Adder,28,2.0,60.15,14.0,5,0.0
228,2.0,2.2,H25 - CBA - Adder,28,2.0,60.15,14.0,1,0.0
228,2.0,2.2,H25 - CBA - Adder,28,2.0,60.15,14.0,4,0.0
228,2.0,2.3,H25 - CBA - ALU,33,2.0,60.15,14.0,5,75.0
228,2.0,2.3,H25 - CBA - ALU,33,2.0,60.15,14.0,3,25.0
228,2.0,2.3,H25 - CBA - ALU,33,2.0,60.15,14.0,1,0.0
228,2.0,2.3,H25 - CBA - ALU,33,2.0,60.15,14.0,2,0.0
228,2.0,2.3,H25 - CBA - ALU,33,2.0,60.15,14.0,4,0.0
228,2.0,2.4,H25 - CBA - PC,29,2.0,60.15,14.0,3,100.0
228,2.0,2.4,H25 - CBA - PC,29,2.0,60.15,14.0,2,0.0
228,2.0,2.4,H25 - CBA - PC,29,2.0,60.15,14.0,4,0.0
228,2.0,2.4,H25 - CBA - PC,29,2.0,60.15,14.0,1,0.0
228,2.0,2.4,H25 - CBA - PC,29,2.0,60.15,14.0,5,0.0
228,2.0,2.5,H25 - CBA - Universell porter,91,2.0,60.15,14.0,5,25.0
228,2.0,2.5,H25 - CBA - Universell porter,91,2.0,60.15,14.0,3,75.0
228,2.0,2.5,H25 - CBA - Universell porter,91,2.0,60.15,14.0,4,0.0
228,2.0,2.5,H25 - CBA - Universell porter,91,2.0,60.15,14.0,2,0.0
228,2.0,2.5,H25 - CBA - Universell porter,91,2.0,60.15,14.0,1,0.0
228,2.0,2.6,H25 - CBA - Pipeline ytelse,38,2.0,60.15,14.0,4,75.0
228,2.0,2.6,H25 - CBA - Pipeline ytelse,38,2.0,60.15,14.0,5,25.0
228,2.0,2.6,H25 - CBA - Pipeline ytelse,38,2.0,60.15,14.0,1,0.0
228,2.0,2.6,H25 - CBA - Pipeline ytelse,38,2.0,60.15,14.0,2,0.0
228,2.0,2.6,H25 - CBA - Pipeline ytelse,38,2.0,60.15,14.0,3,0.0
228,2.0,2.7,H25 - CBA - Seriell Adder,37,2.0,60.15,14.0,1,25.0
228,2.0,2.7,H25 - CBA - Seriell Adder,37,2.0,60.15,14.0,2,75.0
228,2.0,2.7,H25 - CBA - Seriell Adder,37,2.0,60.15,14.0,5,0.0
228,2.0,2.7,H25 - CBA - Seriell Adder,37,2.0,60.15,14.0,3,0.0
228,2.0,2.7,H25 - CBA - Seriell Adder,37,2.0,60.15,14.0,4,0.0
94,2.0,2.1,H25 - CBA - Cache-miss,94,2.0,72.52,14.0,1,0.0
94,2.0,2.1,H25 - CBA - Cache-miss,94,2.0,72.52,14.0,3,0.0
94,2.0,2.1,H25 - CBA - Cache-miss,94,2.0,72.52,14.0,2,100.0
94,2.0,2.1,H25 - CBA - Cache-miss,94,2.0,72.52,14.0,4,0.0
94,2.0,2.1,H25 - CBA - Cache-miss,94,2.0,72.52,14.0,5,0.0
94,2.0,2.2,H25 - CBA - Adder,79,2.0,72.52,14.0,2,100.0
94,2.0,2.2,H25 - CBA - Adder,79,2.0,72.52,14.0,4,0.0
94,2.0,2.2,H25 - CBA - Adder,79,2.0,72.52,14.0,3,0.0
94,2.0,2.2,H25 - CBA - Adder,79,2.0,72.52,14.0,1,0.0
94,2.0,2.2,H25 - CBA - Adder,79,2.0,72.52,14.0,5,0.0
94,2.0,2.3,H25 - CBA - ALU,250,2.0,72.52,14.0,1,100.0
94,2.0,2.3,H25 - CBA - ALU,250,2.0,72.52,14.0,5,0.0
94,2.0,2.3,H25 - CBA - ALU,250,2.0,72.52,14.0,2,0.0
94,2.0,2.3,H25 - CBA - ALU,250,2.0,72.52,14.0,3,0.0
94,2.0,2.3,H25 - CBA - ALU,250,2.0,72.52,14.0,4,0.0
94,2.0,2.4,H25 - CBA - PC,187,2.0,72.52,14.0,2,0.0
94,2.0,2.4,H25 - CBA - PC,187,2.0,72.52,14.0,4,0.0
94,2.0,2.4,H25 - CBA - PC,187,2.0,72.52,14.0,3,0.0
94,2.0,2.4,H25 - CBA - PC,187,2.0,72.52,14.0,5,0.0
94,2.0,2.4,H25 - CBA - PC,187,2.0,72.52,14.0,1,100.0
94,2.0,2.5,H25 - CBA - Universell porter,49,2.0,72.52,14.0,4,0.0
94,2.0,2.5,H25 - CBA - Universell porter,49,2.0,72.52,14.0,5,0.0
94,2.0,2.5,H25 - CBA - Universell porter,49,2.0,72.52,14.0,1,0.0
94,2.0,2.5,H25 - CBA - Universell porter,49,2.0,72.52,14.0,3,100.0
94,2.0,2.5,H25 - CBA - Universell porter,49,2.0,72.52,14.0,2,0.0
94,2.0,2.6,H25 - CBA - Pipeline ytelse,85,2.0,72.52,14.0,4,0.0
94,2.0,2.6,H25 - CBA - Pipeline ytelse,85,2.0,72.52,14.0,3,50.0
94,2.0,2.6,H25 - CBA - Pipeline ytelse,85,2.0,72.52,14.0,1,50.0
94,2.0,2.6,H25 - CBA - Pipeline ytelse,85,2.0,72.52,14.0,5,0.0
94,2.0,2.6,H25 - CBA - Pipeline ytelse,85,2.0,72.52,14.0,2,0.0
94,2.0,2.7,H25 - CBA - Seriell Adder,54,2.0,72.52,14.0,1,0.0
94,2.0,2.7,H25 - CBA - Seriell Adder,54,2.0,72.52,14.0,5,0.0
94,2.0,2.7,H25 - CBA - Seriell Adder,54,2.0,72.52,14.0,3,0.0
94,2.0,2.7,H25 - CBA - Seriell Adder,54,2.0,72.52,14.0,2,100.0
94,2.0,2.7,H25 - CBA - Seriell Adder,54,2.0,72.52,14.0,4,0.0
98,2.0,2.1,H25 - CBA - Cache-miss,158,2.0,54.99,14.0,1,0.0
98,2.0,2.1,H25 - CBA - Cache-miss,158,2.0,54.99,14.0,2,75.0
98,2.0,2.1,H25 - CBA - Cache-miss,158,2.0,54.99,14.0,4,0.0
98,2.0,2.1,H25 - CBA - Cache-miss,158,2.0,54.99,14.0,3,0.0
98,2.0,2.1,H25 - CBA - Cache-miss,158,2.0,54.99,14.0,5,25.0
98,2.0,2.2,H25 - CBA - Adder,90,2.0,54.99,14.0,4,0.0
98,2.0,2.2,H25 - CBA - Adder,90,2.0,54.99,14.0,3,0.0
98,2.0,2.2,H25 - CBA - Adder,90,2.0,54.99,14.0,2,50.0
98,2.0,2.2,H25 - CBA - Adder,90,2.0,54.99,14.0,5,50.0
98,2.0,2.2,H25 - CBA - Adder,90,2.0,54.99,14.0,1,0.0
98,2.0,2.3,H25 - CBA - ALU,145,2.0,54.99,14.0,3,0.0
98,2.0,2.3,H25 - CBA - ALU,145,2.0,54.99,14.0,4,0.0
98,2.0,2.3,H25 - CBA - ALU,145,2.0,54.99,14.0,5,0.0
98,2.0,2.3,H25 - CBA - ALU,145,2.0,54.99,14.0,2,50.0
98,2.0,2.3,H25 - CBA - ALU,145,2.0,54.99,14.0,1,50.0
98,2.0,2.4,H25 - CBA - PC,135,2.0,54.99,14.0,5,0.0
98,2.0,2.4,H25 - CBA - PC,135,2.0,54.99,14.0,2,0.0
98,2.0,2.4,H25 - CBA - PC,135,2.0,54.99,14.0,1,0.0
98,2.0,2.4,H25 - CBA - PC,135,2.0,54.99,14.0,4,0.0
98,2.0,2.4,H25 - CBA - PC,135,2.0,54.99,14.0,3,100.0
98,2.0,2.5,H25 - CBA - Universell porter,119,2.0,54.99,14.0,1,0.0
98,2.0,2.5,H25 - CBA - Universell porter,119,2.0,54.99,14.0,2,25.0
98,2.0,2.5,H25 - CBA - Universell porter,119,2.0,54.99,14.0,4,25.0
98,2.0,2.5,H25 - CBA - Universell porter,119,2.0,54.99,14.0,3,0.0
98,2.0,2.5,H25 - CBA - Universell porter,119,2.0,54.99,14.0,5,50.0
98,2.0,2.6,H25 - CBA - Pipeline ytelse,79,2.0,54.99,14.0,2,0.0
98,2.0,2.6,H25 - CBA - Pipeline ytelse,79,2.0,54.99,14.0,5,0.0
98,2.0,2.6,H25 - CBA - Pipeline ytelse,79,2.0,54.99,14.0,3,25.0
98,2.0,2.6,H25 - CBA - Pipeline ytelse,79,2.0,54.99,14.0,4,75.0
98,2.0,2.6,H25 - CBA - Pipeline ytelse,79,2.0,54.99,14.0,1,0.0
98,2.0,2.7,H25 - CBA - Seriell Adder,65,2.0,54.99,14.0,5,0.0
98,2.0,2.7,H25 - CBA - Seriell Adder,65,2.0,54.99,14.0,1,0.0
98,2.0,2.7,H25 - CBA - Seriell Adder,65,2.0,54.99,14.0,4,0.0
98,2.0,2.7,H25 - CBA - Seriell Adder,65,2.0,54.99,14.0,3,50.0
98,2.0,2.7,H25 - CBA - Seriell Adder,65,2.0,54.99,14.0,2,50.0
70,2.0,2.1,H25 - CBA - Cache-miss,38,2.0,69.35,14.0,2,100.0
70,2.0,2.1,H25 - CBA - Cache-miss,38,2.0,69.35,14.0,3,0.0
70,2.0,2.1,H25 - CBA - Cache-miss,38,2.0,69.35,14.0,5,0.0
70,2.0,2.1,H25 - CBA - Cache-miss,38,2.0,69.35,14.0,1,0.0
70,2.0,2.1,H25 - CBA - Cache-miss,38,2.0,69.35,14.0,4,0.0
70,2.0,2.2,H25 - CBA - Adder,27,2.0,69.35,14.0,2,100.0
70,2.0,2.2,H25 - CBA - Adder,27,2.0,69.35,14.0,5,0.0
70,2.0,2.2,H25 - CBA - Adder,27,2.0,69.35,14.0,1,0.0
70,2.0,2.2,H25 - CBA - Adder,27,2.0,69.35,14.0,4,0.0
70,2.0,2.2,H25 - CBA - Adder,27,2.0,69.35,14.0,3,0.0
70,2.0,2.3,H25 - CBA - ALU,127,2.0,69.35,14.0,2,25.0
70,2.0,2.3,H25 - CBA - ALU,127,2.0,69.35,14.0,5,0.0
70,2.0,2.3,H25 - CBA - ALU,127,2.0,69.35,14.0,3,0.0
70,2.0,2.3,H25 - CBA - ALU,127,2.0,69.35,14.0,4,0.0
70,2.0,2.3,H25 - CBA - ALU,127,2.0,69.35,14.0,1,75.0
70,2.0,2.4,H25 - CBA - PC,55,2.0,69.35,14.0,2,0.0
70,2.0,2.4,H25 - CBA - PC,55,2.0,69.35,14.0,1,100.0
70,2.0,2.4,H25 - CBA - PC,55,2.0,69.35,14.0,4,0.0
70,2.0,2.4,H25 - CBA - PC,55,2.0,69.35,14.0,3,0.0
70,2.0,2.4,H25 - CBA - PC,55,2.0,69.35,14.0,5,0.0
70,2.0,2.5,H25 - CBA - Universell porter,42,2.0,69.35,14.0,3,100.0
70,2.0,2.5,H25 - CBA - Universell porter,42,2.0,69.35,14.0,1,0.0
70,2.0,2.5,H25 - CBA - Universell porter,42,2.0,69.35,14.0,4,0.0
70,2.0,2.5,H25 - CBA - Universell porter,42,2.0,69.35,14.0,2,0.0
70,2.0,2.5,H25 - CBA - Universell porter,42,2.0,69.35,14.0,5,0.0
70,2.0,2.6,H25 - CBA - Pipeline ytelse,88,2.0,69.35,14.0,4,50.0
70,2.0,2.6,H25 - CBA - Pipeline ytelse,88,2.0,69.35,14.0,2,0.0
70,2.0,2.6,H25 - CBA - Pipeline ytelse,88,2.0,69.35,14.0,1,50.0
70,2.0,2.6,H25 - CBA - Pipeline ytelse,88,2.0,69.35,14.0,5,0.0
70,2.0,2.6,H25 - CBA - Pipeline ytelse,88,2.0,69.35,14.0,3,0.0
70,2.0,2.7,H25 - CBA - Seriell Adder,76,2.0,69.35,14.0,1,75.0
70,2.0,2.7,H25 - CBA - Seriell Adder,76,2.0,69.35,14.0,4,25.0
70,2.0,2.7,H25 - CBA - Seriell Adder,76,2.0,69.35,14.0,2,0.0
70,2.0,2.7,H25 - CBA - Seriell Adder,76,2.0,69.35,14.0,3,0.0
70,2.0,2.7,H25 - CBA - Seriell Adder,76,2.0,69.35,14.0,5,0.0
49,2.0,2.1,H25 - CBA - Cache-miss,360,2.0,72.5,14.0,1,0.0
49,2.0,2.1,H25 - CBA - Cache-miss,360,2.0,72.5,14.0,3,0.0
49,2.0,2.1,H25 - CBA - Cache-miss,360,2.0,72.5,14.0,2,0.0
49,2.0,2.1,H25 - CBA - Cache-miss,360,2.0,72.5,14.0,5,100.0
49,2.0,2.1,H25 - CBA - Cache-miss,360,2.0,72.5,14.0,4,0.0
49,2.0,2.2,H25 - CBA - Adder,113,2.0,72.5,14.0,1,0.0
49,2.0,2.2,H25 - CBA - Adder,113,2.0,72.5,14.0,2,100.0
49,2.0,2.2,H25 - CBA - Adder,113,2.0,72.5,14.0,4,0.0
49,2.0,2.2,H25 - CBA - Adder,113,2.0,72.5,14.0,5,0.0
49,2.0,2.2,H25 - CBA - Adder,113,2.0,72.5,14.0,3,0.0
49,2.0,2.3,H25 - CBA - ALU,287,2.0,72.5,14.0,3,0.0
49,2.0,2.3,H25 - CBA - ALU,287,2.0,72.5,14.0,4,0.0
49,2.0,2.3,H25 - CBA - ALU,287,2.0,72.5,14.0,1,50.0
49,2.0,2.3,H25 - CBA - ALU,287,2.0,72.5,14.0,2,50.0
49,2.0,2.3,H25 - CBA - ALU,287,2.0,72.5,14.0,5,0.0
49,2.0,2.4,H25 - CBA - PC,206,2.0,72.5,14.0,4,0.0
49,2.0,2.4,H25 - CBA - PC,206,2.0,72.5,14.0,5,0.0
49,2.0,2.4,H25 - CBA - PC,206,2.0,72.5,14.0,2,0.0
49,2.0,2.4,H25 - CBA - PC,206,2.0,72.5,14.0,3,0.0
49,2.0,2.4,H25 - CBA - PC,206,2.0,72.5,14.0,1,100.0
49,2.0,2.5,H25 - CBA - Universell porter,63,2.0,72.5,14.0,3,100.0
49,2.0,2.5,H25 - CBA - Universell porter,63,2.0,72.5,14.0,2,0.0
49,2.0,2.5,H25 - CBA - Universell porter,63,2.0,72.5,14.0,5,0.0
49,2.0,2.5,H25 - CBA - Universell porter,63,2.0,72.5,14.0,1,0.0
49,2.0,2.5,H25 - CBA - Universell porter,63,2.0,72.5,14.0,4,0.0
49,2.0,2.6,H25 - CBA - Pipeline ytelse,219,2.0,72.5,14.0,4,75.0
49,2.0,2.6,H25 - CBA - Pipeline ytelse,219,2.0,72.5,14.0,5,0.0
49,2.0,2.6,H25 - CBA - Pipeline ytelse,219,2.0,72.5,14.0,2,0.0
49,2.0,2.6,H25 - CBA - Pipeline ytelse,219,2.0,72.5,14.0,3,0.0
49,2.0,2.6,H25 - CBA - Pipeline ytelse,219,2.0,72.5,14.0,1,25.0
49,2.0,2.7,H25 - CBA - Seriell Adder,184,2.0,72.5,14.0,5,0.0
49,2.0,2.7,H25 - CBA - Seriell Adder,184,2.0,72.5,14.0,3,0.0
49,2.0,2.7,H25 - CBA - Seriell Adder,184,2.0,72.5,14.0,1,50.0
49,2.0,2.7,H25 - CBA - Seriell Adder,184,2.0,72.5,14.0,4,25.0
49,2.0,2.7,H25 - CBA - Seriell Adder,184,2.0,72.5,14.0,2,25.0
417,2.0,2.1,H25 - CBA - Cache-miss,122,2.0,81.49,14.0,3,0.0
417,2.0,2.1,H25 - CBA - Cache-miss,122,2.0,81.49,14.0,4,0.0
417,2.0,2.1,H25 - CBA - Cache-miss,122,2.0,81.49,14.0,1,0.0
417,2.0,2.1,H25 - CBA - Cache-miss,122,2.0,81.49,14.0,2,25.0
417,2.0,2.1,H25 - CBA - Cache-miss,122,2.0,81.49,14.0,5,75.0
417,2.0,2.2,H25 - CBA - Adder,50,2.0,81.49,14.0,2,100.0
417,2.0,2.2,H25 - CBA - Adder,50,2.0,81.49,14.0,5,0.0
417,2.0,2.2,H25 - CBA - Adder,50,2.0,81.49,14.0,1,0.0
417,2.0,2.2,H25 - CBA - Adder,50,2.0,81.49,14.0,4,0.0
417,2.0,2.2,H25 - CBA - Adder,50,2.0,81.49,14.0,3,0.0
417,2.0,2.3,H25 - CBA - ALU,109,2.0,81.49,14.0,3,0.0
417,2.0,2.3,H25 - CBA - ALU,109,2.0,81.49,14.0,2,0.0
417,2.0,2.3,H25 - CBA - ALU,109,2.0,81.49,14.0,1,50.0
417,2.0,2.3,H25 - CBA - ALU,109,2.0,81.49,14.0,4,0.0
417,2.0,2.3,H25 - CBA - ALU,109,2.0,81.49,14.0,5,50.0
417,2.0,2.4,H25 - CBA - PC,93,2.0,81.49,14.0,3,100.0
417,2.0,2.4,H25 - CBA - PC,93,2.0,81.49,14.0,2,0.0
417,2.0,2.4,H25 - CBA - PC,93,2.0,81.49,14.0,4,0.0
417,2.0,2.4,H25 - CBA - PC,93,2.0,81.49,14.0,1,0.0
417,2.0,2.4,H25 - CBA - PC,93,2.0,81.49,14.0,5,0.0
417,2.0,2.5,H25 - CBA - Universell porter,67,2.0,81.49,14.0,2,0.0
417,2.0,2.5,H25 - CBA - Universell porter,67,2.0,81.49,14.0,3,100.0
417,2.0,2.5,H25 - CBA - Universell porter,67,2.0,81.49,14.0,5,0.0
417,2.0,2.5,H25 - CBA - Universell porter,67,2.0,81.49,14.0,4,0.0
417,2.0,2.5,H25 - CBA - Universell porter,67,2.0,81.49,14.0,1,0.0
417,2.0,2.6,H25 - CBA - Pipeline ytelse,61,2.0,81.49,14.0,5,0.0
417,2.0,2.6,H25 - CBA - Pipeline ytelse,61,2.0,81.49,14.0,4,100.0
417,2.0,2.6,H25 - CBA - Pipeline ytelse,61,2.0,81.49,14.0,1,0.0
417,2.0,2.6,H25 - CBA - Pipeline ytelse,61,2.0,81.49,14.0,2,0.0
417,2.0,2.6,H25 - CBA - Pipeline ytelse,61,2.0,81.49,14.0,3,0.0
417,2.0,2.7,H25 - CBA - Seriell Adder,107,2.0,81.49,14.0,5,0.0
417,2.0,2.7,H25 - CBA - Seriell Adder,107,2.0,81.49,14.0,3,0.0
417,2.0,2.7,H25 - CBA - Seriell Adder,107,2.0,81.49,14.0,2,100.0
417,2.0,2.7,H25 - CBA - Seriell Adder,107,2.0,81.49,14.0,4,0.0
417,2.0,2.7,H25 - CBA - Seriell Adder,107,2.0,81.49,14.0,1,0.0
469,2.0,2.1,H25 - CBA - Cache-miss,95,2.0,74.85,14.0,1,0.0
469,2.0,2.1,H25 - CBA - Cache-miss,95,2.0,74.85,14.0,3,0.0
469,2.0,2.1,H25 - CBA - Cache-miss,95,2.0,74.85,14.0,4,0.0
469,2.0,2.1,H25 - CBA - Cache-miss,95,2.0,74.85,14.0,2,100.0
469,2.0,2.1,H25 - CBA - Cache-miss,95,2.0,74.85,14.0,5,0.0
469,2.0,2.2,H25 - CBA - Adder,49,2.0,74.85,14.0,1,0.0
469,2.0,2.2,H25 - CBA - Adder,49,2.0,74.85,14.0,3,25.0
469,2.0,2.2,H25 - CBA - Adder,49,2.0,74.85,14.0,4,0.0
469,2.0,2.2,H25 - CBA - Adder,49,2.0,74.85,14.0,2,75.0
469,2.0,2.2,H25 - CBA - Adder,49,2.0,74.85,14.0,5,0.0
469,2.0,2.3,H25 - CBA - ALU,122,2.0,74.85,14.0,4,0.0
469,2.0,2.3,H25 - CBA - ALU,122,2.0,74.85,14.0,3,0.0
469,2.0,2.3,H25 - CBA - ALU,122,2.0,74.85,14.0,2,0.0
469,2.0,2.3,H25 - CBA - ALU,122,2.0,74.85,14.0,1,50.0
469,2.0,2.3,H25 - CBA - ALU,122,2.0,74.85,14.0,5,50.0
469,2.0,2.4,H25 - CBA - PC,37,2.0,74.85,14.0,3,100.0
469,2.0,2.4,H25 - CBA - PC,37,2.0,74.85,14.0,4,0.0
469,2.0,2.4,H25 - CBA - PC,37,2.0,74.85,14.0,5,0.0
469,2.0,2.4,H25 - CBA - PC,37,2.0,74.85,14.0,2,0.0
469,2.0,2.4,H25 - CBA - PC,37,2.0,74.85,14.0,1,0.0
469,2.0,2.5,H25 - CBA - Universell porter,25,2.0,74.85,14.0,3,100.0
469,2.0,2.5,H25 - CBA - Universell porter,25,2.0,74.85,14.0,2,0.0
469,2.0,2.5,H25 - CBA - Universell porter,25,2.0,74.85,14.0,4,0.0
469,2.0,2.5,H25 - CBA - Universell porter,25,2.0,74.85,14.0,5,0.0
469,2.0,2.5,H25 - CBA - Universell porter,25,2.0,74.85,14.0,1,0.0
469,2.0,2.6,H25 - CBA - Pipeline ytelse,51,2.0,74.85,14.0,4,75.0
469,2.0,2.6,H25 - CBA - Pipeline ytelse,51,2.0,74.85,14.0,3,0.0
469,2.0,2.6,H25 - CBA - Pipeline ytelse,51,2.0,74.85,14.0,5,0.0
469,2.0,2.6,H25 - CBA - Pipeline ytelse,51,2.0,74.85,14.0,1,0.0
469,2.0,2.6,H25 - CBA - Pipeline ytelse,51,2.0,74.85,14.0,2,25.0
469,2.0,2.7,H25 - CBA - Seriell Adder,58,2.0,74.85,14.0,5,0.0
469,2.0,2.7,H25 - CBA - Seriell Adder,58,2.0,74.85,14.0,1,25.0
469,2.0,2.7,H25 - CBA - Seriell Adder,58,2.0,74.85,14.0,3,0.0
469,2.0,2.7,H25 - CBA - Seriell Adder,58,2.0,74.85,14.0,4,0.0
469,2.0,2.7,H25 - CBA - Seriell Adder,58,2.0,74.85,14.0,2,75.0
233,2.0,2.1,H25 - CBA - Cache-miss,70,2.0,92.0,14.0,2,100.0
233,2.0,2.1,H25 - CBA - Cache-miss,70,2.0,92.0,14.0,1,0.0
233,2.0,2.1,H25 - CBA - Cache-miss,70,2.0,92.0,14.0,5,0.0
233,2.0,2.1,H25 - CBA - Cache-miss,70,2.0,92.0,14.0,4,0.0
233,2.0,2.1,H25 - CBA - Cache-miss,70,2.0,92.0,14.0,3,0.0
233,2.0,2.2,H25 - CBA - Adder,41,2.0,92.0,14.0,2,100.0
233,2.0,2.2,H25 - CBA - Adder,41,2.0,92.0,14.0,1,0.0
233,2.0,2.2,H25 - CBA - Adder,41,2.0,92.0,14.0,4,0.0
233,2.0,2.2,H25 - CBA - Adder,41,2.0,92.0,14.0,5,0.0
233,2.0,2.2,H25 - CBA - Adder,41,2.0,92.0,14.0,3,0.0
233,2.0,2.3,H25 - CBA - ALU,46,2.0,92.0,14.0,1,100.0
233,2.0,2.3,H25 - CBA - ALU,46,2.0,92.0,14.0,3,0.0
233,2.0,2.3,H25 - CBA - ALU,46,2.0,92.0,14.0,4,0.0
233,2.0,2.3,H25 - CBA - ALU,46,2.0,92.0,14.0,2,0.0
233,2.0,2.3,H25 - CBA - ALU,46,2.0,92.0,14.0,5,0.0
233,2.0,2.4,H25 - CBA - PC,53,2.0,92.0,14.0,1,100.0
233,2.0,2.4,H25 - CBA - PC,53,2.0,92.0,14.0,2,0.0
233,2.0,2.4,H25 - CBA - PC,53,2.0,92.0,14.0,3,0.0
233,2.0,2.4,H25 - CBA - PC,53,2.0,92.0,14.0,4,0.0
233,2.0,2.4,H25 - CBA - PC,53,2.0,92.0,14.0,5,0.0
233,2.0,2.5,H25 - CBA - Universell porter,26,2.0,92.0,14.0,3,100.0
233,2.0,2.5,H25 - CBA - Universell porter,26,2.0,92.0,14.0,1,0.0
233,2.0,2.5,H25 - CBA - Universell porter,26,2.0,92.0,14.0,5,0.0
233,2.0,2.5,H25 - CBA - Universell porter,26,2.0,92.0,14.0,4,0.0
233,2.0,2.5,H25 - CBA - Universell porter,26,2.0,92.0,14.0,2,0.0
233,2.0,2.6,H25 - CBA - Pipeline ytelse,66,2.0,92.0,14.0,4,100.0
233,2.0,2.6,H25 - CBA - Pipeline ytelse,66,2.0,92.0,14.0,1,0.0
233,2.0,2.6,H25 - CBA - Pipeline ytelse,66,2.0,92.0,14.0,5,0.0
233,2.0,2.6,H25 - CBA - Pipeline ytelse,66,2.0,92.0,14.0,2,0.0
233,2.0,2.6,H25 - CBA - Pipeline ytelse,66,2.0,92.0,14.0,3,0.0
233,2.0,2.7,H25 - CBA - Seriell Adder,60,2.0,92.0,14.0,2,100.0
233,2.0,2.7,H25 - CBA - Seriell Adder,60,2.0,92.0,14.0,1,0.0
233,2.0,2.7,H25 - CBA - Seriell Adder,60,2.0,92.0,14.0,3,0.0
233,2.0,2.7,H25 - CBA - Seriell Adder,60,2.0,92.0,14.0,5,0.0
233,2.0,2.7,H25 - CBA - Seriell Adder,60,2.0,92.0,14.0,4,0.0
134,2.0,2.1,H25 - CBA - Cache-miss,47,2.0,64.35,14.0,2,100.0
134,2.0,2.1,H25 - CBA - Cache-miss,47,2.0,64.35,14.0,3,0.0
134,2.0,2.1,H25 - CBA - Cache-miss,47,2.0,64.35,14.0,1,0.0
134,2.0,2.1,H25 - CBA - Cache-miss,47,2.0,64.35,14.0,4,0.0
134,2.0,2.1,H25 - CBA - Cache-miss,47,2.0,64.35,14.0,5,0.0
134,2.0,2.2,H25 - CBA - Adder,42,2.0,64.35,14.0,2,100.0
134,2.0,2.2,H25 - CBA - Adder,42,2.0,64.35,14.0,1,0.0
134,2.0,2.2,H25 - CBA - Adder,42,2.0,64.35,14.0,4,0.0
134,2.0,2.2,H25 - CBA - Adder,42,2.0,64.35,14.0,5,0.0
134,2.0,2.2,H25 - CBA - Adder,42,2.0,64.35,14.0,3,0.0
134,2.0,2.3,H25 - CBA - ALU,70,2.0,64.35,14.0,5,50.0
134,2.0,2.3,H25 - CBA - ALU,70,2.0,64.35,14.0,3,0.0
134,2.0,2.3,H25 - CBA - ALU,70,2.0,64.35,14.0,4,0.0
134,2.0,2.3,H25 - CBA - ALU,70,2.0,64.35,14.0,2,0.0
134,2.0,2.3,H25 - CBA - ALU,70,2.0,64.35,14.0,1,50.0
134,2.0,2.4,H25 - CBA - PC,61,2.0,64.35,14.0,3,100.0
134,2.0,2.4,H25 - CBA - PC,61,2.0,64.35,14.0,5,0.0
134,2.0,2.4,H25 - CBA - PC,61,2.0,64.35,14.0,4,0.0
134,2.0,2.4,H25 - CBA - PC,61,2.0,64.35,14.0,1,0.0
134,2.0,2.4,H25 - CBA - PC,61,2.0,64.35,14.0,2,0.0
134,2.0,2.5,H25 - CBA - Universell porter,49,2.0,64.35,14.0,3,100.0
134,2.0,2.5,H25 - CBA - Universell porter,49,2.0,64.35,14.0,1,0.0
134,2.0,2.5,H25 - CBA - Universell porter,49,2.0,64.35,14.0,2,0.0
134,2.0,2.5,H25 - CBA - Universell porter,49,2.0,64.35,14.0,4,0.0
134,2.0,2.5,H25 - CBA - Universell porter,49,2.0,64.35,14.0,5,0.0
134,2.0,2.6,H25 - CBA - Pipeline ytelse,31,2.0,64.35,14.0,4,100.0
134,2.0,2.6,H25 - CBA - Pipeline ytelse,31,2.0,64.35,14.0,3,0.0
134,2.0,2.6,H25 - CBA - Pipeline ytelse,31,2.0,64.35,14.0,5,0.0
134,2.0,2.6,H25 - CBA - Pipeline ytelse,31,2.0,64.35,14.0,2,0.0
134,2.0,2.6,H25 - CBA - Pipeline ytelse,31,2.0,64.35,14.0,1,0.0
134,2.0,2.7,H25 - CBA - Seriell Adder,53,2.0,64.35,14.0,2,100.0
134,2.0,2.7,H25 - CBA - Seriell Adder,53,2.0,64.35,14.0,4,0.0
134,2.0,2.7,H25 - CBA - Seriell Adder,53,2.0,64.35,14.0,3,0.0
134,2.0,2.7,H25 - CBA - Seriell Adder,53,2.0,64.35,14.0,5,0.0
134,2.0,2.7,H25 - CBA - Seriell Adder,53,2.0,64.35,14.0,1,0.0
280,2.0,2.1,H25 - CBA - Cache-miss,81,2.0,71.35,14.0,2,0.0
280,2.0,2.1,H25 - CBA - Cache-miss,81,2.0,71.35,14.0,1,0.0
280,2.0,2.1,H25 - CBA - Cache-miss,81,2.0,71.35,14.0,5,100.0
280,2.0,2.1,H25 - CBA - Cache-miss,81,2.0,71.35,14.0,4,0.0
280,2.0,2.1,H25 - CBA - Cache-miss,81,2.0,71.35,14.0,3,0.0
280,2.0,2.2,H25 - CBA - Adder,122,2.0,71.35,14.0,5,0.0
280,2.0,2.2,H25 - CBA - Adder,122,2.0,71.35,14.0,3,0.0
280,2.0,2.2,H25 - CBA - Adder,122,2.0,71.35,14.0,2,75.0
280,2.0,2.2,H25 - CBA - Adder,122,2.0,71.35,14.0,4,25.0
280,2.0,2.3,H25 - CBA - ALU,145,2.0,71.35,14.0,4,0.0
280,2.0,2.3,H25 - CBA - ALU,145,2.0,71.35,14.0,5,0.0
280,2.0,2.3,H25 - CBA - ALU,145,2.0,71.35,14.0,1,50.0
280,2.0,2.3,H25 - CBA - ALU,145,2.0,71.35,14.0,3,50.0
280,2.0,2.3,H25 - CBA - ALU,145,2.0,71.35,14.0,2,0.0
280,2.0,2.4,H25 - CBA - PC,45,2.0,71.35,14.0,3,100.0
280,2.0,2.4,H25 - CBA - PC,45,2.0,71.35,14.0,1,0.0
280,2.0,2.4,H25 - CBA - PC,45,2.0,71.35,14.0,2,0.0
280,2.0,2.4,H25 - CBA - PC,45,2.0,71.35,14.0,5,0.0
280,2.0,2.4,H25 - CBA - PC,45,2.0,71.35,14.0,4,0.0
280,2.0,2.5,H25 - CBA - Universell porter,31,2.0,71.35,14.0,1,0.0
280,2.0,2.5,H25 - CBA - Universell porter,31,2.0,71.35,14.0,2,0.0
280,2.0,2.5,H25 - CBA - Universell porter,31,2.0,71.35,14.0,4,0.0
280,2.0,2.5,H25 - CBA - Universell porter,31,2.0,71.35,14.0,3,100.0
280,2.0,2.5,H25 - CBA - Universell porter,31,2.0,71.35,14.0,5,0.0
280,2.0,2.6,H25 - CBA - Pipeline ytelse,134,2.0,71.35,14.0,4,100.0
280,2.0,2.6,H25 - CBA - Pipeline ytelse,134,2.0,71.35,14.0,5,0.0
280,2.0,2.7,H25 - CBA - Seriell Adder,77,2.0,71.35,14.0,5,0.0
280,2.0,2.7,H25 - CBA - Seriell Adder,77,2.0,71.35,14.0,4,25.0
280,2.0,2.7,H25 - CBA - Seriell Adder,77,2.0,71.35,14.0,3,0.0
280,2.0,2.7,H25 - CBA - Seriell Adder,77,2.0,71.35,14.0,1,75.0
280,2.0,2.7,H25 - CBA - Seriell Adder,77,2.0,71.35,14.0,2,0.0
284,2.0,2.1,H25 - CBA - Cache-miss,71,2.0,67.48,14.0,3,0.0
284,2.0,2.1,H25 - CBA - Cache-miss,71,2.0,67.48,14.0,1,0.0
284,2.0,2.1,H25 - CBA - Cache-miss,71,2.0,67.48,14.0,5,25.0
284,2.0,2.1,H25 - CBA - Cache-miss,71,2.0,67.48,14.0,2,25.0
284,2.0,2.1,H25 - CBA - Cache-miss,71,2.0,67.48,14.0,4,50.0
284,2.0,2.2,H25 - CBA - Adder,34,2.0,67.48,14.0,1,0.0
284,2.0,2.2,H25 - CBA - Adder,34,2.0,67.48,14.0,4,0.0
284,2.0,2.2,H25 - CBA - Adder,34,2.0,67.48,14.0,5,25.0
284,2.0,2.2,H25 - CBA - Adder,34,2.0,67.48,14.0,3,25.0
284,2.0,2.2,H25 - CBA - Adder,34,2.0,67.48,14.0,2,50.0
284,2.0,2.3,H25 - CBA - ALU,64,2.0,67.48,14.0,4,0.0
284,2.0,2.3,H25 - CBA - ALU,64,2.0,67.48,14.0,2,25.0
284,2.0,2.3,H25 - CBA - ALU,64,2.0,67.48,14.0,1,25.0
284,2.0,2.3,H25 - CBA - ALU,64,2.0,67.48,14.0,3,25.0
284,2.0,2.3,H25 - CBA - ALU,64,2.0,67.48,14.0,5,25.0
284,2.0,2.4,H25 - CBA - PC,42,2.0,67.48,14.0,3,50.0
284,2.0,2.4,H25 - CBA - PC,42,2.0,67.48,14.0,5,0.0
284,2.0,2.4,H25 - CBA - PC,42,2.0,67.48,14.0,2,25.0
284,2.0,2.4,H25 - CBA - PC,42,2.0,67.48,14.0,1,0.0
284,2.0,2.4,H25 - CBA - PC,42,2.0,67.48,14.0,4,25.0
284,2.0,2.5,H25 - CBA - Universell porter,28,2.0,67.48,14.0,3,75.0
284,2.0,2.5,H25 - CBA - Universell porter,28,2.0,67.48,14.0,2,0.0
284,2.0,2.5,H25 - CBA - Universell porter,28,2.0,67.48,14.0,1,0.0
284,2.0,2.5,H25 - CBA - Universell porter,28,2.0,67.48,14.0,5,25.0
284,2.0,2.5,H25 - CBA - Universell porter,28,2.0,67.48,14.0,4,0.0
284,2.0,2.6,H25 - CBA - Pipeline ytelse,78,2.0,67.48,14.0,4,50.0
284,2.0,2.6,H25 - CBA - Pipeline ytelse,78,2.0,67.48,14.0,5,0.0
284,2.0,2.6,H25 - CBA - Pipeline ytelse,78,2.0,67.48,14.0,3,25.0
284,2.0,2.6,H25 - CBA - Pipeline ytelse,78,2.0,67.48,14.0,2,0.0
284,2.0,2.6,H25 - CBA - Pipeline ytelse,78,2.0,67.48,14.0,1,25.0
284,2.0,2.7,H25 - CBA - Seriell Adder,48,2.0,67.48,14.0,2,25.0
284,2.0,2.7,H25 - CBA - Seriell Adder,48,2.0,67.48,14.0,1,50.0
284,2.0,2.7,H25 - CBA - Seriell Adder,48,2.0,67.48,14.0,5,0.0
284,2.0,2.7,H25 - CBA - Seriell Adder,48,2.0,67.48,14.0,4,25.0
284,2.0,2.7,H25 - CBA - Seriell Adder,48,2.0,67.48,14.0,3,0.0
124,2.0,2.1,H25 - CBA - Cache-miss,258,2.0,71.21,14.0,2,0.0
124,2.0,2.1,H25 - CBA - Cache-miss,258,2.0,71.21,14.0,1,0.0
124,2.0,2.1,H25 - CBA - Cache-miss,258,2.0,71.21,14.0,5,0.0
124,2.0,2.1,H25 - CBA - Cache-miss,258,2.0,71.21,14.0,3,50.0
124,2.0,2.1,H25 - CBA - Cache-miss,258,2.0,71.21,14.0,4,50.0
124,2.0,2.2,H25 - CBA - Adder,104,2.0,71.21,14.0,4,0.0
124,2.0,2.2,H25 - CBA - Adder,104,2.0,71.21,14.0,1,0.0
124,2.0,2.2,H25 - CBA - Adder,104,2.0,71.21,14.0,5,0.0
124,2.0,2.2,H25 - CBA - Adder,104,2.0,71.21,14.0,2,100.0
124,2.0,2.2,H25 - CBA - Adder,104,2.0,71.21,14.0,3,0.0
124,2.0,2.3,H25 - CBA - ALU,111,2.0,71.21,14.0,1,100.0
124,2.0,2.3,H25 - CBA - ALU,111,2.0,71.21,14.0,5,0.0
124,2.0,2.3,H25 - CBA - ALU,111,2.0,71.21,14.0,4,0.0
124,2.0,2.3,H25 - CBA - ALU,111,2.0,71.21,14.0,3,0.0
124,2.0,2.3,H25 - CBA - ALU,111,2.0,71.21,14.0,2,0.0
124,2.0,2.4,H25 - CBA - PC,106,2.0,71.21,14.0,3,100.0
124,2.0,2.4,H25 - CBA - PC,106,2.0,71.21,14.0,5,0.0
124,2.0,2.4,H25 - CBA - PC,106,2.0,71.21,14.0,4,0.0
124,2.0,2.4,H25 - CBA - PC,106,2.0,71.21,14.0,2,0.0
124,2.0,2.4,H25 - CBA - PC,106,2.0,71.21,14.0,1,0.0
124,2.0,2.5,H25 - CBA - Universell porter,43,2.0,71.21,14.0,3,100.0
124,2.0,2.5,H25 - CBA - Universell porter,43,2.0,71.21,14.0,1,0.0
124,2.0,2.5,H25 - CBA - Universell porter,43,2.0,71.21,14.0,4,0.0
124,2.0,2.5,H25 - CBA - Universell porter,43,2.0,71.21,14.0,2,0.0
124,2.0,2.5,H25 - CBA - Universell porter,43,2.0,71.21,14.0,5,0.0
124,2.0,2.6,H25 - CBA - Pipeline ytelse,122,2.0,71.21,14.0,3,0.0
124,2.0,2.6,H25 - CBA - Pipeline ytelse,122,2.0,71.21,14.0,5,50.0
124,2.0,2.6,H25 - CBA - Pipeline ytelse,122,2.0,71.21,14.0,4,0.0
124,2.0,2.6,H25 - CBA - Pipeline ytelse,122,2.0,71.21,14.0,2,0.0
124,2.0,2.6,H25 - CBA - Pipeline ytelse,122,2.0,71.21,14.0,1,50.0
124,2.0,2.7,H25 - CBA - Seriell Adder,235,2.0,71.21,14.0,1,50.0
124,2.0,2.7,H25 - CBA - Seriell Adder,235,2.0,71.21,14.0,3,0.0
124,2.0,2.7,H25 - CBA - Seriell Adder,235,2.0,71.21,14.0,5,0.0
124,2.0,2.7,H25 - CBA - Seriell Adder,235,2.0,71.21,14.0,2,0.0
124,2.0,2.7,H25 - CBA - Seriell Adder,235,2.0,71.21,14.0,4,50.0
396,2.0,2.1,H25 - CBA - Cache-miss,251,2.0,69.0,14.0,2,100.0
396,2.0,2.1,H25 - CBA - Cache-miss,251,2.0,69.0,14.0,1,0.0
396,2.0,2.1,H25 - CBA - Cache-miss,251,2.0,69.0,14.0,5,0.0
396,2.0,2.1,H25 - CBA - Cache-miss,251,2.0,69.0,14.0,3,0.0
396,2.0,2.1,H25 - CBA - Cache-miss,251,2.0,69.0,14.0,4,0.0
396,2.0,2.2,H25 - CBA - Adder,440,2.0,69.0,14.0,2,75.0
396,2.0,2.2,H25 - CBA - Adder,440,2.0,69.0,14.0,5,0.0
396,2.0,2.2,H25 - CBA - Adder,440,2.0,69.0,14.0,1,0.0
396,2.0,2.2,H25 - CBA - Adder,440,2.0,69.0,14.0,3,25.0
396,2.0,2.2,H25 - CBA - Adder,440,2.0,69.0,14.0,4,0.0
396,2.0,2.3,H25 - CBA - ALU,29,2.0,69.0,14.0,1,50.0
396,2.0,2.3,H25 - CBA - ALU,29,2.0,69.0,14.0,2,50.0
396,2.0,2.3,H25 - CBA - ALU,29,2.0,69.0,14.0,4,0.0
396,2.0,2.3,H25 - CBA - ALU,29,2.0,69.0,14.0,5,0.0
396,2.0,2.3,H25 - CBA - ALU,29,2.0,69.0,14.0,3,0.0
396,2.0,2.4,H25 - CBA - PC,49,2.0,69.0,14.0,3,50.0
396,2.0,2.4,H25 - CBA - PC,49,2.0,69.0,14.0,2,50.0
396,2.0,2.4,H25 - CBA - PC,49,2.0,69.0,14.0,5,0.0
396,2.0,2.4,H25 - CBA - PC,49,2.0,69.0,14.0,1,0.0
396,2.0,2.4,H25 - CBA - PC,49,2.0,69.0,14.0,4,0.0
396,2.0,2.5,H25 - CBA - Universell porter,21,2.0,69.0,14.0,3,100.0
396,2.0,2.5,H25 - CBA - Universell porter,21,2.0,69.0,14.0,2,0.0
396,2.0,2.5,H25 - CBA - Universell porter,21,2.0,69.0,14.0,4,0.0
396,2.0,2.5,H25 - CBA - Universell porter,21,2.0,69.0,14.0,1,0.0
396,2.0,2.5,H25 - CBA - Universell porter,21,2.0,69.0,14.0,5,0.0
396,2.0,2.6,H25 - CBA - Pipeline ytelse,33,2.0,69.0,14.0,4,50.0
396,2.0,2.6,H25 - CBA - Pipeline ytelse,33,2.0,69.0,14.0,3,25.0
396,2.0,2.6,H25 - CBA - Pipeline ytelse,33,2.0,69.0,14.0,2,0.0
396,2.0,2.6,H25 - CBA - Pipeline ytelse,33,2.0,69.0,14.0,5,0.0
396,2.0,2.6,H25 - CBA - Pipeline ytelse,33,2.0,69.0,14.0,1,25.0
396,2.0,2.7,H25 - CBA - Seriell Adder,40,2.0,69.0,14.0,2,50.0
396,2.0,2.7,H25 - CBA - Seriell Adder,40,2.0,69.0,14.0,4,25.0
396,2.0,2.7,H25 - CBA - Seriell Adder,40,2.0,69.0,14.0,1,25.0
396,2.0,2.7,H25 - CBA - Seriell Adder,40,2.0,69.0,14.0,5,0.0
396,2.0,2.7,H25 - CBA - Seriell Adder,40,2.0,69.0,14.0,3,0.0
25,2.0,2.1,H25 - CBA - Cache-miss,84,2.0,75.15,14.0,1,0.0
25,2.0,2.1,H25 - CBA - Cache-miss,84,2.0,75.15,14.0,3,0.0
25,2.0,2.1,H25 - CBA - Cache-miss,84,2.0,75.15,14.0,5,50.0
25,2.0,2.1,H25 - CBA - Cache-miss,84,2.0,75.15,14.0,4,25.0
25,2.0,2.1,H25 - CBA - Cache-miss,84,2.0,75.15,14.0,2,25.0
25,2.0,2.2,H25 - CBA - Adder,42,2.0,75.15,14.0,1,0.0
25,2.0,2.2,H25 - CBA - Adder,42,2.0,75.15,14.0,4,0.0
25,2.0,2.2,H25 - CBA - Adder,42,2.0,75.15,14.0,3,50.0
25,2.0,2.2,H25 - CBA - Adder,42,2.0,75.15,14.0,5,0.0
25,2.0,2.2,H25 - CBA - Adder,42,2.0,75.15,14.0,2,50.0
25,2.0,2.3,H25 - CBA - ALU,54,2.0,75.15,14.0,2,0.0
25,2.0,2.3,H25 - CBA - ALU,54,2.0,75.15,14.0,5,0.0
25,2.0,2.3,H25 - CBA - ALU,54,2.0,75.15,14.0,4,0.0
25,2.0,2.3,H25 - CBA - ALU,54,2.0,75.15,14.0,3,50.0
25,2.0,2.3,H25 - CBA - ALU,54,2.0,75.15,14.0,1,50.0
25,2.0,2.4,H25 - CBA - PC,65,2.0,75.15,14.0,3,50.0
25,2.0,2.4,H25 - CBA - PC,65,2.0,75.15,14.0,5,0.0
25,2.0,2.4,H25 - CBA - PC,65,2.0,75.15,14.0,4,0.0
25,2.0,2.4,H25 - CBA - PC,65,2.0,75.15,14.0,2,0.0
25,2.0,2.4,H25 - CBA - PC,65,2.0,75.15,14.0,1,50.0
25,2.0,2.5,H25 - CBA - Universell porter,22,2.0,75.15,14.0,3,100.0
25,2.0,2.5,H25 - CBA - Universell porter,22,2.0,75.15,14.0,1,0.0
25,2.0,2.5,H25 - CBA - Universell porter,22,2.0,75.15,14.0,5,0.0
25,2.0,2.5,H25 - CBA - Universell porter,22,2.0,75.15,14.0,4,0.0
25,2.0,2.5,H25 - CBA - Universell porter,22,2.0,75.15,14.0,2,0.0
25,2.0,2.6,H25 - CBA - Pipeline ytelse,33,2.0,75.15,14.0,4,75.0
25,2.0,2.6,H25 - CBA - Pipeline ytelse,33,2.0,75.15,14.0,1,25.0
25,2.0,2.6,H25 - CBA - Pipeline ytelse,33,2.0,75.15,14.0,5,0.0
25,2.0,2.6,H25 - CBA - Pipeline ytelse,33,2.0,75.15,14.0,3,0.0
25,2.0,2.6,H25 - CBA - Pipeline ytelse,33,2.0,75.15,14.0,2,0.0
25,2.0,2.7,H25 - CBA - Seriell Adder,67,2.0,75.15,14.0,1,0.0
25,2.0,2.7,H25 - CBA - Seriell Adder,67,2.0,75.15,14.0,2,50.0
25,2.0,2.7,H25 - CBA - Seriell Adder,67,2.0,75.15,14.0,5,25.0
25,2.0,2.7,H25 - CBA - Seriell Adder,67,2.0,75.15,14.0,4,0.0
25,2.0,2.7,H25 - CBA - Seriell Adder,67,2.0,75.15,14.0,3,25.0
306,2.0,2.1,H25 - CBA - Cache-miss,123,2.0,60.85,14.0,1,0.0
306,2.0,2.1,H25 - CBA - Cache-miss,123,2.0,60.85,14.0,3,0.0
306,2.0,2.1,H25 - CBA - Cache-miss,123,2.0,60.85,14.0,2,75.0
306,2.0,2.1,H25 - CBA - Cache-miss,123,2.0,60.85,14.0,5,25.0
306,2.0,2.1,H25 - CBA - Cache-miss,123,2.0,60.85,14.0,4,0.0
306,2.0,2.2,H25 - CBA - Adder,65,2.0,60.85,14.0,2,100.0
306,2.0,2.2,H25 - CBA - Adder,65,2.0,60.85,14.0,4,0.0
306,2.0,2.2,H25 - CBA - Adder,65,2.0,60.85,14.0,1,0.0
306,2.0,2.2,H25 - CBA - Adder,65,2.0,60.85,14.0,5,0.0
306,2.0,2.2,H25 - CBA - Adder,65,2.0,60.85,14.0,3,0.0
306,2.0,2.3,H25 - CBA - ALU,105,2.0,60.85,14.0,4,0.0
306,2.0,2.3,H25 - CBA - ALU,105,2.0,60.85,14.0,2,0.0
306,2.0,2.3,H25 - CBA - ALU,105,2.0,60.85,14.0,1,25.0
306,2.0,2.3,H25 - CBA - ALU,105,2.0,60.85,14.0,5,75.0
306,2.0,2.3,H25 - CBA - ALU,105,2.0,60.85,14.0,3,0.0
306,2.0,2.4,H25 - CBA - PC,171,2.0,60.85,14.0,4,75.0
306,2.0,2.4,H25 - CBA - PC,171,2.0,60.85,14.0,5,0.0
306,2.0,2.4,H25 - CBA - PC,171,2.0,60.85,14.0,3,0.0
306,2.0,2.4,H25 - CBA - PC,171,2.0,60.85,14.0,1,25.0
306,2.0,2.4,H25 - CBA - PC,171,2.0,60.85,14.0,2,0.0
306,2.0,2.5,H25 - CBA - Universell porter,14,2.0,60.85,14.0,3,100.0
306,2.0,2.5,H25 - CBA - Universell porter,14,2.0,60.85,14.0,5,0.0
306,2.0,2.5,H25 - CBA - Universell porter,14,2.0,60.85,14.0,4,0.0
306,2.0,2.5,H25 - CBA - Universell porter,14,2.0,60.85,14.0,2,0.0
306,2.0,2.5,H25 - CBA - Universell porter,14,2.0,60.85,14.0,1,0.0
306,2.0,2.6,H25 - CBA - Pipeline ytelse,77,2.0,60.85,14.0,4,100.0
306,2.0,2.6,H25 - CBA - Pipeline ytelse,77,2.0,60.85,14.0,3,0.0
306,2.0,2.6,H25 - CBA - Pipeline ytelse,77,2.0,60.85,14.0,2,0.0
306,2.0,2.6,H25 - CBA - Pipeline ytelse,77,2.0,60.85,14.0,5,0.0
306,2.0,2.6,H25 - CBA - Pipeline ytelse,77,2.0,60.85,14.0,1,0.0
306,2.0,2.7,H25 - CBA - Seriell Adder,104,2.0,60.85,14.0,5,100.0
306,2.0,2.7,H25 - CBA - Seriell Adder,104,2.0,60.85,14.0,2,0.0
306,2.0,2.7,H25 - CBA - Seriell Adder,104,2.0,60.85,14.0,3,0.0
306,2.0,2.7,H25 - CBA - Seriell Adder,104,2.0,60.85,14.0,1,0.0
306,2.0,2.7,H25 - CBA - Seriell Adder,104,2.0,60.85,14.0,4,0.0
370,2.0,2.1,H25 - CBA - Cache-miss,119,2.0,45.79,14.0,3,75.0
370,2.0,2.1,H25 - CBA - Cache-miss,119,2.0,45.79,14.0,4,25.0
370,2.0,2.1,H25 - CBA - Cache-miss,119,2.0,45.79,14.0,2,0.0
370,2.0,2.1,H25 - CBA - Cache-miss,119,2.0,45.79,14.0,1,0.0
370,2.0,2.1,H25 - CBA - Cache-miss,119,2.0,45.79,14.0,5,0.0
370,2.0,2.2,H25 - CBA - Adder,72,2.0,45.79,14.0,3,100.0
370,2.0,2.2,H25 - CBA - Adder,72,2.0,45.79,14.0,1,0.0
370,2.0,2.2,H25 - CBA - Adder,72,2.0,45.79,14.0,2,0.0
370,2.0,2.2,H25 - CBA - Adder,72,2.0,45.79,14.0,5,0.0
370,2.0,2.2,H25 - CBA - Adder,72,2.0,45.79,14.0,4,0.0
370,2.0,2.3,H25 - CBA - ALU,47,2.0,45.79,14.0,2,75.0
370,2.0,2.3,H25 - CBA - ALU,47,2.0,45.79,14.0,3,25.0
370,2.0,2.3,H25 - CBA - ALU,47,2.0,45.79,14.0,4,0.0
370,2.0,2.3,H25 - CBA - ALU,47,2.0,45.79,14.0,1,0.0
370,2.0,2.3,H25 - CBA - ALU,47,2.0,45.79,14.0,5,0.0
370,2.0,2.4,H25 - CBA - PC,86,2.0,45.79,14.0,2,25.0
370,2.0,2.4,H25 - CBA - PC,86,2.0,45.79,14.0,1,75.0
370,2.0,2.4,H25 - CBA - PC,86,2.0,45.79,14.0,3,0.0
370,2.0,2.4,H25 - CBA - PC,86,2.0,45.79,14.0,4,0.0
370,2.0,2.4,H25 - CBA - PC,86,2.0,45.79,14.0,5,0.0
370,2.0,2.5,H25 - CBA - Universell porter,67,2.0,45.79,14.0,3,100.0
370,2.0,2.5,H25 - CBA - Universell porter,67,2.0,45.79,14.0,5,0.0
370,2.0,2.5,H25 - CBA - Universell porter,67,2.0,45.79,14.0,4,0.0
370,2.0,2.5,H25 - CBA - Universell porter,67,2.0,45.79,14.0,1,0.0
370,2.0,2.5,H25 - CBA - Universell porter,67,2.0,45.79,14.0,2,0.0
370,2.0,2.6,H25 - CBA - Pipeline ytelse,52,2.0,45.79,14.0,4,75.0
370,2.0,2.6,H25 - CBA - Pipeline ytelse,52,2.0,45.79,14.0,5,25.0
370,2.0,2.6,H25 - CBA - Pipeline ytelse,52,2.0,45.79,14.0,3,0.0
370,2.0,2.6,H25 - CBA - Pipeline ytelse,52,2.0,45.79,14.0,2,0.0
370,2.0,2.6,H25 - CBA - Pipeline ytelse,52,2.0,45.79,14.0,1,0.0
370,2.0,2.7,H25 - CBA - Seriell Adder,68,2.0,45.79,14.0,4,75.0
370,2.0,2.7,H25 - CBA - Seriell Adder,68,2.0,45.79,14.0,1,25.0
370,2.0,2.7,H25 - CBA - Seriell Adder,68,2.0,45.79,14.0,2,0.0
370,2.0,2.7,H25 - CBA - Seriell Adder,68,2.0,45.79,14.0,5,0.0
370,2.0,2.7,H25 - CBA - Seriell Adder,68,2.0,45.79,14.0,3,0.0
291,2.0,2.1,H25 - CBA - Cache-miss,36,2.0,56.62,14.0,2,100.0
291,2.0,2.1,H25 - CBA - Cache-miss,36,2.0,56.62,14.0,5,0.0
291,2.0,2.1,H25 - CBA - Cache-miss,36,2.0,56.62,14.0,3,0.0
291,2.0,2.1,H25 - CBA - Cache-miss,36,2.0,56.62,14.0,4,0.0
291,2.0,2.1,H25 - CBA - Cache-miss,36,2.0,56.62,14.0,1,0.0
291,2.0,2.2,H25 - CBA - Adder,27,2.0,56.62,14.0,2,100.0
291,2.0,2.2,H25 - CBA - Adder,27,2.0,56.62,14.0,5,0.0
291,2.0,2.2,H25 - CBA - Adder,27,2.0,56.62,14.0,1,0.0
291,2.0,2.2,H25 - CBA - Adder,27,2.0,56.62,14.0,3,0.0
291,2.0,2.2,H25 - CBA - Adder,27,2.0,56.62,14.0,4,0.0
291,2.0,2.3,H25 - CBA - ALU,97,2.0,56.62,14.0,2,50.0
291,2.0,2.3,H25 - CBA - ALU,97,2.0,56.62,14.0,1,50.0
291,2.0,2.3,H25 - CBA - ALU,97,2.0,56.62,14.0,3,0.0
291,2.0,2.3,H25 - CBA - ALU,97,2.0,56.62,14.0,5,0.0
291,2.0,2.3,H25 - CBA - ALU,97,2.0,56.62,14.0,4,0.0
291,2.0,2.4,H25 - CBA - PC,43,2.0,56.62,14.0,3,100.0
291,2.0,2.4,H25 - CBA - PC,43,2.0,56.62,14.0,4,0.0
291,2.0,2.4,H25 - CBA - PC,43,2.0,56.62,14.0,1,0.0
291,2.0,2.4,H25 - CBA - PC,43,2.0,56.62,14.0,5,0.0
291,2.0,2.4,H25 - CBA - PC,43,2.0,56.62,14.0,2,0.0
291,2.0,2.5,H25 - CBA - Universell porter,142,2.0,56.62,14.0,2,0.0
291,2.0,2.5,H25 - CBA - Universell porter,142,2.0,56.62,14.0,4,25.0
291,2.0,2.5,H25 - CBA - Universell porter,142,2.0,56.62,14.0,3,75.0
291,2.0,2.5,H25 - CBA - Universell porter,142,2.0,56.62,14.0,5,0.0
291,2.0,2.5,H25 - CBA - Universell porter,142,2.0,56.62,14.0,1,0.0
291,2.0,2.6,H25 - CBA - Pipeline ytelse,72,2.0,56.62,14.0,4,100.0
291,2.0,2.6,H25 - CBA - Pipeline ytelse,72,2.0,56.62,14.0,3,0.0
291,2.0,2.6,H25 - CBA - Pipeline ytelse,72,2.0,56.62,14.0,1,0.0
291,2.0,2.6,H25 - CBA - Pipeline ytelse,72,2.0,56.62,14.0,2,0.0
291,2.0,2.6,H25 - CBA - Pipeline ytelse,72,2.0,56.62,14.0,5,0.0
291,2.0,2.7,H25 - CBA - Seriell Adder,74,2.0,56.62,14.0,2,100.0
291,2.0,2.7,H25 - CBA - Seriell Adder,74,2.0,56.62,14.0,5,0.0
291,2.0,2.7,H25 - CBA - Seriell Adder,74,2.0,56.62,14.0,1,0.0
291,2.0,2.7,H25 - CBA - Seriell Adder,74,2.0,56.62,14.0,3,0.0
291,2.0,2.7,H25 - CBA - Seriell Adder,74,2.0,56.62,14.0,4,0.0
132,2.0,2.1,H25 - CBA - Cache-miss,33,2.0,44.48,12.0,2,100.0
132,2.0,2.1,H25 - CBA - Cache-miss,33,2.0,44.48,12.0,1,0.0
132,2.0,2.1,H25 - CBA - Cache-miss,33,2.0,44.48,12.0,5,0.0
132,2.0,2.1,H25 - CBA - Cache-miss,33,2.0,44.48,12.0,4,0.0
132,2.0,2.1,H25 - CBA - Cache-miss,33,2.0,44.48,12.0,3,0.0
132,2.0,2.2,H25 - CBA - Adder,57,0.0,44.48,12.0,2,50.0
132,2.0,2.2,H25 - CBA - Adder,57,0.0,44.48,12.0,3,25.0
132,2.0,2.2,H25 - CBA - Adder,57,0.0,44.48,12.0,5,25.0
132,2.0,2.3,H25 - CBA - ALU,53,2.0,44.48,12.0,5,50.0
132,2.0,2.3,H25 - CBA - ALU,53,2.0,44.48,12.0,4,0.0
132,2.0,2.3,H25 - CBA - ALU,53,2.0,44.48,12.0,1,25.0
132,2.0,2.3,H25 - CBA - ALU,53,2.0,44.48,12.0,2,25.0
132,2.0,2.3,H25 - CBA - ALU,53,2.0,44.48,12.0,3,0.0
132,2.0,2.4,H25 - CBA - PC,39,2.0,44.48,12.0,5,25.0
132,2.0,2.4,H25 - CBA - PC,39,2.0,44.48,12.0,4,0.0
132,2.0,2.4,H25 - CBA - PC,39,2.0,44.48,12.0,3,75.0
132,2.0,2.4,H25 - CBA - PC,39,2.0,44.48,12.0,2,0.0
132,2.0,2.4,H25 - CBA - PC,39,2.0,44.48,12.0,1,0.0
132,2.0,2.5,H25 - CBA - Universell porter,23,2.0,44.48,12.0,3,100.0
132,2.0,2.5,H25 - CBA - Universell porter,23,2.0,44.48,12.0,2,0.0
132,2.0,2.5,H25 - CBA - Universell porter,23,2.0,44.48,12.0,4,0.0
132,2.0,2.5,H25 - CBA - Universell porter,23,2.0,44.48,12.0,5,0.0
132,2.0,2.5,H25 - CBA - Universell porter,23,2.0,44.48,12.0,1,0.0
132,2.0,2.6,H25 - CBA - Pipeline ytelse,56,2.0,44.48,12.0,4,100.0
132,2.0,2.6,H25 - CBA - Pipeline ytelse,56,2.0,44.48,12.0,2,0.0
132,2.0,2.6,H25 - CBA - Pipeline ytelse,56,2.0,44.48,12.0,1,0.0
132,2.0,2.6,H25 - CBA - Pipeline ytelse,56,2.0,44.48,12.0,5,0.0
132,2.0,2.6,H25 - CBA - Pipeline ytelse,56,2.0,44.48,12.0,3,0.0
132,2.0,2.7,H25 - CBA - Seriell Adder,45,2.0,44.48,12.0,2,75.0
132,2.0,2.7,H25 - CBA - Seriell Adder,45,2.0,44.48,12.0,4,0.0
132,2.0,2.7,H25 - CBA - Seriell Adder,45,2.0,44.48,12.0,3,25.0
132,2.0,2.7,H25 - CBA - Seriell Adder,45,2.0,44.48,12.0,5,0.0
132,2.0,2.7,H25 - CBA - Seriell Adder,45,2.0,44.48,12.0,1,0.0
109,2.0,2.1,H25 - CBA - Cache-miss,153,2.0,70.2,14.0,2,100.0
109,2.0,2.1,H25 - CBA - Cache-miss,153,2.0,70.2,14.0,1,0.0
109,2.0,2.1,H25 - CBA - Cache-miss,153,2.0,70.2,14.0,3,0.0
109,2.0,2.1,H25 - CBA - Cache-miss,153,2.0,70.2,14.0,5,0.0
109,2.0,2.1,H25 - CBA - Cache-miss,153,2.0,70.2,14.0,4,0.0
109,2.0,2.2,H25 - CBA - Adder,121,2.0,70.2,14.0,2,50.0
109,2.0,2.2,H25 - CBA - Adder,121,2.0,70.2,14.0,3,50.0
109,2.0,2.2,H25 - CBA - Adder,121,2.0,70.2,14.0,4,0.0
109,2.0,2.2,H25 - CBA - Adder,121,2.0,70.2,14.0,5,0.0
109,2.0,2.3,H25 - CBA - ALU,198,2.0,70.2,14.0,1,75.0
109,2.0,2.3,H25 - CBA - ALU,198,2.0,70.2,14.0,5,25.0
109,2.0,2.3,H25 - CBA - ALU,198,2.0,70.2,14.0,2,0.0
109,2.0,2.3,H25 - CBA - ALU,198,2.0,70.2,14.0,3,0.0
109,2.0,2.3,H25 - CBA - ALU,198,2.0,70.2,14.0,4,0.0
109,2.0,2.4,H25 - CBA - PC,59,2.0,70.2,14.0,1,75.0
109,2.0,2.4,H25 - CBA - PC,59,2.0,70.2,14.0,2,25.0
109,2.0,2.4,H25 - CBA - PC,59,2.0,70.2,14.0,3,0.0
109,2.0,2.4,H25 - CBA - PC,59,2.0,70.2,14.0,5,0.0
109,2.0,2.4,H25 - CBA - PC,59,2.0,70.2,14.0,4,0.0
109,2.0,2.5,H25 - CBA - Universell porter,65,2.0,70.2,14.0,3,100.0
109,2.0,2.5,H25 - CBA - Universell porter,65,2.0,70.2,14.0,1,0.0
109,2.0,2.5,H25 - CBA - Universell porter,65,2.0,70.2,14.0,2,0.0
109,2.0,2.5,H25 - CBA - Universell porter,65,2.0,70.2,14.0,4,0.0
109,2.0,2.5,H25 - CBA - Universell porter,65,2.0,70.2,14.0,5,0.0
109,2.0,2.6,H25 - CBA - Pipeline ytelse,237,2.0,70.2,14.0,3,50.0
109,2.0,2.6,H25 - CBA - Pipeline ytelse,237,2.0,70.2,14.0,4,0.0
109,2.0,2.6,H25 - CBA - Pipeline ytelse,237,2.0,70.2,14.0,1,25.0
109,2.0,2.6,H25 - CBA - Pipeline ytelse,237,2.0,70.2,14.0,5,25.0
109,2.0,2.6,H25 - CBA - Pipeline ytelse,237,2.0,70.2,14.0,2,0.0
109,2.0,2.7,H25 - CBA - Seriell Adder,203,2.0,70.2,14.0,5,0.0
109,2.0,2.7,H25 - CBA - Seriell Adder,203,2.0,70.2,14.0,3,0.0
109,2.0,2.7,H25 - CBA - Seriell Adder,203,2.0,70.2,14.0,4,50.0
109,2.0,2.7,H25 - CBA - Seriell Adder,203,2.0,70.2,14.0,1,50.0
109,2.0,2.7,H25 - CBA - Seriell Adder,203,2.0,70.2,14.0,2,0.0
8,2.0,2.1,H25 - CBA - Cache-miss,243,2.0,48.81,14.0,2,100.0
8,2.0,2.1,H25 - CBA - Cache-miss,243,2.0,48.81,14.0,1,0.0
8,2.0,2.1,H25 - CBA - Cache-miss,243,2.0,48.81,14.0,3,0.0
8,2.0,2.1,H25 - CBA - Cache-miss,243,2.0,48.81,14.0,5,0.0
8,2.0,2.1,H25 - CBA - Cache-miss,243,2.0,48.81,14.0,4,0.0
8,2.0,2.2,H25 - CBA - Adder,174,2.0,48.81,14.0,2,100.0
8,2.0,2.2,H25 - CBA - Adder,174,2.0,48.81,14.0,3,0.0
8,2.0,2.2,H25 - CBA - Adder,174,2.0,48.81,14.0,5,0.0
8,2.0,2.2,H25 - CBA - Adder,174,2.0,48.81,14.0,4,0.0
8,2.0,2.2,H25 - CBA - Adder,174,2.0,48.81,14.0,1,0.0
8,2.0,2.3,H25 - CBA - ALU,371,2.0,48.81,14.0,2,50.0
8,2.0,2.3,H25 - CBA - ALU,371,2.0,48.81,14.0,1,50.0
8,2.0,2.3,H25 - CBA - ALU,371,2.0,48.81,14.0,3,0.0
8,2.0,2.3,H25 - CBA - ALU,371,2.0,48.81,14.0,4,0.0
8,2.0,2.3,H25 - CBA - ALU,371,2.0,48.81,14.0,5,0.0
8,2.0,2.4,H25 - CBA - PC,181,2.0,48.81,14.0,1,0.0
8,2.0,2.4,H25 - CBA - PC,181,2.0,48.81,14.0,3,0.0
8,2.0,2.4,H25 - CBA - PC,181,2.0,48.81,14.0,2,75.0
8,2.0,2.4,H25 - CBA - PC,181,2.0,48.81,14.0,4,0.0
8,2.0,2.4,H25 - CBA - PC,181,2.0,48.81,14.0,5,25.0
8,2.0,2.5,H25 - CBA - Universell porter,128,2.0,48.81,14.0,5,0.0
8,2.0,2.5,H25 - CBA - Universell porter,128,2.0,48.81,14.0,3,100.0
8,2.0,2.5,H25 - CBA - Universell porter,128,2.0,48.81,14.0,2,0.0
8,2.0,2.5,H25 - CBA - Universell porter,128,2.0,48.81,14.0,1,0.0
8,2.0,2.5,H25 - CBA - Universell porter,128,2.0,48.81,14.0,4,0.0
8,2.0,2.6,H25 - CBA - Pipeline ytelse,317,2.0,48.81,14.0,1,50.0
8,2.0,2.6,H25 - CBA - Pipeline ytelse,317,2.0,48.81,14.0,4,50.0
8,2.0,2.6,H25 - CBA - Pipeline ytelse,317,2.0,48.81,14.0,3,0.0
8,2.0,2.6,H25 - CBA - Pipeline ytelse,317,2.0,48.81,14.0,2,0.0
8,2.0,2.6,H25 - CBA - Pipeline ytelse,317,2.0,48.81,14.0,5,0.0
8,2.0,2.7,H25 - CBA - Seriell Adder,200,2.0,48.81,14.0,2,50.0
8,2.0,2.7,H25 - CBA - Seriell Adder,200,2.0,48.81,14.0,4,50.0
8,2.0,2.7,H25 - CBA - Seriell Adder,200,2.0,48.81,14.0,5,0.0
8,2.0,2.7,H25 - CBA - Seriell Adder,200,2.0,48.81,14.0,1,0.0
8,2.0,2.7,H25 - CBA - Seriell Adder,200,2.0,48.81,14.0,3,0.0
190,2.0,2.2,H25 - CBA - Adder,232,2.0,62.71,14.0,4,0.0
190,2.0,2.2,H25 - CBA - Adder,232,2.0,62.71,14.0,2,0.0
190,2.0,2.2,H25 - CBA - Adder,232,2.0,62.71,14.0,3,50.0
190,2.0,2.2,H25 - CBA - Adder,232,2.0,62.71,14.0,5,0.0
190,2.0,2.2,H25 - CBA - Adder,232,2.0,62.71,14.0,1,50.0
74,2.0,2.1,H25 - CBA - Cache-miss,213,2.0,61.95,14.0,4,0.0
74,2.0,2.1,H25 - CBA - Cache-miss,213,2.0,61.95,14.0,2,75.0
74,2.0,2.1,H25 - CBA - Cache-miss,213,2.0,61.95,14.0,5,25.0
74,2.0,2.1,H25 - CBA - Cache-miss,213,2.0,61.95,14.0,3,0.0
74,2.0,2.1,H25 - CBA - Cache-miss,213,2.0,61.95,14.0,1,0.0
74,2.0,2.2,H25 - CBA - Adder,112,2.0,61.95,14.0,5,0.0
74,2.0,2.2,H25 - CBA - Adder,112,2.0,61.95,14.0,3,100.0
74,2.0,2.2,H25 - CBA - Adder,112,2.0,61.95,14.0,2,0.0
74,2.0,2.2,H25 - CBA - Adder,112,2.0,61.95,14.0,1,0.0
74,2.0,2.2,H25 - CBA - Adder,112,2.0,61.95,14.0,4,0.0
74,2.0,2.3,H25 - CBA - ALU,199,2.0,61.95,14.0,1,50.0
74,2.0,2.3,H25 - CBA - ALU,199,2.0,61.95,14.0,2,25.0
74,2.0,2.3,H25 - CBA - ALU,199,2.0,61.95,14.0,4,0.0
74,2.0,2.3,H25 - CBA - ALU,199,2.0,61.95,14.0,5,0.0
74,2.0,2.3,H25 - CBA - ALU,199,2.0,61.95,14.0,3,25.0
74,2.0,2.4,H25 - CBA - PC,159,2.0,61.95,14.0,3,0.0
74,2.0,2.4,H25 - CBA - PC,159,2.0,61.95,14.0,1,100.0
74,2.0,2.4,H25 - CBA - PC,159,2.0,61.95,14.0,5,0.0
74,2.0,2.4,H25 - CBA - PC,159,2.0,61.95,14.0,4,0.0
74,2.0,2.4,H25 - CBA - PC,159,2.0,61.95,14.0,2,0.0
74,2.0,2.5,H25 - CBA - Universell porter,45,2.0,61.95,14.0,3,100.0
74,2.0,2.5,H25 - CBA - Universell porter,45,2.0,61.95,14.0,2,0.0
74,2.0,2.5,H25 - CBA - Universell porter,45,2.0,61.95,14.0,5,0.0
74,2.0,2.5,H25 - CBA - Universell porter,45,2.0,61.95,14.0,1,0.0
74,2.0,2.5,H25 - CBA - Universell porter,45,2.0,61.95,14.0,4,0.0
74,2.0,2.6,H25 - CBA - Pipeline ytelse,85,2.0,61.95,14.0,4,100.0
74,2.0,2.6,H25 - CBA - Pipeline ytelse,85,2.0,61.95,14.0,1,0.0
74,2.0,2.6,H25 - CBA - Pipeline ytelse,85,2.0,61.95,14.0,5,0.0
74,2.0,2.6,H25 - CBA - Pipeline ytelse,85,2.0,61.95,14.0,3,0.0
74,2.0,2.6,H25 - CBA - Pipeline ytelse,85,2.0,61.95,14.0,2,0.0
349,2.0,2.1,H25 - CBA - Cache-miss,229,2.0,59.19,14.0,1,0.0
349,2.0,2.1,H25 - CBA - Cache-miss,229,2.0,59.19,14.0,4,25.0
349,2.0,2.1,H25 - CBA - Cache-miss,229,2.0,59.19,14.0,5,50.0
349,2.0,2.1,H25 - CBA - Cache-miss,229,2.0,59.19,14.0,3,0.0
349,2.0,2.1,H25 - CBA - Cache-miss,229,2.0,59.19,14.0,2,25.0
349,2.0,2.2,H25 - CBA - Adder,44,2.0,59.19,14.0,3,25.0
349,2.0,2.2,H25 - CBA - Adder,44,2.0,59.19,14.0,1,0.0
349,2.0,2.2,H25 - CBA - Adder,44,2.0,59.19,14.0,2,25.0
349,2.0,2.2,H25 - CBA - Adder,44,2.0,59.19,14.0,4,0.0
349,2.0,2.2,H25 - CBA - Adder,44,2.0,59.19,14.0,5,50.0
349,2.0,2.3,H25 - CBA - ALU,94,2.0,59.19,14.0,5,50.0
349,2.0,2.3,H25 - CBA - ALU,94,2.0,59.19,14.0,4,25.0
349,2.0,2.3,H25 - CBA - ALU,94,2.0,59.19,14.0,2,25.0
349,2.0,2.3,H25 - CBA - ALU,94,2.0,59.19,14.0,3,0.0
349,2.0,2.3,H25 - CBA - ALU,94,2.0,59.19,14.0,1,0.0
349,2.0,2.4,H25 - CBA - PC,140,2.0,59.19,14.0,3,75.0
349,2.0,2.4,H25 - CBA - PC,140,2.0,59.19,14.0,4,0.0
349,2.0,2.4,H25 - CBA - PC,140,2.0,59.19,14.0,5,0.0
349,2.0,2.4,H25 - CBA - PC,140,2.0,59.19,14.0,1,0.0
349,2.0,2.4,H25 - CBA - PC,140,2.0,59.19,14.0,2,25.0
349,2.0,2.5,H25 - CBA - Universell porter,137,2.0,59.19,14.0,3,100.0
349,2.0,2.5,H25 - CBA - Universell porter,137,2.0,59.19,14.0,1,0.0
349,2.0,2.5,H25 - CBA - Universell porter,137,2.0,59.19,14.0,2,0.0
349,2.0,2.5,H25 - CBA - Universell porter,137,2.0,59.19,14.0,4,0.0
349,2.0,2.5,H25 - CBA - Universell porter,137,2.0,59.19,14.0,5,0.0
349,2.0,2.6,H25 - CBA - Pipeline ytelse,140,2.0,59.19,14.0,1,50.0
349,2.0,2.6,H25 - CBA - Pipeline ytelse,140,2.0,59.19,14.0,5,25.0
349,2.0,2.6,H25 - CBA - Pipeline ytelse,140,2.0,59.19,14.0,4,25.0
349,2.0,2.6,H25 - CBA - Pipeline ytelse,140,2.0,59.19,14.0,3,0.0
349,2.0,2.6,H25 - CBA - Pipeline ytelse,140,2.0,59.19,14.0,2,0.0
349,2.0,2.7,H25 - CBA - Seriell Adder,66,2.0,59.19,14.0,1,25.0
349,2.0,2.7,H25 - CBA - Seriell Adder,66,2.0,59.19,14.0,4,25.0
349,2.0,2.7,H25 - CBA - Seriell Adder,66,2.0,59.19,14.0,2,25.0
349,2.0,2.7,H25 - CBA - Seriell Adder,66,2.0,59.19,14.0,3,0.0
349,2.0,2.7,H25 - CBA - Seriell Adder,66,2.0,59.19,14.0,5,25.0
315,2.0,2.1,H25 - CBA - Cache-miss,102,2.0,55.86,14.0,2,50.0
315,2.0,2.1,H25 - CBA - Cache-miss,102,2.0,55.86,14.0,3,0.0
315,2.0,2.1,H25 - CBA - Cache-miss,102,2.0,55.86,14.0,1,0.0
315,2.0,2.1,H25 - CBA - Cache-miss,102,2.0,55.86,14.0,4,0.0
315,2.0,2.1,H25 - CBA - Cache-miss,102,2.0,55.86,14.0,5,50.0
315,2.0,2.2,H25 - CBA - Adder,81,2.0,55.86,14.0,5,50.0
315,2.0,2.2,H25 - CBA - Adder,81,2.0,55.86,14.0,3,50.0
315,2.0,2.2,H25 - CBA - Adder,81,2.0,55.86,14.0,1,0.0
315,2.0,2.2,H25 - CBA - Adder,81,2.0,55.86,14.0,2,0.0
315,2.0,2.2,H25 - CBA - Adder,81,2.0,55.86,14.0,4,0.0
315,2.0,2.3,H25 - CBA - ALU,101,2.0,55.86,14.0,1,100.0
315,2.0,2.3,H25 - CBA - ALU,101,2.0,55.86,14.0,4,0.0
315,2.0,2.3,H25 - CBA - ALU,101,2.0,55.86,14.0,2,0.0
315,2.0,2.3,H25 - CBA - ALU,101,2.0,55.86,14.0,5,0.0
315,2.0,2.3,H25 - CBA - ALU,101,2.0,55.86,14.0,3,0.0
315,2.0,2.4,H25 - CBA - PC,25,2.0,55.86,14.0,1,100.0
315,2.0,2.4,H25 - CBA - PC,25,2.0,55.86,14.0,3,0.0
315,2.0,2.4,H25 - CBA - PC,25,2.0,55.86,14.0,5,0.0
315,2.0,2.4,H25 - CBA - PC,25,2.0,55.86,14.0,4,0.0
315,2.0,2.4,H25 - CBA - PC,25,2.0,55.86,14.0,2,0.0
315,2.0,2.5,H25 - CBA - Universell porter,26,2.0,55.86,14.0,3,100.0
315,2.0,2.5,H25 - CBA - Universell porter,26,2.0,55.86,14.0,4,0.0
315,2.0,2.5,H25 - CBA - Universell porter,26,2.0,55.86,14.0,1,0.0
315,2.0,2.5,H25 - CBA - Universell porter,26,2.0,55.86,14.0,5,0.0
315,2.0,2.5,H25 - CBA - Universell porter,26,2.0,55.86,14.0,2,0.0
315,2.0,2.6,H25 - CBA - Pipeline ytelse,32,2.0,55.86,14.0,3,100.0
315,2.0,2.6,H25 - CBA - Pipeline ytelse,32,2.0,55.86,14.0,2,0.0
315,2.0,2.6,H25 - CBA - Pipeline ytelse,32,2.0,55.86,14.0,4,0.0
315,2.0,2.6,H25 - CBA - Pipeline ytelse,32,2.0,55.86,14.0,1,0.0
315,2.0,2.6,H25 - CBA - Pipeline ytelse,32,2.0,55.86,14.0,5,0.0
365,2.0,2.1,H25 - CBA - Cache-miss,34,2.0,56.82,14.0,4,0.0
365,2.0,2.1,H25 - CBA - Cache-miss,34,2.0,56.82,14.0,2,100.0
365,2.0,2.1,H25 - CBA - Cache-miss,34,2.0,56.82,14.0,5,0.0
365,2.0,2.1,H25 - CBA - Cache-miss,34,2.0,56.82,14.0,1,0.0
365,2.0,2.1,H25 - CBA - Cache-miss,34,2.0,56.82,14.0,3,0.0
365,2.0,2.2,H25 - CBA - Adder,43,2.0,56.82,14.0,3,0.0
365,2.0,2.2,H25 - CBA - Adder,43,2.0,56.82,14.0,5,100.0
365,2.0,2.2,H25 - CBA - Adder,43,2.0,56.82,14.0,4,0.0
365,2.0,2.2,H25 - CBA - Adder,43,2.0,56.82,14.0,1,0.0
365,2.0,2.2,H25 - CBA - Adder,43,2.0,56.82,14.0,2,0.0
365,2.0,2.3,H25 - CBA - ALU,44,2.0,56.82,14.0,1,50.0
365,2.0,2.3,H25 - CBA - ALU,44,2.0,56.82,14.0,2,50.0
365,2.0,2.3,H25 - CBA - ALU,44,2.0,56.82,14.0,5,0.0
365,2.0,2.3,H25 - CBA - ALU,44,2.0,56.82,14.0,3,0.0
365,2.0,2.3,H25 - CBA - ALU,44,2.0,56.82,14.0,4,0.0
365,2.0,2.4,H25 - CBA - PC,86,2.0,56.82,14.0,3,50.0
365,2.0,2.4,H25 - CBA - PC,86,2.0,56.82,14.0,2,50.0
365,2.0,2.4,H25 - CBA - PC,86,2.0,56.82,14.0,1,0.0
365,2.0,2.4,H25 - CBA - PC,86,2.0,56.82,14.0,5,0.0
365,2.0,2.4,H25 - CBA - PC,86,2.0,56.82,14.0,4,0.0
365,2.0,2.5,H25 - CBA - Universell porter,30,2.0,56.82,14.0,4,0.0
365,2.0,2.5,H25 - CBA - Universell porter,30,2.0,56.82,14.0,2,0.0
365,2.0,2.5,H25 - CBA - Universell porter,30,2.0,56.82,14.0,3,100.0
365,2.0,2.5,H25 - CBA - Universell porter,30,2.0,56.82,14.0,1,0.0
365,2.0,2.5,H25 - CBA - Universell porter,30,2.0,56.82,14.0,5,0.0
365,2.0,2.6,H25 - CBA - Pipeline ytelse,37,2.0,56.82,14.0,1,0.0
365,2.0,2.6,H25 - CBA - Pipeline ytelse,37,2.0,56.82,14.0,2,0.0
365,2.0,2.6,H25 - CBA - Pipeline ytelse,37,2.0,56.82,14.0,3,0.0
365,2.0,2.6,H25 - CBA - Pipeline ytelse,37,2.0,56.82,14.0,4,100.0
365,2.0,2.6,H25 - CBA - Pipeline ytelse,37,2.0,56.82,14.0,5,0.0
365,2.0,2.7,H25 - CBA - Seriell Adder,43,2.0,56.82,14.0,3,0.0
365,2.0,2.7,H25 - CBA - Seriell Adder,43,2.0,56.82,14.0,5,0.0
365,2.0,2.7,H25 - CBA - Seriell Adder,43,2.0,56.82,14.0,2,100.0
365,2.0,2.7,H25 - CBA - Seriell Adder,43,2.0,56.82,14.0,4,0.0
365,2.0,2.7,H25 - CBA - Seriell Adder,43,2.0,56.82,14.0,1,0.0
505,2.0,2.1,H25 - CBA - Cache-miss,29,2.0,67.02,14.0,2,100.0
505,2.0,2.1,H25 - CBA - Cache-miss,29,2.0,67.02,14.0,1,0.0
505,2.0,2.1,H25 - CBA - Cache-miss,29,2.0,67.02,14.0,4,0.0
505,2.0,2.1,H25 - CBA - Cache-miss,29,2.0,67.02,14.0,5,0.0
505,2.0,2.1,H25 - CBA - Cache-miss,29,2.0,67.02,14.0,3,0.0
505,2.0,2.2,H25 - CBA - Adder,22,2.0,67.02,14.0,2,100.0
505,2.0,2.2,H25 - CBA - Adder,22,2.0,67.02,14.0,3,0.0
505,2.0,2.2,H25 - CBA - Adder,22,2.0,67.02,14.0,5,0.0
505,2.0,2.2,H25 - CBA - Adder,22,2.0,67.02,14.0,1,0.0
505,2.0,2.2,H25 - CBA - Adder,22,2.0,67.02,14.0,4,0.0
505,2.0,2.3,H25 - CBA - ALU,66,2.0,67.02,14.0,1,100.0
505,2.0,2.3,H25 - CBA - ALU,66,2.0,67.02,14.0,4,0.0
505,2.0,2.3,H25 - CBA - ALU,66,2.0,67.02,14.0,5,0.0
505,2.0,2.3,H25 - CBA - ALU,66,2.0,67.02,14.0,3,0.0
505,2.0,2.3,H25 - CBA - ALU,66,2.0,67.02,14.0,2,0.0
505,2.0,2.4,H25 - CBA - PC,25,2.0,67.02,14.0,3,100.0
505,2.0,2.4,H25 - CBA - PC,25,2.0,67.02,14.0,5,0.0
505,2.0,2.4,H25 - CBA - PC,25,2.0,67.02,14.0,4,0.0
505,2.0,2.4,H25 - CBA - PC,25,2.0,67.02,14.0,2,0.0
505,2.0,2.4,H25 - CBA - PC,25,2.0,67.02,14.0,1,0.0
505,2.0,2.5,H25 - CBA - Universell porter,19,2.0,67.02,14.0,3,100.0
505,2.0,2.5,H25 - CBA - Universell porter,19,2.0,67.02,14.0,4,0.0
505,2.0,2.5,H25 - CBA - Universell porter,19,2.0,67.02,14.0,5,0.0
505,2.0,2.5,H25 - CBA - Universell porter,19,2.0,67.02,14.0,1,0.0
505,2.0,2.5,H25 - CBA - Universell porter,19,2.0,67.02,14.0,2,0.0
505,2.0,2.6,H25 - CBA - Pipeline ytelse,60,2.0,67.02,14.0,4,100.0
505,2.0,2.6,H25 - CBA - Pipeline ytelse,60,2.0,67.02,14.0,2,0.0
505,2.0,2.6,H25 - CBA - Pipeline ytelse,60,2.0,67.02,14.0,5,0.0
505,2.0,2.6,H25 - CBA - Pipeline ytelse,60,2.0,67.02,14.0,3,0.0
505,2.0,2.6,H25 - CBA - Pipeline ytelse,60,2.0,67.02,14.0,1,0.0
505,2.0,2.7,H25 - CBA - Seriell Adder,103,2.0,67.02,14.0,2,100.0
505,2.0,2.7,H25 - CBA - Seriell Adder,103,2.0,67.02,14.0,4,0.0
505,2.0,2.7,H25 - CBA - Seriell Adder,103,2.0,67.02,14.0,1,0.0
505,2.0,2.7,H25 - CBA - Seriell Adder,103,2.0,67.02,14.0,3,0.0
505,2.0,2.7,H25 - CBA - Seriell Adder,103,2.0,67.02,14.0,5,0.0
41,2.0,2.1,H25 - CBA - Cache-miss,228,2.0,77.5,14.0,2,75.0
41,2.0,2.1,H25 - CBA - Cache-miss,228,2.0,77.5,14.0,5,25.0
41,2.0,2.1,H25 - CBA - Cache-miss,228,2.0,77.5,14.0,4,0.0
41,2.0,2.1,H25 - CBA - Cache-miss,228,2.0,77.5,14.0,3,0.0
41,2.0,2.1,H25 - CBA - Cache-miss,228,2.0,77.5,14.0,1,0.0
41,2.0,2.2,H25 - CBA - Adder,63,2.0,77.5,14.0,2,100.0
41,2.0,2.2,H25 - CBA - Adder,63,2.0,77.5,14.0,3,0.0
41,2.0,2.2,H25 - CBA - Adder,63,2.0,77.5,14.0,4,0.0
41,2.0,2.2,H25 - CBA - Adder,63,2.0,77.5,14.0,1,0.0
41,2.0,2.2,H25 - CBA - Adder,63,2.0,77.5,14.0,5,0.0
41,2.0,2.3,H25 - CBA - ALU,134,2.0,77.5,14.0,1,50.0
41,2.0,2.3,H25 - CBA - ALU,134,2.0,77.5,14.0,2,25.0
41,2.0,2.3,H25 - CBA - ALU,134,2.0,77.5,14.0,4,0.0
41,2.0,2.3,H25 - CBA - ALU,134,2.0,77.5,14.0,5,25.0
41,2.0,2.3,H25 - CBA - ALU,134,2.0,77.5,14.0,3,0.0
41,2.0,2.4,H25 - CBA - PC,109,2.0,77.5,14.0,3,100.0
41,2.0,2.4,H25 - CBA - PC,109,2.0,77.5,14.0,2,0.0
41,2.0,2.4,H25 - CBA - PC,109,2.0,77.5,14.0,4,0.0
41,2.0,2.4,H25 - CBA - PC,109,2.0,77.5,14.0,5,0.0
41,2.0,2.4,H25 - CBA - PC,109,2.0,77.5,14.0,1,0.0
41,2.0,2.5,H25 - CBA - Universell porter,44,2.0,77.5,14.0,3,100.0
41,2.0,2.5,H25 - CBA - Universell porter,44,2.0,77.5,14.0,4,0.0
41,2.0,2.5,H25 - CBA - Universell porter,44,2.0,77.5,14.0,1,0.0
41,2.0,2.5,H25 - CBA - Universell porter,44,2.0,77.5,14.0,5,0.0
41,2.0,2.5,H25 - CBA - Universell porter,44,2.0,77.5,14.0,2,0.0
41,2.0,2.6,H25 - CBA - Pipeline ytelse,43,2.0,77.5,14.0,4,100.0
41,2.0,2.6,H25 - CBA - Pipeline ytelse,43,2.0,77.5,14.0,5,0.0
41,2.0,2.6,H25 - CBA - Pipeline ytelse,43,2.0,77.5,14.0,2,0.0
41,2.0,2.6,H25 - CBA - Pipeline ytelse,43,2.0,77.5,14.0,3,0.0
41,2.0,2.6,H25 - CBA - Pipeline ytelse,43,2.0,77.5,14.0,1,0.0
41,2.0,2.7,H25 - CBA - Seriell Adder,91,2.0,77.5,14.0,4,50.0
41,2.0,2.7,H25 - CBA - Seriell Adder,91,2.0,77.5,14.0,2,50.0
41,2.0,2.7,H25 - CBA - Seriell Adder,91,2.0,77.5,14.0,1,0.0
41,2.0,2.7,H25 - CBA - Seriell Adder,91,2.0,77.5,14.0,3,0.0
41,2.0,2.7,H25 - CBA - Seriell Adder,91,2.0,77.5,14.0,5,0.0
405,2.0,2.1,H25 - CBA - Cache-miss,28,2.0,79.35,14.0,2,100.0
405,2.0,2.1,H25 - CBA - Cache-miss,28,2.0,79.35,14.0,1,0.0
405,2.0,2.1,H25 - CBA - Cache-miss,28,2.0,79.35,14.0,5,0.0
405,2.0,2.1,H25 - CBA - Cache-miss,28,2.0,79.35,14.0,3,0.0
405,2.0,2.1,H25 - CBA - Cache-miss,28,2.0,79.35,14.0,4,0.0
405,2.0,2.2,H25 - CBA - Adder,31,2.0,79.35,14.0,2,100.0
405,2.0,2.2,H25 - CBA - Adder,31,2.0,79.35,14.0,1,0.0
405,2.0,2.2,H25 - CBA - Adder,31,2.0,79.35,14.0,3,0.0
405,2.0,2.2,H25 - CBA - Adder,31,2.0,79.35,14.0,5,0.0
405,2.0,2.2,H25 - CBA - Adder,31,2.0,79.35,14.0,4,0.0
405,2.0,2.3,H25 - CBA - ALU,49,2.0,79.35,14.0,1,75.0
405,2.0,2.3,H25 - CBA - ALU,49,2.0,79.35,14.0,2,25.0
405,2.0,2.3,H25 - CBA - ALU,49,2.0,79.35,14.0,5,0.0
405,2.0,2.3,H25 - CBA - ALU,49,2.0,79.35,14.0,4,0.0
405,2.0,2.3,H25 - CBA - ALU,49,2.0,79.35,14.0,3,0.0
405,2.0,2.4,H25 - CBA - PC,63,2.0,79.35,14.0,3,100.0
405,2.0,2.4,H25 - CBA - PC,63,2.0,79.35,14.0,2,0.0
405,2.0,2.4,H25 - CBA - PC,63,2.0,79.35,14.0,5,0.0
405,2.0,2.4,H25 - CBA - PC,63,2.0,79.35,14.0,1,0.0
405,2.0,2.4,H25 - CBA - PC,63,2.0,79.35,14.0,4,0.0
405,2.0,2.5,H25 - CBA - Universell porter,27,2.0,79.35,14.0,3,100.0
405,2.0,2.5,H25 - CBA - Universell porter,27,2.0,79.35,14.0,4,0.0
405,2.0,2.5,H25 - CBA - Universell porter,27,2.0,79.35,14.0,1,0.0
405,2.0,2.5,H25 - CBA - Universell porter,27,2.0,79.35,14.0,5,0.0
405,2.0,2.5,H25 - CBA - Universell porter,27,2.0,79.35,14.0,2,0.0
405,2.0,2.6,H25 - CBA - Pipeline ytelse,70,2.0,79.35,14.0,4,100.0
405,2.0,2.6,H25 - CBA - Pipeline ytelse,70,2.0,79.35,14.0,2,0.0
405,2.0,2.6,H25 - CBA - Pipeline ytelse,70,2.0,79.35,14.0,3,0.0
405,2.0,2.6,H25 - CBA - Pipeline ytelse,70,2.0,79.35,14.0,1,0.0
405,2.0,2.6,H25 - CBA - Pipeline ytelse,70,2.0,79.35,14.0,5,0.0
405,2.0,2.7,H25 - CBA - Seriell Adder,95,2.0,79.35,14.0,1,0.0
405,2.0,2.7,H25 - CBA - Seriell Adder,95,2.0,79.35,14.0,4,0.0
405,2.0,2.7,H25 - CBA - Seriell Adder,95,2.0,79.35,14.0,2,50.0
405,2.0,2.7,H25 - CBA - Seriell Adder,95,2.0,79.35,14.0,3,50.0
405,2.0,2.7,H25 - CBA - Seriell Adder,95,2.0,79.35,14.0,5,0.0
452,2.0,2.1,H25 - CBA - Cache-miss,104,2.0,64.68,12.0,4,25.0
452,2.0,2.1,H25 - CBA - Cache-miss,104,2.0,64.68,12.0,2,0.0
452,2.0,2.1,H25 - CBA - Cache-miss,104,2.0,64.68,12.0,5,0.0
452,2.0,2.1,H25 - CBA - Cache-miss,104,2.0,64.68,12.0,3,75.0
452,2.0,2.1,H25 - CBA - Cache-miss,104,2.0,64.68,12.0,1,0.0
452,2.0,2.2,H25 - CBA - Adder,67,0.0,64.68,12.0,2,50.0
452,2.0,2.2,H25 - CBA - Adder,67,0.0,64.68,12.0,3,50.0
452,2.0,2.3,H25 - CBA - ALU,75,2.0,64.68,12.0,1,25.0
452,2.0,2.3,H25 - CBA - ALU,75,2.0,64.68,12.0,2,75.0
452,2.0,2.3,H25 - CBA - ALU,75,2.0,64.68,12.0,3,0.0
452,2.0,2.3,H25 - CBA - ALU,75,2.0,64.68,12.0,5,0.0
452,2.0,2.3,H25 - CBA - ALU,75,2.0,64.68,12.0,4,0.0
452,2.0,2.4,H25 - CBA - PC,74,2.0,64.68,12.0,1,50.0
452,2.0,2.4,H25 - CBA - PC,74,2.0,64.68,12.0,2,50.0
452,2.0,2.4,H25 - CBA - PC,74,2.0,64.68,12.0,3,0.0
452,2.0,2.4,H25 - CBA - PC,74,2.0,64.68,12.0,5,0.0
452,2.0,2.4,H25 - CBA - PC,74,2.0,64.68,12.0,4,0.0
452,2.0,2.5,H25 - CBA - Universell porter,50,2.0,64.68,12.0,3,100.0
452,2.0,2.6,H25 - CBA - Pipeline ytelse,83,2.0,64.68,12.0,1,50.0
452,2.0,2.6,H25 - CBA - Pipeline ytelse,83,2.0,64.68,12.0,3,0.0
452,2.0,2.6,H25 - CBA - Pipeline ytelse,83,2.0,64.68,12.0,4,50.0
452,2.0,2.6,H25 - CBA - Pipeline ytelse,83,2.0,64.68,12.0,2,0.0
452,2.0,2.6,H25 - CBA - Pipeline ytelse,83,2.0,64.68,12.0,5,0.0
452,2.0,2.7,H25 - CBA - Seriell Adder,52,2.0,64.68,12.0,2,50.0
452,2.0,2.7,H25 - CBA - Seriell Adder,52,2.0,64.68,12.0,3,50.0
452,2.0,2.7,H25 - CBA - Seriell Adder,52,2.0,64.68,12.0,5,0.0
452,2.0,2.7,H25 - CBA - Seriell Adder,52,2.0,64.68,12.0,4,0.0
452,2.0,2.7,H25 - CBA - Seriell Adder,52,2.0,64.68,12.0,1,0.0
72,2.0,2.1,H25 - CBA - Cache-miss,275,2.0,79.66,14.0,1,0.0
72,2.0,2.1,H25 - CBA - Cache-miss,275,2.0,79.66,14.0,3,0.0
72,2.0,2.1,H25 - CBA - Cache-miss,275,2.0,79.66,14.0,4,75.0
72,2.0,2.1,H25 - CBA - Cache-miss,275,2.0,79.66,14.0,2,0.0
72,2.0,2.1,H25 - CBA - Cache-miss,275,2.0,79.66,14.0,5,25.0
72,2.0,2.2,H25 - CBA - Adder,42,2.0,79.66,14.0,1,0.0
72,2.0,2.2,H25 - CBA - Adder,42,2.0,79.66,14.0,2,100.0
72,2.0,2.2,H25 - CBA - Adder,42,2.0,79.66,14.0,5,0.0
72,2.0,2.2,H25 - CBA - Adder,42,2.0,79.66,14.0,3,0.0
72,2.0,2.2,H25 - CBA - Adder,42,2.0,79.66,14.0,4,0.0
72,2.0,2.3,H25 - CBA - ALU,88,2.0,79.66,14.0,1,0.0
72,2.0,2.3,H25 - CBA - ALU,88,2.0,79.66,14.0,2,0.0
72,2.0,2.3,H25 - CBA - ALU,88,2.0,79.66,14.0,3,100.0
72,2.0,2.3,H25 - CBA - ALU,88,2.0,79.66,14.0,5,0.0
72,2.0,2.3,H25 - CBA - ALU,88,2.0,79.66,14.0,4,0.0
72,2.0,2.4,H25 - CBA - PC,76,2.0,79.66,14.0,3,100.0
72,2.0,2.4,H25 - CBA - PC,76,2.0,79.66,14.0,4,0.0
72,2.0,2.4,H25 - CBA - PC,76,2.0,79.66,14.0,2,0.0
72,2.0,2.4,H25 - CBA - PC,76,2.0,79.66,14.0,5,0.0
72,2.0,2.4,H25 - CBA - PC,76,2.0,79.66,14.0,1,0.0
72,2.0,2.5,H25 - CBA - Universell porter,23,2.0,79.66,14.0,3,100.0
72,2.0,2.5,H25 - CBA - Universell porter,23,2.0,79.66,14.0,5,0.0
72,2.0,2.5,H25 - CBA - Universell porter,23,2.0,79.66,14.0,4,0.0
72,2.0,2.5,H25 - CBA - Universell porter,23,2.0,79.66,14.0,2,0.0
72,2.0,2.5,H25 - CBA - Universell porter,23,2.0,79.66,14.0,1,0.0
72,2.0,2.6,H25 - CBA - Pipeline ytelse,36,2.0,79.66,14.0,4,100.0
72,2.0,2.6,H25 - CBA - Pipeline ytelse,36,2.0,79.66,14.0,3,0.0
72,2.0,2.6,H25 - CBA - Pipeline ytelse,36,2.0,79.66,14.0,2,0.0
72,2.0,2.6,H25 - CBA - Pipeline ytelse,36,2.0,79.66,14.0,1,0.0
72,2.0,2.6,H25 - CBA - Pipeline ytelse,36,2.0,79.66,14.0,5,0.0
72,2.0,2.7,H25 - CBA - Seriell Adder,79,2.0,79.66,14.0,2,100.0
72,2.0,2.7,H25 - CBA - Seriell Adder,79,2.0,79.66,14.0,4,0.0
72,2.0,2.7,H25 - CBA - Seriell Adder,79,2.0,79.66,14.0,1,0.0
72,2.0,2.7,H25 - CBA - Seriell Adder,79,2.0,79.66,14.0,3,0.0
72,2.0,2.7,H25 - CBA - Seriell Adder,79,2.0,79.66,14.0,5,0.0
286,2.0,2.1,H25 - CBA - Cache-miss,275,2.0,77.81,14.0,3,0.0
286,2.0,2.1,H25 - CBA - Cache-miss,275,2.0,77.81,14.0,2,0.0
286,2.0,2.1,H25 - CBA - Cache-miss,275,2.0,77.81,14.0,4,0.0
286,2.0,2.1,H25 - CBA - Cache-miss,275,2.0,77.81,14.0,5,50.0
286,2.0,2.1,H25 - CBA - Cache-miss,275,2.0,77.81,14.0,1,50.0
286,2.0,2.2,H25 - CBA - Adder,187,2.0,77.81,14.0,2,50.0
286,2.0,2.2,H25 - CBA - Adder,187,2.0,77.81,14.0,5,0.0
286,2.0,2.2,H25 - CBA - Adder,187,2.0,77.81,14.0,3,25.0
286,2.0,2.2,H25 - CBA - Adder,187,2.0,77.81,14.0,4,25.0
286,2.0,2.2,H25 - CBA - Adder,187,2.0,77.81,14.0,1,0.0
286,2.0,2.3,H25 - CBA - ALU,246,2.0,77.81,14.0,5,25.0
286,2.0,2.3,H25 - CBA - ALU,246,2.0,77.81,14.0,4,0.0
286,2.0,2.3,H25 - CBA - ALU,246,2.0,77.81,14.0,1,25.0
286,2.0,2.3,H25 - CBA - ALU,246,2.0,77.81,14.0,2,25.0
286,2.0,2.3,H25 - CBA - ALU,246,2.0,77.81,14.0,3,25.0
286,2.0,2.4,H25 - CBA - PC,162,2.0,77.81,14.0,1,25.0
286,2.0,2.4,H25 - CBA - PC,162,2.0,77.81,14.0,2,25.0
286,2.0,2.4,H25 - CBA - PC,162,2.0,77.81,14.0,5,0.0
286,2.0,2.4,H25 - CBA - PC,162,2.0,77.81,14.0,3,25.0
286,2.0,2.4,H25 - CBA - PC,162,2.0,77.81,14.0,4,25.0
286,2.0,2.5,H25 - CBA - Universell porter,169,2.0,77.81,14.0,1,25.0
286,2.0,2.5,H25 - CBA - Universell porter,169,2.0,77.81,14.0,3,25.0
286,2.0,2.5,H25 - CBA - Universell porter,169,2.0,77.81,14.0,2,0.0
286,2.0,2.5,H25 - CBA - Universell porter,169,2.0,77.81,14.0,5,25.0
286,2.0,2.5,H25 - CBA - Universell porter,169,2.0,77.81,14.0,4,25.0
286,2.0,2.6,H25 - CBA - Pipeline ytelse,191,2.0,77.81,14.0,3,50.0
286,2.0,2.6,H25 - CBA - Pipeline ytelse,191,2.0,77.81,14.0,5,0.0
286,2.0,2.6,H25 - CBA - Pipeline ytelse,191,2.0,77.81,14.0,1,50.0
286,2.0,2.6,H25 - CBA - Pipeline ytelse,191,2.0,77.81,14.0,2,0.0
286,2.0,2.6,H25 - CBA - Pipeline ytelse,191,2.0,77.81,14.0,4,0.0
286,2.0,2.7,H25 - CBA - Seriell Adder,307,2.0,77.81,14.0,1,25.0
286,2.0,2.7,H25 - CBA - Seriell Adder,307,2.0,77.81,14.0,3,25.0
286,2.0,2.7,H25 - CBA - Seriell Adder,307,2.0,77.81,14.0,4,0.0
286,2.0,2.7,H25 - CBA - Seriell Adder,307,2.0,77.81,14.0,5,25.0
286,2.0,2.7,H25 - CBA - Seriell Adder,307,2.0,77.81,14.0,2,25.0
172,2.0,2.1,H25 - CBA - Cache-miss,206,2.0,50.34,14.0,5,0.0
172,2.0,2.1,H25 - CBA - Cache-miss,206,2.0,50.34,14.0,3,0.0
172,2.0,2.1,H25 - CBA - Cache-miss,206,2.0,50.34,14.0,1,0.0
172,2.0,2.1,H25 - CBA - Cache-miss,206,2.0,50.34,14.0,2,0.0
172,2.0,2.1,H25 - CBA - Cache-miss,206,2.0,50.34,14.0,4,100.0
172,2.0,2.2,H25 - CBA - Adder,105,2.0,50.34,14.0,5,0.0
172,2.0,2.2,H25 - CBA - Adder,105,2.0,50.34,14.0,4,0.0
172,2.0,2.2,H25 - CBA - Adder,105,2.0,50.34,14.0,2,0.0
172,2.0,2.2,H25 - CBA - Adder,105,2.0,50.34,14.0,1,0.0
172,2.0,2.2,H25 - CBA - Adder,105,2.0,50.34,14.0,3,100.0
172,2.0,2.3,H25 - CBA - ALU,44,2.0,50.34,14.0,5,50.0
172,2.0,2.3,H25 - CBA - ALU,44,2.0,50.34,14.0,1,50.0
172,2.0,2.3,H25 - CBA - ALU,44,2.0,50.34,14.0,4,0.0
172,2.0,2.3,H25 - CBA - ALU,44,2.0,50.34,14.0,2,0.0
172,2.0,2.3,H25 - CBA - ALU,44,2.0,50.34,14.0,3,0.0
172,2.0,2.4,H25 - CBA - PC,107,2.0,50.34,14.0,3,0.0
172,2.0,2.4,H25 - CBA - PC,107,2.0,50.34,14.0,5,0.0
172,2.0,2.4,H25 - CBA - PC,107,2.0,50.34,14.0,2,0.0
172,2.0,2.4,H25 - CBA - PC,107,2.0,50.34,14.0,1,100.0
172,2.0,2.4,H25 - CBA - PC,107,2.0,50.34,14.0,4,0.0
172,2.0,2.5,H25 - CBA - Universell porter,161,2.0,50.34,14.0,5,75.0
172,2.0,2.5,H25 - CBA - Universell porter,161,2.0,50.34,14.0,3,25.0
172,2.0,2.5,H25 - CBA - Universell porter,161,2.0,50.34,14.0,2,0.0
172,2.0,2.5,H25 - CBA - Universell porter,161,2.0,50.34,14.0,4,0.0
172,2.0,2.5,H25 - CBA - Universell porter,161,2.0,50.34,14.0,1,0.0
172,2.0,2.6,H25 - CBA - Pipeline ytelse,124,2.0,50.34,14.0,5,0.0
172,2.0,2.6,H25 - CBA - Pipeline ytelse,124,2.0,50.34,14.0,4,75.0
172,2.0,2.6,H25 - CBA - Pipeline ytelse,124,2.0,50.34,14.0,3,25.0
172,2.0,2.6,H25 - CBA - Pipeline ytelse,124,2.0,50.34,14.0,2,0.0
172,2.0,2.6,H25 - CBA - Pipeline ytelse,124,2.0,50.34,14.0,1,0.0
172,2.0,2.7,H25 - CBA - Seriell Adder,28,2.0,50.34,14.0,3,100.0
172,2.0,2.7,H25 - CBA - Seriell Adder,28,2.0,50.34,14.0,1,0.0
172,2.0,2.7,H25 - CBA - Seriell Adder,28,2.0,50.34,14.0,2,0.0
172,2.0,2.7,H25 - CBA - Seriell Adder,28,2.0,50.34,14.0,5,0.0
172,2.0,2.7,H25 - CBA - Seriell Adder,28,2.0,50.34,14.0,4,0.0
186,2.0,2.1,H25 - CBA - Cache-miss,152,2.0,56.98,14.0,1,0.0
186,2.0,2.1,H25 - CBA - Cache-miss,152,2.0,56.98,14.0,3,25.0
186,2.0,2.1,H25 - CBA - Cache-miss,152,2.0,56.98,14.0,2,50.0
186,2.0,2.1,H25 - CBA - Cache-miss,152,2.0,56.98,14.0,5,25.0
186,2.0,2.1,H25 - CBA - Cache-miss,152,2.0,56.98,14.0,4,0.0
186,2.0,2.2,H25 - CBA - Adder,13,2.0,56.98,14.0,2,100.0
186,2.0,2.2,H25 - CBA - Adder,13,2.0,56.98,14.0,3,0.0
186,2.0,2.2,H25 - CBA - Adder,13,2.0,56.98,14.0,1,0.0
186,2.0,2.2,H25 - CBA - Adder,13,2.0,56.98,14.0,5,0.0
186,2.0,2.2,H25 - CBA - Adder,13,2.0,56.98,14.0,4,0.0
186,2.0,2.3,H25 - CBA - ALU,45,2.0,56.98,14.0,1,75.0
186,2.0,2.3,H25 - CBA - ALU,45,2.0,56.98,14.0,4,0.0
186,2.0,2.3,H25 - CBA - ALU,45,2.0,56.98,14.0,2,25.0
186,2.0,2.3,H25 - CBA - ALU,45,2.0,56.98,14.0,5,0.0
186,2.0,2.3,H25 - CBA - ALU,45,2.0,56.98,14.0,3,0.0
186,2.0,2.4,H25 - CBA - PC,66,2.0,56.98,14.0,3,100.0
186,2.0,2.4,H25 - CBA - PC,66,2.0,56.98,14.0,2,0.0
186,2.0,2.4,H25 - CBA - PC,66,2.0,56.98,14.0,5,0.0
186,2.0,2.4,H25 - CBA - PC,66,2.0,56.98,14.0,4,0.0
186,2.0,2.4,H25 - CBA - PC,66,2.0,56.98,14.0,1,0.0
186,2.0,2.5,H25 - CBA - Universell porter,46,2.0,56.98,14.0,3,100.0
186,2.0,2.5,H25 - CBA - Universell porter,46,2.0,56.98,14.0,2,0.0
186,2.0,2.5,H25 - CBA - Universell porter,46,2.0,56.98,14.0,1,0.0
186,2.0,2.5,H25 - CBA - Universell porter,46,2.0,56.98,14.0,4,0.0
186,2.0,2.5,H25 - CBA - Universell porter,46,2.0,56.98,14.0,5,0.0
186,2.0,2.6,H25 - CBA - Pipeline ytelse,38,2.0,56.98,14.0,4,100.0
186,2.0,2.6,H25 - CBA - Pipeline ytelse,38,2.0,56.98,14.0,1,0.0
186,2.0,2.6,H25 - CBA - Pipeline ytelse,38,2.0,56.98,14.0,3,0.0
186,2.0,2.6,H25 - CBA - Pipeline ytelse,38,2.0,56.98,14.0,2,0.0
186,2.0,2.6,H25 - CBA - Pipeline ytelse,38,2.0,56.98,14.0,5,0.0
186,2.0,2.7,H25 - CBA - Seriell Adder,70,2.0,56.98,14.0,3,25.0
186,2.0,2.7,H25 - CBA - Seriell Adder,70,2.0,56.98,14.0,4,0.0
186,2.0,2.7,H25 - CBA - Seriell Adder,70,2.0,56.98,14.0,2,50.0
186,2.0,2.7,H25 - CBA - Seriell Adder,70,2.0,56.98,14.0,5,25.0
186,2.0,2.7,H25 - CBA - Seriell Adder,70,2.0,56.98,14.0,1,0.0
386,2.0,2.1,H25 - CBA - Cache-miss,38,2.0,72.67,14.0,3,0.0
386,2.0,2.1,H25 - CBA - Cache-miss,38,2.0,72.67,14.0,4,0.0
386,2.0,2.1,H25 - CBA - Cache-miss,38,2.0,72.67,14.0,5,0.0
386,2.0,2.1,H25 - CBA - Cache-miss,38,2.0,72.67,14.0,2,100.0
386,2.0,2.1,H25 - CBA - Cache-miss,38,2.0,72.67,14.0,1,0.0
386,2.0,2.2,H25 - CBA - Adder,75,2.0,72.67,14.0,4,0.0
386,2.0,2.2,H25 - CBA - Adder,75,2.0,72.67,14.0,1,0.0
386,2.0,2.2,H25 - CBA - Adder,75,2.0,72.67,14.0,3,0.0
386,2.0,2.2,H25 - CBA - Adder,75,2.0,72.67,14.0,5,25.0
386,2.0,2.2,H25 - CBA - Adder,75,2.0,72.67,14.0,2,75.0
386,2.0,2.3,H25 - CBA - ALU,76,2.0,72.67,14.0,2,75.0
386,2.0,2.3,H25 - CBA - ALU,76,2.0,72.67,14.0,1,0.0
386,2.0,2.3,H25 - CBA - ALU,76,2.0,72.67,14.0,4,0.0
386,2.0,2.3,H25 - CBA - ALU,76,2.0,72.67,14.0,3,0.0
386,2.0,2.3,H25 - CBA - ALU,76,2.0,72.67,14.0,5,25.0
386,2.0,2.4,H25 - CBA - PC,110,2.0,72.67,14.0,5,0.0
386,2.0,2.4,H25 - CBA - PC,110,2.0,72.67,14.0,2,0.0
386,2.0,2.4,H25 - CBA - PC,110,2.0,72.67,14.0,3,25.0
386,2.0,2.4,H25 - CBA - PC,110,2.0,72.67,14.0,1,75.0
386,2.0,2.4,H25 - CBA - PC,110,2.0,72.67,14.0,4,0.0
386,2.0,2.5,H25 - CBA - Universell porter,18,2.0,72.67,14.0,4,0.0
386,2.0,2.5,H25 - CBA - Universell porter,18,2.0,72.67,14.0,3,100.0
386,2.0,2.5,H25 - CBA - Universell porter,18,2.0,72.67,14.0,1,0.0
386,2.0,2.5,H25 - CBA - Universell porter,18,2.0,72.67,14.0,5,0.0
386,2.0,2.5,H25 - CBA - Universell porter,18,2.0,72.67,14.0,2,0.0
386,2.0,2.6,H25 - CBA - Pipeline ytelse,69,2.0,72.67,14.0,1,75.0
386,2.0,2.6,H25 - CBA - Pipeline ytelse,69,2.0,72.67,14.0,2,0.0
386,2.0,2.6,H25 - CBA - Pipeline ytelse,69,2.0,72.67,14.0,4,0.0
386,2.0,2.6,H25 - CBA - Pipeline ytelse,69,2.0,72.67,14.0,5,0.0
386,2.0,2.6,H25 - CBA - Pipeline ytelse,69,2.0,72.67,14.0,3,25.0
386,2.0,2.7,H25 - CBA - Seriell Adder,24,2.0,72.67,14.0,3,0.0
386,2.0,2.7,H25 - CBA - Seriell Adder,24,2.0,72.67,14.0,2,100.0
386,2.0,2.7,H25 - CBA - Seriell Adder,24,2.0,72.67,14.0,4,0.0
386,2.0,2.7,H25 - CBA - Seriell Adder,24,2.0,72.67,14.0,1,0.0
386,2.0,2.7,H25 - CBA - Seriell Adder,24,2.0,72.67,14.0,5,0.0
407,2.0,2.1,H25 - CBA - Cache-miss,137,2.0,50.19,14.0,4,50.0
407,2.0,2.1,H25 - CBA - Cache-miss,137,2.0,50.19,14.0,2,50.0
407,2.0,2.1,H25 - CBA - Cache-miss,137,2.0,50.19,14.0,3,0.0
407,2.0,2.1,H25 - CBA - Cache-miss,137,2.0,50.19,14.0,5,0.0
407,2.0,2.1,H25 - CBA - Cache-miss,137,2.0,50.19,14.0,1,0.0
407,2.0,2.2,H25 - CBA - Adder,51,2.0,50.19,14.0,2,100.0
407,2.0,2.2,H25 - CBA - Adder,51,2.0,50.19,14.0,1,0.0
407,2.0,2.2,H25 - CBA - Adder,51,2.0,50.19,14.0,5,0.0
407,2.0,2.2,H25 - CBA - Adder,51,2.0,50.19,14.0,4,0.0
407,2.0,2.2,H25 - CBA - Adder,51,2.0,50.19,14.0,3,0.0
407,2.0,2.3,H25 - CBA - ALU,180,2.0,50.19,14.0,5,25.0
407,2.0,2.3,H25 - CBA - ALU,180,2.0,50.19,14.0,1,50.0
407,2.0,2.3,H25 - CBA - ALU,180,2.0,50.19,14.0,2,25.0
407,2.0,2.3,H25 - CBA - ALU,180,2.0,50.19,14.0,3,0.0
407,2.0,2.3,H25 - CBA - ALU,180,2.0,50.19,14.0,4,0.0
407,2.0,2.4,H25 - CBA - PC,317,2.0,50.19,14.0,1,25.0
407,2.0,2.4,H25 - CBA - PC,317,2.0,50.19,14.0,2,25.0
407,2.0,2.4,H25 - CBA - PC,317,2.0,50.19,14.0,3,25.0
407,2.0,2.4,H25 - CBA - PC,317,2.0,50.19,14.0,4,25.0
407,2.0,2.4,H25 - CBA - PC,317,2.0,50.19,14.0,5,0.0
407,2.0,2.5,H25 - CBA - Universell porter,92,2.0,50.19,14.0,5,25.0
407,2.0,2.5,H25 - CBA - Universell porter,92,2.0,50.19,14.0,1,25.0
407,2.0,2.5,H25 - CBA - Universell porter,92,2.0,50.19,14.0,3,50.0
407,2.0,2.5,H25 - CBA - Universell porter,92,2.0,50.19,14.0,2,0.0
407,2.0,2.5,H25 - CBA - Universell porter,92,2.0,50.19,14.0,4,0.0
407,2.0,2.6,H25 - CBA - Pipeline ytelse,103,2.0,50.19,14.0,3,75.0
407,2.0,2.6,H25 - CBA - Pipeline ytelse,103,2.0,50.19,14.0,5,25.0
407,2.0,2.6,H25 - CBA - Pipeline ytelse,103,2.0,50.19,14.0,4,0.0
407,2.0,2.6,H25 - CBA - Pipeline ytelse,103,2.0,50.19,14.0,2,0.0
407,2.0,2.6,H25 - CBA - Pipeline ytelse,103,2.0,50.19,14.0,1,0.0
407,2.0,2.7,H25 - CBA - Seriell Adder,185,2.0,50.19,14.0,4,50.0
407,2.0,2.7,H25 - CBA - Seriell Adder,185,2.0,50.19,14.0,2,50.0
407,2.0,2.7,H25 - CBA - Seriell Adder,185,2.0,50.19,14.0,3,0.0
407,2.0,2.7,H25 - CBA - Seriell Adder,185,2.0,50.19,14.0,1,0.0
407,2.0,2.7,H25 - CBA - Seriell Adder,185,2.0,50.19,14.0,5,0.0
490,2.0,2.1,H25 - CBA - Cache-miss,58,2.0,81.67,14.0,2,100.0
490,2.0,2.1,H25 - CBA - Cache-miss,58,2.0,81.67,14.0,4,0.0
490,2.0,2.1,H25 - CBA - Cache-miss,58,2.0,81.67,14.0,5,0.0
490,2.0,2.1,H25 - CBA - Cache-miss,58,2.0,81.67,14.0,1,0.0
490,2.0,2.1,H25 - CBA - Cache-miss,58,2.0,81.67,14.0,3,0.0
490,2.0,2.2,H25 - CBA - Adder,44,2.0,81.67,14.0,1,0.0
490,2.0,2.2,H25 - CBA - Adder,44,2.0,81.67,14.0,4,0.0
490,2.0,2.2,H25 - CBA - Adder,44,2.0,81.67,14.0,3,0.0
490,2.0,2.2,H25 - CBA - Adder,44,2.0,81.67,14.0,5,0.0
490,2.0,2.2,H25 - CBA - Adder,44,2.0,81.67,14.0,2,100.0
490,2.0,2.3,H25 - CBA - ALU,66,2.0,81.67,14.0,2,0.0
490,2.0,2.3,H25 - CBA - ALU,66,2.0,81.67,14.0,1,100.0
490,2.0,2.3,H25 - CBA - ALU,66,2.0,81.67,14.0,4,0.0
490,2.0,2.3,H25 - CBA - ALU,66,2.0,81.67,14.0,5,0.0
490,2.0,2.3,H25 - CBA - ALU,66,2.0,81.67,14.0,3,0.0
490,2.0,2.4,H25 - CBA - PC,68,2.0,81.67,14.0,5,0.0
490,2.0,2.4,H25 - CBA - PC,68,2.0,81.67,14.0,1,100.0
490,2.0,2.4,H25 - CBA - PC,68,2.0,81.67,14.0,3,0.0
490,2.0,2.4,H25 - CBA - PC,68,2.0,81.67,14.0,4,0.0
490,2.0,2.4,H25 - CBA - PC,68,2.0,81.67,14.0,2,0.0
490,2.0,2.5,H25 - CBA - Universell porter,42,2.0,81.67,14.0,3,100.0
490,2.0,2.5,H25 - CBA - Universell porter,42,2.0,81.67,14.0,1,0.0
490,2.0,2.5,H25 - CBA - Universell porter,42,2.0,81.67,14.0,5,0.0
490,2.0,2.5,H25 - CBA - Universell porter,42,2.0,81.67,14.0,2,0.0
490,2.0,2.5,H25 - CBA - Universell porter,42,2.0,81.67,14.0,4,0.0
490,2.0,2.6,H25 - CBA - Pipeline ytelse,192,2.0,81.67,14.0,5,25.0
490,2.0,2.6,H25 - CBA - Pipeline ytelse,192,2.0,81.67,14.0,1,75.0
490,2.0,2.6,H25 - CBA - Pipeline ytelse,192,2.0,81.67,14.0,3,0.0
490,2.0,2.6,H25 - CBA - Pipeline ytelse,192,2.0,81.67,14.0,2,0.0
490,2.0,2.6,H25 - CBA - Pipeline ytelse,192,2.0,81.67,14.0,4,0.0
490,2.0,2.7,H25 - CBA - Seriell Adder,67,2.0,81.67,14.0,5,0.0
490,2.0,2.7,H25 - CBA - Seriell Adder,67,2.0,81.67,14.0,3,0.0
490,2.0,2.7,H25 - CBA - Seriell Adder,67,2.0,81.67,14.0,4,0.0
490,2.0,2.7,H25 - CBA - Seriell Adder,67,2.0,81.67,14.0,1,0.0
490,2.0,2.7,H25 - CBA - Seriell Adder,67,2.0,81.67,14.0,2,100.0
311,2.0,2.1,H25 - CBA - Cache-miss,103,2.0,73.65,14.0,3,0.0
311,2.0,2.1,H25 - CBA - Cache-miss,103,2.0,73.65,14.0,1,0.0
311,2.0,2.1,H25 - CBA - Cache-miss,103,2.0,73.65,14.0,2,100.0
311,2.0,2.1,H25 - CBA - Cache-miss,103,2.0,73.65,14.0,4,0.0
311,2.0,2.1,H25 - CBA - Cache-miss,103,2.0,73.65,14.0,5,0.0
311,2.0,2.2,H25 - CBA - Adder,88,2.0,73.65,14.0,1,0.0
311,2.0,2.2,H25 - CBA - Adder,88,2.0,73.65,14.0,4,0.0
311,2.0,2.2,H25 - CBA - Adder,88,2.0,73.65,14.0,5,0.0
311,2.0,2.2,H25 - CBA - Adder,88,2.0,73.65,14.0,3,75.0
311,2.0,2.2,H25 - CBA - Adder,88,2.0,73.65,14.0,2,25.0
311,2.0,2.3,H25 - CBA - ALU,81,2.0,73.65,14.0,4,0.0
311,2.0,2.3,H25 - CBA - ALU,81,2.0,73.65,14.0,1,25.0
311,2.0,2.3,H25 - CBA - ALU,81,2.0,73.65,14.0,2,75.0
311,2.0,2.3,H25 - CBA - ALU,81,2.0,73.65,14.0,5,0.0
311,2.0,2.3,H25 - CBA - ALU,81,2.0,73.65,14.0,3,0.0
311,2.0,2.4,H25 - CBA - PC,84,2.0,73.65,14.0,4,0.0
311,2.0,2.4,H25 - CBA - PC,84,2.0,73.65,14.0,1,25.0
311,2.0,2.4,H25 - CBA - PC,84,2.0,73.65,14.0,2,75.0
311,2.0,2.4,H25 - CBA - PC,84,2.0,73.65,14.0,3,0.0
311,2.0,2.4,H25 - CBA - PC,84,2.0,73.65,14.0,5,0.0
311,2.0,2.5,H25 - CBA - Universell porter,15,2.0,73.65,14.0,4,0.0
311,2.0,2.5,H25 - CBA - Universell porter,15,2.0,73.65,14.0,5,0.0
311,2.0,2.5,H25 - CBA - Universell porter,15,2.0,73.65,14.0,3,100.0
311,2.0,2.5,H25 - CBA - Universell porter,15,2.0,73.65,14.0,2,0.0
311,2.0,2.5,H25 - CBA - Universell porter,15,2.0,73.65,14.0,1,0.0
311,2.0,2.6,H25 - CBA - Pipeline ytelse,56,2.0,73.65,14.0,5,0.0
311,2.0,2.6,H25 - CBA - Pipeline ytelse,56,2.0,73.65,14.0,4,100.0
311,2.0,2.6,H25 - CBA - Pipeline ytelse,56,2.0,73.65,14.0,2,0.0
311,2.0,2.6,H25 - CBA - Pipeline ytelse,56,2.0,73.65,14.0,1,0.0
311,2.0,2.6,H25 - CBA - Pipeline ytelse,56,2.0,73.65,14.0,3,0.0
311,2.0,2.7,H25 - CBA - Seriell Adder,20,2.0,73.65,14.0,2,100.0
311,2.0,2.7,H25 - CBA - Seriell Adder,20,2.0,73.65,14.0,5,0.0
311,2.0,2.7,H25 - CBA - Seriell Adder,20,2.0,73.65,14.0,1,0.0
311,2.0,2.7,H25 - CBA - Seriell Adder,20,2.0,73.65,14.0,4,0.0
311,2.0,2.7,H25 - CBA - Seriell Adder,20,2.0,73.65,14.0,3,0.0
507,2.0,2.1,H25 - CBA - Cache-miss,85,2.0,60.14,8.0,2,100.0
507,2.0,2.2,H25 - CBA - Adder,89,0.0,60.14,8.0,3,75.0
507,2.0,2.2,H25 - CBA - Adder,89,0.0,60.14,8.0,2,25.0
507,2.0,2.3,H25 - CBA - ALU,112,2.0,60.14,8.0,1,100.0
507,2.0,2.4,H25 - CBA - PC,130,0.0,60.14,8.0,2,25.0
507,2.0,2.4,H25 - CBA - PC,130,0.0,60.14,8.0,1,75.0
507,2.0,2.5,H25 - CBA - Universell porter,27,2.0,60.14,8.0,3,100.0
507,2.0,2.6,H25 - CBA - Pipeline ytelse,51,0.0,60.14,8.0,4,50.0
507,2.0,2.6,H25 - CBA - Pipeline ytelse,51,0.0,60.14,8.0,2,50.0
507,2.0,2.7,H25 - CBA - Seriell Adder,123,2.0,60.14,8.0,2,75.0
507,2.0,2.7,H25 - CBA - Seriell Adder,123,2.0,60.14,8.0,3,0.0
507,2.0,2.7,H25 - CBA - Seriell Adder,123,2.0,60.14,8.0,1,25.0
138,2.0,2.1,H25 - CBA - Cache-miss,46,2.0,64.29,14.0,2,100.0
138,2.0,2.1,H25 - CBA - Cache-miss,46,2.0,64.29,14.0,5,0.0
138,2.0,2.1,H25 - CBA - Cache-miss,46,2.0,64.29,14.0,3,0.0
138,2.0,2.1,H25 - CBA - Cache-miss,46,2.0,64.29,14.0,4,0.0
138,2.0,2.1,H25 - CBA - Cache-miss,46,2.0,64.29,14.0,1,0.0
138,2.0,2.2,H25 - CBA - Adder,48,2.0,64.29,14.0,2,100.0
138,2.0,2.2,H25 - CBA - Adder,48,2.0,64.29,14.0,4,0.0
138,2.0,2.2,H25 - CBA - Adder,48,2.0,64.29,14.0,1,0.0
138,2.0,2.2,H25 - CBA - Adder,48,2.0,64.29,14.0,5,0.0
138,2.0,2.2,H25 - CBA - Adder,48,2.0,64.29,14.0,3,0.0
138,2.0,2.3,H25 - CBA - ALU,79,2.0,64.29,14.0,5,50.0
138,2.0,2.3,H25 - CBA - ALU,79,2.0,64.29,14.0,3,50.0
138,2.0,2.3,H25 - CBA - ALU,79,2.0,64.29,14.0,2,0.0
138,2.0,2.3,H25 - CBA - ALU,79,2.0,64.29,14.0,1,0.0
138,2.0,2.3,H25 - CBA - ALU,79,2.0,64.29,14.0,4,0.0
138,2.0,2.4,H25 - CBA - PC,60,2.0,64.29,14.0,3,100.0
138,2.0,2.4,H25 - CBA - PC,60,2.0,64.29,14.0,2,0.0
138,2.0,2.4,H25 - CBA - PC,60,2.0,64.29,14.0,4,0.0
138,2.0,2.4,H25 - CBA - PC,60,2.0,64.29,14.0,1,0.0
138,2.0,2.4,H25 - CBA - PC,60,2.0,64.29,14.0,5,0.0
138,2.0,2.5,H25 - CBA - Universell porter,84,2.0,64.29,14.0,3,100.0
138,2.0,2.5,H25 - CBA - Universell porter,84,2.0,64.29,14.0,4,0.0
138,2.0,2.5,H25 - CBA - Universell porter,84,2.0,64.29,14.0,2,0.0
138,2.0,2.5,H25 - CBA - Universell porter,84,2.0,64.29,14.0,5,0.0
138,2.0,2.5,H25 - CBA - Universell porter,84,2.0,64.29,14.0,1,0.0
138,2.0,2.6,H25 - CBA - Pipeline ytelse,151,2.0,64.29,14.0,2,0.0
138,2.0,2.6,H25 - CBA - Pipeline ytelse,151,2.0,64.29,14.0,1,50.0
138,2.0,2.6,H25 - CBA - Pipeline ytelse,151,2.0,64.29,14.0,3,0.0
138,2.0,2.6,H25 - CBA - Pipeline ytelse,151,2.0,64.29,14.0,5,0.0
138,2.0,2.6,H25 - CBA - Pipeline ytelse,151,2.0,64.29,14.0,4,50.0
138,2.0,2.7,H25 - CBA - Seriell Adder,61,2.0,64.29,14.0,4,50.0
138,2.0,2.7,H25 - CBA - Seriell Adder,61,2.0,64.29,14.0,1,0.0
138,2.0,2.7,H25 - CBA - Seriell Adder,61,2.0,64.29,14.0,2,50.0
138,2.0,2.7,H25 - CBA - Seriell Adder,61,2.0,64.29,14.0,5,0.0
138,2.0,2.7,H25 - CBA - Seriell Adder,61,2.0,64.29,14.0,3,0.0
213,2.0,2.1,H25 - CBA - Cache-miss,70,2.0,88.5,14.0,1,0.0
213,2.0,2.1,H25 - CBA - Cache-miss,70,2.0,88.5,14.0,4,0.0
213,2.0,2.1,H25 - CBA - Cache-miss,70,2.0,88.5,14.0,2,100.0
213,2.0,2.1,H25 - CBA - Cache-miss,70,2.0,88.5,14.0,5,0.0
213,2.0,2.1,H25 - CBA - Cache-miss,70,2.0,88.5,14.0,3,0.0
213,2.0,2.2,H25 - CBA - Adder,108,2.0,88.5,14.0,2,100.0
213,2.0,2.2,H25 - CBA - Adder,108,2.0,88.5,14.0,3,0.0
213,2.0,2.2,H25 - CBA - Adder,108,2.0,88.5,14.0,4,0.0
213,2.0,2.2,H25 - CBA - Adder,108,2.0,88.5,14.0,1,0.0
213,2.0,2.2,H25 - CBA - Adder,108,2.0,88.5,14.0,5,0.0
213,2.0,2.3,H25 - CBA - ALU,174,2.0,88.5,14.0,1,75.0
213,2.0,2.3,H25 - CBA - ALU,174,2.0,88.5,14.0,4,0.0
213,2.0,2.3,H25 - CBA - ALU,174,2.0,88.5,14.0,3,0.0
213,2.0,2.3,H25 - CBA - ALU,174,2.0,88.5,14.0,5,0.0
213,2.0,2.3,H25 - CBA - ALU,174,2.0,88.5,14.0,2,25.0
213,2.0,2.4,H25 - CBA - PC,118,2.0,88.5,14.0,1,100.0
213,2.0,2.4,H25 - CBA - PC,118,2.0,88.5,14.0,2,0.0
213,2.0,2.4,H25 - CBA - PC,118,2.0,88.5,14.0,3,0.0
213,2.0,2.4,H25 - CBA - PC,118,2.0,88.5,14.0,4,0.0
213,2.0,2.4,H25 - CBA - PC,118,2.0,88.5,14.0,5,0.0
213,2.0,2.5,H25 - CBA - Universell porter,21,2.0,88.5,14.0,3,100.0
213,2.0,2.5,H25 - CBA - Universell porter,21,2.0,88.5,14.0,5,0.0
213,2.0,2.5,H25 - CBA - Universell porter,21,2.0,88.5,14.0,4,0.0
213,2.0,2.5,H25 - CBA - Universell porter,21,2.0,88.5,14.0,2,0.0
213,2.0,2.5,H25 - CBA - Universell porter,21,2.0,88.5,14.0,1,0.0
213,2.0,2.6,H25 - CBA - Pipeline ytelse,169,2.0,88.5,14.0,4,100.0
213,2.0,2.6,H25 - CBA - Pipeline ytelse,169,2.0,88.5,14.0,5,0.0
213,2.0,2.6,H25 - CBA - Pipeline ytelse,169,2.0,88.5,14.0,2,0.0
213,2.0,2.6,H25 - CBA - Pipeline ytelse,169,2.0,88.5,14.0,1,0.0
213,2.0,2.6,H25 - CBA - Pipeline ytelse,169,2.0,88.5,14.0,3,0.0
213,2.0,2.7,H25 - CBA - Seriell Adder,158,2.0,88.5,14.0,1,50.0
213,2.0,2.7,H25 - CBA - Seriell Adder,158,2.0,88.5,14.0,4,25.0
213,2.0,2.7,H25 - CBA - Seriell Adder,158,2.0,88.5,14.0,5,25.0
213,2.0,2.7,H25 - CBA - Seriell Adder,158,2.0,88.5,14.0,3,0.0
213,2.0,2.7,H25 - CBA - Seriell Adder,158,2.0,88.5,14.0,2,0.0
219,2.0,2.1,H25 - CBA - Cache-miss,45,2.0,85.17,14.0,2,100.0
219,2.0,2.1,H25 - CBA - Cache-miss,45,2.0,85.17,14.0,5,0.0
219,2.0,2.1,H25 - CBA - Cache-miss,45,2.0,85.17,14.0,3,0.0
219,2.0,2.1,H25 - CBA - Cache-miss,45,2.0,85.17,14.0,1,0.0
219,2.0,2.1,H25 - CBA - Cache-miss,45,2.0,85.17,14.0,4,0.0
219,2.0,2.2,H25 - CBA - Adder,33,2.0,85.17,14.0,2,100.0
219,2.0,2.2,H25 - CBA - Adder,33,2.0,85.17,14.0,4,0.0
219,2.0,2.2,H25 - CBA - Adder,33,2.0,85.17,14.0,3,0.0
219,2.0,2.2,H25 - CBA - Adder,33,2.0,85.17,14.0,1,0.0
219,2.0,2.2,H25 - CBA - Adder,33,2.0,85.17,14.0,5,0.0
219,2.0,2.3,H25 - CBA - ALU,173,2.0,85.17,14.0,2,25.0
219,2.0,2.3,H25 - CBA - ALU,173,2.0,85.17,14.0,1,75.0
219,2.0,2.3,H25 - CBA - ALU,173,2.0,85.17,14.0,3,0.0
219,2.0,2.3,H25 - CBA - ALU,173,2.0,85.17,14.0,5,0.0
219,2.0,2.3,H25 - CBA - ALU,173,2.0,85.17,14.0,4,0.0
219,2.0,2.4,H25 - CBA - PC,75,2.0,85.17,14.0,4,0.0
219,2.0,2.4,H25 - CBA - PC,75,2.0,85.17,14.0,5,0.0
219,2.0,2.4,H25 - CBA - PC,75,2.0,85.17,14.0,1,0.0
219,2.0,2.4,H25 - CBA - PC,75,2.0,85.17,14.0,2,0.0
219,2.0,2.4,H25 - CBA - PC,75,2.0,85.17,14.0,3,100.0
219,2.0,2.5,H25 - CBA - Universell porter,46,2.0,85.17,14.0,3,75.0
219,2.0,2.5,H25 - CBA - Universell porter,46,2.0,85.17,14.0,2,0.0
219,2.0,2.5,H25 - CBA - Universell porter,46,2.0,85.17,14.0,4,0.0
219,2.0,2.5,H25 - CBA - Universell porter,46,2.0,85.17,14.0,5,0.0
219,2.0,2.5,H25 - CBA - Universell porter,46,2.0,85.17,14.0,1,25.0
219,2.0,2.6,H25 - CBA - Pipeline ytelse,41,2.0,85.17,14.0,1,0.0
219,2.0,2.6,H25 - CBA - Pipeline ytelse,41,2.0,85.17,14.0,2,0.0
219,2.0,2.6,H25 - CBA - Pipeline ytelse,41,2.0,85.17,14.0,5,0.0
219,2.0,2.6,H25 - CBA - Pipeline ytelse,41,2.0,85.17,14.0,3,0.0
219,2.0,2.6,H25 - CBA - Pipeline ytelse,41,2.0,85.17,14.0,4,100.0
219,2.0,2.7,H25 - CBA - Seriell Adder,75,2.0,85.17,14.0,2,75.0
219,2.0,2.7,H25 - CBA - Seriell Adder,75,2.0,85.17,14.0,3,0.0
219,2.0,2.7,H25 - CBA - Seriell Adder,75,2.0,85.17,14.0,5,25.0
219,2.0,2.7,H25 - CBA - Seriell Adder,75,2.0,85.17,14.0,1,0.0
219,2.0,2.7,H25 - CBA - Seriell Adder,75,2.0,85.17,14.0,4,0.0
468,2.0,2.1,H25 - CBA - Cache-miss,137,2.0,50.89,14.0,5,0.0
468,2.0,2.1,H25 - CBA - Cache-miss,137,2.0,50.89,14.0,1,0.0
468,2.0,2.1,H25 - CBA - Cache-miss,137,2.0,50.89,14.0,3,0.0
468,2.0,2.1,H25 - CBA - Cache-miss,137,2.0,50.89,14.0,4,50.0
468,2.0,2.1,H25 - CBA - Cache-miss,137,2.0,50.89,14.0,2,50.0
468,2.0,2.2,H25 - CBA - Adder,98,2.0,50.89,14.0,5,75.0
468,2.0,2.2,H25 - CBA - Adder,98,2.0,50.89,14.0,2,25.0
468,2.0,2.2,H25 - CBA - Adder,98,2.0,50.89,14.0,3,0.0
468,2.0,2.2,H25 - CBA - Adder,98,2.0,50.89,14.0,1,0.0
468,2.0,2.2,H25 - CBA - Adder,98,2.0,50.89,14.0,4,0.0
468,2.0,2.3,H25 - CBA - ALU,89,2.0,50.89,14.0,2,75.0
468,2.0,2.3,H25 - CBA - ALU,89,2.0,50.89,14.0,3,0.0
468,2.0,2.3,H25 - CBA - ALU,89,2.0,50.89,14.0,4,0.0
468,2.0,2.3,H25 - CBA - ALU,89,2.0,50.89,14.0,5,0.0
468,2.0,2.3,H25 - CBA - ALU,89,2.0,50.89,14.0,1,25.0
468,2.0,2.4,H25 - CBA - PC,123,2.0,50.89,14.0,5,0.0
468,2.0,2.4,H25 - CBA - PC,123,2.0,50.89,14.0,2,0.0
468,2.0,2.4,H25 - CBA - PC,123,2.0,50.89,14.0,1,25.0
468,2.0,2.4,H25 - CBA - PC,123,2.0,50.89,14.0,3,50.0
468,2.0,2.4,H25 - CBA - PC,123,2.0,50.89,14.0,4,25.0
468,2.0,2.5,H25 - CBA - Universell porter,32,2.0,50.89,14.0,3,100.0
468,2.0,2.5,H25 - CBA - Universell porter,32,2.0,50.89,14.0,5,0.0
468,2.0,2.5,H25 - CBA - Universell porter,32,2.0,50.89,14.0,2,0.0
468,2.0,2.5,H25 - CBA - Universell porter,32,2.0,50.89,14.0,4,0.0
468,2.0,2.5,H25 - CBA - Universell porter,32,2.0,50.89,14.0,1,0.0
468,2.0,2.6,H25 - CBA - Pipeline ytelse,120,2.0,50.89,14.0,3,50.0
468,2.0,2.6,H25 - CBA - Pipeline ytelse,120,2.0,50.89,14.0,2,25.0
468,2.0,2.6,H25 - CBA - Pipeline ytelse,120,2.0,50.89,14.0,1,0.0
468,2.0,2.6,H25 - CBA - Pipeline ytelse,120,2.0,50.89,14.0,5,25.0
468,2.0,2.6,H25 - CBA - Pipeline ytelse,120,2.0,50.89,14.0,4,0.0
468,2.0,2.7,H25 - CBA - Seriell Adder,136,2.0,50.89,14.0,2,25.0
468,2.0,2.7,H25 - CBA - Seriell Adder,136,2.0,50.89,14.0,4,0.0
468,2.0,2.7,H25 - CBA - Seriell Adder,136,2.0,50.89,14.0,1,50.0
468,2.0,2.7,H25 - CBA - Seriell Adder,136,2.0,50.89,14.0,5,25.0
468,2.0,2.7,H25 - CBA - Seriell Adder,136,2.0,50.89,14.0,3,0.0
170,2.0,2.1,H25 - CBA - Cache-miss,123,2.0,47.09,14.0,1,0.0
170,2.0,2.1,H25 - CBA - Cache-miss,123,2.0,47.09,14.0,2,25.0
170,2.0,2.1,H25 - CBA - Cache-miss,123,2.0,47.09,14.0,5,0.0
170,2.0,2.1,H25 - CBA - Cache-miss,123,2.0,47.09,14.0,4,50.0
170,2.0,2.1,H25 - CBA - Cache-miss,123,2.0,47.09,14.0,3,25.0
170,2.0,2.2,H25 - CBA - Adder,218,2.0,47.09,14.0,4,0.0
170,2.0,2.2,H25 - CBA - Adder,218,2.0,47.09,14.0,2,0.0
170,2.0,2.2,H25 - CBA - Adder,218,2.0,47.09,14.0,5,75.0
170,2.0,2.2,H25 - CBA - Adder,218,2.0,47.09,14.0,3,25.0
170,2.0,2.2,H25 - CBA - Adder,218,2.0,47.09,14.0,1,0.0
170,2.0,2.3,H25 - CBA - ALU,72,2.0,47.09,14.0,5,0.0
170,2.0,2.3,H25 - CBA - ALU,72,2.0,47.09,14.0,3,0.0
170,2.0,2.3,H25 - CBA - ALU,72,2.0,47.09,14.0,4,0.0
170,2.0,2.3,H25 - CBA - ALU,72,2.0,47.09,14.0,2,100.0
170,2.0,2.3,H25 - CBA - ALU,72,2.0,47.09,14.0,1,0.0
170,2.0,2.4,H25 - CBA - PC,138,2.0,47.09,14.0,5,0.0
170,2.0,2.4,H25 - CBA - PC,138,2.0,47.09,14.0,2,50.0
170,2.0,2.4,H25 - CBA - PC,138,2.0,47.09,14.0,4,25.0
170,2.0,2.4,H25 - CBA - PC,138,2.0,47.09,14.0,3,0.0
170,2.0,2.4,H25 - CBA - PC,138,2.0,47.09,14.0,1,25.0
170,2.0,2.5,H25 - CBA - Universell porter,35,2.0,47.09,14.0,2,0.0
170,2.0,2.5,H25 - CBA - Universell porter,35,2.0,47.09,14.0,1,0.0
170,2.0,2.5,H25 - CBA - Universell porter,35,2.0,47.09,14.0,3,0.0
170,2.0,2.5,H25 - CBA - Universell porter,35,2.0,47.09,14.0,5,100.0
170,2.0,2.5,H25 - CBA - Universell porter,35,2.0,47.09,14.0,4,0.0
170,2.0,2.6,H25 - CBA - Pipeline ytelse,69,2.0,47.09,14.0,3,0.0
170,2.0,2.6,H25 - CBA - Pipeline ytelse,69,2.0,47.09,14.0,1,0.0
170,2.0,2.6,H25 - CBA - Pipeline ytelse,69,2.0,47.09,14.0,5,75.0
170,2.0,2.6,H25 - CBA - Pipeline ytelse,69,2.0,47.09,14.0,4,25.0
170,2.0,2.6,H25 - CBA - Pipeline ytelse,69,2.0,47.09,14.0,2,0.0
170,2.0,2.7,H25 - CBA - Seriell Adder,318,2.0,47.09,14.0,4,0.0
170,2.0,2.7,H25 - CBA - Seriell Adder,318,2.0,47.09,14.0,2,25.0
170,2.0,2.7,H25 - CBA - Seriell Adder,318,2.0,47.09,14.0,1,25.0
170,2.0,2.7,H25 - CBA - Seriell Adder,318,2.0,47.09,14.0,5,50.0
170,2.0,2.7,H25 - CBA - Seriell Adder,318,2.0,47.09,14.0,3,0.0
162,2.0,2.1,H25 - CBA - Cache-miss,142,2.0,57.14,14.0,3,0.0
162,2.0,2.1,H25 - CBA - Cache-miss,142,2.0,57.14,14.0,4,0.0
162,2.0,2.1,H25 - CBA - Cache-miss,142,2.0,57.14,14.0,2,0.0
162,2.0,2.1,H25 - CBA - Cache-miss,142,2.0,57.14,14.0,1,0.0
162,2.0,2.1,H25 - CBA - Cache-miss,142,2.0,57.14,14.0,5,100.0
162,2.0,2.7,H25 - CBA - Seriell Adder,52,2.0,57.14,14.0,2,0.0
162,2.0,2.7,H25 - CBA - Seriell Adder,52,2.0,57.14,14.0,5,0.0
162,2.0,2.7,H25 - CBA - Seriell Adder,52,2.0,57.14,14.0,3,100.0
162,2.0,2.7,H25 - CBA - Seriell Adder,52,2.0,57.14,14.0,1,0.0
162,2.0,2.7,H25 - CBA - Seriell Adder,52,2.0,57.14,14.0,4,0.0
373,2.0,2.1,H25 - CBA - Cache-miss,27,2.0,83.5,14.0,2,100.0
373,2.0,2.1,H25 - CBA - Cache-miss,27,2.0,83.5,14.0,5,0.0
373,2.0,2.1,H25 - CBA - Cache-miss,27,2.0,83.5,14.0,4,0.0
373,2.0,2.1,H25 - CBA - Cache-miss,27,2.0,83.5,14.0,1,0.0
373,2.0,2.1,H25 - CBA - Cache-miss,27,2.0,83.5,14.0,3,0.0
373,2.0,2.2,H25 - CBA - Adder,17,2.0,83.5,14.0,2,100.0
373,2.0,2.2,H25 - CBA - Adder,17,2.0,83.5,14.0,4,0.0
373,2.0,2.2,H25 - CBA - Adder,17,2.0,83.5,14.0,1,0.0
373,2.0,2.2,H25 - CBA - Adder,17,2.0,83.5,14.0,3,0.0
373,2.0,2.2,H25 - CBA - Adder,17,2.0,83.5,14.0,5,0.0
373,2.0,2.3,H25 - CBA - ALU,47,2.0,83.5,14.0,1,100.0
373,2.0,2.3,H25 - CBA - ALU,47,2.0,83.5,14.0,5,0.0
373,2.0,2.3,H25 - CBA - ALU,47,2.0,83.5,14.0,3,0.0
373,2.0,2.3,H25 - CBA - ALU,47,2.0,83.5,14.0,4,0.0
373,2.0,2.3,H25 - CBA - ALU,47,2.0,83.5,14.0,2,0.0
373,2.0,2.4,H25 - CBA - PC,40,2.0,83.5,14.0,1,100.0
373,2.0,2.4,H25 - CBA - PC,40,2.0,83.5,14.0,5,0.0
373,2.0,2.4,H25 - CBA - PC,40,2.0,83.5,14.0,3,0.0
373,2.0,2.4,H25 - CBA - PC,40,2.0,83.5,14.0,4,0.0
373,2.0,2.4,H25 - CBA - PC,40,2.0,83.5,14.0,2,0.0
373,2.0,2.5,H25 - CBA - Universell porter,15,2.0,83.5,14.0,3,100.0
373,2.0,2.5,H25 - CBA - Universell porter,15,2.0,83.5,14.0,2,0.0
373,2.0,2.5,H25 - CBA - Universell porter,15,2.0,83.5,14.0,4,0.0
373,2.0,2.5,H25 - CBA - Universell porter,15,2.0,83.5,14.0,5,0.0
373,2.0,2.5,H25 - CBA - Universell porter,15,2.0,83.5,14.0,1,0.0
373,2.0,2.6,H25 - CBA - Pipeline ytelse,18,2.0,83.5,14.0,4,100.0
373,2.0,2.6,H25 - CBA - Pipeline ytelse,18,2.0,83.5,14.0,1,0.0
373,2.0,2.6,H25 - CBA - Pipeline ytelse,18,2.0,83.5,14.0,5,0.0
373,2.0,2.6,H25 - CBA - Pipeline ytelse,18,2.0,83.5,14.0,2,0.0
373,2.0,2.6,H25 - CBA - Pipeline ytelse,18,2.0,83.5,14.0,3,0.0
373,2.0,2.7,H25 - CBA - Seriell Adder,20,2.0,83.5,14.0,2,100.0
373,2.0,2.7,H25 - CBA - Seriell Adder,20,2.0,83.5,14.0,5,0.0
373,2.0,2.7,H25 - CBA - Seriell Adder,20,2.0,83.5,14.0,1,0.0
373,2.0,2.7,H25 - CBA - Seriell Adder,20,2.0,83.5,14.0,4,0.0
373,2.0,2.7,H25 - CBA - Seriell Adder,20,2.0,83.5,14.0,3,0.0
464,2.0,2.1,H25 - CBA - Cache-miss,50,2.0,77.82,14.0,2,100.0
464,2.0,2.1,H25 - CBA - Cache-miss,50,2.0,77.82,14.0,5,0.0
464,2.0,2.1,H25 - CBA - Cache-miss,50,2.0,77.82,14.0,3,0.0
464,2.0,2.1,H25 - CBA - Cache-miss,50,2.0,77.82,14.0,1,0.0
464,2.0,2.1,H25 - CBA - Cache-miss,50,2.0,77.82,14.0,4,0.0
464,2.0,2.2,H25 - CBA - Adder,32,2.0,77.82,14.0,2,100.0
464,2.0,2.2,H25 - CBA - Adder,32,2.0,77.82,14.0,4,0.0
464,2.0,2.2,H25 - CBA - Adder,32,2.0,77.82,14.0,3,0.0
464,2.0,2.2,H25 - CBA - Adder,32,2.0,77.82,14.0,1,0.0
464,2.0,2.2,H25 - CBA - Adder,32,2.0,77.82,14.0,5,0.0
464,2.0,2.3,H25 - CBA - ALU,58,2.0,77.82,14.0,1,100.0
464,2.0,2.3,H25 - CBA - ALU,58,2.0,77.82,14.0,5,0.0
464,2.0,2.3,H25 - CBA - ALU,58,2.0,77.82,14.0,4,0.0
464,2.0,2.3,H25 - CBA - ALU,58,2.0,77.82,14.0,3,0.0
464,2.0,2.3,H25 - CBA - ALU,58,2.0,77.82,14.0,2,0.0
464,2.0,2.4,H25 - CBA - PC,47,2.0,77.82,14.0,1,100.0
464,2.0,2.4,H25 - CBA - PC,47,2.0,77.82,14.0,4,0.0
464,2.0,2.4,H25 - CBA - PC,47,2.0,77.82,14.0,2,0.0
464,2.0,2.4,H25 - CBA - PC,47,2.0,77.82,14.0,5,0.0
464,2.0,2.4,H25 - CBA - PC,47,2.0,77.82,14.0,3,0.0
464,2.0,2.5,H25 - CBA - Universell porter,33,2.0,77.82,14.0,3,100.0
464,2.0,2.5,H25 - CBA - Universell porter,33,2.0,77.82,14.0,5,0.0
464,2.0,2.5,H25 - CBA - Universell porter,33,2.0,77.82,14.0,2,0.0
464,2.0,2.5,H25 - CBA - Universell porter,33,2.0,77.82,14.0,4,0.0
464,2.0,2.5,H25 - CBA - Universell porter,33,2.0,77.82,14.0,1,0.0
464,2.0,2.6,H25 - CBA - Pipeline ytelse,78,2.0,77.82,14.0,4,100.0
464,2.0,2.6,H25 - CBA - Pipeline ytelse,78,2.0,77.82,14.0,3,0.0
464,2.0,2.6,H25 - CBA - Pipeline ytelse,78,2.0,77.82,14.0,1,0.0
464,2.0,2.6,H25 - CBA - Pipeline ytelse,78,2.0,77.82,14.0,2,0.0
464,2.0,2.6,H25 - CBA - Pipeline ytelse,78,2.0,77.82,14.0,5,0.0
464,2.0,2.7,H25 - CBA - Seriell Adder,56,2.0,77.82,14.0,2,100.0
464,2.0,2.7,H25 - CBA - Seriell Adder,56,2.0,77.82,14.0,3,0.0
464,2.0,2.7,H25 - CBA - Seriell Adder,56,2.0,77.82,14.0,1,0.0
464,2.0,2.7,H25 - CBA - Seriell Adder,56,2.0,77.82,14.0,4,0.0
464,2.0,2.7,H25 - CBA - Seriell Adder,56,2.0,77.82,14.0,5,0.0
100,2.0,2.1,H25 - CBA - Cache-miss,34,2.0,74.48,14.0,2,100.0
100,2.0,2.1,H25 - CBA - Cache-miss,34,2.0,74.48,14.0,3,0.0
100,2.0,2.1,H25 - CBA - Cache-miss,34,2.0,74.48,14.0,4,0.0
100,2.0,2.1,H25 - CBA - Cache-miss,34,2.0,74.48,14.0,5,0.0
100,2.0,2.1,H25 - CBA - Cache-miss,34,2.0,74.48,14.0,1,0.0
100,2.0,2.2,H25 - CBA - Adder,28,2.0,74.48,14.0,2,50.0
100,2.0,2.2,H25 - CBA - Adder,28,2.0,74.48,14.0,5,50.0
100,2.0,2.2,H25 - CBA - Adder,28,2.0,74.48,14.0,3,0.0
100,2.0,2.2,H25 - CBA - Adder,28,2.0,74.48,14.0,4,0.0
100,2.0,2.2,H25 - CBA - Adder,28,2.0,74.48,14.0,1,0.0
100,2.0,2.3,H25 - CBA - ALU,22,2.0,74.48,14.0,1,75.0
100,2.0,2.3,H25 - CBA - ALU,22,2.0,74.48,14.0,5,0.0
100,2.0,2.3,H25 - CBA - ALU,22,2.0,74.48,14.0,4,0.0
100,2.0,2.3,H25 - CBA - ALU,22,2.0,74.48,14.0,2,25.0
100,2.0,2.3,H25 - CBA - ALU,22,2.0,74.48,14.0,3,0.0
100,2.0,2.4,H25 - CBA - PC,24,2.0,74.48,14.0,5,0.0
100,2.0,2.4,H25 - CBA - PC,24,2.0,74.48,14.0,4,0.0
100,2.0,2.4,H25 - CBA - PC,24,2.0,74.48,14.0,3,0.0
100,2.0,2.4,H25 - CBA - PC,24,2.0,74.48,14.0,2,75.0
100,2.0,2.4,H25 - CBA - PC,24,2.0,74.48,14.0,1,25.0
100,2.0,2.5,H25 - CBA - Universell porter,8,2.0,74.48,14.0,3,100.0
100,2.0,2.5,H25 - CBA - Universell porter,8,2.0,74.48,14.0,5,0.0
100,2.0,2.5,H25 - CBA - Universell porter,8,2.0,74.48,14.0,4,0.0
100,2.0,2.5,H25 - CBA - Universell porter,8,2.0,74.48,14.0,1,0.0
100,2.0,2.5,H25 - CBA - Universell porter,8,2.0,74.48,14.0,2,0.0
100,2.0,2.6,H25 - CBA - Pipeline ytelse,17,2.0,74.48,14.0,4,100.0
100,2.0,2.6,H25 - CBA - Pipeline ytelse,17,2.0,74.48,14.0,5,0.0
100,2.0,2.6,H25 - CBA - Pipeline ytelse,17,2.0,74.48,14.0,3,0.0
100,2.0,2.6,H25 - CBA - Pipeline ytelse,17,2.0,74.48,14.0,1,0.0
100,2.0,2.6,H25 - CBA - Pipeline ytelse,17,2.0,74.48,14.0,2,0.0
100,2.0,2.7,H25 - CBA - Seriell Adder,19,2.0,74.48,14.0,3,0.0
100,2.0,2.7,H25 - CBA - Seriell Adder,19,2.0,74.48,14.0,4,0.0
100,2.0,2.7,H25 - CBA - Seriell Adder,19,2.0,74.48,14.0,1,0.0
100,2.0,2.7,H25 - CBA - Seriell Adder,19,2.0,74.48,14.0,5,0.0
100,2.0,2.7,H25 - CBA - Seriell Adder,19,2.0,74.48,14.0,2,100.0
410,2.0,2.1,H25 - CBA - Cache-miss,23,2.0,80.78,14.0,2,100.0
410,2.0,2.1,H25 - CBA - Cache-miss,23,2.0,80.78,14.0,5,0.0
410,2.0,2.1,H25 - CBA - Cache-miss,23,2.0,80.78,14.0,4,0.0
410,2.0,2.1,H25 - CBA - Cache-miss,23,2.0,80.78,14.0,3,0.0
410,2.0,2.1,H25 - CBA - Cache-miss,23,2.0,80.78,14.0,1,0.0
410,2.0,2.2,H25 - CBA - Adder,14,2.0,80.78,14.0,2,100.0
410,2.0,2.2,H25 - CBA - Adder,14,2.0,80.78,14.0,5,0.0
410,2.0,2.2,H25 - CBA - Adder,14,2.0,80.78,14.0,4,0.0
410,2.0,2.2,H25 - CBA - Adder,14,2.0,80.78,14.0,3,0.0
410,2.0,2.2,H25 - CBA - Adder,14,2.0,80.78,14.0,1,0.0
410,2.0,2.3,H25 - CBA - ALU,125,2.0,80.78,14.0,1,50.0
410,2.0,2.3,H25 - CBA - ALU,125,2.0,80.78,14.0,5,50.0
410,2.0,2.3,H25 - CBA - ALU,125,2.0,80.78,14.0,2,0.0
410,2.0,2.3,H25 - CBA - ALU,125,2.0,80.78,14.0,4,0.0
410,2.0,2.3,H25 - CBA - ALU,125,2.0,80.78,14.0,3,0.0
410,2.0,2.4,H25 - CBA - PC,145,2.0,80.78,14.0,2,0.0
410,2.0,2.4,H25 - CBA - PC,145,2.0,80.78,14.0,1,100.0
410,2.0,2.4,H25 - CBA - PC,145,2.0,80.78,14.0,4,0.0
410,2.0,2.4,H25 - CBA - PC,145,2.0,80.78,14.0,5,0.0
410,2.0,2.4,H25 - CBA - PC,145,2.0,80.78,14.0,3,0.0
410,2.0,2.5,H25 - CBA - Universell porter,44,2.0,80.78,14.0,3,100.0
410,2.0,2.5,H25 - CBA - Universell porter,44,2.0,80.78,14.0,4,0.0
410,2.0,2.5,H25 - CBA - Universell porter,44,2.0,80.78,14.0,1,0.0
410,2.0,2.5,H25 - CBA - Universell porter,44,2.0,80.78,14.0,2,0.0
410,2.0,2.5,H25 - CBA - Universell porter,44,2.0,80.78,14.0,5,0.0
410,2.0,2.6,H25 - CBA - Pipeline ytelse,166,2.0,80.78,14.0,4,50.0
410,2.0,2.6,H25 - CBA - Pipeline ytelse,166,2.0,80.78,14.0,3,0.0
410,2.0,2.6,H25 - CBA - Pipeline ytelse,166,2.0,80.78,14.0,2,0.0
410,2.0,2.6,H25 - CBA - Pipeline ytelse,166,2.0,80.78,14.0,5,0.0
410,2.0,2.6,H25 - CBA - Pipeline ytelse,166,2.0,80.78,14.0,1,50.0
410,2.0,2.7,H25 - CBA - Seriell Adder,33,2.0,80.78,14.0,2,100.0
410,2.0,2.7,H25 - CBA - Seriell Adder,33,2.0,80.78,14.0,1,0.0
410,2.0,2.7,H25 - CBA - Seriell Adder,33,2.0,80.78,14.0,5,0.0
410,2.0,2.7,H25 - CBA - Seriell Adder,33,2.0,80.78,14.0,4,0.0
410,2.0,2.7,H25 - CBA - Seriell Adder,33,2.0,80.78,14.0,3,0.0
397,2.0,2.1,H25 - CBA - Cache-miss,69,2.0,61.04,14.0,2,100.0
397,2.0,2.1,H25 - CBA - Cache-miss,69,2.0,61.04,14.0,3,0.0
397,2.0,2.1,H25 - CBA - Cache-miss,69,2.0,61.04,14.0,4,0.0
397,2.0,2.1,H25 - CBA - Cache-miss,69,2.0,61.04,14.0,5,0.0
397,2.0,2.1,H25 - CBA - Cache-miss,69,2.0,61.04,14.0,1,0.0
397,2.0,2.2,H25 - CBA - Adder,45,2.0,61.04,14.0,2,75.0
397,2.0,2.2,H25 - CBA - Adder,45,2.0,61.04,14.0,5,25.0
397,2.0,2.2,H25 - CBA - Adder,45,2.0,61.04,14.0,4,0.0
397,2.0,2.2,H25 - CBA - Adder,45,2.0,61.04,14.0,3,0.0
397,2.0,2.2,H25 - CBA - Adder,45,2.0,61.04,14.0,1,0.0
397,2.0,2.3,H25 - CBA - ALU,108,2.0,61.04,14.0,2,50.0
397,2.0,2.3,H25 - CBA - ALU,108,2.0,61.04,14.0,5,0.0
397,2.0,2.3,H25 - CBA - ALU,108,2.0,61.04,14.0,1,50.0
397,2.0,2.3,H25 - CBA - ALU,108,2.0,61.04,14.0,3,0.0
397,2.0,2.3,H25 - CBA - ALU,108,2.0,61.04,14.0,4,0.0
397,2.0,2.4,H25 - CBA - PC,93,2.0,61.04,14.0,1,75.0
397,2.0,2.4,H25 - CBA - PC,93,2.0,61.04,14.0,4,25.0
397,2.0,2.4,H25 - CBA - PC,93,2.0,61.04,14.0,2,0.0
397,2.0,2.4,H25 - CBA - PC,93,2.0,61.04,14.0,3,0.0
397,2.0,2.4,H25 - CBA - PC,93,2.0,61.04,14.0,5,0.0
397,2.0,2.5,H25 - CBA - Universell porter,25,2.0,61.04,14.0,3,100.0
397,2.0,2.5,H25 - CBA - Universell porter,25,2.0,61.04,14.0,5,0.0
397,2.0,2.5,H25 - CBA - Universell porter,25,2.0,61.04,14.0,1,0.0
397,2.0,2.5,H25 - CBA - Universell porter,25,2.0,61.04,14.0,4,0.0
397,2.0,2.5,H25 - CBA - Universell porter,25,2.0,61.04,14.0,2,0.0
397,2.0,2.6,H25 - CBA - Pipeline ytelse,86,2.0,61.04,14.0,1,50.0
397,2.0,2.6,H25 - CBA - Pipeline ytelse,86,2.0,61.04,14.0,3,50.0
397,2.0,2.6,H25 - CBA - Pipeline ytelse,86,2.0,61.04,14.0,2,0.0
397,2.0,2.6,H25 - CBA - Pipeline ytelse,86,2.0,61.04,14.0,5,0.0
397,2.0,2.6,H25 - CBA - Pipeline ytelse,86,2.0,61.04,14.0,4,0.0
397,2.0,2.7,H25 - CBA - Seriell Adder,29,2.0,61.04,14.0,2,100.0
397,2.0,2.7,H25 - CBA - Seriell Adder,29,2.0,61.04,14.0,4,0.0
397,2.0,2.7,H25 - CBA - Seriell Adder,29,2.0,61.04,14.0,5,0.0
397,2.0,2.7,H25 - CBA - Seriell Adder,29,2.0,61.04,14.0,1,0.0
397,2.0,2.7,H25 - CBA - Seriell Adder,29,2.0,61.04,14.0,3,0.0
106,2.0,2.1,H25 - CBA - Cache-miss,52,2.0,79.65,14.0,1,0.0
106,2.0,2.1,H25 - CBA - Cache-miss,52,2.0,79.65,14.0,4,0.0
106,2.0,2.1,H25 - CBA - Cache-miss,52,2.0,79.65,14.0,3,0.0
106,2.0,2.1,H25 - CBA - Cache-miss,52,2.0,79.65,14.0,2,100.0
106,2.0,2.1,H25 - CBA - Cache-miss,52,2.0,79.65,14.0,5,0.0
106,2.0,2.2,H25 - CBA - Adder,21,2.0,79.65,14.0,2,100.0
106,2.0,2.2,H25 - CBA - Adder,21,2.0,79.65,14.0,1,0.0
106,2.0,2.2,H25 - CBA - Adder,21,2.0,79.65,14.0,5,0.0
106,2.0,2.2,H25 - CBA - Adder,21,2.0,79.65,14.0,3,0.0
106,2.0,2.2,H25 - CBA - Adder,21,2.0,79.65,14.0,4,0.0
106,2.0,2.3,H25 - CBA - ALU,119,2.0,79.65,14.0,4,0.0
106,2.0,2.3,H25 - CBA - ALU,119,2.0,79.65,14.0,5,0.0
106,2.0,2.3,H25 - CBA - ALU,119,2.0,79.65,14.0,3,0.0
106,2.0,2.3,H25 - CBA - ALU,119,2.0,79.65,14.0,2,50.0
106,2.0,2.3,H25 - CBA - ALU,119,2.0,79.65,14.0,1,50.0
106,2.0,2.4,H25 - CBA - PC,55,2.0,79.65,14.0,5,0.0
106,2.0,2.4,H25 - CBA - PC,55,2.0,79.65,14.0,1,100.0
106,2.0,2.4,H25 - CBA - PC,55,2.0,79.65,14.0,3,0.0
106,2.0,2.4,H25 - CBA - PC,55,2.0,79.65,14.0,4,0.0
106,2.0,2.4,H25 - CBA - PC,55,2.0,79.65,14.0,2,0.0
106,2.0,2.5,H25 - CBA - Universell porter,26,2.0,79.65,14.0,2,0.0
106,2.0,2.5,H25 - CBA - Universell porter,26,2.0,79.65,14.0,3,100.0
106,2.0,2.5,H25 - CBA - Universell porter,26,2.0,79.65,14.0,4,0.0
106,2.0,2.5,H25 - CBA - Universell porter,26,2.0,79.65,14.0,1,0.0
106,2.0,2.5,H25 - CBA - Universell porter,26,2.0,79.65,14.0,5,0.0
106,2.0,2.6,H25 - CBA - Pipeline ytelse,42,2.0,79.65,14.0,1,0.0
106,2.0,2.6,H25 - CBA - Pipeline ytelse,42,2.0,79.65,14.0,5,0.0
106,2.0,2.6,H25 - CBA - Pipeline ytelse,42,2.0,79.65,14.0,4,100.0
106,2.0,2.6,H25 - CBA - Pipeline ytelse,42,2.0,79.65,14.0,3,0.0
106,2.0,2.6,H25 - CBA - Pipeline ytelse,42,2.0,79.65,14.0,2,0.0
106,2.0,2.7,H25 - CBA - Seriell Adder,43,2.0,79.65,14.0,3,0.0
106,2.0,2.7,H25 - CBA - Seriell Adder,43,2.0,79.65,14.0,2,100.0
106,2.0,2.7,H25 - CBA - Seriell Adder,43,2.0,79.65,14.0,1,0.0
106,2.0,2.7,H25 - CBA - Seriell Adder,43,2.0,79.65,14.0,4,0.0
106,2.0,2.7,H25 - CBA - Seriell Adder,43,2.0,79.65,14.0,5,0.0
107,2.0,2.1,H25 - CBA - Cache-miss,36,2.0,69.18,14.0,2,100.0
107,2.0,2.1,H25 - CBA - Cache-miss,36,2.0,69.18,14.0,3,0.0
107,2.0,2.1,H25 - CBA - Cache-miss,36,2.0,69.18,14.0,1,0.0
107,2.0,2.1,H25 - CBA - Cache-miss,36,2.0,69.18,14.0,5,0.0
107,2.0,2.1,H25 - CBA - Cache-miss,36,2.0,69.18,14.0,4,0.0
107,2.0,2.2,H25 - CBA - Adder,17,2.0,69.18,14.0,2,100.0
107,2.0,2.2,H25 - CBA - Adder,17,2.0,69.18,14.0,3,0.0
107,2.0,2.2,H25 - CBA - Adder,17,2.0,69.18,14.0,1,0.0
107,2.0,2.2,H25 - CBA - Adder,17,2.0,69.18,14.0,5,0.0
107,2.0,2.2,H25 - CBA - Adder,17,2.0,69.18,14.0,4,0.0
107,2.0,2.3,H25 - CBA - ALU,81,2.0,69.18,14.0,1,75.0
107,2.0,2.3,H25 - CBA - ALU,81,2.0,69.18,14.0,4,0.0
107,2.0,2.3,H25 - CBA - ALU,81,2.0,69.18,14.0,3,0.0
107,2.0,2.3,H25 - CBA - ALU,81,2.0,69.18,14.0,2,25.0
107,2.0,2.3,H25 - CBA - ALU,81,2.0,69.18,14.0,5,0.0
107,2.0,2.4,H25 - CBA - PC,39,2.0,69.18,14.0,1,0.0
107,2.0,2.4,H25 - CBA - PC,39,2.0,69.18,14.0,5,0.0
107,2.0,2.4,H25 - CBA - PC,39,2.0,69.18,14.0,2,100.0
107,2.0,2.4,H25 - CBA - PC,39,2.0,69.18,14.0,3,0.0
107,2.0,2.4,H25 - CBA - PC,39,2.0,69.18,14.0,4,0.0
107,2.0,2.5,H25 - CBA - Universell porter,18,2.0,69.18,14.0,3,100.0
107,2.0,2.5,H25 - CBA - Universell porter,18,2.0,69.18,14.0,5,0.0
107,2.0,2.5,H25 - CBA - Universell porter,18,2.0,69.18,14.0,2,0.0
107,2.0,2.5,H25 - CBA - Universell porter,18,2.0,69.18,14.0,1,0.0
107,2.0,2.5,H25 - CBA - Universell porter,18,2.0,69.18,14.0,4,0.0
107,2.0,2.6,H25 - CBA - Pipeline ytelse,37,2.0,69.18,14.0,4,100.0
107,2.0,2.6,H25 - CBA - Pipeline ytelse,37,2.0,69.18,14.0,2,0.0
107,2.0,2.6,H25 - CBA - Pipeline ytelse,37,2.0,69.18,14.0,3,0.0
107,2.0,2.6,H25 - CBA - Pipeline ytelse,37,2.0,69.18,14.0,1,0.0
107,2.0,2.6,H25 - CBA - Pipeline ytelse,37,2.0,69.18,14.0,5,0.0
107,2.0,2.7,H25 - CBA - Seriell Adder,38,2.0,69.18,14.0,2,100.0
107,2.0,2.7,H25 - CBA - Seriell Adder,38,2.0,69.18,14.0,1,0.0
107,2.0,2.7,H25 - CBA - Seriell Adder,38,2.0,69.18,14.0,5,0.0
107,2.0,2.7,H25 - CBA - Seriell Adder,38,2.0,69.18,14.0,3,0.0
107,2.0,2.7,H25 - CBA - Seriell Adder,38,2.0,69.18,14.0,4,0.0
318,2.0,2.1,H25 - CBA - Cache-miss,28,2.0,52.45,10.0,2,100.0
318,2.0,2.2,H25 - CBA - Adder,17,2.0,52.45,10.0,2,100.0
318,2.0,2.3,H25 - CBA - ALU,45,0.0,52.45,10.0,2,100.0
318,2.0,2.4,H25 - CBA - PC,40,0.0,52.45,10.0,3,100.0
318,2.0,2.5,H25 - CBA - Universell porter,27,2.0,52.45,10.0,3,100.0
318,2.0,2.6,H25 - CBA - Pipeline ytelse,77,2.0,52.45,10.0,4,100.0
318,2.0,2.7,H25 - CBA - Seriell Adder,143,2.0,52.45,10.0,2,100.0
465,2.0,2.1,H25 - CBA - Cache-miss,84,0.0,46.65,4.0,5,75.0
465,2.0,2.1,H25 - CBA - Cache-miss,84,0.0,46.65,4.0,2,25.0
465,2.0,2.2,H25 - CBA - Adder,64,2.0,46.65,4.0,2,100.0
465,2.0,2.3,H25 - CBA - ALU,54,0.0,46.65,4.0,5,25.0
465,2.0,2.3,H25 - CBA - ALU,54,0.0,46.65,4.0,1,75.0
465,2.0,2.4,H25 - CBA - PC,104,0.0,46.65,4.0,2,50.0
465,2.0,2.4,H25 - CBA - PC,104,0.0,46.65,4.0,1,50.0
465,2.0,2.5,H25 - CBA - Universell porter,10,2.0,46.65,4.0,3,100.0
465,2.0,2.6,H25 - CBA - Pipeline ytelse,36,0.0,46.65,4.0,1,50.0
465,2.0,2.6,H25 - CBA - Pipeline ytelse,36,0.0,46.65,4.0,4,50.0
465,2.0,2.7,H25 - CBA - Seriell Adder,70,0.0,46.65,4.0,4,100.0
486,2.0,2.1,H25 - CBA - Cache-miss,94,2.0,41.69,14.0,5,25.0
486,2.0,2.1,H25 - CBA - Cache-miss,94,2.0,41.69,14.0,3,25.0
486,2.0,2.1,H25 - CBA - Cache-miss,94,2.0,41.69,14.0,2,0.0
486,2.0,2.1,H25 - CBA - Cache-miss,94,2.0,41.69,14.0,1,0.0
486,2.0,2.1,H25 - CBA - Cache-miss,94,2.0,41.69,14.0,4,50.0
486,2.0,2.2,H25 - CBA - Adder,46,2.0,41.69,14.0,4,0.0
486,2.0,2.2,H25 - CBA - Adder,46,2.0,41.69,14.0,3,50.0
486,2.0,2.2,H25 - CBA - Adder,46,2.0,41.69,14.0,1,25.0
486,2.0,2.2,H25 - CBA - Adder,46,2.0,41.69,14.0,2,0.0
486,2.0,2.2,H25 - CBA - Adder,46,2.0,41.69,14.0,5,25.0
486,2.0,2.3,H25 - CBA - ALU,54,2.0,41.69,14.0,1,25.0
486,2.0,2.3,H25 - CBA - ALU,54,2.0,41.69,14.0,4,25.0
486,2.0,2.3,H25 - CBA - ALU,54,2.0,41.69,14.0,3,0.0
486,2.0,2.3,H25 - CBA - ALU,54,2.0,41.69,14.0,2,0.0
486,2.0,2.3,H25 - CBA - ALU,54,2.0,41.69,14.0,5,50.0
486,2.0,2.4,H25 - CBA - PC,47,2.0,41.69,14.0,3,50.0
486,2.0,2.4,H25 - CBA - PC,47,2.0,41.69,14.0,1,25.0
486,2.0,2.4,H25 - CBA - PC,47,2.0,41.69,14.0,4,25.0
486,2.0,2.4,H25 - CBA - PC,47,2.0,41.69,14.0,5,0.0
486,2.0,2.4,H25 - CBA - PC,47,2.0,41.69,14.0,2,0.0
486,2.0,2.5,H25 - CBA - Universell porter,44,2.0,41.69,14.0,3,50.0
486,2.0,2.5,H25 - CBA - Universell porter,44,2.0,41.69,14.0,1,25.0
486,2.0,2.5,H25 - CBA - Universell porter,44,2.0,41.69,14.0,4,0.0
486,2.0,2.5,H25 - CBA - Universell porter,44,2.0,41.69,14.0,2,0.0
486,2.0,2.5,H25 - CBA - Universell porter,44,2.0,41.69,14.0,5,25.0
486,2.0,2.6,H25 - CBA - Pipeline ytelse,34,2.0,41.69,14.0,3,50.0
486,2.0,2.6,H25 - CBA - Pipeline ytelse,34,2.0,41.69,14.0,4,25.0
486,2.0,2.6,H25 - CBA - Pipeline ytelse,34,2.0,41.69,14.0,1,0.0
486,2.0,2.6,H25 - CBA - Pipeline ytelse,34,2.0,41.69,14.0,2,25.0
486,2.0,2.6,H25 - CBA - Pipeline ytelse,34,2.0,41.69,14.0,5,0.0
486,2.0,2.7,H25 - CBA - Seriell Adder,123,2.0,41.69,14.0,2,0.0
486,2.0,2.7,H25 - CBA - Seriell Adder,123,2.0,41.69,14.0,1,25.0
486,2.0,2.7,H25 - CBA - Seriell Adder,123,2.0,41.69,14.0,3,25.0
486,2.0,2.7,H25 - CBA - Seriell Adder,123,2.0,41.69,14.0,5,0.0
486,2.0,2.7,H25 - CBA - Seriell Adder,123,2.0,41.69,14.0,4,50.0
149,2.0,2.1,H25 - CBA - Cache-miss,131,2.0,59.82,14.0,1,0.0
149,2.0,2.1,H25 - CBA - Cache-miss,131,2.0,59.82,14.0,3,0.0
149,2.0,2.1,H25 - CBA - Cache-miss,131,2.0,59.82,14.0,4,0.0
149,2.0,2.1,H25 - CBA - Cache-miss,131,2.0,59.82,14.0,2,75.0
149,2.0,2.1,H25 - CBA - Cache-miss,131,2.0,59.82,14.0,5,25.0
149,2.0,2.2,H25 - CBA - Adder,271,2.0,59.82,14.0,2,75.0
149,2.0,2.2,H25 - CBA - Adder,271,2.0,59.82,14.0,4,0.0
149,2.0,2.2,H25 - CBA - Adder,271,2.0,59.82,14.0,5,0.0
149,2.0,2.2,H25 - CBA - Adder,271,2.0,59.82,14.0,3,25.0
149,2.0,2.2,H25 - CBA - Adder,271,2.0,59.82,14.0,1,0.0
149,2.0,2.3,H25 - CBA - ALU,241,2.0,59.82,14.0,3,0.0
149,2.0,2.3,H25 - CBA - ALU,241,2.0,59.82,14.0,5,0.0
149,2.0,2.3,H25 - CBA - ALU,241,2.0,59.82,14.0,1,50.0
149,2.0,2.3,H25 - CBA - ALU,241,2.0,59.82,14.0,2,25.0
149,2.0,2.3,H25 - CBA - ALU,241,2.0,59.82,14.0,4,25.0
149,2.0,2.4,H25 - CBA - PC,36,2.0,59.82,14.0,3,100.0
149,2.0,2.4,H25 - CBA - PC,36,2.0,59.82,14.0,5,0.0
149,2.0,2.4,H25 - CBA - PC,36,2.0,59.82,14.0,4,0.0
149,2.0,2.4,H25 - CBA - PC,36,2.0,59.82,14.0,2,0.0
149,2.0,2.4,H25 - CBA - PC,36,2.0,59.82,14.0,1,0.0
149,2.0,2.5,H25 - CBA - Universell porter,90,2.0,59.82,14.0,1,50.0
149,2.0,2.5,H25 - CBA - Universell porter,90,2.0,59.82,14.0,2,0.0
149,2.0,2.5,H25 - CBA - Universell porter,90,2.0,59.82,14.0,3,50.0
149,2.0,2.5,H25 - CBA - Universell porter,90,2.0,59.82,14.0,4,0.0
149,2.0,2.5,H25 - CBA - Universell porter,90,2.0,59.82,14.0,5,0.0
149,2.0,2.6,H25 - CBA - Pipeline ytelse,81,2.0,59.82,14.0,4,50.0
149,2.0,2.6,H25 - CBA - Pipeline ytelse,81,2.0,59.82,14.0,5,0.0
149,2.0,2.6,H25 - CBA - Pipeline ytelse,81,2.0,59.82,14.0,3,25.0
149,2.0,2.6,H25 - CBA - Pipeline ytelse,81,2.0,59.82,14.0,2,25.0
149,2.0,2.6,H25 - CBA - Pipeline ytelse,81,2.0,59.82,14.0,1,0.0
149,2.0,2.7,H25 - CBA - Seriell Adder,72,2.0,59.82,14.0,1,0.0
149,2.0,2.7,H25 - CBA - Seriell Adder,72,2.0,59.82,14.0,3,0.0
149,2.0,2.7,H25 - CBA - Seriell Adder,72,2.0,59.82,14.0,2,75.0
149,2.0,2.7,H25 - CBA - Seriell Adder,72,2.0,59.82,14.0,4,0.0
149,2.0,2.7,H25 - CBA - Seriell Adder,72,2.0,59.82,14.0,5,25.0
323,2.0,2.1,H25 - CBA - Cache-miss,35,2.0,87.67,14.0,2,100.0
323,2.0,2.1,H25 - CBA - Cache-miss,35,2.0,87.67,14.0,4,0.0
323,2.0,2.1,H25 - CBA - Cache-miss,35,2.0,87.67,14.0,1,0.0
323,2.0,2.1,H25 - CBA - Cache-miss,35,2.0,87.67,14.0,5,0.0
323,2.0,2.1,H25 - CBA - Cache-miss,35,2.0,87.67,14.0,3,0.0
323,2.0,2.2,H25 - CBA - Adder,32,2.0,87.67,14.0,2,100.0
323,2.0,2.2,H25 - CBA - Adder,32,2.0,87.67,14.0,4,0.0
323,2.0,2.2,H25 - CBA - Adder,32,2.0,87.67,14.0,5,0.0
323,2.0,2.2,H25 - CBA - Adder,32,2.0,87.67,14.0,3,0.0
323,2.0,2.2,H25 - CBA - Adder,32,2.0,87.67,14.0,1,0.0
323,2.0,2.3,H25 - CBA - ALU,47,2.0,87.67,14.0,1,100.0
323,2.0,2.3,H25 - CBA - ALU,47,2.0,87.67,14.0,2,0.0
323,2.0,2.3,H25 - CBA - ALU,47,2.0,87.67,14.0,3,0.0
323,2.0,2.3,H25 - CBA - ALU,47,2.0,87.67,14.0,4,0.0
323,2.0,2.3,H25 - CBA - ALU,47,2.0,87.67,14.0,5,0.0
323,2.0,2.4,H25 - CBA - PC,23,2.0,87.67,14.0,1,100.0
323,2.0,2.4,H25 - CBA - PC,23,2.0,87.67,14.0,5,0.0
323,2.0,2.4,H25 - CBA - PC,23,2.0,87.67,14.0,4,0.0
323,2.0,2.4,H25 - CBA - PC,23,2.0,87.67,14.0,3,0.0
323,2.0,2.4,H25 - CBA - PC,23,2.0,87.67,14.0,2,0.0
323,2.0,2.5,H25 - CBA - Universell porter,28,2.0,87.67,14.0,3,100.0
323,2.0,2.5,H25 - CBA - Universell porter,28,2.0,87.67,14.0,5,0.0
323,2.0,2.5,H25 - CBA - Universell porter,28,2.0,87.67,14.0,1,0.0
323,2.0,2.5,H25 - CBA - Universell porter,28,2.0,87.67,14.0,4,0.0
323,2.0,2.5,H25 - CBA - Universell porter,28,2.0,87.67,14.0,2,0.0
323,2.0,2.6,H25 - CBA - Pipeline ytelse,45,2.0,87.67,14.0,4,100.0
323,2.0,2.6,H25 - CBA - Pipeline ytelse,45,2.0,87.67,14.0,2,0.0
323,2.0,2.6,H25 - CBA - Pipeline ytelse,45,2.0,87.67,14.0,1,0.0
323,2.0,2.6,H25 - CBA - Pipeline ytelse,45,2.0,87.67,14.0,5,0.0
323,2.0,2.6,H25 - CBA - Pipeline ytelse,45,2.0,87.67,14.0,3,0.0
323,2.0,2.7,H25 - CBA - Seriell Adder,31,2.0,87.67,14.0,2,100.0
323,2.0,2.7,H25 - CBA - Seriell Adder,31,2.0,87.67,14.0,3,0.0
323,2.0,2.7,H25 - CBA - Seriell Adder,31,2.0,87.67,14.0,1,0.0
323,2.0,2.7,H25 - CBA - Seriell Adder,31,2.0,87.67,14.0,4,0.0
323,2.0,2.7,H25 - CBA - Seriell Adder,31,2.0,87.67,14.0,5,0.0
110,2.0,2.1,H25 - CBA - Cache-miss,57,2.0,67.64,14.0,3,0.0
110,2.0,2.1,H25 - CBA - Cache-miss,57,2.0,67.64,14.0,4,0.0
110,2.0,2.1,H25 - CBA - Cache-miss,57,2.0,67.64,14.0,2,100.0
110,2.0,2.1,H25 - CBA - Cache-miss,57,2.0,67.64,14.0,1,0.0
110,2.0,2.1,H25 - CBA - Cache-miss,57,2.0,67.64,14.0,5,0.0
110,2.0,2.2,H25 - CBA - Adder,56,2.0,67.64,14.0,2,75.0
110,2.0,2.2,H25 - CBA - Adder,56,2.0,67.64,14.0,5,0.0
110,2.0,2.2,H25 - CBA - Adder,56,2.0,67.64,14.0,1,0.0
110,2.0,2.2,H25 - CBA - Adder,56,2.0,67.64,14.0,3,25.0
110,2.0,2.2,H25 - CBA - Adder,56,2.0,67.64,14.0,4,0.0
110,2.0,2.3,H25 - CBA - ALU,45,2.0,67.64,14.0,1,50.0
110,2.0,2.3,H25 - CBA - ALU,45,2.0,67.64,14.0,2,50.0
110,2.0,2.3,H25 - CBA - ALU,45,2.0,67.64,14.0,3,0.0
110,2.0,2.3,H25 - CBA - ALU,45,2.0,67.64,14.0,4,0.0
110,2.0,2.3,H25 - CBA - ALU,45,2.0,67.64,14.0,5,0.0
110,2.0,2.4,H25 - CBA - PC,100,2.0,67.64,14.0,4,25.0
110,2.0,2.4,H25 - CBA - PC,100,2.0,67.64,14.0,1,25.0
110,2.0,2.4,H25 - CBA - PC,100,2.0,67.64,14.0,5,0.0
110,2.0,2.4,H25 - CBA - PC,100,2.0,67.64,14.0,3,50.0
110,2.0,2.4,H25 - CBA - PC,100,2.0,67.64,14.0,2,0.0
110,2.0,2.5,H25 - CBA - Universell porter,73,2.0,67.64,14.0,3,75.0
110,2.0,2.5,H25 - CBA - Universell porter,73,2.0,67.64,14.0,1,0.0
110,2.0,2.5,H25 - CBA - Universell porter,73,2.0,67.64,14.0,4,0.0
110,2.0,2.5,H25 - CBA - Universell porter,73,2.0,67.64,14.0,5,25.0
110,2.0,2.5,H25 - CBA - Universell porter,73,2.0,67.64,14.0,2,0.0
110,2.0,2.6,H25 - CBA - Pipeline ytelse,39,2.0,67.64,14.0,3,100.0
110,2.0,2.6,H25 - CBA - Pipeline ytelse,39,2.0,67.64,14.0,5,0.0
110,2.0,2.6,H25 - CBA - Pipeline ytelse,39,2.0,67.64,14.0,4,0.0
110,2.0,2.6,H25 - CBA - Pipeline ytelse,39,2.0,67.64,14.0,2,0.0
110,2.0,2.6,H25 - CBA - Pipeline ytelse,39,2.0,67.64,14.0,1,0.0
110,2.0,2.7,H25 - CBA - Seriell Adder,124,2.0,67.64,14.0,2,25.0
110,2.0,2.7,H25 - CBA - Seriell Adder,124,2.0,67.64,14.0,4,25.0
110,2.0,2.7,H25 - CBA - Seriell Adder,124,2.0,67.64,14.0,5,0.0
110,2.0,2.7,H25 - CBA - Seriell Adder,124,2.0,67.64,14.0,1,50.0
110,2.0,2.7,H25 - CBA - Seriell Adder,124,2.0,67.64,14.0,3,0.0
357,2.0,2.1,H25 - CBA - Cache-miss,156,2.0,82.98,14.0,2,100.0
357,2.0,2.1,H25 - CBA - Cache-miss,156,2.0,82.98,14.0,1,0.0
357,2.0,2.1,H25 - CBA - Cache-miss,156,2.0,82.98,14.0,5,0.0
357,2.0,2.1,H25 - CBA - Cache-miss,156,2.0,82.98,14.0,3,0.0
357,2.0,2.1,H25 - CBA - Cache-miss,156,2.0,82.98,14.0,4,0.0
357,2.0,2.2,H25 - CBA - Adder,215,2.0,82.98,14.0,2,75.0
357,2.0,2.2,H25 - CBA - Adder,215,2.0,82.98,14.0,5,25.0
357,2.0,2.2,H25 - CBA - Adder,215,2.0,82.98,14.0,3,0.0
357,2.0,2.2,H25 - CBA - Adder,215,2.0,82.98,14.0,4,0.0
357,2.0,2.2,H25 - CBA - Adder,215,2.0,82.98,14.0,1,0.0
357,2.0,2.3,H25 - CBA - ALU,99,2.0,82.98,14.0,1,50.0
357,2.0,2.3,H25 - CBA - ALU,99,2.0,82.98,14.0,5,50.0
357,2.0,2.3,H25 - CBA - ALU,99,2.0,82.98,14.0,2,0.0
357,2.0,2.3,H25 - CBA - ALU,99,2.0,82.98,14.0,4,0.0
357,2.0,2.3,H25 - CBA - ALU,99,2.0,82.98,14.0,3,0.0
357,2.0,2.4,H25 - CBA - PC,122,2.0,82.98,14.0,5,0.0
357,2.0,2.4,H25 - CBA - PC,122,2.0,82.98,14.0,2,0.0
357,2.0,2.4,H25 - CBA - PC,122,2.0,82.98,14.0,3,50.0
357,2.0,2.4,H25 - CBA - PC,122,2.0,82.98,14.0,4,0.0
357,2.0,2.4,H25 - CBA - PC,122,2.0,82.98,14.0,1,50.0
357,2.0,2.5,H25 - CBA - Universell porter,106,2.0,82.98,14.0,5,50.0
357,2.0,2.5,H25 - CBA - Universell porter,106,2.0,82.98,14.0,3,50.0
357,2.0,2.5,H25 - CBA - Universell porter,106,2.0,82.98,14.0,4,0.0
357,2.0,2.5,H25 - CBA - Universell porter,106,2.0,82.98,14.0,2,0.0
357,2.0,2.5,H25 - CBA - Universell porter,106,2.0,82.98,14.0,1,0.0
357,2.0,2.6,H25 - CBA - Pipeline ytelse,50,2.0,82.98,14.0,4,100.0
357,2.0,2.6,H25 - CBA - Pipeline ytelse,50,2.0,82.98,14.0,1,0.0
357,2.0,2.6,H25 - CBA - Pipeline ytelse,50,2.0,82.98,14.0,2,0.0
357,2.0,2.6,H25 - CBA - Pipeline ytelse,50,2.0,82.98,14.0,5,0.0
357,2.0,2.6,H25 - CBA - Pipeline ytelse,50,2.0,82.98,14.0,3,0.0
357,2.0,2.7,H25 - CBA - Seriell Adder,95,2.0,82.98,14.0,2,100.0
357,2.0,2.7,H25 - CBA - Seriell Adder,95,2.0,82.98,14.0,3,0.0
357,2.0,2.7,H25 - CBA - Seriell Adder,95,2.0,82.98,14.0,5,0.0
357,2.0,2.7,H25 - CBA - Seriell Adder,95,2.0,82.98,14.0,1,0.0
357,2.0,2.7,H25 - CBA - Seriell Adder,95,2.0,82.98,14.0,4,0.0
277,2.0,2.1,H25 - CBA - Cache-miss,176,2.0,60.49,12.0,2,100.0
277,2.0,2.1,H25 - CBA - Cache-miss,176,2.0,60.49,12.0,1,0.0
277,2.0,2.1,H25 - CBA - Cache-miss,176,2.0,60.49,12.0,5,0.0
277,2.0,2.1,H25 - CBA - Cache-miss,176,2.0,60.49,12.0,3,0.0
277,2.0,2.1,H25 - CBA - Cache-miss,176,2.0,60.49,12.0,4,0.0
277,2.0,2.2,H25 - CBA - Adder,230,2.0,60.49,12.0,3,0.0
277,2.0,2.2,H25 - CBA - Adder,230,2.0,60.49,12.0,2,75.0
277,2.0,2.2,H25 - CBA - Adder,230,2.0,60.49,12.0,4,25.0
277,2.0,2.2,H25 - CBA - Adder,230,2.0,60.49,12.0,5,0.0
277,2.0,2.2,H25 - CBA - Adder,230,2.0,60.49,12.0,1,0.0
277,2.0,2.3,H25 - CBA - ALU,152,2.0,60.49,12.0,1,75.0
277,2.0,2.3,H25 - CBA - ALU,152,2.0,60.49,12.0,2,25.0
277,2.0,2.3,H25 - CBA - ALU,152,2.0,60.49,12.0,4,0.0
277,2.0,2.3,H25 - CBA - ALU,152,2.0,60.49,12.0,3,0.0
277,2.0,2.3,H25 - CBA - ALU,152,2.0,60.49,12.0,5,0.0
277,2.0,2.4,H25 - CBA - PC,31,2.0,60.49,12.0,1,100.0
277,2.0,2.4,H25 - CBA - PC,31,2.0,60.49,12.0,2,0.0
277,2.0,2.4,H25 - CBA - PC,31,2.0,60.49,12.0,3,0.0
277,2.0,2.4,H25 - CBA - PC,31,2.0,60.49,12.0,4,0.0
277,2.0,2.4,H25 - CBA - PC,31,2.0,60.49,12.0,5,0.0
277,2.0,2.5,H25 - CBA - Universell porter,34,2.0,60.49,12.0,3,100.0
277,2.0,2.6,H25 - CBA - Pipeline ytelse,112,0.0,60.49,12.0,1,50.0
277,2.0,2.6,H25 - CBA - Pipeline ytelse,112,0.0,60.49,12.0,3,50.0
277,2.0,2.7,H25 - CBA - Seriell Adder,240,2.0,60.49,12.0,2,50.0
277,2.0,2.7,H25 - CBA - Seriell Adder,240,2.0,60.49,12.0,1,25.0
277,2.0,2.7,H25 - CBA - Seriell Adder,240,2.0,60.49,12.0,3,0.0
277,2.0,2.7,H25 - CBA - Seriell Adder,240,2.0,60.49,12.0,5,0.0
277,2.0,2.7,H25 - CBA - Seriell Adder,240,2.0,60.49,12.0,4,25.0
150,2.0,2.1,H25 - CBA - Cache-miss,147,2.0,78.0,14.0,2,100.0
150,2.0,2.1,H25 - CBA - Cache-miss,147,2.0,78.0,14.0,1,0.0
150,2.0,2.1,H25 - CBA - Cache-miss,147,2.0,78.0,14.0,5,0.0
150,2.0,2.1,H25 - CBA - Cache-miss,147,2.0,78.0,14.0,4,0.0
150,2.0,2.1,H25 - CBA - Cache-miss,147,2.0,78.0,14.0,3,0.0
150,2.0,2.2,H25 - CBA - Adder,119,2.0,78.0,14.0,2,100.0
150,2.0,2.2,H25 - CBA - Adder,119,2.0,78.0,14.0,3,0.0
150,2.0,2.2,H25 - CBA - Adder,119,2.0,78.0,14.0,1,0.0
150,2.0,2.2,H25 - CBA - Adder,119,2.0,78.0,14.0,5,0.0
150,2.0,2.2,H25 - CBA - Adder,119,2.0,78.0,14.0,4,0.0
150,2.0,2.3,H25 - CBA - ALU,86,2.0,78.0,14.0,1,100.0
150,2.0,2.3,H25 - CBA - ALU,86,2.0,78.0,14.0,4,0.0
150,2.0,2.3,H25 - CBA - ALU,86,2.0,78.0,14.0,5,0.0
150,2.0,2.3,H25 - CBA - ALU,86,2.0,78.0,14.0,3,0.0
150,2.0,2.3,H25 - CBA - ALU,86,2.0,78.0,14.0,2,0.0
150,2.0,2.4,H25 - CBA - PC,32,2.0,78.0,14.0,1,100.0
150,2.0,2.4,H25 - CBA - PC,32,2.0,78.0,14.0,5,0.0
150,2.0,2.4,H25 - CBA - PC,32,2.0,78.0,14.0,3,0.0
150,2.0,2.4,H25 - CBA - PC,32,2.0,78.0,14.0,2,0.0
150,2.0,2.4,H25 - CBA - PC,32,2.0,78.0,14.0,4,0.0
150,2.0,2.5,H25 - CBA - Universell porter,50,2.0,78.0,14.0,3,100.0
150,2.0,2.5,H25 - CBA - Universell porter,50,2.0,78.0,14.0,5,0.0
150,2.0,2.5,H25 - CBA - Universell porter,50,2.0,78.0,14.0,4,0.0
150,2.0,2.5,H25 - CBA - Universell porter,50,2.0,78.0,14.0,2,0.0
150,2.0,2.5,H25 - CBA - Universell porter,50,2.0,78.0,14.0,1,0.0
150,2.0,2.6,H25 - CBA - Pipeline ytelse,104,2.0,78.0,14.0,4,100.0
150,2.0,2.6,H25 - CBA - Pipeline ytelse,104,2.0,78.0,14.0,5,0.0
150,2.0,2.6,H25 - CBA - Pipeline ytelse,104,2.0,78.0,14.0,3,0.0
150,2.0,2.6,H25 - CBA - Pipeline ytelse,104,2.0,78.0,14.0,1,0.0
150,2.0,2.6,H25 - CBA - Pipeline ytelse,104,2.0,78.0,14.0,2,0.0
150,2.0,2.7,H25 - CBA - Seriell Adder,139,2.0,78.0,14.0,2,100.0
150,2.0,2.7,H25 - CBA - Seriell Adder,139,2.0,78.0,14.0,3,0.0
150,2.0,2.7,H25 - CBA - Seriell Adder,139,2.0,78.0,14.0,4,0.0
150,2.0,2.7,H25 - CBA - Seriell Adder,139,2.0,78.0,14.0,5,0.0
150,2.0,2.7,H25 - CBA - Seriell Adder,139,2.0,78.0,14.0,1,0.0
339,2.0,2.1,H25 - CBA - Cache-miss,164,2.0,67.68,14.0,1,0.0
339,2.0,2.1,H25 - CBA - Cache-miss,164,2.0,67.68,14.0,4,0.0
339,2.0,2.1,H25 - CBA - Cache-miss,164,2.0,67.68,14.0,2,75.0
339,2.0,2.1,H25 - CBA - Cache-miss,164,2.0,67.68,14.0,5,25.0
339,2.0,2.1,H25 - CBA - Cache-miss,164,2.0,67.68,14.0,3,0.0
339,2.0,2.2,H25 - CBA - Adder,53,2.0,67.68,14.0,2,100.0
339,2.0,2.2,H25 - CBA - Adder,53,2.0,67.68,14.0,1,0.0
339,2.0,2.2,H25 - CBA - Adder,53,2.0,67.68,14.0,4,0.0
339,2.0,2.2,H25 - CBA - Adder,53,2.0,67.68,14.0,5,0.0
339,2.0,2.2,H25 - CBA - Adder,53,2.0,67.68,14.0,3,0.0
339,2.0,2.3,H25 - CBA - ALU,222,2.0,67.68,14.0,3,0.0
339,2.0,2.3,H25 - CBA - ALU,222,2.0,67.68,14.0,2,0.0
339,2.0,2.3,H25 - CBA - ALU,222,2.0,67.68,14.0,5,100.0
339,2.0,2.3,H25 - CBA - ALU,222,2.0,67.68,14.0,4,0.0
339,2.0,2.3,H25 - CBA - ALU,222,2.0,67.68,14.0,1,0.0
339,2.0,2.4,H25 - CBA - PC,211,2.0,67.68,14.0,1,0.0
339,2.0,2.4,H25 - CBA - PC,211,2.0,67.68,14.0,2,0.0
339,2.0,2.4,H25 - CBA - PC,211,2.0,67.68,14.0,4,0.0
339,2.0,2.4,H25 - CBA - PC,211,2.0,67.68,14.0,5,0.0
339,2.0,2.4,H25 - CBA - PC,211,2.0,67.68,14.0,3,100.0
339,2.0,2.5,H25 - CBA - Universell porter,35,2.0,67.68,14.0,3,100.0
339,2.0,2.5,H25 - CBA - Universell porter,35,2.0,67.68,14.0,5,0.0
339,2.0,2.5,H25 - CBA - Universell porter,35,2.0,67.68,14.0,4,0.0
339,2.0,2.5,H25 - CBA - Universell porter,35,2.0,67.68,14.0,1,0.0
339,2.0,2.5,H25 - CBA - Universell porter,35,2.0,67.68,14.0,2,0.0
339,2.0,2.6,H25 - CBA - Pipeline ytelse,57,2.0,67.68,14.0,4,100.0
339,2.0,2.6,H25 - CBA - Pipeline ytelse,57,2.0,67.68,14.0,5,0.0
339,2.0,2.6,H25 - CBA - Pipeline ytelse,57,2.0,67.68,14.0,1,0.0
339,2.0,2.6,H25 - CBA - Pipeline ytelse,57,2.0,67.68,14.0,2,0.0
339,2.0,2.6,H25 - CBA - Pipeline ytelse,57,2.0,67.68,14.0,3,0.0
339,2.0,2.7,H25 - CBA - Seriell Adder,105,2.0,67.68,14.0,2,100.0
339,2.0,2.7,H25 - CBA - Seriell Adder,105,2.0,67.68,14.0,3,0.0
339,2.0,2.7,H25 - CBA - Seriell Adder,105,2.0,67.68,14.0,4,0.0
339,2.0,2.7,H25 - CBA - Seriell Adder,105,2.0,67.68,14.0,1,0.0
339,2.0,2.7,H25 - CBA - Seriell Adder,105,2.0,67.68,14.0,5,0.0
443,2.0,2.1,H25 - CBA - Cache-miss,113,2.0,53.02,14.0,3,0.0
443,2.0,2.1,H25 - CBA - Cache-miss,113,2.0,53.02,14.0,2,50.0
443,2.0,2.1,H25 - CBA - Cache-miss,113,2.0,53.02,14.0,1,0.0
443,2.0,2.1,H25 - CBA - Cache-miss,113,2.0,53.02,14.0,5,0.0
443,2.0,2.1,H25 - CBA - Cache-miss,113,2.0,53.02,14.0,4,50.0
443,2.0,2.2,H25 - CBA - Adder,74,2.0,53.02,14.0,5,50.0
443,2.0,2.2,H25 - CBA - Adder,74,2.0,53.02,14.0,2,50.0
443,2.0,2.2,H25 - CBA - Adder,74,2.0,53.02,14.0,1,0.0
443,2.0,2.2,H25 - CBA - Adder,74,2.0,53.02,14.0,3,0.0
443,2.0,2.2,H25 - CBA - Adder,74,2.0,53.02,14.0,4,0.0
443,2.0,2.3,H25 - CBA - ALU,173,2.0,53.02,14.0,3,50.0
443,2.0,2.3,H25 - CBA - ALU,173,2.0,53.02,14.0,2,25.0
443,2.0,2.3,H25 - CBA - ALU,173,2.0,53.02,14.0,1,0.0
443,2.0,2.3,H25 - CBA - ALU,173,2.0,53.02,14.0,4,0.0
443,2.0,2.3,H25 - CBA - ALU,173,2.0,53.02,14.0,5,25.0
443,2.0,2.4,H25 - CBA - PC,189,2.0,53.02,14.0,1,0.0
443,2.0,2.4,H25 - CBA - PC,189,2.0,53.02,14.0,2,50.0
443,2.0,2.4,H25 - CBA - PC,189,2.0,53.02,14.0,3,50.0
443,2.0,2.4,H25 - CBA - PC,189,2.0,53.02,14.0,4,0.0
443,2.0,2.4,H25 - CBA - PC,189,2.0,53.02,14.0,5,0.0
443,2.0,2.5,H25 - CBA - Universell porter,49,2.0,53.02,14.0,3,100.0
443,2.0,2.5,H25 - CBA - Universell porter,49,2.0,53.02,14.0,4,0.0
443,2.0,2.5,H25 - CBA - Universell porter,49,2.0,53.02,14.0,1,0.0
443,2.0,2.5,H25 - CBA - Universell porter,49,2.0,53.02,14.0,2,0.0
443,2.0,2.5,H25 - CBA - Universell porter,49,2.0,53.02,14.0,5,0.0
443,2.0,2.6,H25 - CBA - Pipeline ytelse,94,2.0,53.02,14.0,3,50.0
443,2.0,2.6,H25 - CBA - Pipeline ytelse,94,2.0,53.02,14.0,1,50.0
443,2.0,2.6,H25 - CBA - Pipeline ytelse,94,2.0,53.02,14.0,4,0.0
443,2.0,2.6,H25 - CBA - Pipeline ytelse,94,2.0,53.02,14.0,5,0.0
443,2.0,2.6,H25 - CBA - Pipeline ytelse,94,2.0,53.02,14.0,2,0.0
443,2.0,2.7,H25 - CBA - Seriell Adder,251,2.0,53.02,14.0,1,25.0
443,2.0,2.7,H25 - CBA - Seriell Adder,251,2.0,53.02,14.0,3,0.0
443,2.0,2.7,H25 - CBA - Seriell Adder,251,2.0,53.02,14.0,4,0.0
443,2.0,2.7,H25 - CBA - Seriell Adder,251,2.0,53.02,14.0,2,50.0
443,2.0,2.7,H25 - CBA - Seriell Adder,251,2.0,53.02,14.0,5,25.0
480,2.0,2.1,H25 - CBA - Cache-miss,85,2.0,49.32,14.0,2,100.0
480,2.0,2.2,H25 - CBA - Adder,76,2.0,49.32,14.0,4,0.0
480,2.0,2.2,H25 - CBA - Adder,76,2.0,49.32,14.0,2,0.0
480,2.0,2.2,H25 - CBA - Adder,76,2.0,49.32,14.0,5,0.0
480,2.0,2.2,H25 - CBA - Adder,76,2.0,49.32,14.0,3,100.0
480,2.0,2.2,H25 - CBA - Adder,76,2.0,49.32,14.0,1,0.0
480,2.0,2.3,H25 - CBA - ALU,262,2.0,49.32,14.0,1,100.0
480,2.0,2.3,H25 - CBA - ALU,262,2.0,49.32,14.0,2,0.0
480,2.0,2.3,H25 - CBA - ALU,262,2.0,49.32,14.0,4,0.0
480,2.0,2.3,H25 - CBA - ALU,262,2.0,49.32,14.0,3,0.0
480,2.0,2.3,H25 - CBA - ALU,262,2.0,49.32,14.0,5,0.0
480,2.0,2.4,H25 - CBA - PC,69,2.0,49.32,14.0,3,100.0
480,2.0,2.4,H25 - CBA - PC,69,2.0,49.32,14.0,2,0.0
480,2.0,2.4,H25 - CBA - PC,69,2.0,49.32,14.0,5,0.0
480,2.0,2.4,H25 - CBA - PC,69,2.0,49.32,14.0,1,0.0
480,2.0,2.4,H25 - CBA - PC,69,2.0,49.32,14.0,4,0.0
480,2.0,2.5,H25 - CBA - Universell porter,52,2.0,49.32,14.0,3,100.0
480,2.0,2.5,H25 - CBA - Universell porter,52,2.0,49.32,14.0,4,0.0
480,2.0,2.5,H25 - CBA - Universell porter,52,2.0,49.32,14.0,5,0.0
480,2.0,2.5,H25 - CBA - Universell porter,52,2.0,49.32,14.0,2,0.0
480,2.0,2.5,H25 - CBA - Universell porter,52,2.0,49.32,14.0,1,0.0
480,2.0,2.6,H25 - CBA - Pipeline ytelse,60,2.0,49.32,14.0,4,100.0
480,2.0,2.6,H25 - CBA - Pipeline ytelse,60,2.0,49.32,14.0,2,0.0
480,2.0,2.6,H25 - CBA - Pipeline ytelse,60,2.0,49.32,14.0,5,0.0
480,2.0,2.6,H25 - CBA - Pipeline ytelse,60,2.0,49.32,14.0,3,0.0
480,2.0,2.6,H25 - CBA - Pipeline ytelse,60,2.0,49.32,14.0,1,0.0
480,2.0,2.7,H25 - CBA - Seriell Adder,133,2.0,49.32,14.0,2,75.0
480,2.0,2.7,H25 - CBA - Seriell Adder,133,2.0,49.32,14.0,3,25.0
480,2.0,2.7,H25 - CBA - Seriell Adder,133,2.0,49.32,14.0,1,0.0
480,2.0,2.7,H25 - CBA - Seriell Adder,133,2.0,49.32,14.0,4,0.0
480,2.0,2.7,H25 - CBA - Seriell Adder,133,2.0,49.32,14.0,5,0.0
501,2.0,2.1,H25 - CBA - Cache-miss,128,2.0,72.81,14.0,1,0.0
501,2.0,2.1,H25 - CBA - Cache-miss,128,2.0,72.81,14.0,2,100.0
501,2.0,2.1,H25 - CBA - Cache-miss,128,2.0,72.81,14.0,4,0.0
501,2.0,2.1,H25 - CBA - Cache-miss,128,2.0,72.81,14.0,3,0.0
501,2.0,2.1,H25 - CBA - Cache-miss,128,2.0,72.81,14.0,5,0.0
501,2.0,2.2,H25 - CBA - Adder,24,2.0,72.81,14.0,2,100.0
501,2.0,2.2,H25 - CBA - Adder,24,2.0,72.81,14.0,5,0.0
501,2.0,2.2,H25 - CBA - Adder,24,2.0,72.81,14.0,4,0.0
501,2.0,2.2,H25 - CBA - Adder,24,2.0,72.81,14.0,3,0.0
501,2.0,2.2,H25 - CBA - Adder,24,2.0,72.81,14.0,1,0.0
501,2.0,2.3,H25 - CBA - ALU,68,2.0,72.81,14.0,5,50.0
501,2.0,2.3,H25 - CBA - ALU,68,2.0,72.81,14.0,1,25.0
501,2.0,2.3,H25 - CBA - ALU,68,2.0,72.81,14.0,2,25.0
501,2.0,2.3,H25 - CBA - ALU,68,2.0,72.81,14.0,3,0.0
501,2.0,2.3,H25 - CBA - ALU,68,2.0,72.81,14.0,4,0.0
501,2.0,2.4,H25 - CBA - PC,95,2.0,72.81,14.0,3,100.0
501,2.0,2.4,H25 - CBA - PC,95,2.0,72.81,14.0,5,0.0
501,2.0,2.4,H25 - CBA - PC,95,2.0,72.81,14.0,2,0.0
501,2.0,2.4,H25 - CBA - PC,95,2.0,72.81,14.0,1,0.0
501,2.0,2.4,H25 - CBA - PC,95,2.0,72.81,14.0,4,0.0
501,2.0,2.5,H25 - CBA - Universell porter,23,2.0,72.81,14.0,3,100.0
501,2.0,2.5,H25 - CBA - Universell porter,23,2.0,72.81,14.0,1,0.0
501,2.0,2.5,H25 - CBA - Universell porter,23,2.0,72.81,14.0,5,0.0
501,2.0,2.5,H25 - CBA - Universell porter,23,2.0,72.81,14.0,4,0.0
501,2.0,2.5,H25 - CBA - Universell porter,23,2.0,72.81,14.0,2,0.0
501,2.0,2.6,H25 - CBA - Pipeline ytelse,34,2.0,72.81,14.0,4,100.0
501,2.0,2.6,H25 - CBA - Pipeline ytelse,34,2.0,72.81,14.0,5,0.0
501,2.0,2.6,H25 - CBA - Pipeline ytelse,34,2.0,72.81,14.0,1,0.0
501,2.0,2.6,H25 - CBA - Pipeline ytelse,34,2.0,72.81,14.0,3,0.0
501,2.0,2.6,H25 - CBA - Pipeline ytelse,34,2.0,72.81,14.0,2,0.0
501,2.0,2.7,H25 - CBA - Seriell Adder,99,2.0,72.81,14.0,4,50.0
501,2.0,2.7,H25 - CBA - Seriell Adder,99,2.0,72.81,14.0,5,0.0
501,2.0,2.7,H25 - CBA - Seriell Adder,99,2.0,72.81,14.0,1,25.0
501,2.0,2.7,H25 - CBA - Seriell Adder,99,2.0,72.81,14.0,2,25.0
501,2.0,2.7,H25 - CBA - Seriell Adder,99,2.0,72.81,14.0,3,0.0
131,2.0,2.1,H25 - CBA - Cache-miss,96,2.0,81.29,14.0,1,0.0
131,2.0,2.1,H25 - CBA - Cache-miss,96,2.0,81.29,14.0,4,0.0
131,2.0,2.1,H25 - CBA - Cache-miss,96,2.0,81.29,14.0,2,100.0
131,2.0,2.1,H25 - CBA - Cache-miss,96,2.0,81.29,14.0,3,0.0
131,2.0,2.1,H25 - CBA - Cache-miss,96,2.0,81.29,14.0,5,0.0
131,2.0,2.2,H25 - CBA - Adder,71,2.0,81.29,14.0,5,75.0
131,2.0,2.2,H25 - CBA - Adder,71,2.0,81.29,14.0,2,25.0
131,2.0,2.2,H25 - CBA - Adder,71,2.0,81.29,14.0,1,0.0
131,2.0,2.2,H25 - CBA - Adder,71,2.0,81.29,14.0,3,0.0
131,2.0,2.2,H25 - CBA - Adder,71,2.0,81.29,14.0,4,0.0
131,2.0,2.3,H25 - CBA - ALU,116,2.0,81.29,14.0,3,0.0
131,2.0,2.3,H25 - CBA - ALU,116,2.0,81.29,14.0,4,0.0
131,2.0,2.3,H25 - CBA - ALU,116,2.0,81.29,14.0,5,0.0
131,2.0,2.3,H25 - CBA - ALU,116,2.0,81.29,14.0,2,100.0
131,2.0,2.3,H25 - CBA - ALU,116,2.0,81.29,14.0,1,0.0
131,2.0,2.4,H25 - CBA - PC,75,2.0,81.29,14.0,3,100.0
131,2.0,2.4,H25 - CBA - PC,75,2.0,81.29,14.0,4,0.0
131,2.0,2.4,H25 - CBA - PC,75,2.0,81.29,14.0,1,0.0
131,2.0,2.4,H25 - CBA - PC,75,2.0,81.29,14.0,2,0.0
131,2.0,2.4,H25 - CBA - PC,75,2.0,81.29,14.0,5,0.0
131,2.0,2.5,H25 - CBA - Universell porter,63,2.0,81.29,14.0,3,100.0
131,2.0,2.5,H25 - CBA - Universell porter,63,2.0,81.29,14.0,5,0.0
131,2.0,2.5,H25 - CBA - Universell porter,63,2.0,81.29,14.0,1,0.0
131,2.0,2.5,H25 - CBA - Universell porter,63,2.0,81.29,14.0,2,0.0
131,2.0,2.5,H25 - CBA - Universell porter,63,2.0,81.29,14.0,4,0.0
131,2.0,2.6,H25 - CBA - Pipeline ytelse,49,2.0,81.29,14.0,4,100.0
131,2.0,2.6,H25 - CBA - Pipeline ytelse,49,2.0,81.29,14.0,1,0.0
131,2.0,2.6,H25 - CBA - Pipeline ytelse,49,2.0,81.29,14.0,5,0.0
131,2.0,2.6,H25 - CBA - Pipeline ytelse,49,2.0,81.29,14.0,3,0.0
131,2.0,2.6,H25 - CBA - Pipeline ytelse,49,2.0,81.29,14.0,2,0.0
131,2.0,2.7,H25 - CBA - Seriell Adder,94,2.0,81.29,14.0,2,0.0
131,2.0,2.7,H25 - CBA - Seriell Adder,94,2.0,81.29,14.0,5,0.0
131,2.0,2.7,H25 - CBA - Seriell Adder,94,2.0,81.29,14.0,4,0.0
131,2.0,2.7,H25 - CBA - Seriell Adder,94,2.0,81.29,14.0,3,100.0
131,2.0,2.7,H25 - CBA - Seriell Adder,94,2.0,81.29,14.0,1,0.0
137,2.0,2.1,H25 - CBA - Cache-miss,51,2.0,69.95,14.0,3,0.0
137,2.0,2.1,H25 - CBA - Cache-miss,51,2.0,69.95,14.0,4,0.0
137,2.0,2.1,H25 - CBA - Cache-miss,51,2.0,69.95,14.0,5,0.0
137,2.0,2.1,H25 - CBA - Cache-miss,51,2.0,69.95,14.0,2,100.0
137,2.0,2.1,H25 - CBA - Cache-miss,51,2.0,69.95,14.0,1,0.0
137,2.0,2.2,H25 - CBA - Adder,72,2.0,69.95,14.0,2,100.0
137,2.0,2.2,H25 - CBA - Adder,72,2.0,69.95,14.0,3,0.0
137,2.0,2.2,H25 - CBA - Adder,72,2.0,69.95,14.0,1,0.0
137,2.0,2.2,H25 - CBA - Adder,72,2.0,69.95,14.0,4,0.0
137,2.0,2.2,H25 - CBA - Adder,72,2.0,69.95,14.0,5,0.0
137,2.0,2.3,H25 - CBA - ALU,40,2.0,69.95,14.0,1,75.0
137,2.0,2.3,H25 - CBA - ALU,40,2.0,69.95,14.0,2,25.0
137,2.0,2.3,H25 - CBA - ALU,40,2.0,69.95,14.0,5,0.0
137,2.0,2.3,H25 - CBA - ALU,40,2.0,69.95,14.0,3,0.0
137,2.0,2.3,H25 - CBA - ALU,40,2.0,69.95,14.0,4,0.0
137,2.0,2.4,H25 - CBA - PC,22,2.0,69.95,14.0,3,100.0
137,2.0,2.4,H25 - CBA - PC,22,2.0,69.95,14.0,2,0.0
137,2.0,2.4,H25 - CBA - PC,22,2.0,69.95,14.0,1,0.0
137,2.0,2.4,H25 - CBA - PC,22,2.0,69.95,14.0,5,0.0
137,2.0,2.4,H25 - CBA - PC,22,2.0,69.95,14.0,4,0.0
137,2.0,2.5,H25 - CBA - Universell porter,20,2.0,69.95,14.0,3,100.0
137,2.0,2.5,H25 - CBA - Universell porter,20,2.0,69.95,14.0,2,0.0
137,2.0,2.5,H25 - CBA - Universell porter,20,2.0,69.95,14.0,5,0.0
137,2.0,2.5,H25 - CBA - Universell porter,20,2.0,69.95,14.0,4,0.0
137,2.0,2.5,H25 - CBA - Universell porter,20,2.0,69.95,14.0,1,0.0
137,2.0,2.6,H25 - CBA - Pipeline ytelse,54,2.0,69.95,14.0,4,100.0
137,2.0,2.6,H25 - CBA - Pipeline ytelse,54,2.0,69.95,14.0,2,0.0
137,2.0,2.6,H25 - CBA - Pipeline ytelse,54,2.0,69.95,14.0,3,0.0
137,2.0,2.6,H25 - CBA - Pipeline ytelse,54,2.0,69.95,14.0,1,0.0
137,2.0,2.6,H25 - CBA - Pipeline ytelse,54,2.0,69.95,14.0,5,0.0
137,2.0,2.7,H25 - CBA - Seriell Adder,39,2.0,69.95,14.0,2,100.0
137,2.0,2.7,H25 - CBA - Seriell Adder,39,2.0,69.95,14.0,4,0.0
137,2.0,2.7,H25 - CBA - Seriell Adder,39,2.0,69.95,14.0,5,0.0
137,2.0,2.7,H25 - CBA - Seriell Adder,39,2.0,69.95,14.0,1,0.0
137,2.0,2.7,H25 - CBA - Seriell Adder,39,2.0,69.95,14.0,3,0.0
508,2.0,2.1,H25 - CBA - Cache-miss,44,2.0,73.45,14.0,2,100.0
508,2.0,2.1,H25 - CBA - Cache-miss,44,2.0,73.45,14.0,5,0.0
508,2.0,2.1,H25 - CBA - Cache-miss,44,2.0,73.45,14.0,3,0.0
508,2.0,2.1,H25 - CBA - Cache-miss,44,2.0,73.45,14.0,4,0.0
508,2.0,2.1,H25 - CBA - Cache-miss,44,2.0,73.45,14.0,1,0.0
508,2.0,2.2,H25 - CBA - Adder,123,2.0,73.45,14.0,3,0.0
508,2.0,2.2,H25 - CBA - Adder,123,2.0,73.45,14.0,1,0.0
508,2.0,2.2,H25 - CBA - Adder,123,2.0,73.45,14.0,4,0.0
508,2.0,2.2,H25 - CBA - Adder,123,2.0,73.45,14.0,2,100.0
508,2.0,2.2,H25 - CBA - Adder,123,2.0,73.45,14.0,5,0.0
508,2.0,2.3,H25 - CBA - ALU,51,2.0,73.45,14.0,1,25.0
508,2.0,2.3,H25 - CBA - ALU,51,2.0,73.45,14.0,2,0.0
508,2.0,2.3,H25 - CBA - ALU,51,2.0,73.45,14.0,3,0.0
508,2.0,2.3,H25 - CBA - ALU,51,2.0,73.45,14.0,4,0.0
508,2.0,2.3,H25 - CBA - ALU,51,2.0,73.45,14.0,5,75.0
508,2.0,2.4,H25 - CBA - PC,34,2.0,73.45,14.0,3,0.0
508,2.0,2.4,H25 - CBA - PC,34,2.0,73.45,14.0,5,0.0
508,2.0,2.4,H25 - CBA - PC,34,2.0,73.45,14.0,4,0.0
508,2.0,2.4,H25 - CBA - PC,34,2.0,73.45,14.0,1,100.0
508,2.0,2.4,H25 - CBA - PC,34,2.0,73.45,14.0,2,0.0
508,2.0,2.5,H25 - CBA - Universell porter,19,2.0,73.45,14.0,3,100.0
508,2.0,2.5,H25 - CBA - Universell porter,19,2.0,73.45,14.0,5,0.0
508,2.0,2.5,H25 - CBA - Universell porter,19,2.0,73.45,14.0,4,0.0
508,2.0,2.5,H25 - CBA - Universell porter,19,2.0,73.45,14.0,2,0.0
508,2.0,2.5,H25 - CBA - Universell porter,19,2.0,73.45,14.0,1,0.0
508,2.0,2.6,H25 - CBA - Pipeline ytelse,57,2.0,73.45,14.0,4,100.0
508,2.0,2.6,H25 - CBA - Pipeline ytelse,57,2.0,73.45,14.0,5,0.0
508,2.0,2.6,H25 - CBA - Pipeline ytelse,57,2.0,73.45,14.0,1,0.0
508,2.0,2.6,H25 - CBA - Pipeline ytelse,57,2.0,73.45,14.0,3,0.0
508,2.0,2.6,H25 - CBA - Pipeline ytelse,57,2.0,73.45,14.0,2,0.0
508,2.0,2.7,H25 - CBA - Seriell Adder,159,2.0,73.45,14.0,1,0.0
508,2.0,2.7,H25 - CBA - Seriell Adder,159,2.0,73.45,14.0,4,0.0
508,2.0,2.7,H25 - CBA - Seriell Adder,159,2.0,73.45,14.0,5,0.0
508,2.0,2.7,H25 - CBA - Seriell Adder,159,2.0,73.45,14.0,3,0.0
508,2.0,2.7,H25 - CBA - Seriell Adder,159,2.0,73.45,14.0,2,100.0
471,2.0,2.1,H25 - CBA - Cache-miss,36,2.0,57.14,14.0,5,75.0
471,2.0,2.1,H25 - CBA - Cache-miss,36,2.0,57.14,14.0,2,25.0
471,2.0,2.1,H25 - CBA - Cache-miss,36,2.0,57.14,14.0,4,0.0
471,2.0,2.1,H25 - CBA - Cache-miss,36,2.0,57.14,14.0,1,0.0
471,2.0,2.1,H25 - CBA - Cache-miss,36,2.0,57.14,14.0,3,0.0
471,2.0,2.2,H25 - CBA - Adder,47,2.0,57.14,14.0,5,75.0
471,2.0,2.2,H25 - CBA - Adder,47,2.0,57.14,14.0,2,25.0
471,2.0,2.2,H25 - CBA - Adder,47,2.0,57.14,14.0,1,0.0
471,2.0,2.2,H25 - CBA - Adder,47,2.0,57.14,14.0,3,0.0
471,2.0,2.2,H25 - CBA - Adder,47,2.0,57.14,14.0,4,0.0
471,2.0,2.3,H25 - CBA - ALU,71,2.0,57.14,14.0,5,50.0
471,2.0,2.3,H25 - CBA - ALU,71,2.0,57.14,14.0,3,0.0
471,2.0,2.3,H25 - CBA - ALU,71,2.0,57.14,14.0,1,50.0
471,2.0,2.3,H25 - CBA - ALU,71,2.0,57.14,14.0,2,0.0
471,2.0,2.3,H25 - CBA - ALU,71,2.0,57.14,14.0,4,0.0
471,2.0,2.4,H25 - CBA - PC,35,2.0,57.14,14.0,3,75.0
471,2.0,2.4,H25 - CBA - PC,35,2.0,57.14,14.0,1,0.0
471,2.0,2.4,H25 - CBA - PC,35,2.0,57.14,14.0,5,0.0
471,2.0,2.4,H25 - CBA - PC,35,2.0,57.14,14.0,2,25.0
471,2.0,2.4,H25 - CBA - PC,35,2.0,57.14,14.0,4,0.0
471,2.0,2.5,H25 - CBA - Universell porter,35,2.0,57.14,14.0,5,50.0
471,2.0,2.5,H25 - CBA - Universell porter,35,2.0,57.14,14.0,2,25.0
471,2.0,2.5,H25 - CBA - Universell porter,35,2.0,57.14,14.0,3,25.0
471,2.0,2.5,H25 - CBA - Universell porter,35,2.0,57.14,14.0,4,0.0
471,2.0,2.5,H25 - CBA - Universell porter,35,2.0,57.14,14.0,1,0.0
471,2.0,2.6,H25 - CBA - Pipeline ytelse,38,2.0,57.14,14.0,4,75.0
471,2.0,2.6,H25 - CBA - Pipeline ytelse,38,2.0,57.14,14.0,2,25.0
471,2.0,2.6,H25 - CBA - Pipeline ytelse,38,2.0,57.14,14.0,5,0.0
471,2.0,2.6,H25 - CBA - Pipeline ytelse,38,2.0,57.14,14.0,1,0.0
471,2.0,2.6,H25 - CBA - Pipeline ytelse,38,2.0,57.14,14.0,3,0.0
471,2.0,2.7,H25 - CBA - Seriell Adder,60,2.0,57.14,14.0,2,50.0
471,2.0,2.7,H25 - CBA - Seriell Adder,60,2.0,57.14,14.0,4,0.0
471,2.0,2.7,H25 - CBA - Seriell Adder,60,2.0,57.14,14.0,5,25.0
471,2.0,2.7,H25 - CBA - Seriell Adder,60,2.0,57.14,14.0,1,25.0
471,2.0,2.7,H25 - CBA - Seriell Adder,60,2.0,57.14,14.0,3,0.0
87,2.0,2.1,H25 - CBA - Cache-miss,76,0.0,51.68,10.0,5,100.0
87,2.0,2.2,H25 - CBA - Adder,103,2.0,51.68,10.0,2,100.0
87,2.0,2.3,H25 - CBA - ALU,114,2.0,51.68,10.0,1,100.0
87,2.0,2.4,H25 - CBA - PC,142,2.0,51.68,10.0,1,100.0
87,2.0,2.5,H25 - CBA - Universell porter,27,2.0,51.68,10.0,3,100.0
87,2.0,2.6,H25 - CBA - Pipeline ytelse,91,2.0,51.68,10.0,4,100.0
398,2.0,2.1,H25 - CBA - Cache-miss,88,2.0,50.14,14.0,2,75.0
398,2.0,2.1,H25 - CBA - Cache-miss,88,2.0,50.14,14.0,4,25.0
398,2.0,2.1,H25 - CBA - Cache-miss,88,2.0,50.14,14.0,1,0.0
398,2.0,2.1,H25 - CBA - Cache-miss,88,2.0,50.14,14.0,3,0.0
398,2.0,2.1,H25 - CBA - Cache-miss,88,2.0,50.14,14.0,5,0.0
398,2.0,2.2,H25 - CBA - Adder,39,2.0,50.14,14.0,2,100.0
398,2.0,2.2,H25 - CBA - Adder,39,2.0,50.14,14.0,4,0.0
398,2.0,2.2,H25 - CBA - Adder,39,2.0,50.14,14.0,3,0.0
398,2.0,2.2,H25 - CBA - Adder,39,2.0,50.14,14.0,1,0.0
398,2.0,2.2,H25 - CBA - Adder,39,2.0,50.14,14.0,5,0.0
398,2.0,2.3,H25 - CBA - ALU,50,2.0,50.14,14.0,2,75.0
398,2.0,2.3,H25 - CBA - ALU,50,2.0,50.14,14.0,1,25.0
398,2.0,2.3,H25 - CBA - ALU,50,2.0,50.14,14.0,4,0.0
398,2.0,2.3,H25 - CBA - ALU,50,2.0,50.14,14.0,3,0.0
398,2.0,2.3,H25 - CBA - ALU,50,2.0,50.14,14.0,5,0.0
398,2.0,2.4,H25 - CBA - PC,68,2.0,50.14,14.0,3,50.0
398,2.0,2.4,H25 - CBA - PC,68,2.0,50.14,14.0,1,50.0
398,2.0,2.4,H25 - CBA - PC,68,2.0,50.14,14.0,5,0.0
398,2.0,2.4,H25 - CBA - PC,68,2.0,50.14,14.0,4,0.0
398,2.0,2.4,H25 - CBA - PC,68,2.0,50.14,14.0,2,0.0
398,2.0,2.5,H25 - CBA - Universell porter,79,2.0,50.14,14.0,5,75.0
398,2.0,2.5,H25 - CBA - Universell porter,79,2.0,50.14,14.0,3,0.0
398,2.0,2.5,H25 - CBA - Universell porter,79,2.0,50.14,14.0,4,0.0
398,2.0,2.5,H25 - CBA - Universell porter,79,2.0,50.14,14.0,2,0.0
398,2.0,2.5,H25 - CBA - Universell porter,79,2.0,50.14,14.0,1,25.0
398,2.0,2.6,H25 - CBA - Pipeline ytelse,103,2.0,50.14,14.0,2,75.0
398,2.0,2.6,H25 - CBA - Pipeline ytelse,103,2.0,50.14,14.0,1,25.0
398,2.0,2.6,H25 - CBA - Pipeline ytelse,103,2.0,50.14,14.0,5,0.0
398,2.0,2.6,H25 - CBA - Pipeline ytelse,103,2.0,50.14,14.0,4,0.0
398,2.0,2.6,H25 - CBA - Pipeline ytelse,103,2.0,50.14,14.0,3,0.0
398,2.0,2.7,H25 - CBA - Seriell Adder,66,2.0,50.14,14.0,3,0.0
398,2.0,2.7,H25 - CBA - Seriell Adder,66,2.0,50.14,14.0,4,50.0
398,2.0,2.7,H25 - CBA - Seriell Adder,66,2.0,50.14,14.0,5,50.0
398,2.0,2.7,H25 - CBA - Seriell Adder,66,2.0,50.14,14.0,1,0.0
398,2.0,2.7,H25 - CBA - Seriell Adder,66,2.0,50.14,14.0,2,0.0
301,2.0,2.1,H25 - CBA - Cache-miss,196,2.0,57.34,14.0,5,0.0
301,2.0,2.1,H25 - CBA - Cache-miss,196,2.0,57.34,14.0,3,0.0
301,2.0,2.1,H25 - CBA - Cache-miss,196,2.0,57.34,14.0,4,25.0
301,2.0,2.1,H25 - CBA - Cache-miss,196,2.0,57.34,14.0,2,75.0
301,2.0,2.1,H25 - CBA - Cache-miss,196,2.0,57.34,14.0,1,0.0
301,2.0,2.2,H25 - CBA - Adder,142,2.0,57.34,14.0,4,0.0
301,2.0,2.2,H25 - CBA - Adder,142,2.0,57.34,14.0,3,75.0
301,2.0,2.2,H25 - CBA - Adder,142,2.0,57.34,14.0,1,0.0
301,2.0,2.2,H25 - CBA - Adder,142,2.0,57.34,14.0,2,25.0
301,2.0,2.2,H25 - CBA - Adder,142,2.0,57.34,14.0,5,0.0
301,2.0,2.3,H25 - CBA - ALU,125,2.0,57.34,14.0,3,0.0
301,2.0,2.3,H25 - CBA - ALU,125,2.0,57.34,14.0,1,25.0
301,2.0,2.3,H25 - CBA - ALU,125,2.0,57.34,14.0,2,75.0
301,2.0,2.3,H25 - CBA - ALU,125,2.0,57.34,14.0,4,0.0
301,2.0,2.3,H25 - CBA - ALU,125,2.0,57.34,14.0,5,0.0
301,2.0,2.4,H25 - CBA - PC,164,2.0,57.34,14.0,3,75.0
301,2.0,2.4,H25 - CBA - PC,164,2.0,57.34,14.0,4,0.0
301,2.0,2.4,H25 - CBA - PC,164,2.0,57.34,14.0,1,25.0
301,2.0,2.4,H25 - CBA - PC,164,2.0,57.34,14.0,2,0.0
301,2.0,2.4,H25 - CBA - PC,164,2.0,57.34,14.0,5,0.0
301,2.0,2.5,H25 - CBA - Universell porter,209,2.0,57.34,14.0,1,0.0
301,2.0,2.5,H25 - CBA - Universell porter,209,2.0,57.34,14.0,3,25.0
301,2.0,2.5,H25 - CBA - Universell porter,209,2.0,57.34,14.0,5,75.0
301,2.0,2.5,H25 - CBA - Universell porter,209,2.0,57.34,14.0,4,0.0
301,2.0,2.5,H25 - CBA - Universell porter,209,2.0,57.34,14.0,2,0.0
301,2.0,2.6,H25 - CBA - Pipeline ytelse,143,2.0,57.34,14.0,3,0.0
301,2.0,2.6,H25 - CBA - Pipeline ytelse,143,2.0,57.34,14.0,4,0.0
301,2.0,2.6,H25 - CBA - Pipeline ytelse,143,2.0,57.34,14.0,2,0.0
301,2.0,2.6,H25 - CBA - Pipeline ytelse,143,2.0,57.34,14.0,5,100.0
301,2.0,2.6,H25 - CBA - Pipeline ytelse,143,2.0,57.34,14.0,1,0.0
301,2.0,2.7,H25 - CBA - Seriell Adder,257,2.0,57.34,14.0,4,100.0
301,2.0,2.7,H25 - CBA - Seriell Adder,257,2.0,57.34,14.0,3,0.0
301,2.0,2.7,H25 - CBA - Seriell Adder,257,2.0,57.34,14.0,1,0.0
301,2.0,2.7,H25 - CBA - Seriell Adder,257,2.0,57.34,14.0,5,0.0
301,2.0,2.7,H25 - CBA - Seriell Adder,257,2.0,57.34,14.0,2,0.0
159,2.0,2.1,H25 - CBA - Cache-miss,102,2.0,70.22,14.0,2,100.0
159,2.0,2.1,H25 - CBA - Cache-miss,102,2.0,70.22,14.0,1,0.0
159,2.0,2.1,H25 - CBA - Cache-miss,102,2.0,70.22,14.0,4,0.0
159,2.0,2.1,H25 - CBA - Cache-miss,102,2.0,70.22,14.0,5,0.0
159,2.0,2.1,H25 - CBA - Cache-miss,102,2.0,70.22,14.0,3,0.0
159,2.0,2.2,H25 - CBA - Adder,145,2.0,70.22,14.0,2,100.0
159,2.0,2.2,H25 - CBA - Adder,145,2.0,70.22,14.0,4,0.0
159,2.0,2.2,H25 - CBA - Adder,145,2.0,70.22,14.0,3,0.0
159,2.0,2.2,H25 - CBA - Adder,145,2.0,70.22,14.0,5,0.0
159,2.0,2.2,H25 - CBA - Adder,145,2.0,70.22,14.0,1,0.0
159,2.0,2.3,H25 - CBA - ALU,63,2.0,70.22,14.0,1,75.0
159,2.0,2.3,H25 - CBA - ALU,63,2.0,70.22,14.0,2,25.0
159,2.0,2.3,H25 - CBA - ALU,63,2.0,70.22,14.0,4,0.0
159,2.0,2.3,H25 - CBA - ALU,63,2.0,70.22,14.0,5,0.0
159,2.0,2.3,H25 - CBA - ALU,63,2.0,70.22,14.0,3,0.0
159,2.0,2.4,H25 - CBA - PC,209,2.0,70.22,14.0,2,0.0
159,2.0,2.4,H25 - CBA - PC,209,2.0,70.22,14.0,5,0.0
159,2.0,2.4,H25 - CBA - PC,209,2.0,70.22,14.0,3,0.0
159,2.0,2.4,H25 - CBA - PC,209,2.0,70.22,14.0,4,100.0
159,2.0,2.4,H25 - CBA - PC,209,2.0,70.22,14.0,1,0.0
159,2.0,2.5,H25 - CBA - Universell porter,27,2.0,70.22,14.0,3,75.0
159,2.0,2.5,H25 - CBA - Universell porter,27,2.0,70.22,14.0,1,25.0
159,2.0,2.5,H25 - CBA - Universell porter,27,2.0,70.22,14.0,2,0.0
159,2.0,2.5,H25 - CBA - Universell porter,27,2.0,70.22,14.0,5,0.0
159,2.0,2.5,H25 - CBA - Universell porter,27,2.0,70.22,14.0,4,0.0
159,2.0,2.6,H25 - CBA - Pipeline ytelse,18,2.0,70.22,14.0,4,100.0
159,2.0,2.6,H25 - CBA - Pipeline ytelse,18,2.0,70.22,14.0,5,0.0
159,2.0,2.6,H25 - CBA - Pipeline ytelse,18,2.0,70.22,14.0,3,0.0
159,2.0,2.6,H25 - CBA - Pipeline ytelse,18,2.0,70.22,14.0,2,0.0
159,2.0,2.6,H25 - CBA - Pipeline ytelse,18,2.0,70.22,14.0,1,0.0
159,2.0,2.7,H25 - CBA - Seriell Adder,137,2.0,70.22,14.0,2,25.0
159,2.0,2.7,H25 - CBA - Seriell Adder,137,2.0,70.22,14.0,4,75.0
159,2.0,2.7,H25 - CBA - Seriell Adder,137,2.0,70.22,14.0,5,0.0
159,2.0,2.7,H25 - CBA - Seriell Adder,137,2.0,70.22,14.0,1,0.0
159,2.0,2.7,H25 - CBA - Seriell Adder,137,2.0,70.22,14.0,3,0.0
85,2.0,2.2,H25 - CBA - Adder,73,2.0,42.99,14.0,2,0.0
85,2.0,2.2,H25 - CBA - Adder,73,2.0,42.99,14.0,1,0.0
85,2.0,2.2,H25 - CBA - Adder,73,2.0,42.99,14.0,5,50.0
85,2.0,2.2,H25 - CBA - Adder,73,2.0,42.99,14.0,4,25.0
85,2.0,2.2,H25 - CBA - Adder,73,2.0,42.99,14.0,3,25.0
85,2.0,2.3,H25 - CBA - ALU,64,2.0,42.99,14.0,4,0.0
85,2.0,2.3,H25 - CBA - ALU,64,2.0,42.99,14.0,2,50.0
85,2.0,2.3,H25 - CBA - ALU,64,2.0,42.99,14.0,3,0.0
85,2.0,2.3,H25 - CBA - ALU,64,2.0,42.99,14.0,1,50.0
85,2.0,2.3,H25 - CBA - ALU,64,2.0,42.99,14.0,5,0.0
85,2.0,2.4,H25 - CBA - PC,48,2.0,42.99,14.0,3,50.0
85,2.0,2.4,H25 - CBA - PC,48,2.0,42.99,14.0,2,50.0
85,2.0,2.4,H25 - CBA - PC,48,2.0,42.99,14.0,1,0.0
85,2.0,2.4,H25 - CBA - PC,48,2.0,42.99,14.0,4,0.0
85,2.0,2.4,H25 - CBA - PC,48,2.0,42.99,14.0,5,0.0
85,2.0,2.5,H25 - CBA - Universell porter,40,2.0,42.99,14.0,5,100.0
85,2.0,2.5,H25 - CBA - Universell porter,40,2.0,42.99,14.0,2,0.0
85,2.0,2.5,H25 - CBA - Universell porter,40,2.0,42.99,14.0,3,0.0
85,2.0,2.5,H25 - CBA - Universell porter,40,2.0,42.99,14.0,1,0.0
85,2.0,2.5,H25 - CBA - Universell porter,40,2.0,42.99,14.0,4,0.0
85,2.0,2.6,H25 - CBA - Pipeline ytelse,95,2.0,42.99,14.0,5,50.0
85,2.0,2.6,H25 - CBA - Pipeline ytelse,95,2.0,42.99,14.0,4,0.0
85,2.0,2.6,H25 - CBA - Pipeline ytelse,95,2.0,42.99,14.0,3,50.0
85,2.0,2.6,H25 - CBA - Pipeline ytelse,95,2.0,42.99,14.0,2,0.0
85,2.0,2.6,H25 - CBA - Pipeline ytelse,95,2.0,42.99,14.0,1,0.0
85,2.0,2.7,H25 - CBA - Seriell Adder,49,2.0,42.99,14.0,1,25.0
85,2.0,2.7,H25 - CBA - Seriell Adder,49,2.0,42.99,14.0,3,25.0
85,2.0,2.7,H25 - CBA - Seriell Adder,49,2.0,42.99,14.0,2,25.0
85,2.0,2.7,H25 - CBA - Seriell Adder,49,2.0,42.99,14.0,5,25.0
85,2.0,2.7,H25 - CBA - Seriell Adder,49,2.0,42.99,14.0,4,0.0
368,2.0,2.1,H25 - CBA - Cache-miss,79,2.0,84.5,14.0,2,100.0
368,2.0,2.1,H25 - CBA - Cache-miss,79,2.0,84.5,14.0,5,0.0
368,2.0,2.1,H25 - CBA - Cache-miss,79,2.0,84.5,14.0,1,0.0
368,2.0,2.1,H25 - CBA - Cache-miss,79,2.0,84.5,14.0,3,0.0
368,2.0,2.1,H25 - CBA - Cache-miss,79,2.0,84.5,14.0,4,0.0
368,2.0,2.2,H25 - CBA - Adder,58,2.0,84.5,14.0,2,100.0
368,2.0,2.2,H25 - CBA - Adder,58,2.0,84.5,14.0,3,0.0
368,2.0,2.2,H25 - CBA - Adder,58,2.0,84.5,14.0,4,0.0
368,2.0,2.2,H25 - CBA - Adder,58,2.0,84.5,14.0,1,0.0
368,2.0,2.2,H25 - CBA - Adder,58,2.0,84.5,14.0,5,0.0
368,2.0,2.3,H25 - CBA - ALU,282,2.0,84.5,14.0,4,0.0
368,2.0,2.3,H25 - CBA - ALU,282,2.0,84.5,14.0,3,0.0
368,2.0,2.3,H25 - CBA - ALU,282,2.0,84.5,14.0,5,0.0
368,2.0,2.3,H25 - CBA - ALU,282,2.0,84.5,14.0,1,75.0
368,2.0,2.3,H25 - CBA - ALU,282,2.0,84.5,14.0,2,25.0
368,2.0,2.4,H25 - CBA - PC,172,2.0,84.5,14.0,4,0.0
368,2.0,2.4,H25 - CBA - PC,172,2.0,84.5,14.0,5,0.0
368,2.0,2.4,H25 - CBA - PC,172,2.0,84.5,14.0,3,0.0
368,2.0,2.4,H25 - CBA - PC,172,2.0,84.5,14.0,1,100.0
368,2.0,2.4,H25 - CBA - PC,172,2.0,84.5,14.0,2,0.0
368,2.0,2.5,H25 - CBA - Universell porter,61,2.0,84.5,14.0,2,0.0
368,2.0,2.5,H25 - CBA - Universell porter,61,2.0,84.5,14.0,3,100.0
368,2.0,2.5,H25 - CBA - Universell porter,61,2.0,84.5,14.0,5,0.0
368,2.0,2.5,H25 - CBA - Universell porter,61,2.0,84.5,14.0,1,0.0
368,2.0,2.5,H25 - CBA - Universell porter,61,2.0,84.5,14.0,4,0.0
368,2.0,2.6,H25 - CBA - Pipeline ytelse,154,2.0,84.5,14.0,5,0.0
368,2.0,2.6,H25 - CBA - Pipeline ytelse,154,2.0,84.5,14.0,2,0.0
368,2.0,2.6,H25 - CBA - Pipeline ytelse,154,2.0,84.5,14.0,3,0.0
368,2.0,2.6,H25 - CBA - Pipeline ytelse,154,2.0,84.5,14.0,1,0.0
368,2.0,2.6,H25 - CBA - Pipeline ytelse,154,2.0,84.5,14.0,4,100.0
368,2.0,2.7,H25 - CBA - Seriell Adder,150,2.0,84.5,14.0,5,0.0
368,2.0,2.7,H25 - CBA - Seriell Adder,150,2.0,84.5,14.0,1,0.0
368,2.0,2.7,H25 - CBA - Seriell Adder,150,2.0,84.5,14.0,3,0.0
368,2.0,2.7,H25 - CBA - Seriell Adder,150,2.0,84.5,14.0,4,0.0
368,2.0,2.7,H25 - CBA - Seriell Adder,150,2.0,84.5,14.0,2,100.0
231,2.0,2.1,H25 - CBA - Cache-miss,240,2.0,76.85,14.0,2,50.0
231,2.0,2.1,H25 - CBA - Cache-miss,240,2.0,76.85,14.0,1,0.0
231,2.0,2.1,H25 - CBA - Cache-miss,240,2.0,76.85,14.0,3,0.0
231,2.0,2.1,H25 - CBA - Cache-miss,240,2.0,76.85,14.0,4,0.0
231,2.0,2.1,H25 - CBA - Cache-miss,240,2.0,76.85,14.0,5,50.0
231,2.0,2.2,H25 - CBA - Adder,60,2.0,76.85,14.0,2,100.0
231,2.0,2.2,H25 - CBA - Adder,60,2.0,76.85,14.0,1,0.0
231,2.0,2.2,H25 - CBA - Adder,60,2.0,76.85,14.0,5,0.0
231,2.0,2.2,H25 - CBA - Adder,60,2.0,76.85,14.0,3,0.0
231,2.0,2.2,H25 - CBA - Adder,60,2.0,76.85,14.0,4,0.0
231,2.0,2.3,H25 - CBA - ALU,178,2.0,76.85,14.0,1,25.0
231,2.0,2.3,H25 - CBA - ALU,178,2.0,76.85,14.0,2,0.0
231,2.0,2.3,H25 - CBA - ALU,178,2.0,76.85,14.0,4,0.0
231,2.0,2.3,H25 - CBA - ALU,178,2.0,76.85,14.0,3,0.0
231,2.0,2.3,H25 - CBA - ALU,178,2.0,76.85,14.0,5,75.0
231,2.0,2.4,H25 - CBA - PC,139,2.0,76.85,14.0,1,0.0
231,2.0,2.4,H25 - CBA - PC,139,2.0,76.85,14.0,3,50.0
231,2.0,2.4,H25 - CBA - PC,139,2.0,76.85,14.0,5,0.0
231,2.0,2.4,H25 - CBA - PC,139,2.0,76.85,14.0,4,0.0
231,2.0,2.4,H25 - CBA - PC,139,2.0,76.85,14.0,2,50.0
231,2.0,2.5,H25 - CBA - Universell porter,63,2.0,76.85,14.0,3,100.0
231,2.0,2.5,H25 - CBA - Universell porter,63,2.0,76.85,14.0,2,0.0
231,2.0,2.5,H25 - CBA - Universell porter,63,2.0,76.85,14.0,4,0.0
231,2.0,2.5,H25 - CBA - Universell porter,63,2.0,76.85,14.0,5,0.0
231,2.0,2.5,H25 - CBA - Universell porter,63,2.0,76.85,14.0,1,0.0
231,2.0,2.6,H25 - CBA - Pipeline ytelse,240,2.0,76.85,14.0,4,75.0
231,2.0,2.6,H25 - CBA - Pipeline ytelse,240,2.0,76.85,14.0,2,0.0
231,2.0,2.6,H25 - CBA - Pipeline ytelse,240,2.0,76.85,14.0,5,0.0
231,2.0,2.6,H25 - CBA - Pipeline ytelse,240,2.0,76.85,14.0,3,0.0
231,2.0,2.6,H25 - CBA - Pipeline ytelse,240,2.0,76.85,14.0,1,25.0
231,2.0,2.7,H25 - CBA - Seriell Adder,183,2.0,76.85,14.0,3,25.0
231,2.0,2.7,H25 - CBA - Seriell Adder,183,2.0,76.85,14.0,5,25.0
231,2.0,2.7,H25 - CBA - Seriell Adder,183,2.0,76.85,14.0,1,0.0
231,2.0,2.7,H25 - CBA - Seriell Adder,183,2.0,76.85,14.0,2,50.0
231,2.0,2.7,H25 - CBA - Seriell Adder,183,2.0,76.85,14.0,4,0.0
451,2.0,2.1,H25 - CBA - Cache-miss,273,2.0,71.98,14.0,2,25.0
451,2.0,2.1,H25 - CBA - Cache-miss,273,2.0,71.98,14.0,1,0.0
451,2.0,2.1,H25 - CBA - Cache-miss,273,2.0,71.98,14.0,5,0.0
451,2.0,2.1,H25 - CBA - Cache-miss,273,2.0,71.98,14.0,4,75.0
451,2.0,2.1,H25 - CBA - Cache-miss,273,2.0,71.98,14.0,3,0.0
451,2.0,2.2,H25 - CBA - Adder,66,2.0,71.98,14.0,5,0.0
451,2.0,2.2,H25 - CBA - Adder,66,2.0,71.98,14.0,2,100.0
451,2.0,2.2,H25 - CBA - Adder,66,2.0,71.98,14.0,3,0.0
451,2.0,2.2,H25 - CBA - Adder,66,2.0,71.98,14.0,1,0.0
451,2.0,2.2,H25 - CBA - Adder,66,2.0,71.98,14.0,4,0.0
451,2.0,2.3,H25 - CBA - ALU,231,2.0,71.98,14.0,4,0.0
451,2.0,2.3,H25 - CBA - ALU,231,2.0,71.98,14.0,3,0.0
451,2.0,2.3,H25 - CBA - ALU,231,2.0,71.98,14.0,1,50.0
451,2.0,2.3,H25 - CBA - ALU,231,2.0,71.98,14.0,2,0.0
451,2.0,2.3,H25 - CBA - ALU,231,2.0,71.98,14.0,5,50.0
451,2.0,2.4,H25 - CBA - PC,63,2.0,71.98,14.0,1,0.0
451,2.0,2.4,H25 - CBA - PC,63,2.0,71.98,14.0,5,100.0
451,2.0,2.4,H25 - CBA - PC,63,2.0,71.98,14.0,4,0.0
451,2.0,2.4,H25 - CBA - PC,63,2.0,71.98,14.0,2,0.0
451,2.0,2.4,H25 - CBA - PC,63,2.0,71.98,14.0,3,0.0
451,2.0,2.5,H25 - CBA - Universell porter,45,2.0,71.98,14.0,3,100.0
451,2.0,2.5,H25 - CBA - Universell porter,45,2.0,71.98,14.0,1,0.0
451,2.0,2.5,H25 - CBA - Universell porter,45,2.0,71.98,14.0,4,0.0
451,2.0,2.5,H25 - CBA - Universell porter,45,2.0,71.98,14.0,2,0.0
451,2.0,2.5,H25 - CBA - Universell porter,45,2.0,71.98,14.0,5,0.0
451,2.0,2.6,H25 - CBA - Pipeline ytelse,92,2.0,71.98,14.0,4,100.0
451,2.0,2.6,H25 - CBA - Pipeline ytelse,92,2.0,71.98,14.0,1,0.0
451,2.0,2.6,H25 - CBA - Pipeline ytelse,92,2.0,71.98,14.0,2,0.0
451,2.0,2.6,H25 - CBA - Pipeline ytelse,92,2.0,71.98,14.0,5,0.0
451,2.0,2.6,H25 - CBA - Pipeline ytelse,92,2.0,71.98,14.0,3,0.0
451,2.0,2.7,H25 - CBA - Seriell Adder,181,2.0,71.98,14.0,2,100.0
451,2.0,2.7,H25 - CBA - Seriell Adder,181,2.0,71.98,14.0,3,0.0
451,2.0,2.7,H25 - CBA - Seriell Adder,181,2.0,71.98,14.0,4,0.0
451,2.0,2.7,H25 - CBA - Seriell Adder,181,2.0,71.98,14.0,5,0.0
451,2.0,2.7,H25 - CBA - Seriell Adder,181,2.0,71.98,14.0,1,0.0
440,2.0,2.1,H25 - CBA - Cache-miss,67,2.0,81.49,14.0,2,100.0
440,2.0,2.1,H25 - CBA - Cache-miss,67,2.0,81.49,14.0,3,0.0
440,2.0,2.1,H25 - CBA - Cache-miss,67,2.0,81.49,14.0,1,0.0
440,2.0,2.1,H25 - CBA - Cache-miss,67,2.0,81.49,14.0,5,0.0
440,2.0,2.1,H25 - CBA - Cache-miss,67,2.0,81.49,14.0,4,0.0
440,2.0,2.2,H25 - CBA - Adder,66,2.0,81.49,14.0,2,0.0
440,2.0,2.2,H25 - CBA - Adder,66,2.0,81.49,14.0,3,0.0
440,2.0,2.2,H25 - CBA - Adder,66,2.0,81.49,14.0,1,0.0
440,2.0,2.2,H25 - CBA - Adder,66,2.0,81.49,14.0,4,100.0
440,2.0,2.2,H25 - CBA - Adder,66,2.0,81.49,14.0,5,0.0
440,2.0,2.3,H25 - CBA - ALU,234,2.0,81.49,14.0,5,25.0
440,2.0,2.3,H25 - CBA - ALU,234,2.0,81.49,14.0,3,0.0
440,2.0,2.3,H25 - CBA - ALU,234,2.0,81.49,14.0,1,75.0
440,2.0,2.3,H25 - CBA - ALU,234,2.0,81.49,14.0,4,0.0
440,2.0,2.3,H25 - CBA - ALU,234,2.0,81.49,14.0,2,0.0
440,2.0,2.4,H25 - CBA - PC,127,2.0,81.49,14.0,1,100.0
440,2.0,2.4,H25 - CBA - PC,127,2.0,81.49,14.0,5,0.0
440,2.0,2.4,H25 - CBA - PC,127,2.0,81.49,14.0,3,0.0
440,2.0,2.4,H25 - CBA - PC,127,2.0,81.49,14.0,2,0.0
440,2.0,2.4,H25 - CBA - PC,127,2.0,81.49,14.0,4,0.0
440,2.0,2.5,H25 - CBA - Universell porter,17,2.0,81.49,14.0,3,100.0
440,2.0,2.5,H25 - CBA - Universell porter,17,2.0,81.49,14.0,5,0.0
440,2.0,2.5,H25 - CBA - Universell porter,17,2.0,81.49,14.0,2,0.0
440,2.0,2.5,H25 - CBA - Universell porter,17,2.0,81.49,14.0,1,0.0
440,2.0,2.5,H25 - CBA - Universell porter,17,2.0,81.49,14.0,4,0.0
440,2.0,2.6,H25 - CBA - Pipeline ytelse,12,2.0,81.49,14.0,4,100.0
440,2.0,2.6,H25 - CBA - Pipeline ytelse,12,2.0,81.49,14.0,1,0.0
440,2.0,2.6,H25 - CBA - Pipeline ytelse,12,2.0,81.49,14.0,5,0.0
440,2.0,2.6,H25 - CBA - Pipeline ytelse,12,2.0,81.49,14.0,3,0.0
440,2.0,2.6,H25 - CBA - Pipeline ytelse,12,2.0,81.49,14.0,2,0.0
440,2.0,2.7,H25 - CBA - Seriell Adder,22,2.0,81.49,14.0,2,100.0
440,2.0,2.7,H25 - CBA - Seriell Adder,22,2.0,81.49,14.0,4,0.0
440,2.0,2.7,H25 - CBA - Seriell Adder,22,2.0,81.49,14.0,3,0.0
440,2.0,2.7,H25 - CBA - Seriell Adder,22,2.0,81.49,14.0,1,0.0
440,2.0,2.7,H25 - CBA - Seriell Adder,22,2.0,81.49,14.0,5,0.0
267,2.0,2.1,H25 - CBA - Cache-miss,19,2.0,77.78,14.0,2,100.0
267,2.0,2.2,H25 - CBA - Adder,13,2.0,77.78,14.0,2,100.0
267,2.0,2.3,H25 - CBA - ALU,112,2.0,77.78,14.0,1,100.0
267,2.0,2.3,H25 - CBA - ALU,112,2.0,77.78,14.0,5,0.0
267,2.0,2.3,H25 - CBA - ALU,112,2.0,77.78,14.0,2,0.0
267,2.0,2.3,H25 - CBA - ALU,112,2.0,77.78,14.0,4,0.0
267,2.0,2.3,H25 - CBA - ALU,112,2.0,77.78,14.0,3,0.0
267,2.0,2.4,H25 - CBA - PC,27,2.0,77.78,14.0,1,100.0
267,2.0,2.5,H25 - CBA - Universell porter,6,2.0,77.78,14.0,3,100.0
267,2.0,2.6,H25 - CBA - Pipeline ytelse,84,2.0,77.78,14.0,4,100.0
267,2.0,2.7,H25 - CBA - Seriell Adder,15,2.0,77.78,14.0,2,100.0
358,2.0,2.1,H25 - CBA - Cache-miss,77,2.0,65.72,14.0,5,0.0
358,2.0,2.1,H25 - CBA - Cache-miss,77,2.0,65.72,14.0,3,0.0
358,2.0,2.1,H25 - CBA - Cache-miss,77,2.0,65.72,14.0,1,0.0
358,2.0,2.1,H25 - CBA - Cache-miss,77,2.0,65.72,14.0,2,100.0
358,2.0,2.1,H25 - CBA - Cache-miss,77,2.0,65.72,14.0,4,0.0
358,2.0,2.2,H25 - CBA - Adder,28,2.0,65.72,14.0,2,100.0
358,2.0,2.2,H25 - CBA - Adder,28,2.0,65.72,14.0,1,0.0
358,2.0,2.2,H25 - CBA - Adder,28,2.0,65.72,14.0,4,0.0
358,2.0,2.2,H25 - CBA - Adder,28,2.0,65.72,14.0,3,0.0
358,2.0,2.2,H25 - CBA - Adder,28,2.0,65.72,14.0,5,0.0
358,2.0,2.3,H25 - CBA - ALU,263,2.0,65.72,14.0,4,0.0
358,2.0,2.3,H25 - CBA - ALU,263,2.0,65.72,14.0,5,0.0
358,2.0,2.3,H25 - CBA - ALU,263,2.0,65.72,14.0,1,50.0
358,2.0,2.3,H25 - CBA - ALU,263,2.0,65.72,14.0,2,50.0
358,2.0,2.3,H25 - CBA - ALU,263,2.0,65.72,14.0,3,0.0
358,2.0,2.4,H25 - CBA - PC,173,2.0,65.72,14.0,2,0.0
358,2.0,2.4,H25 - CBA - PC,173,2.0,65.72,14.0,3,0.0
358,2.0,2.4,H25 - CBA - PC,173,2.0,65.72,14.0,5,0.0
358,2.0,2.4,H25 - CBA - PC,173,2.0,65.72,14.0,1,100.0
358,2.0,2.4,H25 - CBA - PC,173,2.0,65.72,14.0,4,0.0
358,2.0,2.5,H25 - CBA - Universell porter,22,2.0,65.72,14.0,3,100.0
358,2.0,2.5,H25 - CBA - Universell porter,22,2.0,65.72,14.0,1,0.0
358,2.0,2.5,H25 - CBA - Universell porter,22,2.0,65.72,14.0,4,0.0
358,2.0,2.5,H25 - CBA - Universell porter,22,2.0,65.72,14.0,5,0.0
358,2.0,2.5,H25 - CBA - Universell porter,22,2.0,65.72,14.0,2,0.0
358,2.0,2.6,H25 - CBA - Pipeline ytelse,94,2.0,65.72,14.0,1,0.0
358,2.0,2.6,H25 - CBA - Pipeline ytelse,94,2.0,65.72,14.0,5,0.0
358,2.0,2.6,H25 - CBA - Pipeline ytelse,94,2.0,65.72,14.0,4,0.0
358,2.0,2.6,H25 - CBA - Pipeline ytelse,94,2.0,65.72,14.0,2,100.0
358,2.0,2.6,H25 - CBA - Pipeline ytelse,94,2.0,65.72,14.0,3,0.0
358,2.0,2.7,H25 - CBA - Seriell Adder,111,2.0,65.72,14.0,3,0.0
358,2.0,2.7,H25 - CBA - Seriell Adder,111,2.0,65.72,14.0,1,0.0
358,2.0,2.7,H25 - CBA - Seriell Adder,111,2.0,65.72,14.0,4,0.0
358,2.0,2.7,H25 - CBA - Seriell Adder,111,2.0,65.72,14.0,5,0.0
358,2.0,2.7,H25 - CBA - Seriell Adder,111,2.0,65.72,14.0,2,100.0
11,2.0,2.1,H25 - CBA - Cache-miss,63,2.0,74.98,14.0,1,0.0
11,2.0,2.1,H25 - CBA - Cache-miss,63,2.0,74.98,14.0,2,100.0
11,2.0,2.1,H25 - CBA - Cache-miss,63,2.0,74.98,14.0,4,0.0
11,2.0,2.1,H25 - CBA - Cache-miss,63,2.0,74.98,14.0,5,0.0
11,2.0,2.1,H25 - CBA - Cache-miss,63,2.0,74.98,14.0,3,0.0
11,2.0,2.2,H25 - CBA - Adder,74,2.0,74.98,14.0,2,100.0
11,2.0,2.2,H25 - CBA - Adder,74,2.0,74.98,14.0,4,0.0
11,2.0,2.2,H25 - CBA - Adder,74,2.0,74.98,14.0,1,0.0
11,2.0,2.2,H25 - CBA - Adder,74,2.0,74.98,14.0,3,0.0
11,2.0,2.2,H25 - CBA - Adder,74,2.0,74.98,14.0,5,0.0
11,2.0,2.3,H25 - CBA - ALU,108,2.0,74.98,14.0,3,0.0
11,2.0,2.3,H25 - CBA - ALU,108,2.0,74.98,14.0,4,0.0
11,2.0,2.3,H25 - CBA - ALU,108,2.0,74.98,14.0,1,75.0
11,2.0,2.3,H25 - CBA - ALU,108,2.0,74.98,14.0,2,0.0
11,2.0,2.3,H25 - CBA - ALU,108,2.0,74.98,14.0,5,25.0
11,2.0,2.4,H25 - CBA - PC,111,2.0,74.98,14.0,5,0.0
11,2.0,2.4,H25 - CBA - PC,111,2.0,74.98,14.0,3,0.0
11,2.0,2.4,H25 - CBA - PC,111,2.0,74.98,14.0,4,0.0
11,2.0,2.4,H25 - CBA - PC,111,2.0,74.98,14.0,2,50.0
11,2.0,2.4,H25 - CBA - PC,111,2.0,74.98,14.0,1,50.0
11,2.0,2.5,H25 - CBA - Universell porter,35,2.0,74.98,14.0,3,100.0
11,2.0,2.5,H25 - CBA - Universell porter,35,2.0,74.98,14.0,4,0.0
11,2.0,2.5,H25 - CBA - Universell porter,35,2.0,74.98,14.0,5,0.0
11,2.0,2.5,H25 - CBA - Universell porter,35,2.0,74.98,14.0,2,0.0
11,2.0,2.5,H25 - CBA - Universell porter,35,2.0,74.98,14.0,1,0.0
11,2.0,2.6,H25 - CBA - Pipeline ytelse,165,2.0,74.98,14.0,2,0.0
11,2.0,2.6,H25 - CBA - Pipeline ytelse,165,2.0,74.98,14.0,5,0.0
11,2.0,2.6,H25 - CBA - Pipeline ytelse,165,2.0,74.98,14.0,4,75.0
11,2.0,2.6,H25 - CBA - Pipeline ytelse,165,2.0,74.98,14.0,3,0.0
11,2.0,2.6,H25 - CBA - Pipeline ytelse,165,2.0,74.98,14.0,1,25.0
11,2.0,2.7,H25 - CBA - Seriell Adder,64,2.0,74.98,14.0,4,0.0
11,2.0,2.7,H25 - CBA - Seriell Adder,64,2.0,74.98,14.0,3,0.0
11,2.0,2.7,H25 - CBA - Seriell Adder,64,2.0,74.98,14.0,1,0.0
11,2.0,2.7,H25 - CBA - Seriell Adder,64,2.0,74.98,14.0,2,75.0
11,2.0,2.7,H25 - CBA - Seriell Adder,64,2.0,74.98,14.0,5,25.0
434,2.0,2.1,H25 - CBA - Cache-miss,257,2.0,58.68,14.0,1,0.0
434,2.0,2.1,H25 - CBA - Cache-miss,257,2.0,58.68,14.0,4,0.0
434,2.0,2.1,H25 - CBA - Cache-miss,257,2.0,58.68,14.0,2,0.0
434,2.0,2.1,H25 - CBA - Cache-miss,257,2.0,58.68,14.0,3,0.0
434,2.0,2.1,H25 - CBA - Cache-miss,257,2.0,58.68,14.0,5,100.0
434,2.0,2.2,H25 - CBA - Adder,91,2.0,58.68,14.0,2,100.0
434,2.0,2.2,H25 - CBA - Adder,91,2.0,58.68,14.0,5,0.0
434,2.0,2.2,H25 - CBA - Adder,91,2.0,58.68,14.0,3,0.0
434,2.0,2.2,H25 - CBA - Adder,91,2.0,58.68,14.0,4,0.0
434,2.0,2.2,H25 - CBA - Adder,91,2.0,58.68,14.0,1,0.0
434,2.0,2.3,H25 - CBA - ALU,450,2.0,58.68,14.0,3,0.0
434,2.0,2.3,H25 - CBA - ALU,450,2.0,58.68,14.0,4,0.0
434,2.0,2.3,H25 - CBA - ALU,450,2.0,58.68,14.0,5,0.0
434,2.0,2.3,H25 - CBA - ALU,450,2.0,58.68,14.0,2,50.0
434,2.0,2.3,H25 - CBA - ALU,450,2.0,58.68,14.0,1,50.0
434,2.0,2.4,H25 - CBA - PC,147,2.0,58.68,14.0,5,0.0
434,2.0,2.4,H25 - CBA - PC,147,2.0,58.68,14.0,4,0.0
434,2.0,2.4,H25 - CBA - PC,147,2.0,58.68,14.0,2,100.0
434,2.0,2.4,H25 - CBA - PC,147,2.0,58.68,14.0,3,0.0
434,2.0,2.4,H25 - CBA - PC,147,2.0,58.68,14.0,1,0.0
434,2.0,2.5,H25 - CBA - Universell porter,46,2.0,58.68,14.0,3,100.0
434,2.0,2.5,H25 - CBA - Universell porter,46,2.0,58.68,14.0,5,0.0
434,2.0,2.5,H25 - CBA - Universell porter,46,2.0,58.68,14.0,1,0.0
434,2.0,2.5,H25 - CBA - Universell porter,46,2.0,58.68,14.0,2,0.0
434,2.0,2.5,H25 - CBA - Universell porter,46,2.0,58.68,14.0,4,0.0
434,2.0,2.6,H25 - CBA - Pipeline ytelse,424,2.0,58.68,14.0,4,100.0
434,2.0,2.6,H25 - CBA - Pipeline ytelse,424,2.0,58.68,14.0,3,0.0
434,2.0,2.6,H25 - CBA - Pipeline ytelse,424,2.0,58.68,14.0,2,0.0
434,2.0,2.6,H25 - CBA - Pipeline ytelse,424,2.0,58.68,14.0,1,0.0
434,2.0,2.6,H25 - CBA - Pipeline ytelse,424,2.0,58.68,14.0,5,0.0
434,2.0,2.7,H25 - CBA - Seriell Adder,231,2.0,58.68,14.0,1,0.0
434,2.0,2.7,H25 - CBA - Seriell Adder,231,2.0,58.68,14.0,3,0.0
434,2.0,2.7,H25 - CBA - Seriell Adder,231,2.0,58.68,14.0,5,0.0
434,2.0,2.7,H25 - CBA - Seriell Adder,231,2.0,58.68,14.0,2,100.0
434,2.0,2.7,H25 - CBA - Seriell Adder,231,2.0,58.68,14.0,4,0.0
23,2.0,2.1,H25 - CBA - Cache-miss,111,2.0,83.48,14.0,2,100.0
23,2.0,2.1,H25 - CBA - Cache-miss,111,2.0,83.48,14.0,5,0.0
23,2.0,2.1,H25 - CBA - Cache-miss,111,2.0,83.48,14.0,3,0.0
23,2.0,2.1,H25 - CBA - Cache-miss,111,2.0,83.48,14.0,1,0.0
23,2.0,2.1,H25 - CBA - Cache-miss,111,2.0,83.48,14.0,4,0.0
23,2.0,2.2,H25 - CBA - Adder,23,2.0,83.48,14.0,2,100.0
23,2.0,2.2,H25 - CBA - Adder,23,2.0,83.48,14.0,5,0.0
23,2.0,2.2,H25 - CBA - Adder,23,2.0,83.48,14.0,1,0.0
23,2.0,2.2,H25 - CBA - Adder,23,2.0,83.48,14.0,4,0.0
23,2.0,2.2,H25 - CBA - Adder,23,2.0,83.48,14.0,3,0.0
23,2.0,2.3,H25 - CBA - ALU,118,2.0,83.48,14.0,1,50.0
23,2.0,2.3,H25 - CBA - ALU,118,2.0,83.48,14.0,2,50.0
23,2.0,2.3,H25 - CBA - ALU,118,2.0,83.48,14.0,3,0.0
23,2.0,2.3,H25 - CBA - ALU,118,2.0,83.48,14.0,5,0.0
23,2.0,2.3,H25 - CBA - ALU,118,2.0,83.48,14.0,4,0.0
23,2.0,2.4,H25 - CBA - PC,30,2.0,83.48,14.0,1,100.0
23,2.0,2.4,H25 - CBA - PC,30,2.0,83.48,14.0,5,0.0
23,2.0,2.4,H25 - CBA - PC,30,2.0,83.48,14.0,3,0.0
23,2.0,2.4,H25 - CBA - PC,30,2.0,83.48,14.0,4,0.0
23,2.0,2.4,H25 - CBA - PC,30,2.0,83.48,14.0,2,0.0
23,2.0,2.5,H25 - CBA - Universell porter,18,2.0,83.48,14.0,3,100.0
23,2.0,2.5,H25 - CBA - Universell porter,18,2.0,83.48,14.0,5,0.0
23,2.0,2.5,H25 - CBA - Universell porter,18,2.0,83.48,14.0,1,0.0
23,2.0,2.5,H25 - CBA - Universell porter,18,2.0,83.48,14.0,2,0.0
23,2.0,2.5,H25 - CBA - Universell porter,18,2.0,83.48,14.0,4,0.0
23,2.0,2.6,H25 - CBA - Pipeline ytelse,75,2.0,83.48,14.0,4,25.0
23,2.0,2.6,H25 - CBA - Pipeline ytelse,75,2.0,83.48,14.0,1,25.0
23,2.0,2.6,H25 - CBA - Pipeline ytelse,75,2.0,83.48,14.0,3,50.0
23,2.0,2.6,H25 - CBA - Pipeline ytelse,75,2.0,83.48,14.0,5,0.0
23,2.0,2.6,H25 - CBA - Pipeline ytelse,75,2.0,83.48,14.0,2,0.0
23,2.0,2.7,H25 - CBA - Seriell Adder,21,2.0,83.48,14.0,2,100.0
23,2.0,2.7,H25 - CBA - Seriell Adder,21,2.0,83.48,14.0,5,0.0
23,2.0,2.7,H25 - CBA - Seriell Adder,21,2.0,83.48,14.0,3,0.0
23,2.0,2.7,H25 - CBA - Seriell Adder,21,2.0,83.48,14.0,1,0.0
23,2.0,2.7,H25 - CBA - Seriell Adder,21,2.0,83.48,14.0,4,0.0
402,2.0,2.1,H25 - CBA - Cache-miss,35,2.0,75.49,14.0,5,0.0
402,2.0,2.1,H25 - CBA - Cache-miss,35,2.0,75.49,14.0,4,0.0
402,2.0,2.1,H25 - CBA - Cache-miss,35,2.0,75.49,14.0,2,100.0
402,2.0,2.1,H25 - CBA - Cache-miss,35,2.0,75.49,14.0,3,0.0
402,2.0,2.1,H25 - CBA - Cache-miss,35,2.0,75.49,14.0,1,0.0
402,2.0,2.2,H25 - CBA - Adder,43,2.0,75.49,14.0,2,100.0
402,2.0,2.2,H25 - CBA - Adder,43,2.0,75.49,14.0,5,0.0
402,2.0,2.2,H25 - CBA - Adder,43,2.0,75.49,14.0,3,0.0
402,2.0,2.2,H25 - CBA - Adder,43,2.0,75.49,14.0,4,0.0
402,2.0,2.2,H25 - CBA - Adder,43,2.0,75.49,14.0,1,0.0
402,2.0,2.3,H25 - CBA - ALU,21,2.0,75.49,14.0,1,100.0
402,2.0,2.3,H25 - CBA - ALU,21,2.0,75.49,14.0,5,0.0
402,2.0,2.3,H25 - CBA - ALU,21,2.0,75.49,14.0,4,0.0
402,2.0,2.3,H25 - CBA - ALU,21,2.0,75.49,14.0,3,0.0
402,2.0,2.3,H25 - CBA - ALU,21,2.0,75.49,14.0,2,0.0
402,2.0,2.4,H25 - CBA - PC,93,2.0,75.49,14.0,2,25.0
402,2.0,2.4,H25 - CBA - PC,93,2.0,75.49,14.0,1,0.0
402,2.0,2.4,H25 - CBA - PC,93,2.0,75.49,14.0,4,0.0
402,2.0,2.4,H25 - CBA - PC,93,2.0,75.49,14.0,5,0.0
402,2.0,2.4,H25 - CBA - PC,93,2.0,75.49,14.0,3,75.0
402,2.0,2.5,H25 - CBA - Universell porter,16,2.0,75.49,14.0,3,100.0
402,2.0,2.5,H25 - CBA - Universell porter,16,2.0,75.49,14.0,1,0.0
402,2.0,2.5,H25 - CBA - Universell porter,16,2.0,75.49,14.0,2,0.0
402,2.0,2.5,H25 - CBA - Universell porter,16,2.0,75.49,14.0,4,0.0
402,2.0,2.5,H25 - CBA - Universell porter,16,2.0,75.49,14.0,5,0.0
402,2.0,2.6,H25 - CBA - Pipeline ytelse,74,2.0,75.49,14.0,3,75.0
402,2.0,2.6,H25 - CBA - Pipeline ytelse,74,2.0,75.49,14.0,4,25.0
402,2.0,2.6,H25 - CBA - Pipeline ytelse,74,2.0,75.49,14.0,1,0.0
402,2.0,2.6,H25 - CBA - Pipeline ytelse,74,2.0,75.49,14.0,2,0.0
402,2.0,2.6,H25 - CBA - Pipeline ytelse,74,2.0,75.49,14.0,5,0.0
402,2.0,2.7,H25 - CBA - Seriell Adder,51,2.0,75.49,14.0,2,75.0
402,2.0,2.7,H25 - CBA - Seriell Adder,51,2.0,75.49,14.0,5,0.0
402,2.0,2.7,H25 - CBA - Seriell Adder,51,2.0,75.49,14.0,1,25.0
402,2.0,2.7,H25 - CBA - Seriell Adder,51,2.0,75.49,14.0,4,0.0
402,2.0,2.7,H25 - CBA - Seriell Adder,51,2.0,75.49,14.0,3,0.0
2,2.0,2.1,H25 - CBA - Cache-miss,81,2.0,48.52,14.0,2,100.0
2,2.0,2.1,H25 - CBA - Cache-miss,81,2.0,48.52,14.0,3,0.0
2,2.0,2.1,H25 - CBA - Cache-miss,81,2.0,48.52,14.0,1,0.0
2,2.0,2.1,H25 - CBA - Cache-miss,81,2.0,48.52,14.0,5,0.0
2,2.0,2.1,H25 - CBA - Cache-miss,81,2.0,48.52,14.0,4,0.0
2,2.0,2.2,H25 - CBA - Adder,21,2.0,48.52,14.0,2,100.0
2,2.0,2.2,H25 - CBA - Adder,21,2.0,48.52,14.0,1,0.0
2,2.0,2.2,H25 - CBA - Adder,21,2.0,48.52,14.0,5,0.0
2,2.0,2.2,H25 - CBA - Adder,21,2.0,48.52,14.0,3,0.0
2,2.0,2.2,H25 - CBA - Adder,21,2.0,48.52,14.0,4,0.0
2,2.0,2.3,H25 - CBA - ALU,69,2.0,48.52,14.0,2,0.0
2,2.0,2.3,H25 - CBA - ALU,69,2.0,48.52,14.0,4,50.0
2,2.0,2.3,H25 - CBA - ALU,69,2.0,48.52,14.0,1,50.0
2,2.0,2.3,H25 - CBA - ALU,69,2.0,48.52,14.0,5,0.0
2,2.0,2.3,H25 - CBA - ALU,69,2.0,48.52,14.0,3,0.0
2,2.0,2.4,H25 - CBA - PC,179,2.0,48.52,14.0,2,0.0
2,2.0,2.4,H25 - CBA - PC,179,2.0,48.52,14.0,3,0.0
2,2.0,2.4,H25 - CBA - PC,179,2.0,48.52,14.0,1,100.0
2,2.0,2.4,H25 - CBA - PC,179,2.0,48.52,14.0,5,0.0
2,2.0,2.4,H25 - CBA - PC,179,2.0,48.52,14.0,4,0.0
2,2.0,2.5,H25 - CBA - Universell porter,45,2.0,48.52,14.0,3,100.0
2,2.0,2.5,H25 - CBA - Universell porter,45,2.0,48.52,14.0,2,0.0
2,2.0,2.5,H25 - CBA - Universell porter,45,2.0,48.52,14.0,1,0.0
2,2.0,2.5,H25 - CBA - Universell porter,45,2.0,48.52,14.0,4,0.0
2,2.0,2.5,H25 - CBA - Universell porter,45,2.0,48.52,14.0,5,0.0
2,2.0,2.6,H25 - CBA - Pipeline ytelse,44,2.0,48.52,14.0,4,100.0
2,2.0,2.6,H25 - CBA - Pipeline ytelse,44,2.0,48.52,14.0,1,0.0
2,2.0,2.6,H25 - CBA - Pipeline ytelse,44,2.0,48.52,14.0,5,0.0
2,2.0,2.6,H25 - CBA - Pipeline ytelse,44,2.0,48.52,14.0,2,0.0
2,2.0,2.6,H25 - CBA - Pipeline ytelse,44,2.0,48.52,14.0,3,0.0
2,2.0,2.7,H25 - CBA - Seriell Adder,113,2.0,48.52,14.0,2,50.0
2,2.0,2.7,H25 - CBA - Seriell Adder,113,2.0,48.52,14.0,5,50.0
2,2.0,2.7,H25 - CBA - Seriell Adder,113,2.0,48.52,14.0,3,0.0
2,2.0,2.7,H25 - CBA - Seriell Adder,113,2.0,48.52,14.0,4,0.0
2,2.0,2.7,H25 - CBA - Seriell Adder,113,2.0,48.52,14.0,1,0.0
404,2.0,2.1,H25 - CBA - Cache-miss,52,0.0,22.98,2.0,4,50.0
404,2.0,2.1,H25 - CBA - Cache-miss,52,0.0,22.98,2.0,1,50.0
404,2.0,2.2,H25 - CBA - Adder,51,2.0,22.98,2.0,2,100.0
404,2.0,2.3,H25 - CBA - ALU,30,0.0,22.98,2.0,1,50.0
404,2.0,2.3,H25 - CBA - ALU,30,0.0,22.98,2.0,4,25.0
404,2.0,2.3,H25 - CBA - ALU,30,0.0,22.98,2.0,2,25.0
404,2.0,2.4,H25 - CBA - PC,55,0.0,22.98,2.0,2,25.0
404,2.0,2.4,H25 - CBA - PC,55,0.0,22.98,2.0,1,50.0
404,2.0,2.4,H25 - CBA - PC,55,0.0,22.98,2.0,4,25.0
404,2.0,2.6,H25 - CBA - Pipeline ytelse,32,0.0,22.98,2.0,2,25.0
404,2.0,2.6,H25 - CBA - Pipeline ytelse,32,0.0,22.98,2.0,3,50.0
404,2.0,2.6,H25 - CBA - Pipeline ytelse,32,0.0,22.98,2.0,1,25.0
404,2.0,2.7,H25 - CBA - Seriell Adder,26,0.0,22.98,2.0,3,25.0
404,2.0,2.7,H25 - CBA - Seriell Adder,26,0.0,22.98,2.0,2,25.0
404,2.0,2.7,H25 - CBA - Seriell Adder,26,0.0,22.98,2.0,4,25.0
404,2.0,2.7,H25 - CBA - Seriell Adder,26,0.0,22.98,2.0,5,25.0
307,2.0,2.1,H25 - CBA - Cache-miss,88,2.0,77.65,12.0,2,100.0
307,2.0,2.1,H25 - CBA - Cache-miss,88,2.0,77.65,12.0,1,0.0
307,2.0,2.1,H25 - CBA - Cache-miss,88,2.0,77.65,12.0,3,0.0
307,2.0,2.1,H25 - CBA - Cache-miss,88,2.0,77.65,12.0,4,0.0
307,2.0,2.1,H25 - CBA - Cache-miss,88,2.0,77.65,12.0,5,0.0
307,2.0,2.2,H25 - CBA - Adder,127,2.0,77.65,12.0,2,100.0
307,2.0,2.2,H25 - CBA - Adder,127,2.0,77.65,12.0,3,0.0
307,2.0,2.2,H25 - CBA - Adder,127,2.0,77.65,12.0,4,0.0
307,2.0,2.2,H25 - CBA - Adder,127,2.0,77.65,12.0,5,0.0
307,2.0,2.2,H25 - CBA - Adder,127,2.0,77.65,12.0,1,0.0
307,2.0,2.3,H25 - CBA - ALU,53,0.0,77.65,12.0,3,100.0
307,2.0,2.5,H25 - CBA - Universell porter,40,2.0,77.65,12.0,5,0.0
307,2.0,2.5,H25 - CBA - Universell porter,40,2.0,77.65,12.0,3,100.0
307,2.0,2.5,H25 - CBA - Universell porter,40,2.0,77.65,12.0,2,0.0
307,2.0,2.5,H25 - CBA - Universell porter,40,2.0,77.65,12.0,4,0.0
307,2.0,2.5,H25 - CBA - Universell porter,40,2.0,77.65,12.0,1,0.0
307,2.0,2.6,H25 - CBA - Pipeline ytelse,166,2.0,77.65,12.0,1,100.0
307,2.0,2.6,H25 - CBA - Pipeline ytelse,166,2.0,77.65,12.0,5,0.0
307,2.0,2.6,H25 - CBA - Pipeline ytelse,166,2.0,77.65,12.0,2,0.0
307,2.0,2.6,H25 - CBA - Pipeline ytelse,166,2.0,77.65,12.0,4,0.0
307,2.0,2.6,H25 - CBA - Pipeline ytelse,166,2.0,77.65,12.0,3,0.0
307,2.0,2.7,H25 - CBA - Seriell Adder,115,2.0,77.65,12.0,2,100.0
307,2.0,2.7,H25 - CBA - Seriell Adder,115,2.0,77.65,12.0,4,0.0
307,2.0,2.7,H25 - CBA - Seriell Adder,115,2.0,77.65,12.0,1,0.0
307,2.0,2.7,H25 - CBA - Seriell Adder,115,2.0,77.65,12.0,3,0.0
307,2.0,2.7,H25 - CBA - Seriell Adder,115,2.0,77.65,12.0,5,0.0
111,2.0,2.1,H25 - CBA - Cache-miss,134,2.0,60.64,14.0,2,75.0
111,2.0,2.1,H25 - CBA - Cache-miss,134,2.0,60.64,14.0,3,25.0
111,2.0,2.1,H25 - CBA - Cache-miss,134,2.0,60.64,14.0,4,0.0
111,2.0,2.1,H25 - CBA - Cache-miss,134,2.0,60.64,14.0,5,0.0
111,2.0,2.1,H25 - CBA - Cache-miss,134,2.0,60.64,14.0,1,0.0
111,2.0,2.2,H25 - CBA - Adder,48,2.0,60.64,14.0,3,0.0
111,2.0,2.2,H25 - CBA - Adder,48,2.0,60.64,14.0,4,0.0
111,2.0,2.2,H25 - CBA - Adder,48,2.0,60.64,14.0,1,0.0
111,2.0,2.2,H25 - CBA - Adder,48,2.0,60.64,14.0,2,100.0
111,2.0,2.2,H25 - CBA - Adder,48,2.0,60.64,14.0,5,0.0
111,2.0,2.3,H25 - CBA - ALU,392,2.0,60.64,14.0,2,25.0
111,2.0,2.3,H25 - CBA - ALU,392,2.0,60.64,14.0,1,75.0
111,2.0,2.3,H25 - CBA - ALU,392,2.0,60.64,14.0,4,0.0
111,2.0,2.3,H25 - CBA - ALU,392,2.0,60.64,14.0,5,0.0
111,2.0,2.3,H25 - CBA - ALU,392,2.0,60.64,14.0,3,0.0
111,2.0,2.4,H25 - CBA - PC,169,2.0,60.64,14.0,3,0.0
111,2.0,2.4,H25 - CBA - PC,169,2.0,60.64,14.0,1,100.0
111,2.0,2.4,H25 - CBA - PC,169,2.0,60.64,14.0,5,0.0
111,2.0,2.4,H25 - CBA - PC,169,2.0,60.64,14.0,4,0.0
111,2.0,2.4,H25 - CBA - PC,169,2.0,60.64,14.0,2,0.0
111,2.0,2.5,H25 - CBA - Universell porter,63,2.0,60.64,14.0,4,0.0
111,2.0,2.5,H25 - CBA - Universell porter,63,2.0,60.64,14.0,3,100.0
111,2.0,2.5,H25 - CBA - Universell porter,63,2.0,60.64,14.0,5,0.0
111,2.0,2.5,H25 - CBA - Universell porter,63,2.0,60.64,14.0,2,0.0
111,2.0,2.5,H25 - CBA - Universell porter,63,2.0,60.64,14.0,1,0.0
111,2.0,2.6,H25 - CBA - Pipeline ytelse,128,2.0,60.64,14.0,3,0.0
111,2.0,2.6,H25 - CBA - Pipeline ytelse,128,2.0,60.64,14.0,2,25.0
111,2.0,2.6,H25 - CBA - Pipeline ytelse,128,2.0,60.64,14.0,4,25.0
111,2.0,2.6,H25 - CBA - Pipeline ytelse,128,2.0,60.64,14.0,1,50.0
111,2.0,2.6,H25 - CBA - Pipeline ytelse,128,2.0,60.64,14.0,5,0.0
111,2.0,2.7,H25 - CBA - Seriell Adder,126,2.0,60.64,14.0,3,0.0
111,2.0,2.7,H25 - CBA - Seriell Adder,126,2.0,60.64,14.0,4,0.0
111,2.0,2.7,H25 - CBA - Seriell Adder,126,2.0,60.64,14.0,1,25.0
111,2.0,2.7,H25 - CBA - Seriell Adder,126,2.0,60.64,14.0,5,0.0
111,2.0,2.7,H25 - CBA - Seriell Adder,126,2.0,60.64,14.0,2,75.0
143,2.0,2.1,H25 - CBA - Cache-miss,185,2.0,72.71,14.0,2,100.0
143,2.0,2.1,H25 - CBA - Cache-miss,185,2.0,72.71,14.0,5,0.0
143,2.0,2.1,H25 - CBA - Cache-miss,185,2.0,72.71,14.0,1,0.0
143,2.0,2.1,H25 - CBA - Cache-miss,185,2.0,72.71,14.0,4,0.0
143,2.0,2.1,H25 - CBA - Cache-miss,185,2.0,72.71,14.0,3,0.0
143,2.0,2.2,H25 - CBA - Adder,61,2.0,72.71,14.0,2,100.0
143,2.0,2.2,H25 - CBA - Adder,61,2.0,72.71,14.0,1,0.0
143,2.0,2.2,H25 - CBA - Adder,61,2.0,72.71,14.0,3,0.0
143,2.0,2.2,H25 - CBA - Adder,61,2.0,72.71,14.0,5,0.0
143,2.0,2.2,H25 - CBA - Adder,61,2.0,72.71,14.0,4,0.0
143,2.0,2.3,H25 - CBA - ALU,54,2.0,72.71,14.0,1,100.0
143,2.0,2.3,H25 - CBA - ALU,54,2.0,72.71,14.0,2,0.0
143,2.0,2.3,H25 - CBA - ALU,54,2.0,72.71,14.0,4,0.0
143,2.0,2.3,H25 - CBA - ALU,54,2.0,72.71,14.0,3,0.0
143,2.0,2.3,H25 - CBA - ALU,54,2.0,72.71,14.0,5,0.0
143,2.0,2.4,H25 - CBA - PC,155,2.0,72.71,14.0,3,100.0
143,2.0,2.4,H25 - CBA - PC,155,2.0,72.71,14.0,4,0.0
143,2.0,2.4,H25 - CBA - PC,155,2.0,72.71,14.0,2,0.0
143,2.0,2.4,H25 - CBA - PC,155,2.0,72.71,14.0,1,0.0
143,2.0,2.4,H25 - CBA - PC,155,2.0,72.71,14.0,5,0.0
143,2.0,2.5,H25 - CBA - Universell porter,40,2.0,72.71,14.0,3,100.0
143,2.0,2.5,H25 - CBA - Universell porter,40,2.0,72.71,14.0,4,0.0
143,2.0,2.5,H25 - CBA - Universell porter,40,2.0,72.71,14.0,5,0.0
143,2.0,2.5,H25 - CBA - Universell porter,40,2.0,72.71,14.0,1,0.0
143,2.0,2.5,H25 - CBA - Universell porter,40,2.0,72.71,14.0,2,0.0
143,2.0,2.6,H25 - CBA - Pipeline ytelse,38,2.0,72.71,14.0,4,100.0
143,2.0,2.6,H25 - CBA - Pipeline ytelse,38,2.0,72.71,14.0,3,0.0
143,2.0,2.6,H25 - CBA - Pipeline ytelse,38,2.0,72.71,14.0,1,0.0
143,2.0,2.6,H25 - CBA - Pipeline ytelse,38,2.0,72.71,14.0,5,0.0
143,2.0,2.6,H25 - CBA - Pipeline ytelse,38,2.0,72.71,14.0,2,0.0
143,2.0,2.7,H25 - CBA - Seriell Adder,211,2.0,72.71,14.0,3,25.0
143,2.0,2.7,H25 - CBA - Seriell Adder,211,2.0,72.71,14.0,2,25.0
143,2.0,2.7,H25 - CBA - Seriell Adder,211,2.0,72.71,14.0,4,0.0
143,2.0,2.7,H25 - CBA - Seriell Adder,211,2.0,72.71,14.0,5,50.0
143,2.0,2.7,H25 - CBA - Seriell Adder,211,2.0,72.71,14.0,1,0.0
154,2.0,2.1,H25 - CBA - Cache-miss,122,2.0,58.98,14.0,1,0.0
154,2.0,2.1,H25 - CBA - Cache-miss,122,2.0,58.98,14.0,3,0.0
154,2.0,2.1,H25 - CBA - Cache-miss,122,2.0,58.98,14.0,2,25.0
154,2.0,2.1,H25 - CBA - Cache-miss,122,2.0,58.98,14.0,5,75.0
154,2.0,2.1,H25 - CBA - Cache-miss,122,2.0,58.98,14.0,4,0.0
154,2.0,2.2,H25 - CBA - Adder,82,2.0,58.98,14.0,5,50.0
154,2.0,2.2,H25 - CBA - Adder,82,2.0,58.98,14.0,3,50.0
154,2.0,2.2,H25 - CBA - Adder,82,2.0,58.98,14.0,1,0.0
154,2.0,2.2,H25 - CBA - Adder,82,2.0,58.98,14.0,4,0.0
154,2.0,2.2,H25 - CBA - Adder,82,2.0,58.98,14.0,2,0.0
154,2.0,2.3,H25 - CBA - ALU,44,2.0,58.98,14.0,2,0.0
154,2.0,2.3,H25 - CBA - ALU,44,2.0,58.98,14.0,4,0.0
154,2.0,2.3,H25 - CBA - ALU,44,2.0,58.98,14.0,5,0.0
154,2.0,2.3,H25 - CBA - ALU,44,2.0,58.98,14.0,3,0.0
154,2.0,2.3,H25 - CBA - ALU,44,2.0,58.98,14.0,1,100.0
154,2.0,2.4,H25 - CBA - PC,144,2.0,58.98,14.0,1,50.0
154,2.0,2.4,H25 - CBA - PC,144,2.0,58.98,14.0,5,0.0
154,2.0,2.4,H25 - CBA - PC,144,2.0,58.98,14.0,2,0.0
154,2.0,2.4,H25 - CBA - PC,144,2.0,58.98,14.0,4,0.0
154,2.0,2.4,H25 - CBA - PC,144,2.0,58.98,14.0,3,50.0
154,2.0,2.5,H25 - CBA - Universell porter,64,2.0,58.98,14.0,5,75.0
154,2.0,2.5,H25 - CBA - Universell porter,64,2.0,58.98,14.0,3,25.0
154,2.0,2.5,H25 - CBA - Universell porter,64,2.0,58.98,14.0,4,0.0
154,2.0,2.5,H25 - CBA - Universell porter,64,2.0,58.98,14.0,2,0.0
154,2.0,2.5,H25 - CBA - Universell porter,64,2.0,58.98,14.0,1,0.0
154,2.0,2.6,H25 - CBA - Pipeline ytelse,71,2.0,58.98,14.0,1,25.0
154,2.0,2.6,H25 - CBA - Pipeline ytelse,71,2.0,58.98,14.0,3,0.0
154,2.0,2.6,H25 - CBA - Pipeline ytelse,71,2.0,58.98,14.0,2,0.0
154,2.0,2.6,H25 - CBA - Pipeline ytelse,71,2.0,58.98,14.0,5,0.0
154,2.0,2.6,H25 - CBA - Pipeline ytelse,71,2.0,58.98,14.0,4,75.0
154,2.0,2.7,H25 - CBA - Seriell Adder,65,2.0,58.98,14.0,2,100.0
154,2.0,2.7,H25 - CBA - Seriell Adder,65,2.0,58.98,14.0,5,0.0
154,2.0,2.7,H25 - CBA - Seriell Adder,65,2.0,58.98,14.0,4,0.0
154,2.0,2.7,H25 - CBA - Seriell Adder,65,2.0,58.98,14.0,3,0.0
154,2.0,2.7,H25 - CBA - Seriell Adder,65,2.0,58.98,14.0,1,0.0
220,2.0,2.1,H25 - CBA - Cache-miss,126,2.0,37.91,12.0,2,75.0
220,2.0,2.1,H25 - CBA - Cache-miss,126,2.0,37.91,12.0,5,25.0
220,2.0,2.1,H25 - CBA - Cache-miss,126,2.0,37.91,12.0,3,0.0
220,2.0,2.1,H25 - CBA - Cache-miss,126,2.0,37.91,12.0,4,0.0
220,2.0,2.1,H25 - CBA - Cache-miss,126,2.0,37.91,12.0,1,0.0
220,2.0,2.5,H25 - CBA - Universell porter,54,2.0,37.91,12.0,3,100.0
220,2.0,2.5,H25 - CBA - Universell porter,54,2.0,37.91,12.0,1,0.0
220,2.0,2.5,H25 - CBA - Universell porter,54,2.0,37.91,12.0,4,0.0
220,2.0,2.5,H25 - CBA - Universell porter,54,2.0,37.91,12.0,2,0.0
220,2.0,2.5,H25 - CBA - Universell porter,54,2.0,37.91,12.0,5,0.0
220,2.0,2.7,H25 - CBA - Seriell Adder,63,2.0,37.91,12.0,2,100.0
220,2.0,2.7,H25 - CBA - Seriell Adder,63,2.0,37.91,12.0,5,0.0
220,2.0,2.7,H25 - CBA - Seriell Adder,63,2.0,37.91,12.0,4,0.0
220,2.0,2.7,H25 - CBA - Seriell Adder,63,2.0,37.91,12.0,3,0.0
220,2.0,2.7,H25 - CBA - Seriell Adder,63,2.0,37.91,12.0,1,0.0
337,2.0,2.1,H25 - CBA - Cache-miss,126,2.0,79.14,14.0,1,0.0
337,2.0,2.1,H25 - CBA - Cache-miss,126,2.0,79.14,14.0,3,0.0
337,2.0,2.1,H25 - CBA - Cache-miss,126,2.0,79.14,14.0,5,0.0
337,2.0,2.1,H25 - CBA - Cache-miss,126,2.0,79.14,14.0,2,100.0
337,2.0,2.1,H25 - CBA - Cache-miss,126,2.0,79.14,14.0,4,0.0
337,2.0,2.2,H25 - CBA - Adder,66,2.0,79.14,14.0,2,100.0
337,2.0,2.2,H25 - CBA - Adder,66,2.0,79.14,14.0,3,0.0
337,2.0,2.2,H25 - CBA - Adder,66,2.0,79.14,14.0,5,0.0
337,2.0,2.2,H25 - CBA - Adder,66,2.0,79.14,14.0,1,0.0
337,2.0,2.2,H25 - CBA - Adder,66,2.0,79.14,14.0,4,0.0
337,2.0,2.3,H25 - CBA - ALU,47,2.0,79.14,14.0,1,100.0
337,2.0,2.3,H25 - CBA - ALU,47,2.0,79.14,14.0,3,0.0
337,2.0,2.3,H25 - CBA - ALU,47,2.0,79.14,14.0,4,0.0
337,2.0,2.3,H25 - CBA - ALU,47,2.0,79.14,14.0,5,0.0
337,2.0,2.3,H25 - CBA - ALU,47,2.0,79.14,14.0,2,0.0
337,2.0,2.4,H25 - CBA - PC,39,2.0,79.14,14.0,1,0.0
337,2.0,2.4,H25 - CBA - PC,39,2.0,79.14,14.0,3,100.0
337,2.0,2.4,H25 - CBA - PC,39,2.0,79.14,14.0,4,0.0
337,2.0,2.4,H25 - CBA - PC,39,2.0,79.14,14.0,5,0.0
337,2.0,2.4,H25 - CBA - PC,39,2.0,79.14,14.0,2,0.0
337,2.0,2.5,H25 - CBA - Universell porter,244,2.0,79.14,14.0,3,100.0
337,2.0,2.5,H25 - CBA - Universell porter,244,2.0,79.14,14.0,5,0.0
337,2.0,2.5,H25 - CBA - Universell porter,244,2.0,79.14,14.0,2,0.0
337,2.0,2.5,H25 - CBA - Universell porter,244,2.0,79.14,14.0,1,0.0
337,2.0,2.5,H25 - CBA - Universell porter,244,2.0,79.14,14.0,4,0.0
337,2.0,2.6,H25 - CBA - Pipeline ytelse,86,2.0,79.14,14.0,4,50.0
337,2.0,2.6,H25 - CBA - Pipeline ytelse,86,2.0,79.14,14.0,3,50.0
337,2.0,2.6,H25 - CBA - Pipeline ytelse,86,2.0,79.14,14.0,5,0.0
337,2.0,2.6,H25 - CBA - Pipeline ytelse,86,2.0,79.14,14.0,2,0.0
337,2.0,2.6,H25 - CBA - Pipeline ytelse,86,2.0,79.14,14.0,1,0.0
337,2.0,2.7,H25 - CBA - Seriell Adder,352,2.0,79.14,14.0,2,75.0
337,2.0,2.7,H25 - CBA - Seriell Adder,352,2.0,79.14,14.0,4,0.0
337,2.0,2.7,H25 - CBA - Seriell Adder,352,2.0,79.14,14.0,3,0.0
337,2.0,2.7,H25 - CBA - Seriell Adder,352,2.0,79.14,14.0,1,0.0
337,2.0,2.7,H25 - CBA - Seriell Adder,352,2.0,79.14,14.0,5,25.0
207,2.0,2.1,H25 - CBA - Cache-miss,308,2.0,65.65,14.0,5,100.0
207,2.0,2.1,H25 - CBA - Cache-miss,308,2.0,65.65,14.0,3,0.0
207,2.0,2.1,H25 - CBA - Cache-miss,308,2.0,65.65,14.0,1,0.0
207,2.0,2.1,H25 - CBA - Cache-miss,308,2.0,65.65,14.0,2,0.0
207,2.0,2.1,H25 - CBA - Cache-miss,308,2.0,65.65,14.0,4,0.0
207,2.0,2.2,H25 - CBA - Adder,52,2.0,65.65,14.0,4,0.0
207,2.0,2.2,H25 - CBA - Adder,52,2.0,65.65,14.0,2,100.0
207,2.0,2.2,H25 - CBA - Adder,52,2.0,65.65,14.0,1,0.0
207,2.0,2.2,H25 - CBA - Adder,52,2.0,65.65,14.0,5,0.0
207,2.0,2.2,H25 - CBA - Adder,52,2.0,65.65,14.0,3,0.0
207,2.0,2.3,H25 - CBA - ALU,183,2.0,65.65,14.0,2,0.0
207,2.0,2.3,H25 - CBA - ALU,183,2.0,65.65,14.0,4,0.0
207,2.0,2.3,H25 - CBA - ALU,183,2.0,65.65,14.0,3,0.0
207,2.0,2.3,H25 - CBA - ALU,183,2.0,65.65,14.0,5,0.0
207,2.0,2.3,H25 - CBA - ALU,183,2.0,65.65,14.0,1,100.0
207,2.0,2.4,H25 - CBA - PC,129,2.0,65.65,14.0,3,100.0
207,2.0,2.4,H25 - CBA - PC,129,2.0,65.65,14.0,5,0.0
207,2.0,2.4,H25 - CBA - PC,129,2.0,65.65,14.0,2,0.0
207,2.0,2.4,H25 - CBA - PC,129,2.0,65.65,14.0,4,0.0
207,2.0,2.4,H25 - CBA - PC,129,2.0,65.65,14.0,1,0.0
207,2.0,2.5,H25 - CBA - Universell porter,61,2.0,65.65,14.0,3,100.0
207,2.0,2.5,H25 - CBA - Universell porter,61,2.0,65.65,14.0,4,0.0
207,2.0,2.5,H25 - CBA - Universell porter,61,2.0,65.65,14.0,5,0.0
207,2.0,2.5,H25 - CBA - Universell porter,61,2.0,65.65,14.0,2,0.0
207,2.0,2.5,H25 - CBA - Universell porter,61,2.0,65.65,14.0,1,0.0
207,2.0,2.6,H25 - CBA - Pipeline ytelse,313,2.0,65.65,14.0,3,100.0
207,2.0,2.6,H25 - CBA - Pipeline ytelse,313,2.0,65.65,14.0,1,0.0
207,2.0,2.6,H25 - CBA - Pipeline ytelse,313,2.0,65.65,14.0,4,0.0
207,2.0,2.6,H25 - CBA - Pipeline ytelse,313,2.0,65.65,14.0,2,0.0
207,2.0,2.6,H25 - CBA - Pipeline ytelse,313,2.0,65.65,14.0,5,0.0
207,2.0,2.7,H25 - CBA - Seriell Adder,47,2.0,65.65,14.0,1,0.0
207,2.0,2.7,H25 - CBA - Seriell Adder,47,2.0,65.65,14.0,3,0.0
207,2.0,2.7,H25 - CBA - Seriell Adder,47,2.0,65.65,14.0,4,0.0
207,2.0,2.7,H25 - CBA - Seriell Adder,47,2.0,65.65,14.0,5,0.0
207,2.0,2.7,H25 - CBA - Seriell Adder,47,2.0,65.65,14.0,2,100.0
351,2.0,2.1,H25 - CBA - Cache-miss,83,2.0,68.51,10.0,5,0.0
351,2.0,2.1,H25 - CBA - Cache-miss,83,2.0,68.51,10.0,2,100.0
351,2.0,2.1,H25 - CBA - Cache-miss,83,2.0,68.51,10.0,1,0.0
351,2.0,2.1,H25 - CBA - Cache-miss,83,2.0,68.51,10.0,4,0.0
351,2.0,2.1,H25 - CBA - Cache-miss,83,2.0,68.51,10.0,3,0.0
351,2.0,2.2,H25 - CBA - Adder,52,2.0,68.51,10.0,2,75.0
351,2.0,2.2,H25 - CBA - Adder,52,2.0,68.51,10.0,5,25.0
351,2.0,2.2,H25 - CBA - Adder,52,2.0,68.51,10.0,3,0.0
351,2.0,2.2,H25 - CBA - Adder,52,2.0,68.51,10.0,1,0.0
351,2.0,2.2,H25 - CBA - Adder,52,2.0,68.51,10.0,4,0.0
351,2.0,2.3,H25 - CBA - ALU,92,2.0,68.51,10.0,1,75.0
351,2.0,2.3,H25 - CBA - ALU,92,2.0,68.51,10.0,2,25.0
351,2.0,2.3,H25 - CBA - ALU,92,2.0,68.51,10.0,4,0.0
351,2.0,2.3,H25 - CBA - ALU,92,2.0,68.51,10.0,5,0.0
351,2.0,2.3,H25 - CBA - ALU,92,2.0,68.51,10.0,3,0.0
351,2.0,2.4,H25 - CBA - PC,43,2.0,68.51,10.0,1,100.0
351,2.0,2.4,H25 - CBA - PC,43,2.0,68.51,10.0,3,0.0
351,2.0,2.4,H25 - CBA - PC,43,2.0,68.51,10.0,2,0.0
351,2.0,2.4,H25 - CBA - PC,43,2.0,68.51,10.0,4,0.0
351,2.0,2.4,H25 - CBA - PC,43,2.0,68.51,10.0,5,0.0
351,2.0,2.5,H25 - CBA - Universell porter,79,2.0,68.51,10.0,3,100.0
351,2.0,2.5,H25 - CBA - Universell porter,79,2.0,68.51,10.0,1,0.0
351,2.0,2.5,H25 - CBA - Universell porter,79,2.0,68.51,10.0,5,0.0
351,2.0,2.5,H25 - CBA - Universell porter,79,2.0,68.51,10.0,2,0.0
351,2.0,2.5,H25 - CBA - Universell porter,79,2.0,68.51,10.0,4,0.0
351,2.0,2.6,H25 - CBA - Pipeline ytelse,40,0.0,68.51,10.0,3,50.0
351,2.0,2.6,H25 - CBA - Pipeline ytelse,40,0.0,68.51,10.0,5,25.0
351,2.0,2.6,H25 - CBA - Pipeline ytelse,40,0.0,68.51,10.0,4,25.0
351,2.0,2.7,H25 - CBA - Seriell Adder,82,0.0,68.51,10.0,2,75.0
351,2.0,2.7,H25 - CBA - Seriell Adder,82,0.0,68.51,10.0,5,25.0
221,2.0,2.1,H25 - CBA - Cache-miss,76,2.0,81.08,14.0,4,75.0
221,2.0,2.1,H25 - CBA - Cache-miss,76,2.0,81.08,14.0,3,25.0
221,2.0,2.1,H25 - CBA - Cache-miss,76,2.0,81.08,14.0,2,0.0
221,2.0,2.1,H25 - CBA - Cache-miss,76,2.0,81.08,14.0,1,0.0
221,2.0,2.1,H25 - CBA - Cache-miss,76,2.0,81.08,14.0,5,0.0
221,2.0,2.2,H25 - CBA - Adder,52,2.0,81.08,14.0,2,100.0
221,2.0,2.2,H25 - CBA - Adder,52,2.0,81.08,14.0,1,0.0
221,2.0,2.2,H25 - CBA - Adder,52,2.0,81.08,14.0,4,0.0
221,2.0,2.2,H25 - CBA - Adder,52,2.0,81.08,14.0,5,0.0
221,2.0,2.2,H25 - CBA - Adder,52,2.0,81.08,14.0,3,0.0
221,2.0,2.3,H25 - CBA - ALU,280,2.0,81.08,14.0,5,25.0
221,2.0,2.3,H25 - CBA - ALU,280,2.0,81.08,14.0,1,50.0
221,2.0,2.3,H25 - CBA - ALU,280,2.0,81.08,14.0,2,25.0
221,2.0,2.3,H25 - CBA - ALU,280,2.0,81.08,14.0,4,0.0
221,2.0,2.3,H25 - CBA - ALU,280,2.0,81.08,14.0,3,0.0
221,2.0,2.4,H25 - CBA - PC,277,2.0,81.08,14.0,1,100.0
221,2.0,2.4,H25 - CBA - PC,277,2.0,81.08,14.0,5,0.0
221,2.0,2.4,H25 - CBA - PC,277,2.0,81.08,14.0,2,0.0
221,2.0,2.4,H25 - CBA - PC,277,2.0,81.08,14.0,4,0.0
221,2.0,2.4,H25 - CBA - PC,277,2.0,81.08,14.0,3,0.0
221,2.0,2.5,H25 - CBA - Universell porter,296,2.0,81.08,14.0,5,50.0
221,2.0,2.5,H25 - CBA - Universell porter,296,2.0,81.08,14.0,3,50.0
221,2.0,2.5,H25 - CBA - Universell porter,296,2.0,81.08,14.0,2,0.0
221,2.0,2.5,H25 - CBA - Universell porter,296,2.0,81.08,14.0,4,0.0
221,2.0,2.5,H25 - CBA - Universell porter,296,2.0,81.08,14.0,1,0.0
221,2.0,2.6,H25 - CBA - Pipeline ytelse,142,2.0,81.08,14.0,4,100.0
221,2.0,2.6,H25 - CBA - Pipeline ytelse,142,2.0,81.08,14.0,5,0.0
221,2.0,2.6,H25 - CBA - Pipeline ytelse,142,2.0,81.08,14.0,3,0.0
221,2.0,2.6,H25 - CBA - Pipeline ytelse,142,2.0,81.08,14.0,2,0.0
221,2.0,2.6,H25 - CBA - Pipeline ytelse,142,2.0,81.08,14.0,1,0.0
221,2.0,2.7,H25 - CBA - Seriell Adder,77,2.0,81.08,14.0,2,100.0
221,2.0,2.7,H25 - CBA - Seriell Adder,77,2.0,81.08,14.0,1,0.0
221,2.0,2.7,H25 - CBA - Seriell Adder,77,2.0,81.08,14.0,3,0.0
221,2.0,2.7,H25 - CBA - Seriell Adder,77,2.0,81.08,14.0,5,0.0
221,2.0,2.7,H25 - CBA - Seriell Adder,77,2.0,81.08,14.0,4,0.0
3,2.0,2.1,H25 - CBA - Cache-miss,136,2.0,54.48,14.0,2,50.0
3,2.0,2.1,H25 - CBA - Cache-miss,136,2.0,54.48,14.0,3,25.0
3,2.0,2.1,H25 - CBA - Cache-miss,136,2.0,54.48,14.0,4,0.0
3,2.0,2.1,H25 - CBA - Cache-miss,136,2.0,54.48,14.0,1,0.0
3,2.0,2.1,H25 - CBA - Cache-miss,136,2.0,54.48,14.0,5,25.0
3,2.0,2.2,H25 - CBA - Adder,51,2.0,54.48,14.0,2,100.0
3,2.0,2.2,H25 - CBA - Adder,51,2.0,54.48,14.0,4,0.0
3,2.0,2.2,H25 - CBA - Adder,51,2.0,54.48,14.0,3,0.0
3,2.0,2.2,H25 - CBA - Adder,51,2.0,54.48,14.0,1,0.0
3,2.0,2.2,H25 - CBA - Adder,51,2.0,54.48,14.0,5,0.0
3,2.0,2.3,H25 - CBA - ALU,129,2.0,54.48,14.0,5,0.0
3,2.0,2.3,H25 - CBA - ALU,129,2.0,54.48,14.0,2,0.0
3,2.0,2.3,H25 - CBA - ALU,129,2.0,54.48,14.0,4,0.0
3,2.0,2.3,H25 - CBA - ALU,129,2.0,54.48,14.0,3,50.0
3,2.0,2.3,H25 - CBA - ALU,129,2.0,54.48,14.0,1,50.0
3,2.0,2.4,H25 - CBA - PC,145,2.0,54.48,14.0,3,100.0
3,2.0,2.4,H25 - CBA - PC,145,2.0,54.48,14.0,2,0.0
3,2.0,2.4,H25 - CBA - PC,145,2.0,54.48,14.0,1,0.0
3,2.0,2.4,H25 - CBA - PC,145,2.0,54.48,14.0,5,0.0
3,2.0,2.4,H25 - CBA - PC,145,2.0,54.48,14.0,4,0.0
3,2.0,2.5,H25 - CBA - Universell porter,58,2.0,54.48,14.0,4,100.0
3,2.0,2.5,H25 - CBA - Universell porter,58,2.0,54.48,14.0,2,0.0
3,2.0,2.5,H25 - CBA - Universell porter,58,2.0,54.48,14.0,3,0.0
3,2.0,2.5,H25 - CBA - Universell porter,58,2.0,54.48,14.0,5,0.0
3,2.0,2.5,H25 - CBA - Universell porter,58,2.0,54.48,14.0,1,0.0
3,2.0,2.6,H25 - CBA - Pipeline ytelse,180,2.0,54.48,14.0,5,0.0
3,2.0,2.6,H25 - CBA - Pipeline ytelse,180,2.0,54.48,14.0,3,0.0
3,2.0,2.6,H25 - CBA - Pipeline ytelse,180,2.0,54.48,14.0,1,50.0
3,2.0,2.6,H25 - CBA - Pipeline ytelse,180,2.0,54.48,14.0,4,50.0
3,2.0,2.6,H25 - CBA - Pipeline ytelse,180,2.0,54.48,14.0,2,0.0
3,2.0,2.7,H25 - CBA - Seriell Adder,153,2.0,54.48,14.0,4,0.0
3,2.0,2.7,H25 - CBA - Seriell Adder,153,2.0,54.48,14.0,1,0.0
3,2.0,2.7,H25 - CBA - Seriell Adder,153,2.0,54.48,14.0,5,50.0
3,2.0,2.7,H25 - CBA - Seriell Adder,153,2.0,54.48,14.0,2,50.0
309,2.0,2.1,H25 - CBA - Cache-miss,36,2.0,89.67,14.0,4,0.0
309,2.0,2.1,H25 - CBA - Cache-miss,36,2.0,89.67,14.0,1,0.0
309,2.0,2.1,H25 - CBA - Cache-miss,36,2.0,89.67,14.0,3,0.0
309,2.0,2.1,H25 - CBA - Cache-miss,36,2.0,89.67,14.0,5,0.0
309,2.0,2.1,H25 - CBA - Cache-miss,36,2.0,89.67,14.0,2,100.0
309,2.0,2.2,H25 - CBA - Adder,16,2.0,89.67,14.0,3,0.0
309,2.0,2.2,H25 - CBA - Adder,16,2.0,89.67,14.0,1,0.0
309,2.0,2.2,H25 - CBA - Adder,16,2.0,89.67,14.0,2,100.0
309,2.0,2.2,H25 - CBA - Adder,16,2.0,89.67,14.0,4,0.0
309,2.0,2.2,H25 - CBA - Adder,16,2.0,89.67,14.0,5,0.0
309,2.0,2.3,H25 - CBA - ALU,36,2.0,89.67,14.0,4,0.0
309,2.0,2.3,H25 - CBA - ALU,36,2.0,89.67,14.0,2,0.0
309,2.0,2.3,H25 - CBA - ALU,36,2.0,89.67,14.0,5,0.0
309,2.0,2.3,H25 - CBA - ALU,36,2.0,89.67,14.0,1,100.0
309,2.0,2.3,H25 - CBA - ALU,36,2.0,89.67,14.0,3,0.0
309,2.0,2.4,H25 - CBA - PC,69,2.0,89.67,14.0,5,0.0
309,2.0,2.4,H25 - CBA - PC,69,2.0,89.67,14.0,4,0.0
309,2.0,2.4,H25 - CBA - PC,69,2.0,89.67,14.0,1,100.0
309,2.0,2.4,H25 - CBA - PC,69,2.0,89.67,14.0,2,0.0
309,2.0,2.4,H25 - CBA - PC,69,2.0,89.67,14.0,3,0.0
309,2.0,2.5,H25 - CBA - Universell porter,27,2.0,89.67,14.0,2,0.0
309,2.0,2.5,H25 - CBA - Universell porter,27,2.0,89.67,14.0,3,100.0
309,2.0,2.5,H25 - CBA - Universell porter,27,2.0,89.67,14.0,5,0.0
309,2.0,2.5,H25 - CBA - Universell porter,27,2.0,89.67,14.0,1,0.0
309,2.0,2.5,H25 - CBA - Universell porter,27,2.0,89.67,14.0,4,0.0
309,2.0,2.6,H25 - CBA - Pipeline ytelse,30,2.0,89.67,14.0,4,100.0
309,2.0,2.6,H25 - CBA - Pipeline ytelse,30,2.0,89.67,14.0,2,0.0
309,2.0,2.6,H25 - CBA - Pipeline ytelse,30,2.0,89.67,14.0,5,0.0
309,2.0,2.6,H25 - CBA - Pipeline ytelse,30,2.0,89.67,14.0,1,0.0
309,2.0,2.6,H25 - CBA - Pipeline ytelse,30,2.0,89.67,14.0,3,0.0
309,2.0,2.7,H25 - CBA - Seriell Adder,54,2.0,89.67,14.0,5,0.0
309,2.0,2.7,H25 - CBA - Seriell Adder,54,2.0,89.67,14.0,3,0.0
309,2.0,2.7,H25 - CBA - Seriell Adder,54,2.0,89.67,14.0,2,100.0
309,2.0,2.7,H25 - CBA - Seriell Adder,54,2.0,89.67,14.0,4,0.0
309,2.0,2.7,H25 - CBA - Seriell Adder,54,2.0,89.67,14.0,1,0.0
283,2.0,2.1,H25 - CBA - Cache-miss,224,2.0,79.18,12.0,2,100.0
283,2.0,2.2,H25 - CBA - Adder,125,2.0,79.18,12.0,2,100.0
283,2.0,2.3,H25 - CBA - ALU,365,0.0,79.18,12.0,5,100.0
283,2.0,2.4,H25 - CBA - PC,44,2.0,79.18,12.0,1,100.0
283,2.0,2.5,H25 - CBA - Universell porter,99,2.0,79.18,12.0,3,100.0
283,2.0,2.6,H25 - CBA - Pipeline ytelse,59,2.0,79.18,12.0,4,100.0
283,2.0,2.7,H25 - CBA - Seriell Adder,232,2.0,79.18,12.0,2,100.0
119,2.0,2.1,H25 - CBA - Cache-miss,91,2.0,75.66,14.0,4,0.0
119,2.0,2.1,H25 - CBA - Cache-miss,91,2.0,75.66,14.0,2,100.0
119,2.0,2.1,H25 - CBA - Cache-miss,91,2.0,75.66,14.0,1,0.0
119,2.0,2.1,H25 - CBA - Cache-miss,91,2.0,75.66,14.0,5,0.0
119,2.0,2.1,H25 - CBA - Cache-miss,91,2.0,75.66,14.0,3,0.0
119,2.0,2.2,H25 - CBA - Adder,43,2.0,75.66,14.0,2,100.0
119,2.0,2.2,H25 - CBA - Adder,43,2.0,75.66,14.0,4,0.0
119,2.0,2.2,H25 - CBA - Adder,43,2.0,75.66,14.0,1,0.0
119,2.0,2.2,H25 - CBA - Adder,43,2.0,75.66,14.0,5,0.0
119,2.0,2.2,H25 - CBA - Adder,43,2.0,75.66,14.0,3,0.0
119,2.0,2.3,H25 - CBA - ALU,86,2.0,75.66,14.0,1,100.0
119,2.0,2.3,H25 - CBA - ALU,86,2.0,75.66,14.0,5,0.0
119,2.0,2.3,H25 - CBA - ALU,86,2.0,75.66,14.0,3,0.0
119,2.0,2.3,H25 - CBA - ALU,86,2.0,75.66,14.0,4,0.0
119,2.0,2.3,H25 - CBA - ALU,86,2.0,75.66,14.0,2,0.0
119,2.0,2.4,H25 - CBA - PC,44,2.0,75.66,14.0,1,100.0
119,2.0,2.4,H25 - CBA - PC,44,2.0,75.66,14.0,4,0.0
119,2.0,2.4,H25 - CBA - PC,44,2.0,75.66,14.0,5,0.0
119,2.0,2.4,H25 - CBA - PC,44,2.0,75.66,14.0,2,0.0
119,2.0,2.4,H25 - CBA - PC,44,2.0,75.66,14.0,3,0.0
119,2.0,2.5,H25 - CBA - Universell porter,28,2.0,75.66,14.0,3,100.0
119,2.0,2.5,H25 - CBA - Universell porter,28,2.0,75.66,14.0,4,0.0
119,2.0,2.5,H25 - CBA - Universell porter,28,2.0,75.66,14.0,1,0.0
119,2.0,2.5,H25 - CBA - Universell porter,28,2.0,75.66,14.0,2,0.0
119,2.0,2.5,H25 - CBA - Universell porter,28,2.0,75.66,14.0,5,0.0
119,2.0,2.6,H25 - CBA - Pipeline ytelse,42,2.0,75.66,14.0,4,100.0
119,2.0,2.6,H25 - CBA - Pipeline ytelse,42,2.0,75.66,14.0,3,0.0
119,2.0,2.6,H25 - CBA - Pipeline ytelse,42,2.0,75.66,14.0,2,0.0
119,2.0,2.6,H25 - CBA - Pipeline ytelse,42,2.0,75.66,14.0,1,0.0
119,2.0,2.6,H25 - CBA - Pipeline ytelse,42,2.0,75.66,14.0,5,0.0
119,2.0,2.7,H25 - CBA - Seriell Adder,97,2.0,75.66,14.0,3,0.0
119,2.0,2.7,H25 - CBA - Seriell Adder,97,2.0,75.66,14.0,1,0.0
119,2.0,2.7,H25 - CBA - Seriell Adder,97,2.0,75.66,14.0,4,0.0
119,2.0,2.7,H25 - CBA - Seriell Adder,97,2.0,75.66,14.0,2,75.0
119,2.0,2.7,H25 - CBA - Seriell Adder,97,2.0,75.66,14.0,5,25.0
326,2.0,2.1,H25 - CBA - Cache-miss,63,2.0,76.98,14.0,1,0.0
326,2.0,2.1,H25 - CBA - Cache-miss,63,2.0,76.98,14.0,2,100.0
326,2.0,2.1,H25 - CBA - Cache-miss,63,2.0,76.98,14.0,5,0.0
326,2.0,2.1,H25 - CBA - Cache-miss,63,2.0,76.98,14.0,4,0.0
326,2.0,2.1,H25 - CBA - Cache-miss,63,2.0,76.98,14.0,3,0.0
326,2.0,2.2,H25 - CBA - Adder,32,2.0,76.98,14.0,2,100.0
326,2.0,2.2,H25 - CBA - Adder,32,2.0,76.98,14.0,4,0.0
326,2.0,2.2,H25 - CBA - Adder,32,2.0,76.98,14.0,1,0.0
326,2.0,2.2,H25 - CBA - Adder,32,2.0,76.98,14.0,3,0.0
326,2.0,2.2,H25 - CBA - Adder,32,2.0,76.98,14.0,5,0.0
326,2.0,2.3,H25 - CBA - ALU,69,2.0,76.98,14.0,2,25.0
326,2.0,2.3,H25 - CBA - ALU,69,2.0,76.98,14.0,5,25.0
326,2.0,2.3,H25 - CBA - ALU,69,2.0,76.98,14.0,4,0.0
326,2.0,2.3,H25 - CBA - ALU,69,2.0,76.98,14.0,3,0.0
326,2.0,2.3,H25 - CBA - ALU,69,2.0,76.98,14.0,1,50.0
326,2.0,2.4,H25 - CBA - PC,82,2.0,76.98,14.0,1,25.0
326,2.0,2.4,H25 - CBA - PC,82,2.0,76.98,14.0,3,50.0
326,2.0,2.4,H25 - CBA - PC,82,2.0,76.98,14.0,5,0.0
326,2.0,2.4,H25 - CBA - PC,82,2.0,76.98,14.0,4,0.0
326,2.0,2.4,H25 - CBA - PC,82,2.0,76.98,14.0,2,25.0
326,2.0,2.5,H25 - CBA - Universell porter,69,2.0,76.98,14.0,3,75.0
326,2.0,2.5,H25 - CBA - Universell porter,69,2.0,76.98,14.0,2,0.0
326,2.0,2.5,H25 - CBA - Universell porter,69,2.0,76.98,14.0,4,0.0
326,2.0,2.5,H25 - CBA - Universell porter,69,2.0,76.98,14.0,5,0.0
326,2.0,2.5,H25 - CBA - Universell porter,69,2.0,76.98,14.0,1,25.0
326,2.0,2.6,H25 - CBA - Pipeline ytelse,73,2.0,76.98,14.0,4,50.0
326,2.0,2.6,H25 - CBA - Pipeline ytelse,73,2.0,76.98,14.0,5,25.0
326,2.0,2.6,H25 - CBA - Pipeline ytelse,73,2.0,76.98,14.0,2,0.0
326,2.0,2.6,H25 - CBA - Pipeline ytelse,73,2.0,76.98,14.0,3,0.0
326,2.0,2.6,H25 - CBA - Pipeline ytelse,73,2.0,76.98,14.0,1,25.0
326,2.0,2.7,H25 - CBA - Seriell Adder,71,2.0,76.98,14.0,2,75.0
326,2.0,2.7,H25 - CBA - Seriell Adder,71,2.0,76.98,14.0,4,25.0
326,2.0,2.7,H25 - CBA - Seriell Adder,71,2.0,76.98,14.0,1,0.0
326,2.0,2.7,H25 - CBA - Seriell Adder,71,2.0,76.98,14.0,3,0.0
326,2.0,2.7,H25 - CBA - Seriell Adder,71,2.0,76.98,14.0,5,0.0
512,2.0,2.1,H25 - CBA - Cache-miss,59,2.0,34.62,14.0,4,100.0
512,2.0,2.1,H25 - CBA - Cache-miss,59,2.0,34.62,14.0,3,0.0
512,2.0,2.1,H25 - CBA - Cache-miss,59,2.0,34.62,14.0,2,0.0
512,2.0,2.1,H25 - CBA - Cache-miss,59,2.0,34.62,14.0,1,0.0
512,2.0,2.1,H25 - CBA - Cache-miss,59,2.0,34.62,14.0,5,0.0
512,2.0,2.2,H25 - CBA - Adder,31,2.0,34.62,14.0,2,100.0
512,2.0,2.2,H25 - CBA - Adder,31,2.0,34.62,14.0,3,0.0
512,2.0,2.2,H25 - CBA - Adder,31,2.0,34.62,14.0,5,0.0
512,2.0,2.2,H25 - CBA - Adder,31,2.0,34.62,14.0,1,0.0
512,2.0,2.2,H25 - CBA - Adder,31,2.0,34.62,14.0,4,0.0
512,2.0,2.4,H25 - CBA - PC,27,2.0,34.62,14.0,1,100.0
512,2.0,2.4,H25 - CBA - PC,27,2.0,34.62,14.0,3,0.0
512,2.0,2.4,H25 - CBA - PC,27,2.0,34.62,14.0,4,0.0
512,2.0,2.4,H25 - CBA - PC,27,2.0,34.62,14.0,2,0.0
512,2.0,2.4,H25 - CBA - PC,27,2.0,34.62,14.0,5,0.0
512,2.0,2.5,H25 - CBA - Universell porter,31,2.0,34.62,14.0,4,0.0
512,2.0,2.5,H25 - CBA - Universell porter,31,2.0,34.62,14.0,2,25.0
512,2.0,2.5,H25 - CBA - Universell porter,31,2.0,34.62,14.0,3,25.0
512,2.0,2.5,H25 - CBA - Universell porter,31,2.0,34.62,14.0,5,25.0
512,2.0,2.5,H25 - CBA - Universell porter,31,2.0,34.62,14.0,1,25.0
512,2.0,2.6,H25 - CBA - Pipeline ytelse,30,2.0,34.62,14.0,2,0.0
512,2.0,2.6,H25 - CBA - Pipeline ytelse,30,2.0,34.62,14.0,1,100.0
512,2.0,2.6,H25 - CBA - Pipeline ytelse,30,2.0,34.62,14.0,3,0.0
512,2.0,2.6,H25 - CBA - Pipeline ytelse,30,2.0,34.62,14.0,5,0.0
512,2.0,2.6,H25 - CBA - Pipeline ytelse,30,2.0,34.62,14.0,4,0.0
512,2.0,2.7,H25 - CBA - Seriell Adder,27,2.0,34.62,14.0,3,0.0
512,2.0,2.7,H25 - CBA - Seriell Adder,27,2.0,34.62,14.0,2,0.0
512,2.0,2.7,H25 - CBA - Seriell Adder,27,2.0,34.62,14.0,1,100.0
512,2.0,2.7,H25 - CBA - Seriell Adder,27,2.0,34.62,14.0,5,0.0
512,2.0,2.7,H25 - CBA - Seriell Adder,27,2.0,34.62,14.0,4,0.0
16,2.0,2.1,H25 - CBA - Cache-miss,52,2.0,79.49,14.0,1,0.0
16,2.0,2.1,H25 - CBA - Cache-miss,52,2.0,79.49,14.0,4,0.0
16,2.0,2.1,H25 - CBA - Cache-miss,52,2.0,79.49,14.0,2,100.0
16,2.0,2.1,H25 - CBA - Cache-miss,52,2.0,79.49,14.0,3,0.0
16,2.0,2.1,H25 - CBA - Cache-miss,52,2.0,79.49,14.0,5,0.0
16,2.0,2.2,H25 - CBA - Adder,32,2.0,79.49,14.0,2,100.0
16,2.0,2.2,H25 - CBA - Adder,32,2.0,79.49,14.0,5,0.0
16,2.0,2.2,H25 - CBA - Adder,32,2.0,79.49,14.0,4,0.0
16,2.0,2.2,H25 - CBA - Adder,32,2.0,79.49,14.0,3,0.0
16,2.0,2.2,H25 - CBA - Adder,32,2.0,79.49,14.0,1,0.0
16,2.0,2.3,H25 - CBA - ALU,65,2.0,79.49,14.0,3,0.0
16,2.0,2.3,H25 - CBA - ALU,65,2.0,79.49,14.0,4,0.0
16,2.0,2.3,H25 - CBA - ALU,65,2.0,79.49,14.0,5,50.0
16,2.0,2.3,H25 - CBA - ALU,65,2.0,79.49,14.0,1,50.0
16,2.0,2.3,H25 - CBA - ALU,65,2.0,79.49,14.0,2,0.0
16,2.0,2.4,H25 - CBA - PC,93,2.0,79.49,14.0,3,75.0
16,2.0,2.4,H25 - CBA - PC,93,2.0,79.49,14.0,2,0.0
16,2.0,2.4,H25 - CBA - PC,93,2.0,79.49,14.0,4,0.0
16,2.0,2.4,H25 - CBA - PC,93,2.0,79.49,14.0,5,0.0
16,2.0,2.4,H25 - CBA - PC,93,2.0,79.49,14.0,1,25.0
16,2.0,2.5,H25 - CBA - Universell porter,53,2.0,79.49,14.0,3,100.0
16,2.0,2.5,H25 - CBA - Universell porter,53,2.0,79.49,14.0,4,0.0
16,2.0,2.5,H25 - CBA - Universell porter,53,2.0,79.49,14.0,2,0.0
16,2.0,2.5,H25 - CBA - Universell porter,53,2.0,79.49,14.0,1,0.0
16,2.0,2.5,H25 - CBA - Universell porter,53,2.0,79.49,14.0,5,0.0
16,2.0,2.6,H25 - CBA - Pipeline ytelse,269,2.0,79.49,14.0,4,75.0
16,2.0,2.6,H25 - CBA - Pipeline ytelse,269,2.0,79.49,14.0,2,0.0
16,2.0,2.6,H25 - CBA - Pipeline ytelse,269,2.0,79.49,14.0,3,0.0
16,2.0,2.6,H25 - CBA - Pipeline ytelse,269,2.0,79.49,14.0,1,25.0
16,2.0,2.6,H25 - CBA - Pipeline ytelse,269,2.0,79.49,14.0,5,0.0
16,2.0,2.7,H25 - CBA - Seriell Adder,143,2.0,79.49,14.0,4,0.0
16,2.0,2.7,H25 - CBA - Seriell Adder,143,2.0,79.49,14.0,1,0.0
16,2.0,2.7,H25 - CBA - Seriell Adder,143,2.0,79.49,14.0,2,75.0
16,2.0,2.7,H25 - CBA - Seriell Adder,143,2.0,79.49,14.0,5,0.0
16,2.0,2.7,H25 - CBA - Seriell Adder,143,2.0,79.49,14.0,3,25.0
353,2.0,2.1,H25 - CBA - Cache-miss,62,2.0,71.28,10.0,2,100.0
353,2.0,2.2,H25 - CBA - Adder,46,2.0,71.28,10.0,2,100.0
353,2.0,2.3,H25 - CBA - ALU,111,0.0,71.28,10.0,1,75.0
353,2.0,2.3,H25 - CBA - ALU,111,0.0,71.28,10.0,2,25.0
353,2.0,2.4,H25 - CBA - PC,95,2.0,71.28,10.0,1,100.0
353,2.0,2.5,H25 - CBA - Universell porter,33,2.0,71.28,10.0,3,100.0
353,2.0,2.6,H25 - CBA - Pipeline ytelse,120,0.0,71.28,10.0,1,100.0
353,2.0,2.7,H25 - CBA - Seriell Adder,40,2.0,71.28,10.0,2,100.0
414,2.0,2.1,H25 - CBA - Cache-miss,86,2.0,69.68,14.0,2,100.0
414,2.0,2.1,H25 - CBA - Cache-miss,86,2.0,69.68,14.0,4,0.0
414,2.0,2.1,H25 - CBA - Cache-miss,86,2.0,69.68,14.0,3,0.0
414,2.0,2.1,H25 - CBA - Cache-miss,86,2.0,69.68,14.0,1,0.0
414,2.0,2.1,H25 - CBA - Cache-miss,86,2.0,69.68,14.0,5,0.0
414,2.0,2.2,H25 - CBA - Adder,61,2.0,69.68,14.0,2,100.0
414,2.0,2.2,H25 - CBA - Adder,61,2.0,69.68,14.0,3,0.0
414,2.0,2.2,H25 - CBA - Adder,61,2.0,69.68,14.0,5,0.0
414,2.0,2.2,H25 - CBA - Adder,61,2.0,69.68,14.0,1,0.0
414,2.0,2.2,H25 - CBA - Adder,61,2.0,69.68,14.0,4,0.0
414,2.0,2.3,H25 - CBA - ALU,96,2.0,69.68,14.0,2,25.0
414,2.0,2.3,H25 - CBA - ALU,96,2.0,69.68,14.0,1,75.0
414,2.0,2.3,H25 - CBA - ALU,96,2.0,69.68,14.0,4,0.0
414,2.0,2.3,H25 - CBA - ALU,96,2.0,69.68,14.0,3,0.0
414,2.0,2.3,H25 - CBA - ALU,96,2.0,69.68,14.0,5,0.0
414,2.0,2.4,H25 - CBA - PC,53,2.0,69.68,14.0,1,100.0
414,2.0,2.4,H25 - CBA - PC,53,2.0,69.68,14.0,4,0.0
414,2.0,2.4,H25 - CBA - PC,53,2.0,69.68,14.0,3,0.0
414,2.0,2.4,H25 - CBA - PC,53,2.0,69.68,14.0,2,0.0
414,2.0,2.4,H25 - CBA - PC,53,2.0,69.68,14.0,5,0.0
414,2.0,2.5,H25 - CBA - Universell porter,61,2.0,69.68,14.0,3,100.0
414,2.0,2.5,H25 - CBA - Universell porter,61,2.0,69.68,14.0,2,0.0
414,2.0,2.5,H25 - CBA - Universell porter,61,2.0,69.68,14.0,4,0.0
414,2.0,2.5,H25 - CBA - Universell porter,61,2.0,69.68,14.0,5,0.0
414,2.0,2.5,H25 - CBA - Universell porter,61,2.0,69.68,14.0,1,0.0
414,2.0,2.6,H25 - CBA - Pipeline ytelse,73,2.0,69.68,14.0,4,100.0
414,2.0,2.6,H25 - CBA - Pipeline ytelse,73,2.0,69.68,14.0,3,0.0
414,2.0,2.6,H25 - CBA - Pipeline ytelse,73,2.0,69.68,14.0,1,0.0
414,2.0,2.6,H25 - CBA - Pipeline ytelse,73,2.0,69.68,14.0,2,0.0
414,2.0,2.6,H25 - CBA - Pipeline ytelse,73,2.0,69.68,14.0,5,0.0
414,2.0,2.7,H25 - CBA - Seriell Adder,220,2.0,69.68,14.0,2,100.0
414,2.0,2.7,H25 - CBA - Seriell Adder,220,2.0,69.68,14.0,4,0.0
414,2.0,2.7,H25 - CBA - Seriell Adder,220,2.0,69.68,14.0,1,0.0
414,2.0,2.7,H25 - CBA - Seriell Adder,220,2.0,69.68,14.0,3,0.0
414,2.0,2.7,H25 - CBA - Seriell Adder,220,2.0,69.68,14.0,5,0.0
248,2.0,2.1,H25 - CBA - Cache-miss,144,2.0,57.52,12.0,1,0.0
248,2.0,2.1,H25 - CBA - Cache-miss,144,2.0,57.52,12.0,4,0.0
248,2.0,2.1,H25 - CBA - Cache-miss,144,2.0,57.52,12.0,2,75.0
248,2.0,2.1,H25 - CBA - Cache-miss,144,2.0,57.52,12.0,3,0.0
248,2.0,2.1,H25 - CBA - Cache-miss,144,2.0,57.52,12.0,5,25.0
248,2.0,2.2,H25 - CBA - Adder,134,2.0,57.52,12.0,2,75.0
248,2.0,2.2,H25 - CBA - Adder,134,2.0,57.52,12.0,1,0.0
248,2.0,2.2,H25 - CBA - Adder,134,2.0,57.52,12.0,3,0.0
248,2.0,2.2,H25 - CBA - Adder,134,2.0,57.52,12.0,5,25.0
248,2.0,2.2,H25 - CBA - Adder,134,2.0,57.52,12.0,4,0.0
248,2.0,2.4,H25 - CBA - PC,47,2.0,57.52,12.0,3,100.0
248,2.0,2.4,H25 - CBA - PC,47,2.0,57.52,12.0,1,0.0
248,2.0,2.4,H25 - CBA - PC,47,2.0,57.52,12.0,2,0.0
248,2.0,2.4,H25 - CBA - PC,47,2.0,57.52,12.0,4,0.0
248,2.0,2.4,H25 - CBA - PC,47,2.0,57.52,12.0,5,0.0
248,2.0,2.5,H25 - CBA - Universell porter,324,2.0,57.52,12.0,3,50.0
248,2.0,2.5,H25 - CBA - Universell porter,324,2.0,57.52,12.0,2,0.0
248,2.0,2.5,H25 - CBA - Universell porter,324,2.0,57.52,12.0,1,25.0
248,2.0,2.5,H25 - CBA - Universell porter,324,2.0,57.52,12.0,4,25.0
248,2.0,2.5,H25 - CBA - Universell porter,324,2.0,57.52,12.0,5,0.0
248,2.0,2.6,H25 - CBA - Pipeline ytelse,148,2.0,57.52,12.0,2,50.0
248,2.0,2.6,H25 - CBA - Pipeline ytelse,148,2.0,57.52,12.0,4,50.0
248,2.0,2.6,H25 - CBA - Pipeline ytelse,148,2.0,57.52,12.0,3,0.0
248,2.0,2.6,H25 - CBA - Pipeline ytelse,148,2.0,57.52,12.0,1,0.0
248,2.0,2.6,H25 - CBA - Pipeline ytelse,148,2.0,57.52,12.0,5,0.0
248,2.0,2.7,H25 - CBA - Seriell Adder,111,2.0,57.52,12.0,1,25.0
248,2.0,2.7,H25 - CBA - Seriell Adder,111,2.0,57.52,12.0,2,50.0
248,2.0,2.7,H25 - CBA - Seriell Adder,111,2.0,57.52,12.0,5,0.0
248,2.0,2.7,H25 - CBA - Seriell Adder,111,2.0,57.52,12.0,3,25.0
248,2.0,2.7,H25 - CBA - Seriell Adder,111,2.0,57.52,12.0,4,0.0
142,2.0,2.1,H25 - CBA - Cache-miss,549,2.0,50.35,8.0,4,50.0
142,2.0,2.1,H25 - CBA - Cache-miss,549,2.0,50.35,8.0,5,50.0
142,2.0,2.1,H25 - CBA - Cache-miss,549,2.0,50.35,8.0,3,0.0
142,2.0,2.1,H25 - CBA - Cache-miss,549,2.0,50.35,8.0,2,0.0
142,2.0,2.1,H25 - CBA - Cache-miss,549,2.0,50.35,8.0,1,0.0
142,2.0,2.2,H25 - CBA - Adder,605,2.0,50.35,8.0,2,100.0
142,2.0,2.3,H25 - CBA - ALU,271,0.0,50.35,8.0,3,50.0
142,2.0,2.3,H25 - CBA - ALU,271,0.0,50.35,8.0,1,50.0
142,2.0,2.5,H25 - CBA - Universell porter,85,2.0,50.35,8.0,3,25.0
142,2.0,2.5,H25 - CBA - Universell porter,85,2.0,50.35,8.0,1,25.0
142,2.0,2.5,H25 - CBA - Universell porter,85,2.0,50.35,8.0,2,0.0
142,2.0,2.5,H25 - CBA - Universell porter,85,2.0,50.35,8.0,5,25.0
142,2.0,2.5,H25 - CBA - Universell porter,85,2.0,50.35,8.0,4,25.0
142,2.0,2.7,H25 - CBA - Seriell Adder,58,0.0,50.35,8.0,4,75.0
142,2.0,2.7,H25 - CBA - Seriell Adder,58,0.0,50.35,8.0,2,25.0
