student_id,max_question_score,question_number,question_title,question_duration_sec,auto_score_per_question,total_score,auto_score,answer_alternative,confidence_level
15312,1.0,2.1,H25K - CBA - PC,32,1.0,68.25,20.0,1,100.0
15312,1.0,2.1,H25K - CBA - PC,32,1.0,68.25,20.0,4,0.0
15312,1.0,2.1,H25K - CBA - PC,32,1.0,68.25,20.0,3,0.0
15312,1.0,2.1,H25K - CBA - PC,32,1.0,68.25,20.0,5,0.0
15312,1.0,2.1,H25K - CBA - PC,32,1.0,68.25,20.0,2,0.0
15312,1.0,2.2,H25K - CBA - Datapath,141,1.0,68.25,20.0,3,0.0
15312,1.0,2.2,H25K - CBA - Datapath,141,1.0,68.25,20.0,4,100.0
15312,1.0,2.2,H25K - CBA - Datapath,141,1.0,68.25,20.0,5,0.0
15312,1.0,2.2,H25K - CBA - Datapath,141,1.0,68.25,20.0,1,0.0
15312,1.0,2.2,H25K - CBA - Datapath,141,1.0,68.25,20.0,2,0.0
15312,1.0,2.3,H25K - CBA - Transistor,32,1.0,68.25,20.0,1,100.0
15312,1.0,2.3,H25K - CBA - Transistor,32,1.0,68.25,20.0,5,0.0
15312,1.0,2.3,H25K - CBA - Transistor,32,1.0,68.25,20.0,2,0.0
15312,1.0,2.3,H25K - CBA - Transistor,32,1.0,68.25,20.0,3,0.0
15312,1.0,2.3,H25K - CBA - Transistor,32,1.0,68.25,20.0,4,0.0
15312,1.0,2.4,H25K - CBA - Port,31,1.0,68.25,20.0,1,100.0
15312,1.0,2.4,H25K - CBA - Port,31,1.0,68.25,20.0,4,0.0
15312,1.0,2.4,H25K - CBA - Port,31,1.0,68.25,20.0,3,0.0
15312,1.0,2.4,H25K - CBA - Port,31,1.0,68.25,20.0,2,0.0
15312,1.0,2.4,H25K - CBA - Port,31,1.0,68.25,20.0,5,0.0
15312,1.0,2.5,H25K - CBA - Hazard,11,1.0,68.25,20.0,1,100.0
15312,1.0,2.5,H25K - CBA - Hazard,11,1.0,68.25,20.0,5,0.0
15312,1.0,2.5,H25K - CBA - Hazard,11,1.0,68.25,20.0,4,0.0
15312,1.0,2.5,H25K - CBA - Hazard,11,1.0,68.25,20.0,3,0.0
15312,1.0,2.5,H25K - CBA - Hazard,11,1.0,68.25,20.0,2,0.0
15312,1.0,2.6,H25K - CBA - Register,15,1.0,68.25,20.0,1,100.0
15312,1.0,2.6,H25K - CBA - Register,15,1.0,68.25,20.0,2,0.0
15312,1.0,2.6,H25K - CBA - Register,15,1.0,68.25,20.0,4,0.0
15312,1.0,2.6,H25K - CBA - Register,15,1.0,68.25,20.0,3,0.0
15312,1.0,2.6,H25K - CBA - Register,15,1.0,68.25,20.0,5,0.0
15312,1.0,2.7,H25K - CBA - Decode,48,1.0,68.25,20.0,1,100.0
15312,1.0,2.7,H25K - CBA - Decode,48,1.0,68.25,20.0,5,0.0
15312,1.0,2.7,H25K - CBA - Decode,48,1.0,68.25,20.0,2,0.0
15312,1.0,2.7,H25K - CBA - Decode,48,1.0,68.25,20.0,4,0.0
15312,1.0,2.7,H25K - CBA - Decode,48,1.0,68.25,20.0,3,0.0
15312,1.0,2.8,H25K - CBA - Abstraksjonsnivå,163,1.0,68.25,20.0,1,50.0
15312,1.0,2.8,H25K - CBA - Abstraksjonsnivå,163,1.0,68.25,20.0,5,0.0
15312,1.0,2.8,H25K - CBA - Abstraksjonsnivå,163,1.0,68.25,20.0,4,0.0
15312,1.0,2.8,H25K - CBA - Abstraksjonsnivå,163,1.0,68.25,20.0,3,50.0
15312,1.0,2.8,H25K - CBA - Abstraksjonsnivå,163,1.0,68.25,20.0,2,0.0
15312,1.0,2.9,H25K - CBA - Opcode,60,1.0,68.25,20.0,1,100.0
15312,1.0,2.9,H25K - CBA - Opcode,60,1.0,68.25,20.0,2,0.0
15312,1.0,2.9,H25K - CBA - Opcode,60,1.0,68.25,20.0,4,0.0
15312,1.0,2.9,H25K - CBA - Opcode,60,1.0,68.25,20.0,5,0.0
15312,1.0,2.9,H25K - CBA - Opcode,60,1.0,68.25,20.0,3,0.0
15312,2.0,2.10,H25K - CBA - Funksjonsuttrykk,51,2.0,68.25,20.0,1,100.0
15312,2.0,2.10,H25K - CBA - Funksjonsuttrykk,51,2.0,68.25,20.0,4,0.0
15312,2.0,2.10,H25K - CBA - Funksjonsuttrykk,51,2.0,68.25,20.0,2,0.0
15312,2.0,2.10,H25K - CBA - Funksjonsuttrykk,51,2.0,68.25,20.0,5,0.0
15312,2.0,2.10,H25K - CBA - Funksjonsuttrykk,51,2.0,68.25,20.0,3,0.0
15312,1.0,2.11,H25K - CBA - RAM,56,1.0,68.25,20.0,1,100.0
15312,1.0,2.11,H25K - CBA - RAM,56,1.0,68.25,20.0,5,0.0
15312,1.0,2.11,H25K - CBA - RAM,56,1.0,68.25,20.0,3,0.0
15312,1.0,2.11,H25K - CBA - RAM,56,1.0,68.25,20.0,4,0.0
15312,1.0,2.11,H25K - CBA - RAM,56,1.0,68.25,20.0,2,0.0
15312,2.0,2.12,H25K - CBA - Multiplikasjon,125,2.0,68.25,20.0,5,100.0
15312,2.0,2.12,H25K - CBA - Multiplikasjon,125,2.0,68.25,20.0,4,0.0
15312,2.0,2.12,H25K - CBA - Multiplikasjon,125,2.0,68.25,20.0,3,0.0
15312,2.0,2.12,H25K - CBA - Multiplikasjon,125,2.0,68.25,20.0,2,0.0
15312,2.0,2.12,H25K - CBA - Multiplikasjon,125,2.0,68.25,20.0,1,0.0
15312,2.0,2.13,H25K - CBA - Maskinkode,46,2.0,68.25,20.0,1,100.0
15312,2.0,2.13,H25K - CBA - Maskinkode,46,2.0,68.25,20.0,3,0.0
15312,2.0,2.13,H25K - CBA - Maskinkode,46,2.0,68.25,20.0,5,0.0
15312,2.0,2.13,H25K - CBA - Maskinkode,46,2.0,68.25,20.0,4,0.0
15312,2.0,2.13,H25K - CBA - Maskinkode,46,2.0,68.25,20.0,2,0.0
15312,2.0,2.14,H25K - CBA - Full-adder,62,2.0,68.25,20.0,2,0.0
15312,2.0,2.14,H25K - CBA - Full-adder,62,2.0,68.25,20.0,1,100.0
15312,2.0,2.14,H25K - CBA - Full-adder,62,2.0,68.25,20.0,4,0.0
15312,2.0,2.14,H25K - CBA - Full-adder,62,2.0,68.25,20.0,3,0.0
15312,2.0,2.14,H25K - CBA - Full-adder,62,2.0,68.25,20.0,5,0.0
15312,2.0,2.15,H25K - CBA - Full-adder 2,114,2.0,68.25,20.0,1,75.0
15312,2.0,2.15,H25K - CBA - Full-adder 2,114,2.0,68.25,20.0,5,25.0
15312,2.0,2.15,H25K - CBA - Full-adder 2,114,2.0,68.25,20.0,4,0.0
15312,2.0,2.15,H25K - CBA - Full-adder 2,114,2.0,68.25,20.0,2,0.0
15312,2.0,2.15,H25K - CBA - Full-adder 2,114,2.0,68.25,20.0,3,0.0
15303,1.0,2.1,H25K - CBA - PC,29,1.0,84.0,20.0,1,100.0
15303,1.0,2.1,H25K - CBA - PC,29,1.0,84.0,20.0,2,0.0
15303,1.0,2.1,H25K - CBA - PC,29,1.0,84.0,20.0,3,0.0
15303,1.0,2.1,H25K - CBA - PC,29,1.0,84.0,20.0,5,0.0
15303,1.0,2.1,H25K - CBA - PC,29,1.0,84.0,20.0,4,0.0
15303,1.0,2.2,H25K - CBA - Datapath,156,1.0,84.0,20.0,2,0.0
15303,1.0,2.2,H25K - CBA - Datapath,156,1.0,84.0,20.0,5,0.0
15303,1.0,2.2,H25K - CBA - Datapath,156,1.0,84.0,20.0,3,0.0
15303,1.0,2.2,H25K - CBA - Datapath,156,1.0,84.0,20.0,1,75.0
15303,1.0,2.2,H25K - CBA - Datapath,156,1.0,84.0,20.0,4,25.0
15303,1.0,2.3,H25K - CBA - Transistor,52,1.0,84.0,20.0,1,100.0
15303,1.0,2.3,H25K - CBA - Transistor,52,1.0,84.0,20.0,3,0.0
15303,1.0,2.3,H25K - CBA - Transistor,52,1.0,84.0,20.0,5,0.0
15303,1.0,2.3,H25K - CBA - Transistor,52,1.0,84.0,20.0,4,0.0
15303,1.0,2.3,H25K - CBA - Transistor,52,1.0,84.0,20.0,2,0.0
15303,1.0,2.4,H25K - CBA - Port,30,1.0,84.0,20.0,1,100.0
15303,1.0,2.4,H25K - CBA - Port,30,1.0,84.0,20.0,3,0.0
15303,1.0,2.4,H25K - CBA - Port,30,1.0,84.0,20.0,4,0.0
15303,1.0,2.4,H25K - CBA - Port,30,1.0,84.0,20.0,5,0.0
15303,1.0,2.4,H25K - CBA - Port,30,1.0,84.0,20.0,2,0.0
15303,1.0,2.5,H25K - CBA - Hazard,35,1.0,84.0,20.0,1,100.0
15303,1.0,2.5,H25K - CBA - Hazard,35,1.0,84.0,20.0,5,0.0
15303,1.0,2.5,H25K - CBA - Hazard,35,1.0,84.0,20.0,4,0.0
15303,1.0,2.5,H25K - CBA - Hazard,35,1.0,84.0,20.0,3,0.0
15303,1.0,2.5,H25K - CBA - Hazard,35,1.0,84.0,20.0,2,0.0
15303,1.0,2.6,H25K - CBA - Register,35,1.0,84.0,20.0,1,100.0
15303,1.0,2.6,H25K - CBA - Register,35,1.0,84.0,20.0,5,0.0
15303,1.0,2.6,H25K - CBA - Register,35,1.0,84.0,20.0,4,0.0
15303,1.0,2.6,H25K - CBA - Register,35,1.0,84.0,20.0,3,0.0
15303,1.0,2.6,H25K - CBA - Register,35,1.0,84.0,20.0,2,0.0
15303,1.0,2.7,H25K - CBA - Decode,71,1.0,84.0,20.0,1,75.0
15303,1.0,2.7,H25K - CBA - Decode,71,1.0,84.0,20.0,3,25.0
15303,1.0,2.7,H25K - CBA - Decode,71,1.0,84.0,20.0,2,0.0
15303,1.0,2.7,H25K - CBA - Decode,71,1.0,84.0,20.0,5,0.0
15303,1.0,2.7,H25K - CBA - Decode,71,1.0,84.0,20.0,4,0.0
15303,1.0,2.8,H25K - CBA - Abstraksjonsnivå,33,1.0,84.0,20.0,1,100.0
15303,1.0,2.8,H25K - CBA - Abstraksjonsnivå,33,1.0,84.0,20.0,3,0.0
15303,1.0,2.8,H25K - CBA - Abstraksjonsnivå,33,1.0,84.0,20.0,2,0.0
15303,1.0,2.8,H25K - CBA - Abstraksjonsnivå,33,1.0,84.0,20.0,5,0.0
15303,1.0,2.8,H25K - CBA - Abstraksjonsnivå,33,1.0,84.0,20.0,4,0.0
15303,1.0,2.9,H25K - CBA - Opcode,37,1.0,84.0,20.0,1,100.0
15303,1.0,2.9,H25K - CBA - Opcode,37,1.0,84.0,20.0,3,0.0
15303,1.0,2.9,H25K - CBA - Opcode,37,1.0,84.0,20.0,5,0.0
15303,1.0,2.9,H25K - CBA - Opcode,37,1.0,84.0,20.0,2,0.0
15303,1.0,2.9,H25K - CBA - Opcode,37,1.0,84.0,20.0,4,0.0
15303,2.0,2.10,H25K - CBA - Funksjonsuttrykk,153,2.0,84.0,20.0,1,100.0
15303,2.0,2.10,H25K - CBA - Funksjonsuttrykk,153,2.0,84.0,20.0,5,0.0
15303,2.0,2.10,H25K - CBA - Funksjonsuttrykk,153,2.0,84.0,20.0,3,0.0
15303,2.0,2.10,H25K - CBA - Funksjonsuttrykk,153,2.0,84.0,20.0,4,0.0
15303,2.0,2.10,H25K - CBA - Funksjonsuttrykk,153,2.0,84.0,20.0,2,0.0
15303,1.0,2.11,H25K - CBA - RAM,26,1.0,84.0,20.0,1,100.0
15303,1.0,2.11,H25K - CBA - RAM,26,1.0,84.0,20.0,5,0.0
15303,1.0,2.11,H25K - CBA - RAM,26,1.0,84.0,20.0,2,0.0
15303,1.0,2.11,H25K - CBA - RAM,26,1.0,84.0,20.0,3,0.0
15303,1.0,2.11,H25K - CBA - RAM,26,1.0,84.0,20.0,4,0.0
15303,2.0,2.12,H25K - CBA - Multiplikasjon,113,2.0,84.0,20.0,1,50.0
15303,2.0,2.12,H25K - CBA - Multiplikasjon,113,2.0,84.0,20.0,2,25.0
15303,2.0,2.12,H25K - CBA - Multiplikasjon,113,2.0,84.0,20.0,3,25.0
15303,2.0,2.12,H25K - CBA - Multiplikasjon,113,2.0,84.0,20.0,5,0.0
15303,2.0,2.12,H25K - CBA - Multiplikasjon,113,2.0,84.0,20.0,4,0.0
15303,2.0,2.13,H25K - CBA - Maskinkode,58,2.0,84.0,20.0,5,0.0
15303,2.0,2.13,H25K - CBA - Maskinkode,58,2.0,84.0,20.0,1,100.0
15303,2.0,2.13,H25K - CBA - Maskinkode,58,2.0,84.0,20.0,2,0.0
15303,2.0,2.13,H25K - CBA - Maskinkode,58,2.0,84.0,20.0,4,0.0
15303,2.0,2.13,H25K - CBA - Maskinkode,58,2.0,84.0,20.0,3,0.0
15303,2.0,2.14,H25K - CBA - Full-adder,42,2.0,84.0,20.0,1,100.0
15303,2.0,2.14,H25K - CBA - Full-adder,42,2.0,84.0,20.0,3,0.0
15303,2.0,2.14,H25K - CBA - Full-adder,42,2.0,84.0,20.0,5,0.0
15303,2.0,2.14,H25K - CBA - Full-adder,42,2.0,84.0,20.0,2,0.0
15303,2.0,2.14,H25K - CBA - Full-adder,42,2.0,84.0,20.0,4,0.0
15303,2.0,2.15,H25K - CBA - Full-adder 2,54,2.0,84.0,20.0,1,100.0
15303,2.0,2.15,H25K - CBA - Full-adder 2,54,2.0,84.0,20.0,3,0.0
15303,2.0,2.15,H25K - CBA - Full-adder 2,54,2.0,84.0,20.0,5,0.0
15303,2.0,2.15,H25K - CBA - Full-adder 2,54,2.0,84.0,20.0,2,0.0
15303,2.0,2.15,H25K - CBA - Full-adder 2,54,2.0,84.0,20.0,4,0.0
15300,1.0,2.1,H25K - CBA - PC,74,1.0,71.0,20.0,3,50.0
15300,1.0,2.1,H25K - CBA - PC,74,1.0,71.0,20.0,1,25.0
15300,1.0,2.1,H25K - CBA - PC,74,1.0,71.0,20.0,5,25.0
15300,1.0,2.1,H25K - CBA - PC,74,1.0,71.0,20.0,2,0.0
15300,1.0,2.1,H25K - CBA - PC,74,1.0,71.0,20.0,4,0.0
15300,1.0,2.2,H25K - CBA - Datapath,70,1.0,71.0,20.0,5,0.0
15300,1.0,2.2,H25K - CBA - Datapath,70,1.0,71.0,20.0,2,0.0
15300,1.0,2.2,H25K - CBA - Datapath,70,1.0,71.0,20.0,4,25.0
15300,1.0,2.2,H25K - CBA - Datapath,70,1.0,71.0,20.0,3,50.0
15300,1.0,2.2,H25K - CBA - Datapath,70,1.0,71.0,20.0,1,25.0
15300,1.0,2.3,H25K - CBA - Transistor,39,1.0,71.0,20.0,1,75.0
15300,1.0,2.3,H25K - CBA - Transistor,39,1.0,71.0,20.0,4,25.0
15300,1.0,2.3,H25K - CBA - Transistor,39,1.0,71.0,20.0,3,0.0
15300,1.0,2.3,H25K - CBA - Transistor,39,1.0,71.0,20.0,5,0.0
15300,1.0,2.3,H25K - CBA - Transistor,39,1.0,71.0,20.0,2,0.0
15300,1.0,2.4,H25K - CBA - Port,56,1.0,71.0,20.0,1,100.0
15300,1.0,2.4,H25K - CBA - Port,56,1.0,71.0,20.0,4,0.0
15300,1.0,2.4,H25K - CBA - Port,56,1.0,71.0,20.0,5,0.0
15300,1.0,2.4,H25K - CBA - Port,56,1.0,71.0,20.0,2,0.0
15300,1.0,2.4,H25K - CBA - Port,56,1.0,71.0,20.0,3,0.0
15300,1.0,2.5,H25K - CBA - Hazard,103,1.0,71.0,20.0,1,75.0
15300,1.0,2.5,H25K - CBA - Hazard,103,1.0,71.0,20.0,5,0.0
15300,1.0,2.5,H25K - CBA - Hazard,103,1.0,71.0,20.0,4,25.0
15300,1.0,2.5,H25K - CBA - Hazard,103,1.0,71.0,20.0,2,0.0
15300,1.0,2.5,H25K - CBA - Hazard,103,1.0,71.0,20.0,3,0.0
15300,1.0,2.6,H25K - CBA - Register,87,1.0,71.0,20.0,1,100.0
15300,1.0,2.6,H25K - CBA - Register,87,1.0,71.0,20.0,4,0.0
15300,1.0,2.6,H25K - CBA - Register,87,1.0,71.0,20.0,2,0.0
15300,1.0,2.6,H25K - CBA - Register,87,1.0,71.0,20.0,5,0.0
15300,1.0,2.6,H25K - CBA - Register,87,1.0,71.0,20.0,3,0.0
15300,1.0,2.7,H25K - CBA - Decode,56,1.0,71.0,20.0,1,50.0
15300,1.0,2.7,H25K - CBA - Decode,56,1.0,71.0,20.0,2,50.0
15300,1.0,2.7,H25K - CBA - Decode,56,1.0,71.0,20.0,5,0.0
15300,1.0,2.7,H25K - CBA - Decode,56,1.0,71.0,20.0,4,0.0
15300,1.0,2.7,H25K - CBA - Decode,56,1.0,71.0,20.0,3,0.0
15300,1.0,2.8,H25K - CBA - Abstraksjonsnivå,76,1.0,71.0,20.0,3,25.0
15300,1.0,2.8,H25K - CBA - Abstraksjonsnivå,76,1.0,71.0,20.0,4,50.0
15300,1.0,2.8,H25K - CBA - Abstraksjonsnivå,76,1.0,71.0,20.0,1,25.0
15300,1.0,2.8,H25K - CBA - Abstraksjonsnivå,76,1.0,71.0,20.0,5,0.0
15300,1.0,2.8,H25K - CBA - Abstraksjonsnivå,76,1.0,71.0,20.0,2,0.0
15300,1.0,2.9,H25K - CBA - Opcode,77,1.0,71.0,20.0,1,100.0
15300,1.0,2.9,H25K - CBA - Opcode,77,1.0,71.0,20.0,5,0.0
15300,1.0,2.9,H25K - CBA - Opcode,77,1.0,71.0,20.0,3,0.0
15300,1.0,2.9,H25K - CBA - Opcode,77,1.0,71.0,20.0,4,0.0
15300,1.0,2.9,H25K - CBA - Opcode,77,1.0,71.0,20.0,2,0.0
15300,2.0,2.10,H25K - CBA - Funksjonsuttrykk,58,2.0,71.0,20.0,1,100.0
15300,2.0,2.10,H25K - CBA - Funksjonsuttrykk,58,2.0,71.0,20.0,4,0.0
15300,2.0,2.10,H25K - CBA - Funksjonsuttrykk,58,2.0,71.0,20.0,5,0.0
15300,2.0,2.10,H25K - CBA - Funksjonsuttrykk,58,2.0,71.0,20.0,3,0.0
15300,2.0,2.10,H25K - CBA - Funksjonsuttrykk,58,2.0,71.0,20.0,2,0.0
15300,1.0,2.11,H25K - CBA - RAM,87,1.0,71.0,20.0,3,50.0
15300,1.0,2.11,H25K - CBA - RAM,87,1.0,71.0,20.0,5,25.0
15300,1.0,2.11,H25K - CBA - RAM,87,1.0,71.0,20.0,4,0.0
15300,1.0,2.11,H25K - CBA - RAM,87,1.0,71.0,20.0,1,25.0
15300,1.0,2.11,H25K - CBA - RAM,87,1.0,71.0,20.0,2,0.0
15300,2.0,2.12,H25K - CBA - Multiplikasjon,71,2.0,71.0,20.0,1,50.0
15300,2.0,2.12,H25K - CBA - Multiplikasjon,71,2.0,71.0,20.0,4,25.0
15300,2.0,2.12,H25K - CBA - Multiplikasjon,71,2.0,71.0,20.0,5,25.0
15300,2.0,2.12,H25K - CBA - Multiplikasjon,71,2.0,71.0,20.0,2,0.0
15300,2.0,2.12,H25K - CBA - Multiplikasjon,71,2.0,71.0,20.0,3,0.0
15300,2.0,2.13,H25K - CBA - Maskinkode,51,2.0,71.0,20.0,5,0.0
15300,2.0,2.13,H25K - CBA - Maskinkode,51,2.0,71.0,20.0,2,0.0
15300,2.0,2.13,H25K - CBA - Maskinkode,51,2.0,71.0,20.0,1,50.0
15300,2.0,2.13,H25K - CBA - Maskinkode,51,2.0,71.0,20.0,3,25.0
15300,2.0,2.13,H25K - CBA - Maskinkode,51,2.0,71.0,20.0,4,25.0
15300,2.0,2.14,H25K - CBA - Full-adder,59,2.0,71.0,20.0,5,0.0
15300,2.0,2.14,H25K - CBA - Full-adder,59,2.0,71.0,20.0,3,0.0
15300,2.0,2.14,H25K - CBA - Full-adder,59,2.0,71.0,20.0,2,0.0
15300,2.0,2.14,H25K - CBA - Full-adder,59,2.0,71.0,20.0,1,75.0
15300,2.0,2.14,H25K - CBA - Full-adder,59,2.0,71.0,20.0,4,25.0
15300,2.0,2.15,H25K - CBA - Full-adder 2,107,2.0,71.0,20.0,2,0.0
15300,2.0,2.15,H25K - CBA - Full-adder 2,107,2.0,71.0,20.0,1,75.0
15300,2.0,2.15,H25K - CBA - Full-adder 2,107,2.0,71.0,20.0,4,25.0
15300,2.0,2.15,H25K - CBA - Full-adder 2,107,2.0,71.0,20.0,3,0.0
15300,2.0,2.15,H25K - CBA - Full-adder 2,107,2.0,71.0,20.0,5,0.0
15288,1.0,2.1,H25K - CBA - PC,76,1.0,68.75,20.0,1,100.0
15288,1.0,2.1,H25K - CBA - PC,76,1.0,68.75,20.0,2,0.0
15288,1.0,2.1,H25K - CBA - PC,76,1.0,68.75,20.0,3,0.0
15288,1.0,2.1,H25K - CBA - PC,76,1.0,68.75,20.0,4,0.0
15288,1.0,2.1,H25K - CBA - PC,76,1.0,68.75,20.0,5,0.0
15288,1.0,2.2,H25K - CBA - Datapath,54,1.0,68.75,20.0,3,100.0
15288,1.0,2.2,H25K - CBA - Datapath,54,1.0,68.75,20.0,2,0.0
15288,1.0,2.2,H25K - CBA - Datapath,54,1.0,68.75,20.0,4,0.0
15288,1.0,2.2,H25K - CBA - Datapath,54,1.0,68.75,20.0,1,0.0
15288,1.0,2.2,H25K - CBA - Datapath,54,1.0,68.75,20.0,5,0.0
15288,1.0,2.3,H25K - CBA - Transistor,44,1.0,68.75,20.0,1,100.0
15288,1.0,2.3,H25K - CBA - Transistor,44,1.0,68.75,20.0,2,0.0
15288,1.0,2.3,H25K - CBA - Transistor,44,1.0,68.75,20.0,5,0.0
15288,1.0,2.3,H25K - CBA - Transistor,44,1.0,68.75,20.0,4,0.0
15288,1.0,2.3,H25K - CBA - Transistor,44,1.0,68.75,20.0,3,0.0
15288,1.0,2.4,H25K - CBA - Port,69,1.0,68.75,20.0,1,100.0
15288,1.0,2.4,H25K - CBA - Port,69,1.0,68.75,20.0,5,0.0
15288,1.0,2.4,H25K - CBA - Port,69,1.0,68.75,20.0,3,0.0
15288,1.0,2.4,H25K - CBA - Port,69,1.0,68.75,20.0,2,0.0
15288,1.0,2.4,H25K - CBA - Port,69,1.0,68.75,20.0,4,0.0
15288,1.0,2.5,H25K - CBA - Hazard,83,1.0,68.75,20.0,4,75.0
15288,1.0,2.5,H25K - CBA - Hazard,83,1.0,68.75,20.0,1,25.0
15288,1.0,2.5,H25K - CBA - Hazard,83,1.0,68.75,20.0,3,0.0
15288,1.0,2.5,H25K - CBA - Hazard,83,1.0,68.75,20.0,5,0.0
15288,1.0,2.5,H25K - CBA - Hazard,83,1.0,68.75,20.0,2,0.0
15288,1.0,2.6,H25K - CBA - Register,25,1.0,68.75,20.0,1,100.0
15288,1.0,2.6,H25K - CBA - Register,25,1.0,68.75,20.0,3,0.0
15288,1.0,2.6,H25K - CBA - Register,25,1.0,68.75,20.0,4,0.0
15288,1.0,2.6,H25K - CBA - Register,25,1.0,68.75,20.0,2,0.0
15288,1.0,2.6,H25K - CBA - Register,25,1.0,68.75,20.0,5,0.0
15288,1.0,2.7,H25K - CBA - Decode,47,1.0,68.75,20.0,1,100.0
15288,1.0,2.7,H25K - CBA - Decode,47,1.0,68.75,20.0,2,0.0
15288,1.0,2.7,H25K - CBA - Decode,47,1.0,68.75,20.0,4,0.0
15288,1.0,2.7,H25K - CBA - Decode,47,1.0,68.75,20.0,5,0.0
15288,1.0,2.7,H25K - CBA - Decode,47,1.0,68.75,20.0,3,0.0
15288,1.0,2.8,H25K - CBA - Abstraksjonsnivå,132,1.0,68.75,20.0,1,100.0
15288,1.0,2.8,H25K - CBA - Abstraksjonsnivå,132,1.0,68.75,20.0,3,0.0
15288,1.0,2.8,H25K - CBA - Abstraksjonsnivå,132,1.0,68.75,20.0,2,0.0
15288,1.0,2.8,H25K - CBA - Abstraksjonsnivå,132,1.0,68.75,20.0,4,0.0
15288,1.0,2.8,H25K - CBA - Abstraksjonsnivå,132,1.0,68.75,20.0,5,0.0
15288,1.0,2.9,H25K - CBA - Opcode,38,1.0,68.75,20.0,1,100.0
15288,1.0,2.9,H25K - CBA - Opcode,38,1.0,68.75,20.0,3,0.0
15288,1.0,2.9,H25K - CBA - Opcode,38,1.0,68.75,20.0,4,0.0
15288,1.0,2.9,H25K - CBA - Opcode,38,1.0,68.75,20.0,2,0.0
15288,1.0,2.9,H25K - CBA - Opcode,38,1.0,68.75,20.0,5,0.0
15288,2.0,2.10,H25K - CBA - Funksjonsuttrykk,64,2.0,68.75,20.0,1,100.0
15288,2.0,2.10,H25K - CBA - Funksjonsuttrykk,64,2.0,68.75,20.0,3,0.0
15288,2.0,2.10,H25K - CBA - Funksjonsuttrykk,64,2.0,68.75,20.0,2,0.0
15288,2.0,2.10,H25K - CBA - Funksjonsuttrykk,64,2.0,68.75,20.0,5,0.0
15288,2.0,2.10,H25K - CBA - Funksjonsuttrykk,64,2.0,68.75,20.0,4,0.0
15288,1.0,2.11,H25K - CBA - RAM,35,1.0,68.75,20.0,1,100.0
15288,1.0,2.11,H25K - CBA - RAM,35,1.0,68.75,20.0,5,0.0
15288,1.0,2.11,H25K - CBA - RAM,35,1.0,68.75,20.0,4,0.0
15288,1.0,2.11,H25K - CBA - RAM,35,1.0,68.75,20.0,2,0.0
15288,1.0,2.11,H25K - CBA - RAM,35,1.0,68.75,20.0,3,0.0
15288,2.0,2.12,H25K - CBA - Multiplikasjon,82,2.0,68.75,20.0,5,100.0
15288,2.0,2.12,H25K - CBA - Multiplikasjon,82,2.0,68.75,20.0,1,0.0
15288,2.0,2.12,H25K - CBA - Multiplikasjon,82,2.0,68.75,20.0,3,0.0
15288,2.0,2.12,H25K - CBA - Multiplikasjon,82,2.0,68.75,20.0,4,0.0
15288,2.0,2.12,H25K - CBA - Multiplikasjon,82,2.0,68.75,20.0,2,0.0
15288,2.0,2.13,H25K - CBA - Maskinkode,116,2.0,68.75,20.0,5,0.0
15288,2.0,2.13,H25K - CBA - Maskinkode,116,2.0,68.75,20.0,3,0.0
15288,2.0,2.13,H25K - CBA - Maskinkode,116,2.0,68.75,20.0,1,75.0
15288,2.0,2.13,H25K - CBA - Maskinkode,116,2.0,68.75,20.0,2,25.0
15288,2.0,2.13,H25K - CBA - Maskinkode,116,2.0,68.75,20.0,4,0.0
15288,2.0,2.14,H25K - CBA - Full-adder,38,2.0,68.75,20.0,1,100.0
15288,2.0,2.14,H25K - CBA - Full-adder,38,2.0,68.75,20.0,5,0.0
15288,2.0,2.14,H25K - CBA - Full-adder,38,2.0,68.75,20.0,3,0.0
15288,2.0,2.14,H25K - CBA - Full-adder,38,2.0,68.75,20.0,2,0.0
15288,2.0,2.14,H25K - CBA - Full-adder,38,2.0,68.75,20.0,4,0.0
15288,2.0,2.15,H25K - CBA - Full-adder 2,48,2.0,68.75,20.0,1,100.0
15288,2.0,2.15,H25K - CBA - Full-adder 2,48,2.0,68.75,20.0,3,0.0
15288,2.0,2.15,H25K - CBA - Full-adder 2,48,2.0,68.75,20.0,2,0.0
15288,2.0,2.15,H25K - CBA - Full-adder 2,48,2.0,68.75,20.0,4,0.0
15288,2.0,2.15,H25K - CBA - Full-adder 2,48,2.0,68.75,20.0,5,0.0
15301,1.0,2.1,H25K - CBA - PC,96,1.0,80.5,20.0,1,100.0
15301,1.0,2.1,H25K - CBA - PC,96,1.0,80.5,20.0,5,0.0
15301,1.0,2.1,H25K - CBA - PC,96,1.0,80.5,20.0,4,0.0
15301,1.0,2.1,H25K - CBA - PC,96,1.0,80.5,20.0,3,0.0
15301,1.0,2.1,H25K - CBA - PC,96,1.0,80.5,20.0,2,0.0
15301,1.0,2.2,H25K - CBA - Datapath,104,1.0,80.5,20.0,3,100.0
15301,1.0,2.2,H25K - CBA - Datapath,104,1.0,80.5,20.0,2,0.0
15301,1.0,2.2,H25K - CBA - Datapath,104,1.0,80.5,20.0,1,0.0
15301,1.0,2.2,H25K - CBA - Datapath,104,1.0,80.5,20.0,4,0.0
15301,1.0,2.2,H25K - CBA - Datapath,104,1.0,80.5,20.0,5,0.0
15301,1.0,2.3,H25K - CBA - Transistor,147,1.0,80.5,20.0,1,100.0
15301,1.0,2.3,H25K - CBA - Transistor,147,1.0,80.5,20.0,4,0.0
15301,1.0,2.3,H25K - CBA - Transistor,147,1.0,80.5,20.0,5,0.0
15301,1.0,2.3,H25K - CBA - Transistor,147,1.0,80.5,20.0,2,0.0
15301,1.0,2.3,H25K - CBA - Transistor,147,1.0,80.5,20.0,3,0.0
15301,1.0,2.4,H25K - CBA - Port,177,1.0,80.5,20.0,1,100.0
15301,1.0,2.4,H25K - CBA - Port,177,1.0,80.5,20.0,4,0.0
15301,1.0,2.4,H25K - CBA - Port,177,1.0,80.5,20.0,2,0.0
15301,1.0,2.4,H25K - CBA - Port,177,1.0,80.5,20.0,3,0.0
15301,1.0,2.4,H25K - CBA - Port,177,1.0,80.5,20.0,5,0.0
15301,1.0,2.5,H25K - CBA - Hazard,69,1.0,80.5,20.0,1,100.0
15301,1.0,2.5,H25K - CBA - Hazard,69,1.0,80.5,20.0,3,0.0
15301,1.0,2.5,H25K - CBA - Hazard,69,1.0,80.5,20.0,5,0.0
15301,1.0,2.5,H25K - CBA - Hazard,69,1.0,80.5,20.0,4,0.0
15301,1.0,2.5,H25K - CBA - Hazard,69,1.0,80.5,20.0,2,0.0
15301,1.0,2.6,H25K - CBA - Register,116,1.0,80.5,20.0,1,100.0
15301,1.0,2.6,H25K - CBA - Register,116,1.0,80.5,20.0,3,0.0
15301,1.0,2.6,H25K - CBA - Register,116,1.0,80.5,20.0,4,0.0
15301,1.0,2.6,H25K - CBA - Register,116,1.0,80.5,20.0,5,0.0
15301,1.0,2.6,H25K - CBA - Register,116,1.0,80.5,20.0,2,0.0
15301,1.0,2.7,H25K - CBA - Decode,126,1.0,80.5,20.0,3,100.0
15301,1.0,2.7,H25K - CBA - Decode,126,1.0,80.5,20.0,2,0.0
15301,1.0,2.7,H25K - CBA - Decode,126,1.0,80.5,20.0,1,0.0
15301,1.0,2.7,H25K - CBA - Decode,126,1.0,80.5,20.0,4,0.0
15301,1.0,2.7,H25K - CBA - Decode,126,1.0,80.5,20.0,5,0.0
15301,1.0,2.8,H25K - CBA - Abstraksjonsnivå,318,1.0,80.5,20.0,1,50.0
15301,1.0,2.8,H25K - CBA - Abstraksjonsnivå,318,1.0,80.5,20.0,3,50.0
15301,1.0,2.8,H25K - CBA - Abstraksjonsnivå,318,1.0,80.5,20.0,2,0.0
15301,1.0,2.8,H25K - CBA - Abstraksjonsnivå,318,1.0,80.5,20.0,5,0.0
15301,1.0,2.8,H25K - CBA - Abstraksjonsnivå,318,1.0,80.5,20.0,4,0.0
15301,1.0,2.9,H25K - CBA - Opcode,76,1.0,80.5,20.0,4,0.0
15301,1.0,2.9,H25K - CBA - Opcode,76,1.0,80.5,20.0,1,100.0
15301,1.0,2.9,H25K - CBA - Opcode,76,1.0,80.5,20.0,5,0.0
15301,1.0,2.9,H25K - CBA - Opcode,76,1.0,80.5,20.0,2,0.0
15301,1.0,2.9,H25K - CBA - Opcode,76,1.0,80.5,20.0,3,0.0
15301,2.0,2.10,H25K - CBA - Funksjonsuttrykk,525,2.0,80.5,20.0,1,100.0
15301,2.0,2.10,H25K - CBA - Funksjonsuttrykk,525,2.0,80.5,20.0,2,0.0
15301,2.0,2.10,H25K - CBA - Funksjonsuttrykk,525,2.0,80.5,20.0,5,0.0
15301,2.0,2.10,H25K - CBA - Funksjonsuttrykk,525,2.0,80.5,20.0,4,0.0
15301,2.0,2.10,H25K - CBA - Funksjonsuttrykk,525,2.0,80.5,20.0,3,0.0
15301,1.0,2.11,H25K - CBA - RAM,84,1.0,80.5,20.0,1,100.0
15301,1.0,2.11,H25K - CBA - RAM,84,1.0,80.5,20.0,4,0.0
15301,1.0,2.11,H25K - CBA - RAM,84,1.0,80.5,20.0,3,0.0
15301,1.0,2.11,H25K - CBA - RAM,84,1.0,80.5,20.0,2,0.0
15301,1.0,2.11,H25K - CBA - RAM,84,1.0,80.5,20.0,5,0.0
15301,2.0,2.12,H25K - CBA - Multiplikasjon,116,2.0,80.5,20.0,2,0.0
15301,2.0,2.12,H25K - CBA - Multiplikasjon,116,2.0,80.5,20.0,5,0.0
15301,2.0,2.12,H25K - CBA - Multiplikasjon,116,2.0,80.5,20.0,4,0.0
15301,2.0,2.12,H25K - CBA - Multiplikasjon,116,2.0,80.5,20.0,3,0.0
15301,2.0,2.12,H25K - CBA - Multiplikasjon,116,2.0,80.5,20.0,1,100.0
15301,2.0,2.13,H25K - CBA - Maskinkode,104,2.0,80.5,20.0,1,100.0
15301,2.0,2.13,H25K - CBA - Maskinkode,104,2.0,80.5,20.0,3,0.0
15301,2.0,2.13,H25K - CBA - Maskinkode,104,2.0,80.5,20.0,5,0.0
15301,2.0,2.13,H25K - CBA - Maskinkode,104,2.0,80.5,20.0,4,0.0
15301,2.0,2.13,H25K - CBA - Maskinkode,104,2.0,80.5,20.0,2,0.0
15301,2.0,2.14,H25K - CBA - Full-adder,112,2.0,80.5,20.0,1,100.0
15301,2.0,2.14,H25K - CBA - Full-adder,112,2.0,80.5,20.0,4,0.0
15301,2.0,2.14,H25K - CBA - Full-adder,112,2.0,80.5,20.0,2,0.0
15301,2.0,2.14,H25K - CBA - Full-adder,112,2.0,80.5,20.0,5,0.0
15301,2.0,2.14,H25K - CBA - Full-adder,112,2.0,80.5,20.0,3,0.0
15301,2.0,2.15,H25K - CBA - Full-adder 2,194,2.0,80.5,20.0,1,100.0
15301,2.0,2.15,H25K - CBA - Full-adder 2,194,2.0,80.5,20.0,5,0.0
15301,2.0,2.15,H25K - CBA - Full-adder 2,194,2.0,80.5,20.0,3,0.0
15301,2.0,2.15,H25K - CBA - Full-adder 2,194,2.0,80.5,20.0,2,0.0
15301,2.0,2.15,H25K - CBA - Full-adder 2,194,2.0,80.5,20.0,4,0.0
15310,1.0,2.1,H25K - CBA - PC,55,1.0,59.57,20.0,1,100.0
15310,1.0,2.1,H25K - CBA - PC,55,1.0,59.57,20.0,2,0.0
15310,1.0,2.1,H25K - CBA - PC,55,1.0,59.57,20.0,5,0.0
15310,1.0,2.1,H25K - CBA - PC,55,1.0,59.57,20.0,4,0.0
15310,1.0,2.1,H25K - CBA - PC,55,1.0,59.57,20.0,3,0.0
15310,1.0,2.2,H25K - CBA - Datapath,510,1.0,59.57,20.0,3,0.0
15310,1.0,2.2,H25K - CBA - Datapath,510,1.0,59.57,20.0,2,0.0
15310,1.0,2.2,H25K - CBA - Datapath,510,1.0,59.57,20.0,5,0.0
15310,1.0,2.2,H25K - CBA - Datapath,510,1.0,59.57,20.0,1,100.0
15310,1.0,2.2,H25K - CBA - Datapath,510,1.0,59.57,20.0,4,0.0
15310,1.0,2.3,H25K - CBA - Transistor,249,1.0,59.57,20.0,4,0.0
15310,1.0,2.3,H25K - CBA - Transistor,249,1.0,59.57,20.0,5,0.0
15310,1.0,2.3,H25K - CBA - Transistor,249,1.0,59.57,20.0,3,25.0
15310,1.0,2.3,H25K - CBA - Transistor,249,1.0,59.57,20.0,1,75.0
15310,1.0,2.3,H25K - CBA - Transistor,249,1.0,59.57,20.0,2,0.0
15310,1.0,2.4,H25K - CBA - Port,72,1.0,59.57,20.0,1,100.0
15310,1.0,2.4,H25K - CBA - Port,72,1.0,59.57,20.0,4,0.0
15310,1.0,2.4,H25K - CBA - Port,72,1.0,59.57,20.0,3,0.0
15310,1.0,2.4,H25K - CBA - Port,72,1.0,59.57,20.0,2,0.0
15310,1.0,2.4,H25K - CBA - Port,72,1.0,59.57,20.0,5,0.0
15310,1.0,2.5,H25K - CBA - Hazard,318,1.0,59.57,20.0,5,0.0
15310,1.0,2.5,H25K - CBA - Hazard,318,1.0,59.57,20.0,2,25.0
15310,1.0,2.5,H25K - CBA - Hazard,318,1.0,59.57,20.0,3,0.0
15310,1.0,2.5,H25K - CBA - Hazard,318,1.0,59.57,20.0,1,75.0
15310,1.0,2.5,H25K - CBA - Hazard,318,1.0,59.57,20.0,4,0.0
15310,1.0,2.6,H25K - CBA - Register,107,1.0,59.57,20.0,1,75.0
15310,1.0,2.6,H25K - CBA - Register,107,1.0,59.57,20.0,3,25.0
15310,1.0,2.6,H25K - CBA - Register,107,1.0,59.57,20.0,2,0.0
15310,1.0,2.6,H25K - CBA - Register,107,1.0,59.57,20.0,4,0.0
15310,1.0,2.6,H25K - CBA - Register,107,1.0,59.57,20.0,5,0.0
15310,1.0,2.7,H25K - CBA - Decode,270,1.0,59.57,20.0,5,0.0
15310,1.0,2.7,H25K - CBA - Decode,270,1.0,59.57,20.0,4,0.0
15310,1.0,2.7,H25K - CBA - Decode,270,1.0,59.57,20.0,3,25.0
15310,1.0,2.7,H25K - CBA - Decode,270,1.0,59.57,20.0,2,0.0
15310,1.0,2.7,H25K - CBA - Decode,270,1.0,59.57,20.0,1,75.0
15310,1.0,2.8,H25K - CBA - Abstraksjonsnivå,110,1.0,59.57,20.0,4,50.0
15310,1.0,2.8,H25K - CBA - Abstraksjonsnivå,110,1.0,59.57,20.0,5,50.0
15310,1.0,2.8,H25K - CBA - Abstraksjonsnivå,110,1.0,59.57,20.0,3,0.0
15310,1.0,2.8,H25K - CBA - Abstraksjonsnivå,110,1.0,59.57,20.0,2,0.0
15310,1.0,2.8,H25K - CBA - Abstraksjonsnivå,110,1.0,59.57,20.0,1,0.0
15310,1.0,2.9,H25K - CBA - Opcode,381,1.0,59.57,20.0,2,0.0
15310,1.0,2.9,H25K - CBA - Opcode,381,1.0,59.57,20.0,1,100.0
15310,1.0,2.9,H25K - CBA - Opcode,381,1.0,59.57,20.0,5,0.0
15310,1.0,2.9,H25K - CBA - Opcode,381,1.0,59.57,20.0,4,0.0
15310,1.0,2.9,H25K - CBA - Opcode,381,1.0,59.57,20.0,3,0.0
15310,2.0,2.10,H25K - CBA - Funksjonsuttrykk,339,2.0,59.57,20.0,3,50.0
15310,2.0,2.10,H25K - CBA - Funksjonsuttrykk,339,2.0,59.57,20.0,1,50.0
15310,2.0,2.10,H25K - CBA - Funksjonsuttrykk,339,2.0,59.57,20.0,5,0.0
15310,2.0,2.10,H25K - CBA - Funksjonsuttrykk,339,2.0,59.57,20.0,4,0.0
15310,2.0,2.10,H25K - CBA - Funksjonsuttrykk,339,2.0,59.57,20.0,2,0.0
15310,1.0,2.11,H25K - CBA - RAM,40,1.0,59.57,20.0,1,100.0
15310,1.0,2.11,H25K - CBA - RAM,40,1.0,59.57,20.0,3,0.0
15310,1.0,2.11,H25K - CBA - RAM,40,1.0,59.57,20.0,4,0.0
15310,1.0,2.11,H25K - CBA - RAM,40,1.0,59.57,20.0,2,0.0
15310,1.0,2.11,H25K - CBA - RAM,40,1.0,59.57,20.0,5,0.0
15310,2.0,2.12,H25K - CBA - Multiplikasjon,459,2.0,59.57,20.0,1,100.0
15310,2.0,2.12,H25K - CBA - Multiplikasjon,459,2.0,59.57,20.0,5,0.0
15310,2.0,2.12,H25K - CBA - Multiplikasjon,459,2.0,59.57,20.0,4,0.0
15310,2.0,2.12,H25K - CBA - Multiplikasjon,459,2.0,59.57,20.0,3,0.0
15310,2.0,2.12,H25K - CBA - Multiplikasjon,459,2.0,59.57,20.0,2,0.0
15310,2.0,2.13,H25K - CBA - Maskinkode,54,2.0,59.57,20.0,2,50.0
15310,2.0,2.13,H25K - CBA - Maskinkode,54,2.0,59.57,20.0,3,50.0
15310,2.0,2.13,H25K - CBA - Maskinkode,54,2.0,59.57,20.0,5,0.0
15310,2.0,2.13,H25K - CBA - Maskinkode,54,2.0,59.57,20.0,1,0.0
15310,2.0,2.13,H25K - CBA - Maskinkode,54,2.0,59.57,20.0,4,0.0
15310,2.0,2.14,H25K - CBA - Full-adder,21,2.0,59.57,20.0,2,50.0
15310,2.0,2.14,H25K - CBA - Full-adder,21,2.0,59.57,20.0,1,50.0
15310,2.0,2.14,H25K - CBA - Full-adder,21,2.0,59.57,20.0,3,0.0
15310,2.0,2.14,H25K - CBA - Full-adder,21,2.0,59.57,20.0,5,0.0
15310,2.0,2.14,H25K - CBA - Full-adder,21,2.0,59.57,20.0,4,0.0
15310,2.0,2.15,H25K - CBA - Full-adder 2,65,2.0,59.57,20.0,1,50.0
15310,2.0,2.15,H25K - CBA - Full-adder 2,65,2.0,59.57,20.0,2,25.0
15310,2.0,2.15,H25K - CBA - Full-adder 2,65,2.0,59.57,20.0,5,25.0
15310,2.0,2.15,H25K - CBA - Full-adder 2,65,2.0,59.57,20.0,4,0.0
15310,2.0,2.15,H25K - CBA - Full-adder 2,65,2.0,59.57,20.0,3,0.0
15316,1.0,2.1,H25K - CBA - PC,14,1.0,62.5,20.0,1,100.0
15316,1.0,2.1,H25K - CBA - PC,14,1.0,62.5,20.0,2,0.0
15316,1.0,2.1,H25K - CBA - PC,14,1.0,62.5,20.0,3,0.0
15316,1.0,2.1,H25K - CBA - PC,14,1.0,62.5,20.0,5,0.0
15316,1.0,2.1,H25K - CBA - PC,14,1.0,62.5,20.0,4,0.0
15316,1.0,2.2,H25K - CBA - Datapath,49,1.0,62.5,20.0,1,25.0
15316,1.0,2.2,H25K - CBA - Datapath,49,1.0,62.5,20.0,3,0.0
15316,1.0,2.2,H25K - CBA - Datapath,49,1.0,62.5,20.0,2,0.0
15316,1.0,2.2,H25K - CBA - Datapath,49,1.0,62.5,20.0,5,0.0
15316,1.0,2.2,H25K - CBA - Datapath,49,1.0,62.5,20.0,4,75.0
15316,1.0,2.3,H25K - CBA - Transistor,52,1.0,62.5,20.0,1,50.0
15316,1.0,2.3,H25K - CBA - Transistor,52,1.0,62.5,20.0,2,25.0
15316,1.0,2.3,H25K - CBA - Transistor,52,1.0,62.5,20.0,5,0.0
15316,1.0,2.3,H25K - CBA - Transistor,52,1.0,62.5,20.0,4,25.0
15316,1.0,2.3,H25K - CBA - Transistor,52,1.0,62.5,20.0,3,0.0
15316,1.0,2.4,H25K - CBA - Port,39,1.0,62.5,20.0,1,100.0
15316,1.0,2.4,H25K - CBA - Port,39,1.0,62.5,20.0,3,0.0
15316,1.0,2.4,H25K - CBA - Port,39,1.0,62.5,20.0,5,0.0
15316,1.0,2.4,H25K - CBA - Port,39,1.0,62.5,20.0,4,0.0
15316,1.0,2.4,H25K - CBA - Port,39,1.0,62.5,20.0,2,0.0
15316,1.0,2.5,H25K - CBA - Hazard,33,1.0,62.5,20.0,1,100.0
15316,1.0,2.5,H25K - CBA - Hazard,33,1.0,62.5,20.0,4,0.0
15316,1.0,2.5,H25K - CBA - Hazard,33,1.0,62.5,20.0,5,0.0
15316,1.0,2.5,H25K - CBA - Hazard,33,1.0,62.5,20.0,3,0.0
15316,1.0,2.5,H25K - CBA - Hazard,33,1.0,62.5,20.0,2,0.0
15316,1.0,2.6,H25K - CBA - Register,39,1.0,62.5,20.0,1,100.0
15316,1.0,2.6,H25K - CBA - Register,39,1.0,62.5,20.0,2,0.0
15316,1.0,2.6,H25K - CBA - Register,39,1.0,62.5,20.0,3,0.0
15316,1.0,2.6,H25K - CBA - Register,39,1.0,62.5,20.0,5,0.0
15316,1.0,2.6,H25K - CBA - Register,39,1.0,62.5,20.0,4,0.0
15316,1.0,2.7,H25K - CBA - Decode,50,1.0,62.5,20.0,1,75.0
15316,1.0,2.7,H25K - CBA - Decode,50,1.0,62.5,20.0,3,25.0
15316,1.0,2.7,H25K - CBA - Decode,50,1.0,62.5,20.0,5,0.0
15316,1.0,2.7,H25K - CBA - Decode,50,1.0,62.5,20.0,2,0.0
15316,1.0,2.7,H25K - CBA - Decode,50,1.0,62.5,20.0,4,0.0
15316,1.0,2.8,H25K - CBA - Abstraksjonsnivå,68,1.0,62.5,20.0,3,75.0
15316,1.0,2.8,H25K - CBA - Abstraksjonsnivå,68,1.0,62.5,20.0,4,0.0
15316,1.0,2.8,H25K - CBA - Abstraksjonsnivå,68,1.0,62.5,20.0,1,25.0
15316,1.0,2.8,H25K - CBA - Abstraksjonsnivå,68,1.0,62.5,20.0,2,0.0
15316,1.0,2.8,H25K - CBA - Abstraksjonsnivå,68,1.0,62.5,20.0,5,0.0
15316,1.0,2.9,H25K - CBA - Opcode,21,1.0,62.5,20.0,1,75.0
15316,1.0,2.9,H25K - CBA - Opcode,21,1.0,62.5,20.0,3,25.0
15316,1.0,2.9,H25K - CBA - Opcode,21,1.0,62.5,20.0,5,0.0
15316,1.0,2.9,H25K - CBA - Opcode,21,1.0,62.5,20.0,2,0.0
15316,1.0,2.9,H25K - CBA - Opcode,21,1.0,62.5,20.0,4,0.0
15316,2.0,2.10,H25K - CBA - Funksjonsuttrykk,178,2.0,62.5,20.0,1,100.0
15316,2.0,2.10,H25K - CBA - Funksjonsuttrykk,178,2.0,62.5,20.0,5,0.0
15316,2.0,2.10,H25K - CBA - Funksjonsuttrykk,178,2.0,62.5,20.0,2,0.0
15316,2.0,2.10,H25K - CBA - Funksjonsuttrykk,178,2.0,62.5,20.0,3,0.0
15316,2.0,2.10,H25K - CBA - Funksjonsuttrykk,178,2.0,62.5,20.0,4,0.0
15316,1.0,2.11,H25K - CBA - RAM,87,1.0,62.5,20.0,1,100.0
15316,1.0,2.11,H25K - CBA - RAM,87,1.0,62.5,20.0,5,0.0
15316,1.0,2.11,H25K - CBA - RAM,87,1.0,62.5,20.0,4,0.0
15316,1.0,2.11,H25K - CBA - RAM,87,1.0,62.5,20.0,2,0.0
15316,1.0,2.11,H25K - CBA - RAM,87,1.0,62.5,20.0,3,0.0
15316,2.0,2.12,H25K - CBA - Multiplikasjon,36,2.0,62.5,20.0,3,50.0
15316,2.0,2.12,H25K - CBA - Multiplikasjon,36,2.0,62.5,20.0,4,50.0
15316,2.0,2.12,H25K - CBA - Multiplikasjon,36,2.0,62.5,20.0,1,0.0
15316,2.0,2.12,H25K - CBA - Multiplikasjon,36,2.0,62.5,20.0,2,0.0
15316,2.0,2.12,H25K - CBA - Multiplikasjon,36,2.0,62.5,20.0,5,0.0
15316,2.0,2.13,H25K - CBA - Maskinkode,33,2.0,62.5,20.0,1,50.0
15316,2.0,2.13,H25K - CBA - Maskinkode,33,2.0,62.5,20.0,2,50.0
15316,2.0,2.13,H25K - CBA - Maskinkode,33,2.0,62.5,20.0,4,0.0
15316,2.0,2.13,H25K - CBA - Maskinkode,33,2.0,62.5,20.0,3,0.0
15316,2.0,2.13,H25K - CBA - Maskinkode,33,2.0,62.5,20.0,5,0.0
15316,2.0,2.14,H25K - CBA - Full-adder,30,2.0,62.5,20.0,1,75.0
15316,2.0,2.14,H25K - CBA - Full-adder,30,2.0,62.5,20.0,5,0.0
15316,2.0,2.14,H25K - CBA - Full-adder,30,2.0,62.5,20.0,2,25.0
15316,2.0,2.14,H25K - CBA - Full-adder,30,2.0,62.5,20.0,4,0.0
15316,2.0,2.14,H25K - CBA - Full-adder,30,2.0,62.5,20.0,3,0.0
15316,2.0,2.15,H25K - CBA - Full-adder 2,101,2.0,62.5,20.0,1,50.0
15316,2.0,2.15,H25K - CBA - Full-adder 2,101,2.0,62.5,20.0,3,50.0
15316,2.0,2.15,H25K - CBA - Full-adder 2,101,2.0,62.5,20.0,2,0.0
15316,2.0,2.15,H25K - CBA - Full-adder 2,101,2.0,62.5,20.0,5,0.0
15316,2.0,2.15,H25K - CBA - Full-adder 2,101,2.0,62.5,20.0,4,0.0
15317,1.0,2.1,H25K - CBA - PC,214,1.0,29.16,13.0,4,50.0
15317,1.0,2.1,H25K - CBA - PC,214,1.0,29.16,13.0,3,50.0
15317,1.0,2.1,H25K - CBA - PC,214,1.0,29.16,13.0,1,0.0
15317,1.0,2.1,H25K - CBA - PC,214,1.0,29.16,13.0,2,0.0
15317,1.0,2.1,H25K - CBA - PC,214,1.0,29.16,13.0,5,0.0
15317,1.0,2.2,H25K - CBA - Datapath,461,1.0,29.16,13.0,1,75.0
15317,1.0,2.2,H25K - CBA - Datapath,461,1.0,29.16,13.0,4,25.0
15317,1.0,2.2,H25K - CBA - Datapath,461,1.0,29.16,13.0,3,0.0
15317,1.0,2.2,H25K - CBA - Datapath,461,1.0,29.16,13.0,5,0.0
15317,1.0,2.2,H25K - CBA - Datapath,461,1.0,29.16,13.0,2,0.0
15317,1.0,2.3,H25K - CBA - Transistor,562,1.0,29.16,13.0,4,100.0
15317,1.0,2.3,H25K - CBA - Transistor,562,1.0,29.16,13.0,5,0.0
15317,1.0,2.3,H25K - CBA - Transistor,562,1.0,29.16,13.0,2,0.0
15317,1.0,2.3,H25K - CBA - Transistor,562,1.0,29.16,13.0,3,0.0
15317,1.0,2.3,H25K - CBA - Transistor,562,1.0,29.16,13.0,1,0.0
15317,1.0,2.4,H25K - CBA - Port,343,1.0,29.16,13.0,1,100.0
15317,1.0,2.4,H25K - CBA - Port,343,1.0,29.16,13.0,2,0.0
15317,1.0,2.4,H25K - CBA - Port,343,1.0,29.16,13.0,4,0.0
15317,1.0,2.4,H25K - CBA - Port,343,1.0,29.16,13.0,5,0.0
15317,1.0,2.4,H25K - CBA - Port,343,1.0,29.16,13.0,3,0.0
15317,1.0,2.5,H25K - CBA - Hazard,457,1.0,29.16,13.0,1,75.0
15317,1.0,2.5,H25K - CBA - Hazard,457,1.0,29.16,13.0,2,25.0
15317,1.0,2.5,H25K - CBA - Hazard,457,1.0,29.16,13.0,3,0.0
15317,1.0,2.5,H25K - CBA - Hazard,457,1.0,29.16,13.0,5,0.0
15317,1.0,2.6,H25K - CBA - Register,172,1.0,29.16,13.0,1,100.0
15317,1.0,2.6,H25K - CBA - Register,172,1.0,29.16,13.0,5,0.0
15317,1.0,2.6,H25K - CBA - Register,172,1.0,29.16,13.0,4,0.0
15317,1.0,2.6,H25K - CBA - Register,172,1.0,29.16,13.0,3,0.0
15317,1.0,2.6,H25K - CBA - Register,172,1.0,29.16,13.0,2,0.0
15317,1.0,2.7,H25K - CBA - Decode,361,1.0,29.16,13.0,3,50.0
15317,1.0,2.7,H25K - CBA - Decode,361,1.0,29.16,13.0,1,25.0
15317,1.0,2.7,H25K - CBA - Decode,361,1.0,29.16,13.0,5,0.0
15317,1.0,2.7,H25K - CBA - Decode,361,1.0,29.16,13.0,4,0.0
15317,1.0,2.7,H25K - CBA - Decode,361,1.0,29.16,13.0,2,25.0
15317,1.0,2.8,H25K - CBA - Abstraksjonsnivå,440,1.0,29.16,13.0,1,50.0
15317,1.0,2.8,H25K - CBA - Abstraksjonsnivå,440,1.0,29.16,13.0,4,0.0
15317,1.0,2.8,H25K - CBA - Abstraksjonsnivå,440,1.0,29.16,13.0,2,50.0
15317,1.0,2.8,H25K - CBA - Abstraksjonsnivå,440,1.0,29.16,13.0,5,0.0
15317,1.0,2.8,H25K - CBA - Abstraksjonsnivå,440,1.0,29.16,13.0,3,0.0
15317,2.0,2.10,H25K - CBA - Funksjonsuttrykk,458,2.0,29.16,13.0,1,100.0
15317,2.0,2.10,H25K - CBA - Funksjonsuttrykk,458,2.0,29.16,13.0,2,0.0
15317,2.0,2.10,H25K - CBA - Funksjonsuttrykk,458,2.0,29.16,13.0,3,0.0
15317,2.0,2.10,H25K - CBA - Funksjonsuttrykk,458,2.0,29.16,13.0,5,0.0
15317,2.0,2.10,H25K - CBA - Funksjonsuttrykk,458,2.0,29.16,13.0,4,0.0
15317,1.0,2.11,H25K - CBA - RAM,162,1.0,29.16,13.0,1,75.0
15317,1.0,2.11,H25K - CBA - RAM,162,1.0,29.16,13.0,3,25.0
15317,1.0,2.11,H25K - CBA - RAM,162,1.0,29.16,13.0,2,0.0
15317,2.0,2.12,H25K - CBA - Multiplikasjon,276,0.0,29.16,13.0,3,100.0
15317,2.0,2.13,H25K - CBA - Maskinkode,460,0.0,29.16,13.0,2,100.0
15317,2.0,2.14,H25K - CBA - Full-adder,350,2.0,29.16,13.0,5,0.0
15317,2.0,2.14,H25K - CBA - Full-adder,350,2.0,29.16,13.0,3,25.0
15317,2.0,2.14,H25K - CBA - Full-adder,350,2.0,29.16,13.0,2,25.0
15317,2.0,2.14,H25K - CBA - Full-adder,350,2.0,29.16,13.0,1,50.0
15317,2.0,2.15,H25K - CBA - Full-adder 2,370,0.0,29.16,13.0,1,25.0
15317,2.0,2.15,H25K - CBA - Full-adder 2,370,0.0,29.16,13.0,3,50.0
15317,2.0,2.15,H25K - CBA - Full-adder 2,370,0.0,29.16,13.0,4,25.0
15315,1.0,2.1,H25K - CBA - PC,28,1.0,45.25,10.0,1,100.0
15315,1.0,2.2,H25K - CBA - Datapath,66,0.0,45.25,10.0,4,100.0
15315,1.0,2.3,H25K - CBA - Transistor,26,0.0,45.25,10.0,4,100.0
15315,1.0,2.4,H25K - CBA - Port,17,1.0,45.25,10.0,1,100.0
15315,1.0,2.5,H25K - CBA - Hazard,46,0.0,45.25,10.0,4,100.0
15315,1.0,2.6,H25K - CBA - Register,7,1.0,45.25,10.0,1,100.0
15315,1.0,2.7,H25K - CBA - Decode,33,1.0,45.25,10.0,1,100.0
15315,1.0,2.8,H25K - CBA - Abstraksjonsnivå,52,0.0,45.25,10.0,3,25.0
15315,1.0,2.8,H25K - CBA - Abstraksjonsnivå,52,0.0,45.25,10.0,2,75.0
15315,1.0,2.9,H25K - CBA - Opcode,42,1.0,45.25,10.0,1,100.0
15315,2.0,2.10,H25K - CBA - Funksjonsuttrykk,30,0.0,45.25,10.0,3,100.0
15315,1.0,2.11,H25K - CBA - RAM,24,1.0,45.25,10.0,1,100.0
15315,2.0,2.12,H25K - CBA - Multiplikasjon,36,0.0,45.25,10.0,1,25.0
15315,2.0,2.12,H25K - CBA - Multiplikasjon,36,0.0,45.25,10.0,3,75.0
15315,2.0,2.13,H25K - CBA - Maskinkode,22,2.0,45.25,10.0,1,100.0
15315,2.0,2.14,H25K - CBA - Full-adder,74,2.0,45.25,10.0,1,100.0
15315,2.0,2.15,H25K - CBA - Full-adder 2,91,0.0,45.25,10.0,1,75.0
15315,2.0,2.15,H25K - CBA - Full-adder 2,91,0.0,45.25,10.0,4,25.0
15296,1.0,2.1,H25K - CBA - PC,131,1.0,55.2,20.0,4,50.0
15296,1.0,2.1,H25K - CBA - PC,131,1.0,55.2,20.0,3,0.0
15296,1.0,2.1,H25K - CBA - PC,131,1.0,55.2,20.0,1,50.0
15296,1.0,2.1,H25K - CBA - PC,131,1.0,55.2,20.0,2,0.0
15296,1.0,2.1,H25K - CBA - PC,131,1.0,55.2,20.0,5,0.0
15296,1.0,2.2,H25K - CBA - Datapath,88,1.0,55.2,20.0,1,100.0
15296,1.0,2.2,H25K - CBA - Datapath,88,1.0,55.2,20.0,5,0.0
15296,1.0,2.2,H25K - CBA - Datapath,88,1.0,55.2,20.0,4,0.0
15296,1.0,2.2,H25K - CBA - Datapath,88,1.0,55.2,20.0,2,0.0
15296,1.0,2.2,H25K - CBA - Datapath,88,1.0,55.2,20.0,3,0.0
15296,1.0,2.3,H25K - CBA - Transistor,46,1.0,55.2,20.0,2,100.0
15296,1.0,2.3,H25K - CBA - Transistor,46,1.0,55.2,20.0,3,0.0
15296,1.0,2.3,H25K - CBA - Transistor,46,1.0,55.2,20.0,5,0.0
15296,1.0,2.3,H25K - CBA - Transistor,46,1.0,55.2,20.0,4,0.0
15296,1.0,2.3,H25K - CBA - Transistor,46,1.0,55.2,20.0,1,0.0
15296,1.0,2.4,H25K - CBA - Port,57,1.0,55.2,20.0,3,0.0
15296,1.0,2.4,H25K - CBA - Port,57,1.0,55.2,20.0,4,0.0
15296,1.0,2.4,H25K - CBA - Port,57,1.0,55.2,20.0,2,0.0
15296,1.0,2.4,H25K - CBA - Port,57,1.0,55.2,20.0,1,100.0
15296,1.0,2.4,H25K - CBA - Port,57,1.0,55.2,20.0,5,0.0
15296,1.0,2.5,H25K - CBA - Hazard,51,1.0,55.2,20.0,1,100.0
15296,1.0,2.5,H25K - CBA - Hazard,51,1.0,55.2,20.0,4,0.0
15296,1.0,2.5,H25K - CBA - Hazard,51,1.0,55.2,20.0,5,0.0
15296,1.0,2.5,H25K - CBA - Hazard,51,1.0,55.2,20.0,2,0.0
15296,1.0,2.5,H25K - CBA - Hazard,51,1.0,55.2,20.0,3,0.0
15296,1.0,2.6,H25K - CBA - Register,36,1.0,55.2,20.0,1,100.0
15296,1.0,2.6,H25K - CBA - Register,36,1.0,55.2,20.0,4,0.0
15296,1.0,2.6,H25K - CBA - Register,36,1.0,55.2,20.0,2,0.0
15296,1.0,2.6,H25K - CBA - Register,36,1.0,55.2,20.0,5,0.0
15296,1.0,2.6,H25K - CBA - Register,36,1.0,55.2,20.0,3,0.0
15296,1.0,2.7,H25K - CBA - Decode,39,1.0,55.2,20.0,3,100.0
15296,1.0,2.7,H25K - CBA - Decode,39,1.0,55.2,20.0,2,0.0
15296,1.0,2.7,H25K - CBA - Decode,39,1.0,55.2,20.0,1,0.0
15296,1.0,2.7,H25K - CBA - Decode,39,1.0,55.2,20.0,5,0.0
15296,1.0,2.7,H25K - CBA - Decode,39,1.0,55.2,20.0,4,0.0
15296,1.0,2.8,H25K - CBA - Abstraksjonsnivå,103,1.0,55.2,20.0,3,75.0
15296,1.0,2.8,H25K - CBA - Abstraksjonsnivå,103,1.0,55.2,20.0,2,0.0
15296,1.0,2.8,H25K - CBA - Abstraksjonsnivå,103,1.0,55.2,20.0,4,25.0
15296,1.0,2.8,H25K - CBA - Abstraksjonsnivå,103,1.0,55.2,20.0,1,0.0
15296,1.0,2.8,H25K - CBA - Abstraksjonsnivå,103,1.0,55.2,20.0,5,0.0
15296,1.0,2.9,H25K - CBA - Opcode,73,1.0,55.2,20.0,3,75.0
15296,1.0,2.9,H25K - CBA - Opcode,73,1.0,55.2,20.0,5,0.0
15296,1.0,2.9,H25K - CBA - Opcode,73,1.0,55.2,20.0,4,0.0
15296,1.0,2.9,H25K - CBA - Opcode,73,1.0,55.2,20.0,1,25.0
15296,1.0,2.9,H25K - CBA - Opcode,73,1.0,55.2,20.0,2,0.0
15296,2.0,2.10,H25K - CBA - Funksjonsuttrykk,49,2.0,55.2,20.0,2,100.0
15296,2.0,2.10,H25K - CBA - Funksjonsuttrykk,49,2.0,55.2,20.0,5,0.0
15296,2.0,2.10,H25K - CBA - Funksjonsuttrykk,49,2.0,55.2,20.0,1,0.0
15296,2.0,2.10,H25K - CBA - Funksjonsuttrykk,49,2.0,55.2,20.0,3,0.0
15296,2.0,2.10,H25K - CBA - Funksjonsuttrykk,49,2.0,55.2,20.0,4,0.0
15296,1.0,2.11,H25K - CBA - RAM,26,1.0,55.2,20.0,1,100.0
15296,1.0,2.11,H25K - CBA - RAM,26,1.0,55.2,20.0,5,0.0
15296,1.0,2.11,H25K - CBA - RAM,26,1.0,55.2,20.0,3,0.0
15296,1.0,2.11,H25K - CBA - RAM,26,1.0,55.2,20.0,2,0.0
15296,1.0,2.11,H25K - CBA - RAM,26,1.0,55.2,20.0,4,0.0
15296,2.0,2.12,H25K - CBA - Multiplikasjon,53,2.0,55.2,20.0,2,75.0
15296,2.0,2.12,H25K - CBA - Multiplikasjon,53,2.0,55.2,20.0,3,25.0
15296,2.0,2.12,H25K - CBA - Multiplikasjon,53,2.0,55.2,20.0,4,0.0
15296,2.0,2.12,H25K - CBA - Multiplikasjon,53,2.0,55.2,20.0,1,0.0
15296,2.0,2.12,H25K - CBA - Multiplikasjon,53,2.0,55.2,20.0,5,0.0
15296,2.0,2.13,H25K - CBA - Maskinkode,20,2.0,55.2,20.0,3,100.0
15296,2.0,2.13,H25K - CBA - Maskinkode,20,2.0,55.2,20.0,5,0.0
15296,2.0,2.13,H25K - CBA - Maskinkode,20,2.0,55.2,20.0,2,0.0
15296,2.0,2.13,H25K - CBA - Maskinkode,20,2.0,55.2,20.0,4,0.0
15296,2.0,2.13,H25K - CBA - Maskinkode,20,2.0,55.2,20.0,1,0.0
15296,2.0,2.14,H25K - CBA - Full-adder,44,2.0,55.2,20.0,1,75.0
15296,2.0,2.14,H25K - CBA - Full-adder,44,2.0,55.2,20.0,3,25.0
15296,2.0,2.14,H25K - CBA - Full-adder,44,2.0,55.2,20.0,5,0.0
15296,2.0,2.14,H25K - CBA - Full-adder,44,2.0,55.2,20.0,4,0.0
15296,2.0,2.14,H25K - CBA - Full-adder,44,2.0,55.2,20.0,2,0.0
15296,2.0,2.15,H25K - CBA - Full-adder 2,63,2.0,55.2,20.0,1,100.0
15296,2.0,2.15,H25K - CBA - Full-adder 2,63,2.0,55.2,20.0,4,0.0
15296,2.0,2.15,H25K - CBA - Full-adder 2,63,2.0,55.2,20.0,5,0.0
15296,2.0,2.15,H25K - CBA - Full-adder 2,63,2.0,55.2,20.0,3,0.0
15296,2.0,2.15,H25K - CBA - Full-adder 2,63,2.0,55.2,20.0,2,0.0
15351,1.0,2.1,H25K - CBA - PC,56,1.0,76.32,20.0,1,100.0
15351,1.0,2.1,H25K - CBA - PC,56,1.0,76.32,20.0,4,0.0
15351,1.0,2.1,H25K - CBA - PC,56,1.0,76.32,20.0,5,0.0
15351,1.0,2.1,H25K - CBA - PC,56,1.0,76.32,20.0,3,0.0
15351,1.0,2.1,H25K - CBA - PC,56,1.0,76.32,20.0,2,0.0
15351,1.0,2.2,H25K - CBA - Datapath,116,1.0,76.32,20.0,3,100.0
15351,1.0,2.2,H25K - CBA - Datapath,116,1.0,76.32,20.0,4,0.0
15351,1.0,2.2,H25K - CBA - Datapath,116,1.0,76.32,20.0,2,0.0
15351,1.0,2.2,H25K - CBA - Datapath,116,1.0,76.32,20.0,5,0.0
15351,1.0,2.2,H25K - CBA - Datapath,116,1.0,76.32,20.0,1,0.0
15351,1.0,2.3,H25K - CBA - Transistor,25,1.0,76.32,20.0,1,100.0
15351,1.0,2.3,H25K - CBA - Transistor,25,1.0,76.32,20.0,5,0.0
15351,1.0,2.3,H25K - CBA - Transistor,25,1.0,76.32,20.0,2,0.0
15351,1.0,2.3,H25K - CBA - Transistor,25,1.0,76.32,20.0,3,0.0
15351,1.0,2.3,H25K - CBA - Transistor,25,1.0,76.32,20.0,4,0.0
15351,1.0,2.4,H25K - CBA - Port,31,1.0,76.32,20.0,1,100.0
15351,1.0,2.4,H25K - CBA - Port,31,1.0,76.32,20.0,2,0.0
15351,1.0,2.4,H25K - CBA - Port,31,1.0,76.32,20.0,5,0.0
15351,1.0,2.4,H25K - CBA - Port,31,1.0,76.32,20.0,3,0.0
15351,1.0,2.4,H25K - CBA - Port,31,1.0,76.32,20.0,4,0.0
15351,1.0,2.5,H25K - CBA - Hazard,42,1.0,76.32,20.0,3,100.0
15351,1.0,2.5,H25K - CBA - Hazard,42,1.0,76.32,20.0,2,0.0
15351,1.0,2.5,H25K - CBA - Hazard,42,1.0,76.32,20.0,4,0.0
15351,1.0,2.5,H25K - CBA - Hazard,42,1.0,76.32,20.0,1,0.0
15351,1.0,2.5,H25K - CBA - Hazard,42,1.0,76.32,20.0,5,0.0
15351,1.0,2.6,H25K - CBA - Register,23,1.0,76.32,20.0,1,100.0
15351,1.0,2.6,H25K - CBA - Register,23,1.0,76.32,20.0,3,0.0
15351,1.0,2.6,H25K - CBA - Register,23,1.0,76.32,20.0,4,0.0
15351,1.0,2.6,H25K - CBA - Register,23,1.0,76.32,20.0,5,0.0
15351,1.0,2.6,H25K - CBA - Register,23,1.0,76.32,20.0,2,0.0
15351,1.0,2.7,H25K - CBA - Decode,80,1.0,76.32,20.0,4,0.0
15351,1.0,2.7,H25K - CBA - Decode,80,1.0,76.32,20.0,5,0.0
15351,1.0,2.7,H25K - CBA - Decode,80,1.0,76.32,20.0,1,50.0
15351,1.0,2.7,H25K - CBA - Decode,80,1.0,76.32,20.0,3,50.0
15351,1.0,2.7,H25K - CBA - Decode,80,1.0,76.32,20.0,2,0.0
15351,1.0,2.8,H25K - CBA - Abstraksjonsnivå,104,1.0,76.32,20.0,4,0.0
15351,1.0,2.8,H25K - CBA - Abstraksjonsnivå,104,1.0,76.32,20.0,5,0.0
15351,1.0,2.8,H25K - CBA - Abstraksjonsnivå,104,1.0,76.32,20.0,3,0.0
15351,1.0,2.8,H25K - CBA - Abstraksjonsnivå,104,1.0,76.32,20.0,2,0.0
15351,1.0,2.8,H25K - CBA - Abstraksjonsnivå,104,1.0,76.32,20.0,1,100.0
15351,1.0,2.9,H25K - CBA - Opcode,51,1.0,76.32,20.0,1,100.0
15351,1.0,2.9,H25K - CBA - Opcode,51,1.0,76.32,20.0,5,0.0
15351,1.0,2.9,H25K - CBA - Opcode,51,1.0,76.32,20.0,4,0.0
15351,1.0,2.9,H25K - CBA - Opcode,51,1.0,76.32,20.0,3,0.0
15351,1.0,2.9,H25K - CBA - Opcode,51,1.0,76.32,20.0,2,0.0
15351,2.0,2.10,H25K - CBA - Funksjonsuttrykk,52,2.0,76.32,20.0,1,100.0
15351,2.0,2.10,H25K - CBA - Funksjonsuttrykk,52,2.0,76.32,20.0,2,0.0
15351,2.0,2.10,H25K - CBA - Funksjonsuttrykk,52,2.0,76.32,20.0,3,0.0
15351,2.0,2.10,H25K - CBA - Funksjonsuttrykk,52,2.0,76.32,20.0,5,0.0
15351,2.0,2.10,H25K - CBA - Funksjonsuttrykk,52,2.0,76.32,20.0,4,0.0
15351,1.0,2.11,H25K - CBA - RAM,11,1.0,76.32,20.0,1,100.0
15351,1.0,2.11,H25K - CBA - RAM,11,1.0,76.32,20.0,2,0.0
15351,1.0,2.11,H25K - CBA - RAM,11,1.0,76.32,20.0,4,0.0
15351,1.0,2.11,H25K - CBA - RAM,11,1.0,76.32,20.0,5,0.0
15351,1.0,2.11,H25K - CBA - RAM,11,1.0,76.32,20.0,3,0.0
15351,2.0,2.12,H25K - CBA - Multiplikasjon,109,2.0,76.32,20.0,3,0.0
15351,2.0,2.12,H25K - CBA - Multiplikasjon,109,2.0,76.32,20.0,5,0.0
15351,2.0,2.12,H25K - CBA - Multiplikasjon,109,2.0,76.32,20.0,2,50.0
15351,2.0,2.12,H25K - CBA - Multiplikasjon,109,2.0,76.32,20.0,1,50.0
15351,2.0,2.12,H25K - CBA - Multiplikasjon,109,2.0,76.32,20.0,4,0.0
15351,2.0,2.13,H25K - CBA - Maskinkode,15,2.0,76.32,20.0,5,0.0
15351,2.0,2.13,H25K - CBA - Maskinkode,15,2.0,76.32,20.0,2,0.0
15351,2.0,2.13,H25K - CBA - Maskinkode,15,2.0,76.32,20.0,3,0.0
15351,2.0,2.13,H25K - CBA - Maskinkode,15,2.0,76.32,20.0,4,0.0
15351,2.0,2.13,H25K - CBA - Maskinkode,15,2.0,76.32,20.0,1,100.0
15351,2.0,2.14,H25K - CBA - Full-adder,19,2.0,76.32,20.0,1,100.0
15351,2.0,2.14,H25K - CBA - Full-adder,19,2.0,76.32,20.0,3,0.0
15351,2.0,2.14,H25K - CBA - Full-adder,19,2.0,76.32,20.0,2,0.0
15351,2.0,2.14,H25K - CBA - Full-adder,19,2.0,76.32,20.0,5,0.0
15351,2.0,2.14,H25K - CBA - Full-adder,19,2.0,76.32,20.0,4,0.0
15351,2.0,2.15,H25K - CBA - Full-adder 2,127,2.0,76.32,20.0,3,0.0
15351,2.0,2.15,H25K - CBA - Full-adder 2,127,2.0,76.32,20.0,5,0.0
15351,2.0,2.15,H25K - CBA - Full-adder 2,127,2.0,76.32,20.0,1,100.0
15351,2.0,2.15,H25K - CBA - Full-adder 2,127,2.0,76.32,20.0,2,0.0
15351,2.0,2.15,H25K - CBA - Full-adder 2,127,2.0,76.32,20.0,4,0.0
15284,1.0,2.1,H25K - CBA - PC,38,1.0,63.25,20.0,1,100.0
15284,1.0,2.1,H25K - CBA - PC,38,1.0,63.25,20.0,2,0.0
15284,1.0,2.1,H25K - CBA - PC,38,1.0,63.25,20.0,4,0.0
15284,1.0,2.1,H25K - CBA - PC,38,1.0,63.25,20.0,3,0.0
15284,1.0,2.1,H25K - CBA - PC,38,1.0,63.25,20.0,5,0.0
15284,1.0,2.2,H25K - CBA - Datapath,56,1.0,63.25,20.0,3,50.0
15284,1.0,2.2,H25K - CBA - Datapath,56,1.0,63.25,20.0,1,50.0
15284,1.0,2.2,H25K - CBA - Datapath,56,1.0,63.25,20.0,5,0.0
15284,1.0,2.2,H25K - CBA - Datapath,56,1.0,63.25,20.0,4,0.0
15284,1.0,2.2,H25K - CBA - Datapath,56,1.0,63.25,20.0,2,0.0
15284,1.0,2.3,H25K - CBA - Transistor,36,1.0,63.25,20.0,1,50.0
15284,1.0,2.3,H25K - CBA - Transistor,36,1.0,63.25,20.0,5,50.0
15284,1.0,2.3,H25K - CBA - Transistor,36,1.0,63.25,20.0,2,0.0
15284,1.0,2.3,H25K - CBA - Transistor,36,1.0,63.25,20.0,3,0.0
15284,1.0,2.3,H25K - CBA - Transistor,36,1.0,63.25,20.0,4,0.0
15284,1.0,2.4,H25K - CBA - Port,14,1.0,63.25,20.0,1,100.0
15284,1.0,2.5,H25K - CBA - Hazard,32,1.0,63.25,20.0,5,50.0
15284,1.0,2.5,H25K - CBA - Hazard,32,1.0,63.25,20.0,3,50.0
15284,1.0,2.5,H25K - CBA - Hazard,32,1.0,63.25,20.0,2,0.0
15284,1.0,2.5,H25K - CBA - Hazard,32,1.0,63.25,20.0,4,0.0
15284,1.0,2.5,H25K - CBA - Hazard,32,1.0,63.25,20.0,1,0.0
15284,1.0,2.6,H25K - CBA - Register,44,1.0,63.25,20.0,1,100.0
15284,1.0,2.6,H25K - CBA - Register,44,1.0,63.25,20.0,5,0.0
15284,1.0,2.6,H25K - CBA - Register,44,1.0,63.25,20.0,4,0.0
15284,1.0,2.6,H25K - CBA - Register,44,1.0,63.25,20.0,2,0.0
15284,1.0,2.6,H25K - CBA - Register,44,1.0,63.25,20.0,3,0.0
15284,1.0,2.7,H25K - CBA - Decode,55,1.0,63.25,20.0,1,100.0
15284,1.0,2.7,H25K - CBA - Decode,55,1.0,63.25,20.0,4,0.0
15284,1.0,2.7,H25K - CBA - Decode,55,1.0,63.25,20.0,2,0.0
15284,1.0,2.7,H25K - CBA - Decode,55,1.0,63.25,20.0,3,0.0
15284,1.0,2.7,H25K - CBA - Decode,55,1.0,63.25,20.0,5,0.0
15284,1.0,2.8,H25K - CBA - Abstraksjonsnivå,86,1.0,63.25,20.0,1,75.0
15284,1.0,2.8,H25K - CBA - Abstraksjonsnivå,86,1.0,63.25,20.0,2,25.0
15284,1.0,2.8,H25K - CBA - Abstraksjonsnivå,86,1.0,63.25,20.0,4,0.0
15284,1.0,2.8,H25K - CBA - Abstraksjonsnivå,86,1.0,63.25,20.0,5,0.0
15284,1.0,2.8,H25K - CBA - Abstraksjonsnivå,86,1.0,63.25,20.0,3,0.0
15284,1.0,2.9,H25K - CBA - Opcode,58,1.0,63.25,20.0,1,50.0
15284,1.0,2.9,H25K - CBA - Opcode,58,1.0,63.25,20.0,2,50.0
15284,1.0,2.9,H25K - CBA - Opcode,58,1.0,63.25,20.0,3,0.0
15284,1.0,2.9,H25K - CBA - Opcode,58,1.0,63.25,20.0,4,0.0
15284,1.0,2.9,H25K - CBA - Opcode,58,1.0,63.25,20.0,5,0.0
15284,2.0,2.10,H25K - CBA - Funksjonsuttrykk,63,2.0,63.25,20.0,1,100.0
15284,2.0,2.10,H25K - CBA - Funksjonsuttrykk,63,2.0,63.25,20.0,3,0.0
15284,2.0,2.10,H25K - CBA - Funksjonsuttrykk,63,2.0,63.25,20.0,5,0.0
15284,2.0,2.10,H25K - CBA - Funksjonsuttrykk,63,2.0,63.25,20.0,4,0.0
15284,2.0,2.10,H25K - CBA - Funksjonsuttrykk,63,2.0,63.25,20.0,2,0.0
15284,1.0,2.11,H25K - CBA - RAM,56,1.0,63.25,20.0,1,25.0
15284,1.0,2.11,H25K - CBA - RAM,56,1.0,63.25,20.0,4,0.0
15284,1.0,2.11,H25K - CBA - RAM,56,1.0,63.25,20.0,3,75.0
15284,1.0,2.11,H25K - CBA - RAM,56,1.0,63.25,20.0,5,0.0
15284,1.0,2.11,H25K - CBA - RAM,56,1.0,63.25,20.0,2,0.0
15284,2.0,2.12,H25K - CBA - Multiplikasjon,51,2.0,63.25,20.0,1,75.0
15284,2.0,2.12,H25K - CBA - Multiplikasjon,51,2.0,63.25,20.0,4,0.0
15284,2.0,2.12,H25K - CBA - Multiplikasjon,51,2.0,63.25,20.0,5,0.0
15284,2.0,2.12,H25K - CBA - Multiplikasjon,51,2.0,63.25,20.0,2,25.0
15284,2.0,2.12,H25K - CBA - Multiplikasjon,51,2.0,63.25,20.0,3,0.0
15284,2.0,2.13,H25K - CBA - Maskinkode,82,2.0,63.25,20.0,2,75.0
15284,2.0,2.13,H25K - CBA - Maskinkode,82,2.0,63.25,20.0,1,25.0
15284,2.0,2.13,H25K - CBA - Maskinkode,82,2.0,63.25,20.0,5,0.0
15284,2.0,2.13,H25K - CBA - Maskinkode,82,2.0,63.25,20.0,4,0.0
15284,2.0,2.13,H25K - CBA - Maskinkode,82,2.0,63.25,20.0,3,0.0
15284,2.0,2.14,H25K - CBA - Full-adder,56,2.0,63.25,20.0,4,50.0
15284,2.0,2.14,H25K - CBA - Full-adder,56,2.0,63.25,20.0,5,25.0
15284,2.0,2.14,H25K - CBA - Full-adder,56,2.0,63.25,20.0,3,25.0
15284,2.0,2.14,H25K - CBA - Full-adder,56,2.0,63.25,20.0,1,0.0
15284,2.0,2.14,H25K - CBA - Full-adder,56,2.0,63.25,20.0,2,0.0
15284,2.0,2.15,H25K - CBA - Full-adder 2,47,2.0,63.25,20.0,3,50.0
15284,2.0,2.15,H25K - CBA - Full-adder 2,47,2.0,63.25,20.0,1,50.0
15284,2.0,2.15,H25K - CBA - Full-adder 2,47,2.0,63.25,20.0,5,0.0
15284,2.0,2.15,H25K - CBA - Full-adder 2,47,2.0,63.25,20.0,4,0.0
15284,2.0,2.15,H25K - CBA - Full-adder 2,47,2.0,63.25,20.0,2,0.0
15299,1.0,2.1,H25K - CBA - PC,134,1.0,49.0,20.0,1,25.0
15299,1.0,2.1,H25K - CBA - PC,134,1.0,49.0,20.0,5,0.0
15299,1.0,2.1,H25K - CBA - PC,134,1.0,49.0,20.0,3,75.0
15299,1.0,2.1,H25K - CBA - PC,134,1.0,49.0,20.0,2,0.0
15299,1.0,2.1,H25K - CBA - PC,134,1.0,49.0,20.0,4,0.0
15299,1.0,2.2,H25K - CBA - Datapath,62,1.0,49.0,20.0,3,0.0
15299,1.0,2.2,H25K - CBA - Datapath,62,1.0,49.0,20.0,4,0.0
15299,1.0,2.2,H25K - CBA - Datapath,62,1.0,49.0,20.0,5,0.0
15299,1.0,2.2,H25K - CBA - Datapath,62,1.0,49.0,20.0,2,100.0
15299,1.0,2.2,H25K - CBA - Datapath,62,1.0,49.0,20.0,1,0.0
15299,1.0,2.3,H25K - CBA - Transistor,112,1.0,49.0,20.0,4,100.0
15299,1.0,2.3,H25K - CBA - Transistor,112,1.0,49.0,20.0,2,0.0
15299,1.0,2.3,H25K - CBA - Transistor,112,1.0,49.0,20.0,1,0.0
15299,1.0,2.3,H25K - CBA - Transistor,112,1.0,49.0,20.0,5,0.0
15299,1.0,2.3,H25K - CBA - Transistor,112,1.0,49.0,20.0,3,0.0
15299,1.0,2.4,H25K - CBA - Port,57,1.0,49.0,20.0,1,100.0
15299,1.0,2.4,H25K - CBA - Port,57,1.0,49.0,20.0,4,0.0
15299,1.0,2.4,H25K - CBA - Port,57,1.0,49.0,20.0,5,0.0
15299,1.0,2.4,H25K - CBA - Port,57,1.0,49.0,20.0,3,0.0
15299,1.0,2.4,H25K - CBA - Port,57,1.0,49.0,20.0,2,0.0
15299,1.0,2.5,H25K - CBA - Hazard,91,1.0,49.0,20.0,1,0.0
15299,1.0,2.5,H25K - CBA - Hazard,91,1.0,49.0,20.0,5,75.0
15299,1.0,2.5,H25K - CBA - Hazard,91,1.0,49.0,20.0,4,0.0
15299,1.0,2.5,H25K - CBA - Hazard,91,1.0,49.0,20.0,2,25.0
15299,1.0,2.5,H25K - CBA - Hazard,91,1.0,49.0,20.0,3,0.0
15299,1.0,2.6,H25K - CBA - Register,98,1.0,49.0,20.0,1,100.0
15299,1.0,2.6,H25K - CBA - Register,98,1.0,49.0,20.0,3,0.0
15299,1.0,2.6,H25K - CBA - Register,98,1.0,49.0,20.0,2,0.0
15299,1.0,2.6,H25K - CBA - Register,98,1.0,49.0,20.0,5,0.0
15299,1.0,2.6,H25K - CBA - Register,98,1.0,49.0,20.0,4,0.0
15299,1.0,2.7,H25K - CBA - Decode,63,1.0,49.0,20.0,2,75.0
15299,1.0,2.7,H25K - CBA - Decode,63,1.0,49.0,20.0,4,0.0
15299,1.0,2.7,H25K - CBA - Decode,63,1.0,49.0,20.0,1,25.0
15299,1.0,2.7,H25K - CBA - Decode,63,1.0,49.0,20.0,5,0.0
15299,1.0,2.7,H25K - CBA - Decode,63,1.0,49.0,20.0,3,0.0
15299,1.0,2.8,H25K - CBA - Abstraksjonsnivå,55,1.0,49.0,20.0,3,25.0
15299,1.0,2.8,H25K - CBA - Abstraksjonsnivå,55,1.0,49.0,20.0,1,75.0
15299,1.0,2.8,H25K - CBA - Abstraksjonsnivå,55,1.0,49.0,20.0,4,0.0
15299,1.0,2.8,H25K - CBA - Abstraksjonsnivå,55,1.0,49.0,20.0,2,0.0
15299,1.0,2.8,H25K - CBA - Abstraksjonsnivå,55,1.0,49.0,20.0,5,0.0
15299,1.0,2.9,H25K - CBA - Opcode,55,1.0,49.0,20.0,1,100.0
15299,1.0,2.9,H25K - CBA - Opcode,55,1.0,49.0,20.0,4,0.0
15299,1.0,2.9,H25K - CBA - Opcode,55,1.0,49.0,20.0,5,0.0
15299,1.0,2.9,H25K - CBA - Opcode,55,1.0,49.0,20.0,3,0.0
15299,1.0,2.9,H25K - CBA - Opcode,55,1.0,49.0,20.0,2,0.0
15299,2.0,2.10,H25K - CBA - Funksjonsuttrykk,124,2.0,49.0,20.0,1,100.0
15299,2.0,2.10,H25K - CBA - Funksjonsuttrykk,124,2.0,49.0,20.0,3,0.0
15299,2.0,2.10,H25K - CBA - Funksjonsuttrykk,124,2.0,49.0,20.0,5,0.0
15299,2.0,2.10,H25K - CBA - Funksjonsuttrykk,124,2.0,49.0,20.0,2,0.0
15299,2.0,2.10,H25K - CBA - Funksjonsuttrykk,124,2.0,49.0,20.0,4,0.0
15299,1.0,2.11,H25K - CBA - RAM,49,1.0,49.0,20.0,1,100.0
15299,1.0,2.11,H25K - CBA - RAM,49,1.0,49.0,20.0,3,0.0
15299,1.0,2.11,H25K - CBA - RAM,49,1.0,49.0,20.0,5,0.0
15299,1.0,2.11,H25K - CBA - RAM,49,1.0,49.0,20.0,2,0.0
15299,1.0,2.11,H25K - CBA - RAM,49,1.0,49.0,20.0,4,0.0
15299,2.0,2.12,H25K - CBA - Multiplikasjon,102,2.0,49.0,20.0,1,75.0
15299,2.0,2.12,H25K - CBA - Multiplikasjon,102,2.0,49.0,20.0,3,25.0
15299,2.0,2.12,H25K - CBA - Multiplikasjon,102,2.0,49.0,20.0,2,0.0
15299,2.0,2.12,H25K - CBA - Multiplikasjon,102,2.0,49.0,20.0,4,0.0
15299,2.0,2.12,H25K - CBA - Multiplikasjon,102,2.0,49.0,20.0,5,0.0
15299,2.0,2.13,H25K - CBA - Maskinkode,78,2.0,49.0,20.0,3,75.0
15299,2.0,2.13,H25K - CBA - Maskinkode,78,2.0,49.0,20.0,2,25.0
15299,2.0,2.13,H25K - CBA - Maskinkode,78,2.0,49.0,20.0,5,0.0
15299,2.0,2.13,H25K - CBA - Maskinkode,78,2.0,49.0,20.0,4,0.0
15299,2.0,2.13,H25K - CBA - Maskinkode,78,2.0,49.0,20.0,1,0.0
15299,2.0,2.14,H25K - CBA - Full-adder,53,2.0,49.0,20.0,2,0.0
15299,2.0,2.14,H25K - CBA - Full-adder,53,2.0,49.0,20.0,5,25.0
15299,2.0,2.14,H25K - CBA - Full-adder,53,2.0,49.0,20.0,3,0.0
15299,2.0,2.14,H25K - CBA - Full-adder,53,2.0,49.0,20.0,4,0.0
15299,2.0,2.14,H25K - CBA - Full-adder,53,2.0,49.0,20.0,1,75.0
15299,2.0,2.15,H25K - CBA - Full-adder 2,71,2.0,49.0,20.0,1,75.0
15299,2.0,2.15,H25K - CBA - Full-adder 2,71,2.0,49.0,20.0,2,0.0
15299,2.0,2.15,H25K - CBA - Full-adder 2,71,2.0,49.0,20.0,5,0.0
15299,2.0,2.15,H25K - CBA - Full-adder 2,71,2.0,49.0,20.0,4,0.0
15299,2.0,2.15,H25K - CBA - Full-adder 2,71,2.0,49.0,20.0,3,25.0
15352,1.0,2.1,H25K - CBA - PC,47,1.0,61.24,20.0,1,100.0
15352,1.0,2.1,H25K - CBA - PC,47,1.0,61.24,20.0,3,0.0
15352,1.0,2.1,H25K - CBA - PC,47,1.0,61.24,20.0,5,0.0
15352,1.0,2.1,H25K - CBA - PC,47,1.0,61.24,20.0,2,0.0
15352,1.0,2.1,H25K - CBA - PC,47,1.0,61.24,20.0,4,0.0
15352,1.0,2.2,H25K - CBA - Datapath,71,1.0,61.24,20.0,3,100.0
15352,1.0,2.2,H25K - CBA - Datapath,71,1.0,61.24,20.0,4,0.0
15352,1.0,2.2,H25K - CBA - Datapath,71,1.0,61.24,20.0,2,0.0
15352,1.0,2.2,H25K - CBA - Datapath,71,1.0,61.24,20.0,1,0.0
15352,1.0,2.2,H25K - CBA - Datapath,71,1.0,61.24,20.0,5,0.0
15352,1.0,2.3,H25K - CBA - Transistor,92,1.0,61.24,20.0,1,0.0
15352,1.0,2.3,H25K - CBA - Transistor,92,1.0,61.24,20.0,5,0.0
15352,1.0,2.3,H25K - CBA - Transistor,92,1.0,61.24,20.0,4,100.0
15352,1.0,2.3,H25K - CBA - Transistor,92,1.0,61.24,20.0,2,0.0
15352,1.0,2.3,H25K - CBA - Transistor,92,1.0,61.24,20.0,3,0.0
15352,1.0,2.4,H25K - CBA - Port,97,1.0,61.24,20.0,3,0.0
15352,1.0,2.4,H25K - CBA - Port,97,1.0,61.24,20.0,2,0.0
15352,1.0,2.4,H25K - CBA - Port,97,1.0,61.24,20.0,5,0.0
15352,1.0,2.4,H25K - CBA - Port,97,1.0,61.24,20.0,1,100.0
15352,1.0,2.4,H25K - CBA - Port,97,1.0,61.24,20.0,4,0.0
15352,1.0,2.5,H25K - CBA - Hazard,101,1.0,61.24,20.0,1,100.0
15352,1.0,2.5,H25K - CBA - Hazard,101,1.0,61.24,20.0,4,0.0
15352,1.0,2.5,H25K - CBA - Hazard,101,1.0,61.24,20.0,5,0.0
15352,1.0,2.5,H25K - CBA - Hazard,101,1.0,61.24,20.0,2,0.0
15352,1.0,2.5,H25K - CBA - Hazard,101,1.0,61.24,20.0,3,0.0
15352,1.0,2.6,H25K - CBA - Register,53,1.0,61.24,20.0,1,100.0
15352,1.0,2.6,H25K - CBA - Register,53,1.0,61.24,20.0,4,0.0
15352,1.0,2.6,H25K - CBA - Register,53,1.0,61.24,20.0,2,0.0
15352,1.0,2.6,H25K - CBA - Register,53,1.0,61.24,20.0,5,0.0
15352,1.0,2.6,H25K - CBA - Register,53,1.0,61.24,20.0,3,0.0
15352,1.0,2.7,H25K - CBA - Decode,60,1.0,61.24,20.0,1,0.0
15352,1.0,2.7,H25K - CBA - Decode,60,1.0,61.24,20.0,4,0.0
15352,1.0,2.7,H25K - CBA - Decode,60,1.0,61.24,20.0,3,0.0
15352,1.0,2.7,H25K - CBA - Decode,60,1.0,61.24,20.0,5,0.0
15352,1.0,2.7,H25K - CBA - Decode,60,1.0,61.24,20.0,2,100.0
15352,1.0,2.8,H25K - CBA - Abstraksjonsnivå,58,1.0,61.24,20.0,3,100.0
15352,1.0,2.8,H25K - CBA - Abstraksjonsnivå,58,1.0,61.24,20.0,4,0.0
15352,1.0,2.8,H25K - CBA - Abstraksjonsnivå,58,1.0,61.24,20.0,1,0.0
15352,1.0,2.8,H25K - CBA - Abstraksjonsnivå,58,1.0,61.24,20.0,2,0.0
15352,1.0,2.9,H25K - CBA - Opcode,112,1.0,61.24,20.0,1,0.0
15352,1.0,2.9,H25K - CBA - Opcode,112,1.0,61.24,20.0,5,0.0
15352,1.0,2.9,H25K - CBA - Opcode,112,1.0,61.24,20.0,4,0.0
15352,1.0,2.9,H25K - CBA - Opcode,112,1.0,61.24,20.0,3,100.0
15352,1.0,2.9,H25K - CBA - Opcode,112,1.0,61.24,20.0,2,0.0
15352,2.0,2.10,H25K - CBA - Funksjonsuttrykk,46,2.0,61.24,20.0,1,100.0
15352,2.0,2.10,H25K - CBA - Funksjonsuttrykk,46,2.0,61.24,20.0,5,0.0
15352,2.0,2.10,H25K - CBA - Funksjonsuttrykk,46,2.0,61.24,20.0,2,0.0
15352,2.0,2.10,H25K - CBA - Funksjonsuttrykk,46,2.0,61.24,20.0,3,0.0
15352,2.0,2.10,H25K - CBA - Funksjonsuttrykk,46,2.0,61.24,20.0,4,0.0
15352,1.0,2.11,H25K - CBA - RAM,126,1.0,61.24,20.0,4,0.0
15352,1.0,2.11,H25K - CBA - RAM,126,1.0,61.24,20.0,5,0.0
15352,1.0,2.11,H25K - CBA - RAM,126,1.0,61.24,20.0,2,0.0
15352,1.0,2.11,H25K - CBA - RAM,126,1.0,61.24,20.0,3,0.0
15352,1.0,2.11,H25K - CBA - RAM,126,1.0,61.24,20.0,1,100.0
15352,2.0,2.12,H25K - CBA - Multiplikasjon,111,2.0,61.24,20.0,5,0.0
15352,2.0,2.12,H25K - CBA - Multiplikasjon,111,2.0,61.24,20.0,4,100.0
15352,2.0,2.12,H25K - CBA - Multiplikasjon,111,2.0,61.24,20.0,3,0.0
15352,2.0,2.12,H25K - CBA - Multiplikasjon,111,2.0,61.24,20.0,1,0.0
15352,2.0,2.12,H25K - CBA - Multiplikasjon,111,2.0,61.24,20.0,2,0.0
15352,2.0,2.13,H25K - CBA - Maskinkode,34,2.0,61.24,20.0,1,100.0
15352,2.0,2.13,H25K - CBA - Maskinkode,34,2.0,61.24,20.0,2,0.0
15352,2.0,2.13,H25K - CBA - Maskinkode,34,2.0,61.24,20.0,5,0.0
15352,2.0,2.13,H25K - CBA - Maskinkode,34,2.0,61.24,20.0,3,0.0
15352,2.0,2.13,H25K - CBA - Maskinkode,34,2.0,61.24,20.0,4,0.0
15352,2.0,2.14,H25K - CBA - Full-adder,57,2.0,61.24,20.0,1,100.0
15352,2.0,2.14,H25K - CBA - Full-adder,57,2.0,61.24,20.0,5,0.0
15352,2.0,2.14,H25K - CBA - Full-adder,57,2.0,61.24,20.0,2,0.0
15352,2.0,2.14,H25K - CBA - Full-adder,57,2.0,61.24,20.0,3,0.0
15352,2.0,2.14,H25K - CBA - Full-adder,57,2.0,61.24,20.0,4,0.0
15352,2.0,2.15,H25K - CBA - Full-adder 2,77,2.0,61.24,20.0,2,100.0
15352,2.0,2.15,H25K - CBA - Full-adder 2,77,2.0,61.24,20.0,4,0.0
15352,2.0,2.15,H25K - CBA - Full-adder 2,77,2.0,61.24,20.0,1,0.0
15352,2.0,2.15,H25K - CBA - Full-adder 2,77,2.0,61.24,20.0,5,0.0
15352,2.0,2.15,H25K - CBA - Full-adder 2,77,2.0,61.24,20.0,3,0.0
15325,1.0,2.1,H25K - CBA - PC,269,1.0,39.99,19.0,2,25.0
15325,1.0,2.1,H25K - CBA - PC,269,1.0,39.99,19.0,5,0.0
15325,1.0,2.1,H25K - CBA - PC,269,1.0,39.99,19.0,3,25.0
15325,1.0,2.1,H25K - CBA - PC,269,1.0,39.99,19.0,4,25.0
15325,1.0,2.1,H25K - CBA - PC,269,1.0,39.99,19.0,1,25.0
15325,1.0,2.2,H25K - CBA - Datapath,56,0.0,39.99,19.0,1,0.0
15325,1.0,2.2,H25K - CBA - Datapath,56,0.0,39.99,19.0,2,25.0
15325,1.0,2.2,H25K - CBA - Datapath,56,0.0,39.99,19.0,5,25.0
15325,1.0,2.2,H25K - CBA - Datapath,56,0.0,39.99,19.0,4,25.0
15325,1.0,2.2,H25K - CBA - Datapath,56,0.0,39.99,19.0,3,25.0
15325,1.0,2.3,H25K - CBA - Transistor,48,1.0,39.99,19.0,4,0.0
15325,1.0,2.3,H25K - CBA - Transistor,48,1.0,39.99,19.0,5,0.0
15325,1.0,2.3,H25K - CBA - Transistor,48,1.0,39.99,19.0,3,0.0
15325,1.0,2.3,H25K - CBA - Transistor,48,1.0,39.99,19.0,1,100.0
15325,1.0,2.3,H25K - CBA - Transistor,48,1.0,39.99,19.0,2,0.0
15325,1.0,2.4,H25K - CBA - Port,118,1.0,39.99,19.0,1,100.0
15325,1.0,2.4,H25K - CBA - Port,118,1.0,39.99,19.0,3,0.0
15325,1.0,2.4,H25K - CBA - Port,118,1.0,39.99,19.0,2,0.0
15325,1.0,2.4,H25K - CBA - Port,118,1.0,39.99,19.0,5,0.0
15325,1.0,2.4,H25K - CBA - Port,118,1.0,39.99,19.0,4,0.0
15325,1.0,2.5,H25K - CBA - Hazard,65,1.0,39.99,19.0,3,0.0
15325,1.0,2.5,H25K - CBA - Hazard,65,1.0,39.99,19.0,4,0.0
15325,1.0,2.5,H25K - CBA - Hazard,65,1.0,39.99,19.0,5,25.0
15325,1.0,2.5,H25K - CBA - Hazard,65,1.0,39.99,19.0,2,75.0
15325,1.0,2.5,H25K - CBA - Hazard,65,1.0,39.99,19.0,1,0.0
15325,1.0,2.6,H25K - CBA - Register,94,1.0,39.99,19.0,1,50.0
15325,1.0,2.6,H25K - CBA - Register,94,1.0,39.99,19.0,4,0.0
15325,1.0,2.6,H25K - CBA - Register,94,1.0,39.99,19.0,3,0.0
15325,1.0,2.6,H25K - CBA - Register,94,1.0,39.99,19.0,5,50.0
15325,1.0,2.6,H25K - CBA - Register,94,1.0,39.99,19.0,2,0.0
15325,1.0,2.7,H25K - CBA - Decode,68,1.0,39.99,19.0,3,0.0
15325,1.0,2.7,H25K - CBA - Decode,68,1.0,39.99,19.0,4,25.0
15325,1.0,2.7,H25K - CBA - Decode,68,1.0,39.99,19.0,2,0.0
15325,1.0,2.7,H25K - CBA - Decode,68,1.0,39.99,19.0,1,75.0
15325,1.0,2.7,H25K - CBA - Decode,68,1.0,39.99,19.0,5,0.0
15325,1.0,2.8,H25K - CBA - Abstraksjonsnivå,64,1.0,39.99,19.0,3,50.0
15325,1.0,2.8,H25K - CBA - Abstraksjonsnivå,64,1.0,39.99,19.0,2,25.0
15325,1.0,2.8,H25K - CBA - Abstraksjonsnivå,64,1.0,39.99,19.0,5,0.0
15325,1.0,2.8,H25K - CBA - Abstraksjonsnivå,64,1.0,39.99,19.0,1,25.0
15325,1.0,2.8,H25K - CBA - Abstraksjonsnivå,64,1.0,39.99,19.0,4,0.0
15325,1.0,2.9,H25K - CBA - Opcode,38,1.0,39.99,19.0,1,25.0
15325,1.0,2.9,H25K - CBA - Opcode,38,1.0,39.99,19.0,4,25.0
15325,1.0,2.9,H25K - CBA - Opcode,38,1.0,39.99,19.0,2,50.0
15325,1.0,2.9,H25K - CBA - Opcode,38,1.0,39.99,19.0,5,0.0
15325,1.0,2.9,H25K - CBA - Opcode,38,1.0,39.99,19.0,3,0.0
15325,2.0,2.10,H25K - CBA - Funksjonsuttrykk,109,2.0,39.99,19.0,1,100.0
15325,2.0,2.10,H25K - CBA - Funksjonsuttrykk,109,2.0,39.99,19.0,4,0.0
15325,2.0,2.10,H25K - CBA - Funksjonsuttrykk,109,2.0,39.99,19.0,5,0.0
15325,2.0,2.10,H25K - CBA - Funksjonsuttrykk,109,2.0,39.99,19.0,2,0.0
15325,2.0,2.10,H25K - CBA - Funksjonsuttrykk,109,2.0,39.99,19.0,3,0.0
15325,1.0,2.11,H25K - CBA - RAM,64,1.0,39.99,19.0,2,0.0
15325,1.0,2.11,H25K - CBA - RAM,64,1.0,39.99,19.0,4,0.0
15325,1.0,2.11,H25K - CBA - RAM,64,1.0,39.99,19.0,3,50.0
15325,1.0,2.11,H25K - CBA - RAM,64,1.0,39.99,19.0,1,0.0
15325,1.0,2.11,H25K - CBA - RAM,64,1.0,39.99,19.0,5,50.0
15325,2.0,2.12,H25K - CBA - Multiplikasjon,30,2.0,39.99,19.0,5,25.0
15325,2.0,2.12,H25K - CBA - Multiplikasjon,30,2.0,39.99,19.0,3,25.0
15325,2.0,2.12,H25K - CBA - Multiplikasjon,30,2.0,39.99,19.0,4,25.0
15325,2.0,2.12,H25K - CBA - Multiplikasjon,30,2.0,39.99,19.0,2,0.0
15325,2.0,2.12,H25K - CBA - Multiplikasjon,30,2.0,39.99,19.0,1,25.0
15325,2.0,2.13,H25K - CBA - Maskinkode,111,2.0,39.99,19.0,5,0.0
15325,2.0,2.13,H25K - CBA - Maskinkode,111,2.0,39.99,19.0,1,50.0
15325,2.0,2.13,H25K - CBA - Maskinkode,111,2.0,39.99,19.0,4,0.0
15325,2.0,2.13,H25K - CBA - Maskinkode,111,2.0,39.99,19.0,3,25.0
15325,2.0,2.13,H25K - CBA - Maskinkode,111,2.0,39.99,19.0,2,25.0
15325,2.0,2.14,H25K - CBA - Full-adder,37,2.0,39.99,19.0,1,25.0
15325,2.0,2.14,H25K - CBA - Full-adder,37,2.0,39.99,19.0,5,0.0
15325,2.0,2.14,H25K - CBA - Full-adder,37,2.0,39.99,19.0,4,25.0
15325,2.0,2.14,H25K - CBA - Full-adder,37,2.0,39.99,19.0,2,25.0
15325,2.0,2.14,H25K - CBA - Full-adder,37,2.0,39.99,19.0,3,25.0
15325,2.0,2.15,H25K - CBA - Full-adder 2,45,2.0,39.99,19.0,1,25.0
15325,2.0,2.15,H25K - CBA - Full-adder 2,45,2.0,39.99,19.0,4,25.0
15325,2.0,2.15,H25K - CBA - Full-adder 2,45,2.0,39.99,19.0,5,0.0
15325,2.0,2.15,H25K - CBA - Full-adder 2,45,2.0,39.99,19.0,2,25.0
15325,2.0,2.15,H25K - CBA - Full-adder 2,45,2.0,39.99,19.0,3,25.0
15336,1.0,2.1,H25K - CBA - PC,34,1.0,69.35,20.0,1,100.0
15336,1.0,2.1,H25K - CBA - PC,34,1.0,69.35,20.0,2,0.0
15336,1.0,2.1,H25K - CBA - PC,34,1.0,69.35,20.0,5,0.0
15336,1.0,2.1,H25K - CBA - PC,34,1.0,69.35,20.0,4,0.0
15336,1.0,2.1,H25K - CBA - PC,34,1.0,69.35,20.0,3,0.0
15336,1.0,2.2,H25K - CBA - Datapath,34,1.0,69.35,20.0,1,100.0
15336,1.0,2.2,H25K - CBA - Datapath,34,1.0,69.35,20.0,4,0.0
15336,1.0,2.2,H25K - CBA - Datapath,34,1.0,69.35,20.0,3,0.0
15336,1.0,2.2,H25K - CBA - Datapath,34,1.0,69.35,20.0,2,0.0
15336,1.0,2.2,H25K - CBA - Datapath,34,1.0,69.35,20.0,5,0.0
15336,1.0,2.3,H25K - CBA - Transistor,52,1.0,69.35,20.0,1,100.0
15336,1.0,2.3,H25K - CBA - Transistor,52,1.0,69.35,20.0,4,0.0
15336,1.0,2.3,H25K - CBA - Transistor,52,1.0,69.35,20.0,5,0.0
15336,1.0,2.3,H25K - CBA - Transistor,52,1.0,69.35,20.0,3,0.0
15336,1.0,2.3,H25K - CBA - Transistor,52,1.0,69.35,20.0,2,0.0
15336,1.0,2.4,H25K - CBA - Port,38,1.0,69.35,20.0,1,100.0
15336,1.0,2.4,H25K - CBA - Port,38,1.0,69.35,20.0,5,0.0
15336,1.0,2.4,H25K - CBA - Port,38,1.0,69.35,20.0,3,0.0
15336,1.0,2.4,H25K - CBA - Port,38,1.0,69.35,20.0,4,0.0
15336,1.0,2.4,H25K - CBA - Port,38,1.0,69.35,20.0,2,0.0
15336,1.0,2.5,H25K - CBA - Hazard,51,1.0,69.35,20.0,4,25.0
15336,1.0,2.5,H25K - CBA - Hazard,51,1.0,69.35,20.0,1,75.0
15336,1.0,2.5,H25K - CBA - Hazard,51,1.0,69.35,20.0,2,0.0
15336,1.0,2.5,H25K - CBA - Hazard,51,1.0,69.35,20.0,5,0.0
15336,1.0,2.5,H25K - CBA - Hazard,51,1.0,69.35,20.0,3,0.0
15336,1.0,2.6,H25K - CBA - Register,27,1.0,69.35,20.0,1,100.0
15336,1.0,2.6,H25K - CBA - Register,27,1.0,69.35,20.0,5,0.0
15336,1.0,2.6,H25K - CBA - Register,27,1.0,69.35,20.0,4,0.0
15336,1.0,2.6,H25K - CBA - Register,27,1.0,69.35,20.0,3,0.0
15336,1.0,2.6,H25K - CBA - Register,27,1.0,69.35,20.0,2,0.0
15336,1.0,2.7,H25K - CBA - Decode,96,1.0,69.35,20.0,3,50.0
15336,1.0,2.7,H25K - CBA - Decode,96,1.0,69.35,20.0,5,0.0
15336,1.0,2.7,H25K - CBA - Decode,96,1.0,69.35,20.0,2,0.0
15336,1.0,2.7,H25K - CBA - Decode,96,1.0,69.35,20.0,4,0.0
15336,1.0,2.7,H25K - CBA - Decode,96,1.0,69.35,20.0,1,50.0
15336,1.0,2.8,H25K - CBA - Abstraksjonsnivå,60,1.0,69.35,20.0,1,100.0
15336,1.0,2.8,H25K - CBA - Abstraksjonsnivå,60,1.0,69.35,20.0,2,0.0
15336,1.0,2.8,H25K - CBA - Abstraksjonsnivå,60,1.0,69.35,20.0,4,0.0
15336,1.0,2.8,H25K - CBA - Abstraksjonsnivå,60,1.0,69.35,20.0,5,0.0
15336,1.0,2.8,H25K - CBA - Abstraksjonsnivå,60,1.0,69.35,20.0,3,0.0
15336,1.0,2.9,H25K - CBA - Opcode,208,1.0,69.35,20.0,4,50.0
15336,1.0,2.9,H25K - CBA - Opcode,208,1.0,69.35,20.0,3,0.0
15336,1.0,2.9,H25K - CBA - Opcode,208,1.0,69.35,20.0,5,0.0
15336,1.0,2.9,H25K - CBA - Opcode,208,1.0,69.35,20.0,2,0.0
15336,1.0,2.9,H25K - CBA - Opcode,208,1.0,69.35,20.0,1,50.0
15336,2.0,2.10,H25K - CBA - Funksjonsuttrykk,401,2.0,69.35,20.0,1,100.0
15336,2.0,2.10,H25K - CBA - Funksjonsuttrykk,401,2.0,69.35,20.0,2,0.0
15336,2.0,2.10,H25K - CBA - Funksjonsuttrykk,401,2.0,69.35,20.0,4,0.0
15336,2.0,2.10,H25K - CBA - Funksjonsuttrykk,401,2.0,69.35,20.0,5,0.0
15336,2.0,2.10,H25K - CBA - Funksjonsuttrykk,401,2.0,69.35,20.0,3,0.0
15336,1.0,2.11,H25K - CBA - RAM,24,1.0,69.35,20.0,1,100.0
15336,1.0,2.11,H25K - CBA - RAM,24,1.0,69.35,20.0,2,0.0
15336,1.0,2.11,H25K - CBA - RAM,24,1.0,69.35,20.0,3,0.0
15336,1.0,2.11,H25K - CBA - RAM,24,1.0,69.35,20.0,5,0.0
15336,1.0,2.11,H25K - CBA - RAM,24,1.0,69.35,20.0,4,0.0
15336,2.0,2.12,H25K - CBA - Multiplikasjon,52,2.0,69.35,20.0,1,50.0
15336,2.0,2.12,H25K - CBA - Multiplikasjon,52,2.0,69.35,20.0,3,50.0
15336,2.0,2.12,H25K - CBA - Multiplikasjon,52,2.0,69.35,20.0,5,0.0
15336,2.0,2.12,H25K - CBA - Multiplikasjon,52,2.0,69.35,20.0,4,0.0
15336,2.0,2.12,H25K - CBA - Multiplikasjon,52,2.0,69.35,20.0,2,0.0
15336,2.0,2.13,H25K - CBA - Maskinkode,53,2.0,69.35,20.0,1,100.0
15336,2.0,2.13,H25K - CBA - Maskinkode,53,2.0,69.35,20.0,5,0.0
15336,2.0,2.13,H25K - CBA - Maskinkode,53,2.0,69.35,20.0,2,0.0
15336,2.0,2.13,H25K - CBA - Maskinkode,53,2.0,69.35,20.0,4,0.0
15336,2.0,2.13,H25K - CBA - Maskinkode,53,2.0,69.35,20.0,3,0.0
15336,2.0,2.14,H25K - CBA - Full-adder,46,2.0,69.35,20.0,1,100.0
15336,2.0,2.14,H25K - CBA - Full-adder,46,2.0,69.35,20.0,2,0.0
15336,2.0,2.14,H25K - CBA - Full-adder,46,2.0,69.35,20.0,3,0.0
15336,2.0,2.14,H25K - CBA - Full-adder,46,2.0,69.35,20.0,5,0.0
15336,2.0,2.14,H25K - CBA - Full-adder,46,2.0,69.35,20.0,4,0.0
15336,2.0,2.15,H25K - CBA - Full-adder 2,153,2.0,69.35,20.0,2,75.0
15336,2.0,2.15,H25K - CBA - Full-adder 2,153,2.0,69.35,20.0,1,25.0
15336,2.0,2.15,H25K - CBA - Full-adder 2,153,2.0,69.35,20.0,3,0.0
15336,2.0,2.15,H25K - CBA - Full-adder 2,153,2.0,69.35,20.0,5,0.0
15336,2.0,2.15,H25K - CBA - Full-adder 2,153,2.0,69.35,20.0,4,0.0
15321,1.0,2.1,H25K - CBA - PC,30,1.0,55.91,20.0,5,0.0
15321,1.0,2.1,H25K - CBA - PC,30,1.0,55.91,20.0,4,0.0
15321,1.0,2.1,H25K - CBA - PC,30,1.0,55.91,20.0,2,0.0
15321,1.0,2.1,H25K - CBA - PC,30,1.0,55.91,20.0,3,0.0
15321,1.0,2.1,H25K - CBA - PC,30,1.0,55.91,20.0,1,100.0
15321,1.0,2.2,H25K - CBA - Datapath,83,1.0,55.91,20.0,4,0.0
15321,1.0,2.2,H25K - CBA - Datapath,83,1.0,55.91,20.0,5,0.0
15321,1.0,2.2,H25K - CBA - Datapath,83,1.0,55.91,20.0,2,0.0
15321,1.0,2.2,H25K - CBA - Datapath,83,1.0,55.91,20.0,3,50.0
15321,1.0,2.2,H25K - CBA - Datapath,83,1.0,55.91,20.0,1,50.0
15321,1.0,2.3,H25K - CBA - Transistor,93,1.0,55.91,20.0,1,25.0
15321,1.0,2.3,H25K - CBA - Transistor,93,1.0,55.91,20.0,2,0.0
15321,1.0,2.3,H25K - CBA - Transistor,93,1.0,55.91,20.0,4,0.0
15321,1.0,2.3,H25K - CBA - Transistor,93,1.0,55.91,20.0,5,75.0
15321,1.0,2.3,H25K - CBA - Transistor,93,1.0,55.91,20.0,3,0.0
15321,1.0,2.4,H25K - CBA - Port,26,1.0,55.91,20.0,1,100.0
15321,1.0,2.4,H25K - CBA - Port,26,1.0,55.91,20.0,4,0.0
15321,1.0,2.4,H25K - CBA - Port,26,1.0,55.91,20.0,2,0.0
15321,1.0,2.4,H25K - CBA - Port,26,1.0,55.91,20.0,3,0.0
15321,1.0,2.4,H25K - CBA - Port,26,1.0,55.91,20.0,5,0.0
15321,1.0,2.5,H25K - CBA - Hazard,55,1.0,55.91,20.0,4,50.0
15321,1.0,2.5,H25K - CBA - Hazard,55,1.0,55.91,20.0,5,25.0
15321,1.0,2.5,H25K - CBA - Hazard,55,1.0,55.91,20.0,3,0.0
15321,1.0,2.5,H25K - CBA - Hazard,55,1.0,55.91,20.0,2,25.0
15321,1.0,2.5,H25K - CBA - Hazard,55,1.0,55.91,20.0,1,0.0
15321,1.0,2.6,H25K - CBA - Register,53,1.0,55.91,20.0,4,0.0
15321,1.0,2.6,H25K - CBA - Register,53,1.0,55.91,20.0,5,0.0
15321,1.0,2.6,H25K - CBA - Register,53,1.0,55.91,20.0,1,100.0
15321,1.0,2.6,H25K - CBA - Register,53,1.0,55.91,20.0,2,0.0
15321,1.0,2.6,H25K - CBA - Register,53,1.0,55.91,20.0,3,0.0
15321,1.0,2.7,H25K - CBA - Decode,53,1.0,55.91,20.0,3,50.0
15321,1.0,2.7,H25K - CBA - Decode,53,1.0,55.91,20.0,4,25.0
15321,1.0,2.7,H25K - CBA - Decode,53,1.0,55.91,20.0,1,25.0
15321,1.0,2.7,H25K - CBA - Decode,53,1.0,55.91,20.0,2,0.0
15321,1.0,2.7,H25K - CBA - Decode,53,1.0,55.91,20.0,5,0.0
15321,1.0,2.8,H25K - CBA - Abstraksjonsnivå,98,1.0,55.91,20.0,1,75.0
15321,1.0,2.8,H25K - CBA - Abstraksjonsnivå,98,1.0,55.91,20.0,5,0.0
15321,1.0,2.8,H25K - CBA - Abstraksjonsnivå,98,1.0,55.91,20.0,4,0.0
15321,1.0,2.8,H25K - CBA - Abstraksjonsnivå,98,1.0,55.91,20.0,3,25.0
15321,1.0,2.8,H25K - CBA - Abstraksjonsnivå,98,1.0,55.91,20.0,2,0.0
15321,1.0,2.9,H25K - CBA - Opcode,82,1.0,55.91,20.0,1,0.0
15321,1.0,2.9,H25K - CBA - Opcode,82,1.0,55.91,20.0,5,0.0
15321,1.0,2.9,H25K - CBA - Opcode,82,1.0,55.91,20.0,3,100.0
15321,1.0,2.9,H25K - CBA - Opcode,82,1.0,55.91,20.0,4,0.0
15321,1.0,2.9,H25K - CBA - Opcode,82,1.0,55.91,20.0,2,0.0
15321,2.0,2.10,H25K - CBA - Funksjonsuttrykk,80,2.0,55.91,20.0,1,100.0
15321,2.0,2.10,H25K - CBA - Funksjonsuttrykk,80,2.0,55.91,20.0,4,0.0
15321,2.0,2.10,H25K - CBA - Funksjonsuttrykk,80,2.0,55.91,20.0,3,0.0
15321,2.0,2.10,H25K - CBA - Funksjonsuttrykk,80,2.0,55.91,20.0,5,0.0
15321,2.0,2.10,H25K - CBA - Funksjonsuttrykk,80,2.0,55.91,20.0,2,0.0
15321,1.0,2.11,H25K - CBA - RAM,52,1.0,55.91,20.0,1,0.0
15321,1.0,2.11,H25K - CBA - RAM,52,1.0,55.91,20.0,5,0.0
15321,1.0,2.11,H25K - CBA - RAM,52,1.0,55.91,20.0,4,0.0
15321,1.0,2.11,H25K - CBA - RAM,52,1.0,55.91,20.0,2,100.0
15321,1.0,2.11,H25K - CBA - RAM,52,1.0,55.91,20.0,3,0.0
15321,2.0,2.12,H25K - CBA - Multiplikasjon,104,2.0,55.91,20.0,2,0.0
15321,2.0,2.12,H25K - CBA - Multiplikasjon,104,2.0,55.91,20.0,5,75.0
15321,2.0,2.12,H25K - CBA - Multiplikasjon,104,2.0,55.91,20.0,1,25.0
15321,2.0,2.12,H25K - CBA - Multiplikasjon,104,2.0,55.91,20.0,3,0.0
15321,2.0,2.12,H25K - CBA - Multiplikasjon,104,2.0,55.91,20.0,4,0.0
15321,2.0,2.13,H25K - CBA - Maskinkode,40,2.0,55.91,20.0,4,0.0
15321,2.0,2.13,H25K - CBA - Maskinkode,40,2.0,55.91,20.0,1,50.0
15321,2.0,2.13,H25K - CBA - Maskinkode,40,2.0,55.91,20.0,2,50.0
15321,2.0,2.13,H25K - CBA - Maskinkode,40,2.0,55.91,20.0,3,0.0
15321,2.0,2.13,H25K - CBA - Maskinkode,40,2.0,55.91,20.0,5,0.0
15321,2.0,2.14,H25K - CBA - Full-adder,32,2.0,55.91,20.0,3,0.0
15321,2.0,2.14,H25K - CBA - Full-adder,32,2.0,55.91,20.0,5,0.0
15321,2.0,2.14,H25K - CBA - Full-adder,32,2.0,55.91,20.0,2,50.0
15321,2.0,2.14,H25K - CBA - Full-adder,32,2.0,55.91,20.0,1,50.0
15321,2.0,2.14,H25K - CBA - Full-adder,32,2.0,55.91,20.0,4,0.0
15321,2.0,2.15,H25K - CBA - Full-adder 2,138,2.0,55.91,20.0,3,25.0
15321,2.0,2.15,H25K - CBA - Full-adder 2,138,2.0,55.91,20.0,1,0.0
15321,2.0,2.15,H25K - CBA - Full-adder 2,138,2.0,55.91,20.0,2,0.0
15321,2.0,2.15,H25K - CBA - Full-adder 2,138,2.0,55.91,20.0,5,75.0
15321,2.0,2.15,H25K - CBA - Full-adder 2,138,2.0,55.91,20.0,4,0.0
15327,1.0,2.1,H25K - CBA - PC,182,1.0,72.75,20.0,1,75.0
15327,1.0,2.1,H25K - CBA - PC,182,1.0,72.75,20.0,5,0.0
15327,1.0,2.1,H25K - CBA - PC,182,1.0,72.75,20.0,4,0.0
15327,1.0,2.1,H25K - CBA - PC,182,1.0,72.75,20.0,3,25.0
15327,1.0,2.1,H25K - CBA - PC,182,1.0,72.75,20.0,2,0.0
15327,1.0,2.2,H25K - CBA - Datapath,184,1.0,72.75,20.0,2,0.0
15327,1.0,2.2,H25K - CBA - Datapath,184,1.0,72.75,20.0,5,0.0
15327,1.0,2.2,H25K - CBA - Datapath,184,1.0,72.75,20.0,1,25.0
15327,1.0,2.2,H25K - CBA - Datapath,184,1.0,72.75,20.0,3,75.0
15327,1.0,2.2,H25K - CBA - Datapath,184,1.0,72.75,20.0,4,0.0
15327,1.0,2.3,H25K - CBA - Transistor,47,1.0,72.75,20.0,2,0.0
15327,1.0,2.3,H25K - CBA - Transistor,47,1.0,72.75,20.0,4,0.0
15327,1.0,2.3,H25K - CBA - Transistor,47,1.0,72.75,20.0,3,0.0
15327,1.0,2.3,H25K - CBA - Transistor,47,1.0,72.75,20.0,5,0.0
15327,1.0,2.3,H25K - CBA - Transistor,47,1.0,72.75,20.0,1,100.0
15327,1.0,2.4,H25K - CBA - Port,85,1.0,72.75,20.0,2,0.0
15327,1.0,2.4,H25K - CBA - Port,85,1.0,72.75,20.0,4,0.0
15327,1.0,2.4,H25K - CBA - Port,85,1.0,72.75,20.0,3,0.0
15327,1.0,2.4,H25K - CBA - Port,85,1.0,72.75,20.0,1,100.0
15327,1.0,2.4,H25K - CBA - Port,85,1.0,72.75,20.0,5,0.0
15327,1.0,2.5,H25K - CBA - Hazard,160,1.0,72.75,20.0,1,25.0
15327,1.0,2.5,H25K - CBA - Hazard,160,1.0,72.75,20.0,3,0.0
15327,1.0,2.5,H25K - CBA - Hazard,160,1.0,72.75,20.0,2,0.0
15327,1.0,2.5,H25K - CBA - Hazard,160,1.0,72.75,20.0,4,75.0
15327,1.0,2.5,H25K - CBA - Hazard,160,1.0,72.75,20.0,5,0.0
15327,1.0,2.6,H25K - CBA - Register,141,1.0,72.75,20.0,5,25.0
15327,1.0,2.6,H25K - CBA - Register,141,1.0,72.75,20.0,2,0.0
15327,1.0,2.6,H25K - CBA - Register,141,1.0,72.75,20.0,4,0.0
15327,1.0,2.6,H25K - CBA - Register,141,1.0,72.75,20.0,3,0.0
15327,1.0,2.6,H25K - CBA - Register,141,1.0,72.75,20.0,1,75.0
15327,1.0,2.7,H25K - CBA - Decode,188,1.0,72.75,20.0,2,0.0
15327,1.0,2.7,H25K - CBA - Decode,188,1.0,72.75,20.0,4,0.0
15327,1.0,2.7,H25K - CBA - Decode,188,1.0,72.75,20.0,5,0.0
15327,1.0,2.7,H25K - CBA - Decode,188,1.0,72.75,20.0,1,75.0
15327,1.0,2.7,H25K - CBA - Decode,188,1.0,72.75,20.0,3,25.0
15327,1.0,2.8,H25K - CBA - Abstraksjonsnivå,188,1.0,72.75,20.0,5,0.0
15327,1.0,2.8,H25K - CBA - Abstraksjonsnivå,188,1.0,72.75,20.0,1,75.0
15327,1.0,2.8,H25K - CBA - Abstraksjonsnivå,188,1.0,72.75,20.0,4,0.0
15327,1.0,2.8,H25K - CBA - Abstraksjonsnivå,188,1.0,72.75,20.0,2,0.0
15327,1.0,2.8,H25K - CBA - Abstraksjonsnivå,188,1.0,72.75,20.0,3,25.0
15327,1.0,2.9,H25K - CBA - Opcode,183,1.0,72.75,20.0,2,0.0
15327,1.0,2.9,H25K - CBA - Opcode,183,1.0,72.75,20.0,5,0.0
15327,1.0,2.9,H25K - CBA - Opcode,183,1.0,72.75,20.0,4,0.0
15327,1.0,2.9,H25K - CBA - Opcode,183,1.0,72.75,20.0,3,0.0
15327,1.0,2.9,H25K - CBA - Opcode,183,1.0,72.75,20.0,1,100.0
15327,2.0,2.10,H25K - CBA - Funksjonsuttrykk,166,2.0,72.75,20.0,1,100.0
15327,2.0,2.10,H25K - CBA - Funksjonsuttrykk,166,2.0,72.75,20.0,3,0.0
15327,2.0,2.10,H25K - CBA - Funksjonsuttrykk,166,2.0,72.75,20.0,2,0.0
15327,2.0,2.10,H25K - CBA - Funksjonsuttrykk,166,2.0,72.75,20.0,4,0.0
15327,2.0,2.10,H25K - CBA - Funksjonsuttrykk,166,2.0,72.75,20.0,5,0.0
15327,1.0,2.11,H25K - CBA - RAM,165,1.0,72.75,20.0,2,0.0
15327,1.0,2.11,H25K - CBA - RAM,165,1.0,72.75,20.0,1,75.0
15327,1.0,2.11,H25K - CBA - RAM,165,1.0,72.75,20.0,3,25.0
15327,1.0,2.11,H25K - CBA - RAM,165,1.0,72.75,20.0,5,0.0
15327,1.0,2.11,H25K - CBA - RAM,165,1.0,72.75,20.0,4,0.0
15327,2.0,2.12,H25K - CBA - Multiplikasjon,339,2.0,72.75,20.0,1,50.0
15327,2.0,2.12,H25K - CBA - Multiplikasjon,339,2.0,72.75,20.0,4,50.0
15327,2.0,2.12,H25K - CBA - Multiplikasjon,339,2.0,72.75,20.0,3,0.0
15327,2.0,2.12,H25K - CBA - Multiplikasjon,339,2.0,72.75,20.0,2,0.0
15327,2.0,2.12,H25K - CBA - Multiplikasjon,339,2.0,72.75,20.0,5,0.0
15327,2.0,2.13,H25K - CBA - Maskinkode,187,2.0,72.75,20.0,2,50.0
15327,2.0,2.13,H25K - CBA - Maskinkode,187,2.0,72.75,20.0,1,0.0
15327,2.0,2.13,H25K - CBA - Maskinkode,187,2.0,72.75,20.0,5,0.0
15327,2.0,2.13,H25K - CBA - Maskinkode,187,2.0,72.75,20.0,3,25.0
15327,2.0,2.13,H25K - CBA - Maskinkode,187,2.0,72.75,20.0,4,25.0
15327,2.0,2.14,H25K - CBA - Full-adder,161,2.0,72.75,20.0,1,75.0
15327,2.0,2.14,H25K - CBA - Full-adder,161,2.0,72.75,20.0,3,0.0
15327,2.0,2.14,H25K - CBA - Full-adder,161,2.0,72.75,20.0,2,25.0
15327,2.0,2.14,H25K - CBA - Full-adder,161,2.0,72.75,20.0,5,0.0
15327,2.0,2.14,H25K - CBA - Full-adder,161,2.0,72.75,20.0,4,0.0
15327,2.0,2.15,H25K - CBA - Full-adder 2,258,2.0,72.75,20.0,5,0.0
15327,2.0,2.15,H25K - CBA - Full-adder 2,258,2.0,72.75,20.0,3,25.0
15327,2.0,2.15,H25K - CBA - Full-adder 2,258,2.0,72.75,20.0,4,0.0
15327,2.0,2.15,H25K - CBA - Full-adder 2,258,2.0,72.75,20.0,2,0.0
15327,2.0,2.15,H25K - CBA - Full-adder 2,258,2.0,72.75,20.0,1,75.0
15265,1.0,2.1,H25K - CBA - PC,179,1.0,44.26,20.0,1,75.0
15265,1.0,2.1,H25K - CBA - PC,179,1.0,44.26,20.0,4,0.0
15265,1.0,2.1,H25K - CBA - PC,179,1.0,44.26,20.0,2,25.0
15265,1.0,2.1,H25K - CBA - PC,179,1.0,44.26,20.0,3,0.0
15265,1.0,2.1,H25K - CBA - PC,179,1.0,44.26,20.0,5,0.0
15265,1.0,2.2,H25K - CBA - Datapath,136,1.0,44.26,20.0,4,75.0
15265,1.0,2.2,H25K - CBA - Datapath,136,1.0,44.26,20.0,3,25.0
15265,1.0,2.2,H25K - CBA - Datapath,136,1.0,44.26,20.0,1,0.0
15265,1.0,2.2,H25K - CBA - Datapath,136,1.0,44.26,20.0,2,0.0
15265,1.0,2.2,H25K - CBA - Datapath,136,1.0,44.26,20.0,5,0.0
15265,1.0,2.3,H25K - CBA - Transistor,72,1.0,44.26,20.0,1,25.0
15265,1.0,2.3,H25K - CBA - Transistor,72,1.0,44.26,20.0,5,0.0
15265,1.0,2.3,H25K - CBA - Transistor,72,1.0,44.26,20.0,2,50.0
15265,1.0,2.3,H25K - CBA - Transistor,72,1.0,44.26,20.0,4,0.0
15265,1.0,2.3,H25K - CBA - Transistor,72,1.0,44.26,20.0,3,25.0
15265,1.0,2.4,H25K - CBA - Port,76,1.0,44.26,20.0,1,25.0
15265,1.0,2.4,H25K - CBA - Port,76,1.0,44.26,20.0,2,75.0
15265,1.0,2.4,H25K - CBA - Port,76,1.0,44.26,20.0,3,0.0
15265,1.0,2.4,H25K - CBA - Port,76,1.0,44.26,20.0,5,0.0
15265,1.0,2.4,H25K - CBA - Port,76,1.0,44.26,20.0,4,0.0
15265,1.0,2.5,H25K - CBA - Hazard,71,1.0,44.26,20.0,4,25.0
15265,1.0,2.5,H25K - CBA - Hazard,71,1.0,44.26,20.0,3,0.0
15265,1.0,2.5,H25K - CBA - Hazard,71,1.0,44.26,20.0,5,0.0
15265,1.0,2.5,H25K - CBA - Hazard,71,1.0,44.26,20.0,1,75.0
15265,1.0,2.5,H25K - CBA - Hazard,71,1.0,44.26,20.0,2,0.0
15265,1.0,2.6,H25K - CBA - Register,81,1.0,44.26,20.0,2,75.0
15265,1.0,2.6,H25K - CBA - Register,81,1.0,44.26,20.0,3,0.0
15265,1.0,2.6,H25K - CBA - Register,81,1.0,44.26,20.0,4,0.0
15265,1.0,2.6,H25K - CBA - Register,81,1.0,44.26,20.0,5,25.0
15265,1.0,2.6,H25K - CBA - Register,81,1.0,44.26,20.0,1,0.0
15265,1.0,2.7,H25K - CBA - Decode,65,1.0,44.26,20.0,3,0.0
15265,1.0,2.7,H25K - CBA - Decode,65,1.0,44.26,20.0,4,0.0
15265,1.0,2.7,H25K - CBA - Decode,65,1.0,44.26,20.0,5,0.0
15265,1.0,2.7,H25K - CBA - Decode,65,1.0,44.26,20.0,2,75.0
15265,1.0,2.7,H25K - CBA - Decode,65,1.0,44.26,20.0,1,25.0
15265,1.0,2.8,H25K - CBA - Abstraksjonsnivå,126,1.0,44.26,20.0,4,0.0
15265,1.0,2.8,H25K - CBA - Abstraksjonsnivå,126,1.0,44.26,20.0,1,75.0
15265,1.0,2.8,H25K - CBA - Abstraksjonsnivå,126,1.0,44.26,20.0,5,0.0
15265,1.0,2.8,H25K - CBA - Abstraksjonsnivå,126,1.0,44.26,20.0,2,25.0
15265,1.0,2.8,H25K - CBA - Abstraksjonsnivå,126,1.0,44.26,20.0,3,0.0
15265,1.0,2.9,H25K - CBA - Opcode,81,1.0,44.26,20.0,1,75.0
15265,1.0,2.9,H25K - CBA - Opcode,81,1.0,44.26,20.0,5,0.0
15265,1.0,2.9,H25K - CBA - Opcode,81,1.0,44.26,20.0,4,25.0
15265,1.0,2.9,H25K - CBA - Opcode,81,1.0,44.26,20.0,3,0.0
15265,1.0,2.9,H25K - CBA - Opcode,81,1.0,44.26,20.0,2,0.0
15265,2.0,2.10,H25K - CBA - Funksjonsuttrykk,230,2.0,44.26,20.0,5,0.0
15265,2.0,2.10,H25K - CBA - Funksjonsuttrykk,230,2.0,44.26,20.0,1,25.0
15265,2.0,2.10,H25K - CBA - Funksjonsuttrykk,230,2.0,44.26,20.0,2,0.0
15265,2.0,2.10,H25K - CBA - Funksjonsuttrykk,230,2.0,44.26,20.0,4,25.0
15265,2.0,2.10,H25K - CBA - Funksjonsuttrykk,230,2.0,44.26,20.0,3,50.0
15265,1.0,2.11,H25K - CBA - RAM,118,1.0,44.26,20.0,1,25.0
15265,1.0,2.11,H25K - CBA - RAM,118,1.0,44.26,20.0,3,25.0
15265,1.0,2.11,H25K - CBA - RAM,118,1.0,44.26,20.0,2,0.0
15265,1.0,2.11,H25K - CBA - RAM,118,1.0,44.26,20.0,5,50.0
15265,1.0,2.11,H25K - CBA - RAM,118,1.0,44.26,20.0,4,0.0
15265,2.0,2.12,H25K - CBA - Multiplikasjon,98,2.0,44.26,20.0,4,0.0
15265,2.0,2.12,H25K - CBA - Multiplikasjon,98,2.0,44.26,20.0,3,50.0
15265,2.0,2.12,H25K - CBA - Multiplikasjon,98,2.0,44.26,20.0,5,0.0
15265,2.0,2.12,H25K - CBA - Multiplikasjon,98,2.0,44.26,20.0,1,25.0
15265,2.0,2.12,H25K - CBA - Multiplikasjon,98,2.0,44.26,20.0,2,25.0
15265,2.0,2.13,H25K - CBA - Maskinkode,69,2.0,44.26,20.0,4,0.0
15265,2.0,2.13,H25K - CBA - Maskinkode,69,2.0,44.26,20.0,5,0.0
15265,2.0,2.13,H25K - CBA - Maskinkode,69,2.0,44.26,20.0,1,75.0
15265,2.0,2.13,H25K - CBA - Maskinkode,69,2.0,44.26,20.0,2,0.0
15265,2.0,2.13,H25K - CBA - Maskinkode,69,2.0,44.26,20.0,3,25.0
15265,2.0,2.14,H25K - CBA - Full-adder,56,2.0,44.26,20.0,2,25.0
15265,2.0,2.14,H25K - CBA - Full-adder,56,2.0,44.26,20.0,1,50.0
15265,2.0,2.14,H25K - CBA - Full-adder,56,2.0,44.26,20.0,5,25.0
15265,2.0,2.14,H25K - CBA - Full-adder,56,2.0,44.26,20.0,3,0.0
15265,2.0,2.14,H25K - CBA - Full-adder,56,2.0,44.26,20.0,4,0.0
15265,2.0,2.15,H25K - CBA - Full-adder 2,67,2.0,44.26,20.0,2,50.0
15265,2.0,2.15,H25K - CBA - Full-adder 2,67,2.0,44.26,20.0,3,25.0
15265,2.0,2.15,H25K - CBA - Full-adder 2,67,2.0,44.26,20.0,1,25.0
15265,2.0,2.15,H25K - CBA - Full-adder 2,67,2.0,44.26,20.0,4,0.0
15265,2.0,2.15,H25K - CBA - Full-adder 2,67,2.0,44.26,20.0,5,0.0
15294,1.0,2.1,H25K - CBA - PC,46,1.0,47.25,20.0,1,75.0
15294,1.0,2.1,H25K - CBA - PC,46,1.0,47.25,20.0,2,0.0
15294,1.0,2.1,H25K - CBA - PC,46,1.0,47.25,20.0,5,0.0
15294,1.0,2.1,H25K - CBA - PC,46,1.0,47.25,20.0,3,25.0
15294,1.0,2.1,H25K - CBA - PC,46,1.0,47.25,20.0,4,0.0
15294,1.0,2.2,H25K - CBA - Datapath,46,1.0,47.25,20.0,5,0.0
15294,1.0,2.2,H25K - CBA - Datapath,46,1.0,47.25,20.0,1,75.0
15294,1.0,2.2,H25K - CBA - Datapath,46,1.0,47.25,20.0,3,25.0
15294,1.0,2.2,H25K - CBA - Datapath,46,1.0,47.25,20.0,4,0.0
15294,1.0,2.2,H25K - CBA - Datapath,46,1.0,47.25,20.0,2,0.0
15294,1.0,2.3,H25K - CBA - Transistor,37,1.0,47.25,20.0,4,100.0
15294,1.0,2.3,H25K - CBA - Transistor,37,1.0,47.25,20.0,1,0.0
15294,1.0,2.3,H25K - CBA - Transistor,37,1.0,47.25,20.0,3,0.0
15294,1.0,2.3,H25K - CBA - Transistor,37,1.0,47.25,20.0,2,0.0
15294,1.0,2.3,H25K - CBA - Transistor,37,1.0,47.25,20.0,5,0.0
15294,1.0,2.4,H25K - CBA - Port,29,1.0,47.25,20.0,5,0.0
15294,1.0,2.4,H25K - CBA - Port,29,1.0,47.25,20.0,2,0.0
15294,1.0,2.4,H25K - CBA - Port,29,1.0,47.25,20.0,3,0.0
15294,1.0,2.4,H25K - CBA - Port,29,1.0,47.25,20.0,1,100.0
15294,1.0,2.4,H25K - CBA - Port,29,1.0,47.25,20.0,4,0.0
15294,1.0,2.5,H25K - CBA - Hazard,23,1.0,47.25,20.0,1,100.0
15294,1.0,2.5,H25K - CBA - Hazard,23,1.0,47.25,20.0,3,0.0
15294,1.0,2.5,H25K - CBA - Hazard,23,1.0,47.25,20.0,2,0.0
15294,1.0,2.5,H25K - CBA - Hazard,23,1.0,47.25,20.0,4,0.0
15294,1.0,2.5,H25K - CBA - Hazard,23,1.0,47.25,20.0,5,0.0
15294,1.0,2.6,H25K - CBA - Register,12,1.0,47.25,20.0,4,0.0
15294,1.0,2.6,H25K - CBA - Register,12,1.0,47.25,20.0,2,0.0
15294,1.0,2.6,H25K - CBA - Register,12,1.0,47.25,20.0,1,100.0
15294,1.0,2.6,H25K - CBA - Register,12,1.0,47.25,20.0,5,0.0
15294,1.0,2.6,H25K - CBA - Register,12,1.0,47.25,20.0,3,0.0
15294,1.0,2.7,H25K - CBA - Decode,32,1.0,47.25,20.0,3,0.0
15294,1.0,2.7,H25K - CBA - Decode,32,1.0,47.25,20.0,5,0.0
15294,1.0,2.7,H25K - CBA - Decode,32,1.0,47.25,20.0,1,0.0
15294,1.0,2.7,H25K - CBA - Decode,32,1.0,47.25,20.0,4,25.0
15294,1.0,2.7,H25K - CBA - Decode,32,1.0,47.25,20.0,2,75.0
15294,1.0,2.8,H25K - CBA - Abstraksjonsnivå,53,1.0,47.25,20.0,1,0.0
15294,1.0,2.8,H25K - CBA - Abstraksjonsnivå,53,1.0,47.25,20.0,2,50.0
15294,1.0,2.8,H25K - CBA - Abstraksjonsnivå,53,1.0,47.25,20.0,5,0.0
15294,1.0,2.8,H25K - CBA - Abstraksjonsnivå,53,1.0,47.25,20.0,4,0.0
15294,1.0,2.8,H25K - CBA - Abstraksjonsnivå,53,1.0,47.25,20.0,3,50.0
15294,1.0,2.9,H25K - CBA - Opcode,16,1.0,47.25,20.0,4,100.0
15294,1.0,2.9,H25K - CBA - Opcode,16,1.0,47.25,20.0,1,0.0
15294,1.0,2.9,H25K - CBA - Opcode,16,1.0,47.25,20.0,2,0.0
15294,1.0,2.9,H25K - CBA - Opcode,16,1.0,47.25,20.0,5,0.0
15294,1.0,2.9,H25K - CBA - Opcode,16,1.0,47.25,20.0,3,0.0
15294,2.0,2.10,H25K - CBA - Funksjonsuttrykk,54,2.0,47.25,20.0,1,100.0
15294,2.0,2.10,H25K - CBA - Funksjonsuttrykk,54,2.0,47.25,20.0,2,0.0
15294,2.0,2.10,H25K - CBA - Funksjonsuttrykk,54,2.0,47.25,20.0,5,0.0
15294,2.0,2.10,H25K - CBA - Funksjonsuttrykk,54,2.0,47.25,20.0,4,0.0
15294,2.0,2.10,H25K - CBA - Funksjonsuttrykk,54,2.0,47.25,20.0,3,0.0
15294,1.0,2.11,H25K - CBA - RAM,26,1.0,47.25,20.0,4,0.0
15294,1.0,2.11,H25K - CBA - RAM,26,1.0,47.25,20.0,1,0.0
15294,1.0,2.11,H25K - CBA - RAM,26,1.0,47.25,20.0,5,100.0
15294,1.0,2.11,H25K - CBA - RAM,26,1.0,47.25,20.0,3,0.0
15294,1.0,2.11,H25K - CBA - RAM,26,1.0,47.25,20.0,2,0.0
15294,2.0,2.12,H25K - CBA - Multiplikasjon,35,2.0,47.25,20.0,5,0.0
15294,2.0,2.12,H25K - CBA - Multiplikasjon,35,2.0,47.25,20.0,3,50.0
15294,2.0,2.12,H25K - CBA - Multiplikasjon,35,2.0,47.25,20.0,2,0.0
15294,2.0,2.12,H25K - CBA - Multiplikasjon,35,2.0,47.25,20.0,4,0.0
15294,2.0,2.12,H25K - CBA - Multiplikasjon,35,2.0,47.25,20.0,1,50.0
15294,2.0,2.13,H25K - CBA - Maskinkode,14,2.0,47.25,20.0,5,0.0
15294,2.0,2.13,H25K - CBA - Maskinkode,14,2.0,47.25,20.0,3,0.0
15294,2.0,2.13,H25K - CBA - Maskinkode,14,2.0,47.25,20.0,1,100.0
15294,2.0,2.13,H25K - CBA - Maskinkode,14,2.0,47.25,20.0,4,0.0
15294,2.0,2.13,H25K - CBA - Maskinkode,14,2.0,47.25,20.0,2,0.0
15294,2.0,2.14,H25K - CBA - Full-adder,17,2.0,47.25,20.0,3,25.0
15294,2.0,2.14,H25K - CBA - Full-adder,17,2.0,47.25,20.0,4,0.0
15294,2.0,2.14,H25K - CBA - Full-adder,17,2.0,47.25,20.0,2,50.0
15294,2.0,2.14,H25K - CBA - Full-adder,17,2.0,47.25,20.0,5,0.0
15294,2.0,2.14,H25K - CBA - Full-adder,17,2.0,47.25,20.0,1,25.0
15294,2.0,2.15,H25K - CBA - Full-adder 2,33,2.0,47.25,20.0,5,0.0
15294,2.0,2.15,H25K - CBA - Full-adder 2,33,2.0,47.25,20.0,4,0.0
15294,2.0,2.15,H25K - CBA - Full-adder 2,33,2.0,47.25,20.0,2,0.0
15294,2.0,2.15,H25K - CBA - Full-adder 2,33,2.0,47.25,20.0,1,100.0
15294,2.0,2.15,H25K - CBA - Full-adder 2,33,2.0,47.25,20.0,3,0.0
15314,1.0,2.1,H25K - CBA - PC,265,1.0,35.91,20.0,5,50.0
15314,1.0,2.1,H25K - CBA - PC,265,1.0,35.91,20.0,1,50.0
15314,1.0,2.1,H25K - CBA - PC,265,1.0,35.91,20.0,4,0.0
15314,1.0,2.1,H25K - CBA - PC,265,1.0,35.91,20.0,2,0.0
15314,1.0,2.1,H25K - CBA - PC,265,1.0,35.91,20.0,3,0.0
15314,1.0,2.2,H25K - CBA - Datapath,263,1.0,35.91,20.0,1,50.0
15314,1.0,2.2,H25K - CBA - Datapath,263,1.0,35.91,20.0,2,50.0
15314,1.0,2.2,H25K - CBA - Datapath,263,1.0,35.91,20.0,3,0.0
15314,1.0,2.2,H25K - CBA - Datapath,263,1.0,35.91,20.0,5,0.0
15314,1.0,2.2,H25K - CBA - Datapath,263,1.0,35.91,20.0,4,0.0
15314,1.0,2.3,H25K - CBA - Transistor,177,1.0,35.91,20.0,2,50.0
15314,1.0,2.3,H25K - CBA - Transistor,177,1.0,35.91,20.0,1,50.0
15314,1.0,2.3,H25K - CBA - Transistor,177,1.0,35.91,20.0,4,0.0
15314,1.0,2.3,H25K - CBA - Transistor,177,1.0,35.91,20.0,3,0.0
15314,1.0,2.3,H25K - CBA - Transistor,177,1.0,35.91,20.0,5,0.0
15314,1.0,2.4,H25K - CBA - Port,171,1.0,35.91,20.0,3,100.0
15314,1.0,2.4,H25K - CBA - Port,171,1.0,35.91,20.0,4,0.0
15314,1.0,2.4,H25K - CBA - Port,171,1.0,35.91,20.0,1,0.0
15314,1.0,2.4,H25K - CBA - Port,171,1.0,35.91,20.0,2,0.0
15314,1.0,2.4,H25K - CBA - Port,171,1.0,35.91,20.0,5,0.0
15314,1.0,2.5,H25K - CBA - Hazard,94,1.0,35.91,20.0,2,100.0
15314,1.0,2.5,H25K - CBA - Hazard,94,1.0,35.91,20.0,5,0.0
15314,1.0,2.5,H25K - CBA - Hazard,94,1.0,35.91,20.0,3,0.0
15314,1.0,2.5,H25K - CBA - Hazard,94,1.0,35.91,20.0,4,0.0
15314,1.0,2.5,H25K - CBA - Hazard,94,1.0,35.91,20.0,1,0.0
15314,1.0,2.6,H25K - CBA - Register,116,1.0,35.91,20.0,2,50.0
15314,1.0,2.6,H25K - CBA - Register,116,1.0,35.91,20.0,5,25.0
15314,1.0,2.6,H25K - CBA - Register,116,1.0,35.91,20.0,1,25.0
15314,1.0,2.6,H25K - CBA - Register,116,1.0,35.91,20.0,3,0.0
15314,1.0,2.6,H25K - CBA - Register,116,1.0,35.91,20.0,4,0.0
15314,1.0,2.7,H25K - CBA - Decode,56,1.0,35.91,20.0,1,100.0
15314,1.0,2.7,H25K - CBA - Decode,56,1.0,35.91,20.0,5,0.0
15314,1.0,2.7,H25K - CBA - Decode,56,1.0,35.91,20.0,4,0.0
15314,1.0,2.7,H25K - CBA - Decode,56,1.0,35.91,20.0,3,0.0
15314,1.0,2.7,H25K - CBA - Decode,56,1.0,35.91,20.0,2,0.0
15314,1.0,2.8,H25K - CBA - Abstraksjonsnivå,392,1.0,35.91,20.0,2,75.0
15314,1.0,2.8,H25K - CBA - Abstraksjonsnivå,392,1.0,35.91,20.0,4,25.0
15314,1.0,2.8,H25K - CBA - Abstraksjonsnivå,392,1.0,35.91,20.0,1,0.0
15314,1.0,2.8,H25K - CBA - Abstraksjonsnivå,392,1.0,35.91,20.0,3,0.0
15314,1.0,2.8,H25K - CBA - Abstraksjonsnivå,392,1.0,35.91,20.0,5,0.0
15314,1.0,2.9,H25K - CBA - Opcode,55,1.0,35.91,20.0,1,50.0
15314,1.0,2.9,H25K - CBA - Opcode,55,1.0,35.91,20.0,3,50.0
15314,1.0,2.9,H25K - CBA - Opcode,55,1.0,35.91,20.0,5,0.0
15314,1.0,2.9,H25K - CBA - Opcode,55,1.0,35.91,20.0,4,0.0
15314,1.0,2.9,H25K - CBA - Opcode,55,1.0,35.91,20.0,2,0.0
15314,2.0,2.10,H25K - CBA - Funksjonsuttrykk,178,2.0,35.91,20.0,3,0.0
15314,2.0,2.10,H25K - CBA - Funksjonsuttrykk,178,2.0,35.91,20.0,5,0.0
15314,2.0,2.10,H25K - CBA - Funksjonsuttrykk,178,2.0,35.91,20.0,1,100.0
15314,2.0,2.10,H25K - CBA - Funksjonsuttrykk,178,2.0,35.91,20.0,2,0.0
15314,2.0,2.10,H25K - CBA - Funksjonsuttrykk,178,2.0,35.91,20.0,4,0.0
15314,1.0,2.11,H25K - CBA - RAM,289,1.0,35.91,20.0,3,100.0
15314,1.0,2.11,H25K - CBA - RAM,289,1.0,35.91,20.0,4,0.0
15314,1.0,2.11,H25K - CBA - RAM,289,1.0,35.91,20.0,1,0.0
15314,1.0,2.11,H25K - CBA - RAM,289,1.0,35.91,20.0,5,0.0
15314,1.0,2.11,H25K - CBA - RAM,289,1.0,35.91,20.0,2,0.0
15314,2.0,2.12,H25K - CBA - Multiplikasjon,76,2.0,35.91,20.0,5,100.0
15314,2.0,2.12,H25K - CBA - Multiplikasjon,76,2.0,35.91,20.0,3,0.0
15314,2.0,2.12,H25K - CBA - Multiplikasjon,76,2.0,35.91,20.0,4,0.0
15314,2.0,2.12,H25K - CBA - Multiplikasjon,76,2.0,35.91,20.0,2,0.0
15314,2.0,2.12,H25K - CBA - Multiplikasjon,76,2.0,35.91,20.0,1,0.0
15314,2.0,2.13,H25K - CBA - Maskinkode,183,2.0,35.91,20.0,1,50.0
15314,2.0,2.13,H25K - CBA - Maskinkode,183,2.0,35.91,20.0,2,50.0
15314,2.0,2.13,H25K - CBA - Maskinkode,183,2.0,35.91,20.0,5,0.0
15314,2.0,2.13,H25K - CBA - Maskinkode,183,2.0,35.91,20.0,4,0.0
15314,2.0,2.13,H25K - CBA - Maskinkode,183,2.0,35.91,20.0,3,0.0
15314,2.0,2.14,H25K - CBA - Full-adder,34,2.0,35.91,20.0,2,100.0
15314,2.0,2.14,H25K - CBA - Full-adder,34,2.0,35.91,20.0,3,0.0
15314,2.0,2.14,H25K - CBA - Full-adder,34,2.0,35.91,20.0,4,0.0
15314,2.0,2.14,H25K - CBA - Full-adder,34,2.0,35.91,20.0,1,0.0
15314,2.0,2.14,H25K - CBA - Full-adder,34,2.0,35.91,20.0,5,0.0
15314,2.0,2.15,H25K - CBA - Full-adder 2,91,2.0,35.91,20.0,5,50.0
15314,2.0,2.15,H25K - CBA - Full-adder 2,91,2.0,35.91,20.0,1,50.0
15314,2.0,2.15,H25K - CBA - Full-adder 2,91,2.0,35.91,20.0,2,0.0
15314,2.0,2.15,H25K - CBA - Full-adder 2,91,2.0,35.91,20.0,3,0.0
15314,2.0,2.15,H25K - CBA - Full-adder 2,91,2.0,35.91,20.0,4,0.0
15348,1.0,2.4,H25K - CBA - Port,52,1.0,60.01,20.0,5,0.0
15348,1.0,2.4,H25K - CBA - Port,52,1.0,60.01,20.0,2,0.0
15348,1.0,2.4,H25K - CBA - Port,52,1.0,60.01,20.0,4,0.0
15348,1.0,2.4,H25K - CBA - Port,52,1.0,60.01,20.0,1,100.0
15348,1.0,2.4,H25K - CBA - Port,52,1.0,60.01,20.0,3,0.0
15305,1.0,2.1,H25K - CBA - PC,44,1.0,80.5,20.0,1,100.0
15305,1.0,2.1,H25K - CBA - PC,44,1.0,80.5,20.0,5,0.0
15305,1.0,2.1,H25K - CBA - PC,44,1.0,80.5,20.0,4,0.0
15305,1.0,2.1,H25K - CBA - PC,44,1.0,80.5,20.0,3,0.0
15305,1.0,2.1,H25K - CBA - PC,44,1.0,80.5,20.0,2,0.0
15305,1.0,2.2,H25K - CBA - Datapath,94,1.0,80.5,20.0,5,0.0
15305,1.0,2.2,H25K - CBA - Datapath,94,1.0,80.5,20.0,4,0.0
15305,1.0,2.2,H25K - CBA - Datapath,94,1.0,80.5,20.0,2,0.0
15305,1.0,2.2,H25K - CBA - Datapath,94,1.0,80.5,20.0,1,100.0
15305,1.0,2.2,H25K - CBA - Datapath,94,1.0,80.5,20.0,3,0.0
15305,1.0,2.3,H25K - CBA - Transistor,111,1.0,80.5,20.0,3,0.0
15305,1.0,2.3,H25K - CBA - Transistor,111,1.0,80.5,20.0,1,25.0
15305,1.0,2.3,H25K - CBA - Transistor,111,1.0,80.5,20.0,5,0.0
15305,1.0,2.3,H25K - CBA - Transistor,111,1.0,80.5,20.0,2,0.0
15305,1.0,2.3,H25K - CBA - Transistor,111,1.0,80.5,20.0,4,75.0
15305,1.0,2.4,H25K - CBA - Port,55,1.0,80.5,20.0,1,100.0
15305,1.0,2.4,H25K - CBA - Port,55,1.0,80.5,20.0,3,0.0
15305,1.0,2.4,H25K - CBA - Port,55,1.0,80.5,20.0,4,0.0
15305,1.0,2.4,H25K - CBA - Port,55,1.0,80.5,20.0,5,0.0
15305,1.0,2.4,H25K - CBA - Port,55,1.0,80.5,20.0,2,0.0
15305,1.0,2.5,H25K - CBA - Hazard,34,1.0,80.5,20.0,1,100.0
15305,1.0,2.5,H25K - CBA - Hazard,34,1.0,80.5,20.0,5,0.0
15305,1.0,2.5,H25K - CBA - Hazard,34,1.0,80.5,20.0,2,0.0
15305,1.0,2.5,H25K - CBA - Hazard,34,1.0,80.5,20.0,3,0.0
15305,1.0,2.5,H25K - CBA - Hazard,34,1.0,80.5,20.0,4,0.0
15305,1.0,2.6,H25K - CBA - Register,39,1.0,80.5,20.0,1,100.0
15305,1.0,2.6,H25K - CBA - Register,39,1.0,80.5,20.0,2,0.0
15305,1.0,2.6,H25K - CBA - Register,39,1.0,80.5,20.0,5,0.0
15305,1.0,2.6,H25K - CBA - Register,39,1.0,80.5,20.0,3,0.0
15305,1.0,2.6,H25K - CBA - Register,39,1.0,80.5,20.0,4,0.0
15305,1.0,2.7,H25K - CBA - Decode,77,1.0,80.5,20.0,4,0.0
15305,1.0,2.7,H25K - CBA - Decode,77,1.0,80.5,20.0,5,0.0
15305,1.0,2.7,H25K - CBA - Decode,77,1.0,80.5,20.0,2,25.0
15305,1.0,2.7,H25K - CBA - Decode,77,1.0,80.5,20.0,3,0.0
15305,1.0,2.7,H25K - CBA - Decode,77,1.0,80.5,20.0,1,75.0
15305,1.0,2.8,H25K - CBA - Abstraksjonsnivå,101,1.0,80.5,20.0,5,0.0
15305,1.0,2.8,H25K - CBA - Abstraksjonsnivå,101,1.0,80.5,20.0,4,0.0
15305,1.0,2.8,H25K - CBA - Abstraksjonsnivå,101,1.0,80.5,20.0,2,75.0
15305,1.0,2.8,H25K - CBA - Abstraksjonsnivå,101,1.0,80.5,20.0,3,0.0
15305,1.0,2.8,H25K - CBA - Abstraksjonsnivå,101,1.0,80.5,20.0,1,25.0
15305,1.0,2.9,H25K - CBA - Opcode,58,1.0,80.5,20.0,5,0.0
15305,1.0,2.9,H25K - CBA - Opcode,58,1.0,80.5,20.0,3,0.0
15305,1.0,2.9,H25K - CBA - Opcode,58,1.0,80.5,20.0,2,0.0
15305,1.0,2.9,H25K - CBA - Opcode,58,1.0,80.5,20.0,1,100.0
15305,1.0,2.9,H25K - CBA - Opcode,58,1.0,80.5,20.0,4,0.0
15305,2.0,2.10,H25K - CBA - Funksjonsuttrykk,57,2.0,80.5,20.0,1,100.0
15305,2.0,2.10,H25K - CBA - Funksjonsuttrykk,57,2.0,80.5,20.0,5,0.0
15305,2.0,2.10,H25K - CBA - Funksjonsuttrykk,57,2.0,80.5,20.0,3,0.0
15305,2.0,2.10,H25K - CBA - Funksjonsuttrykk,57,2.0,80.5,20.0,2,0.0
15305,2.0,2.10,H25K - CBA - Funksjonsuttrykk,57,2.0,80.5,20.0,4,0.0
15305,1.0,2.11,H25K - CBA - RAM,73,1.0,80.5,20.0,1,100.0
15305,1.0,2.11,H25K - CBA - RAM,73,1.0,80.5,20.0,3,0.0
15305,1.0,2.11,H25K - CBA - RAM,73,1.0,80.5,20.0,5,0.0
15305,1.0,2.11,H25K - CBA - RAM,73,1.0,80.5,20.0,2,0.0
15305,1.0,2.11,H25K - CBA - RAM,73,1.0,80.5,20.0,4,0.0
15305,2.0,2.12,H25K - CBA - Multiplikasjon,95,2.0,80.5,20.0,4,0.0
15305,2.0,2.12,H25K - CBA - Multiplikasjon,95,2.0,80.5,20.0,3,75.0
15305,2.0,2.12,H25K - CBA - Multiplikasjon,95,2.0,80.5,20.0,5,0.0
15305,2.0,2.12,H25K - CBA - Multiplikasjon,95,2.0,80.5,20.0,2,0.0
15305,2.0,2.12,H25K - CBA - Multiplikasjon,95,2.0,80.5,20.0,1,25.0
15305,2.0,2.13,H25K - CBA - Maskinkode,58,2.0,80.5,20.0,4,0.0
15305,2.0,2.13,H25K - CBA - Maskinkode,58,2.0,80.5,20.0,3,0.0
15305,2.0,2.13,H25K - CBA - Maskinkode,58,2.0,80.5,20.0,5,0.0
15305,2.0,2.13,H25K - CBA - Maskinkode,58,2.0,80.5,20.0,2,100.0
15305,2.0,2.13,H25K - CBA - Maskinkode,58,2.0,80.5,20.0,1,0.0
15305,2.0,2.14,H25K - CBA - Full-adder,88,2.0,80.5,20.0,1,100.0
15305,2.0,2.14,H25K - CBA - Full-adder,88,2.0,80.5,20.0,2,0.0
15305,2.0,2.14,H25K - CBA - Full-adder,88,2.0,80.5,20.0,4,0.0
15305,2.0,2.14,H25K - CBA - Full-adder,88,2.0,80.5,20.0,5,0.0
15305,2.0,2.14,H25K - CBA - Full-adder,88,2.0,80.5,20.0,3,0.0
15305,2.0,2.15,H25K - CBA - Full-adder 2,87,2.0,80.5,20.0,1,50.0
15305,2.0,2.15,H25K - CBA - Full-adder 2,87,2.0,80.5,20.0,2,50.0
15305,2.0,2.15,H25K - CBA - Full-adder 2,87,2.0,80.5,20.0,3,0.0
15305,2.0,2.15,H25K - CBA - Full-adder 2,87,2.0,80.5,20.0,4,0.0
15305,2.0,2.15,H25K - CBA - Full-adder 2,87,2.0,80.5,20.0,5,0.0
15270,1.0,2.1,H25K - CBA - PC,39,1.0,57.91,20.0,1,100.0
15270,1.0,2.1,H25K - CBA - PC,39,1.0,57.91,20.0,3,0.0
15270,1.0,2.1,H25K - CBA - PC,39,1.0,57.91,20.0,2,0.0
15270,1.0,2.1,H25K - CBA - PC,39,1.0,57.91,20.0,4,0.0
15270,1.0,2.1,H25K - CBA - PC,39,1.0,57.91,20.0,5,0.0
15270,1.0,2.2,H25K - CBA - Datapath,74,1.0,57.91,20.0,3,100.0
15270,1.0,2.2,H25K - CBA - Datapath,74,1.0,57.91,20.0,5,0.0
15270,1.0,2.2,H25K - CBA - Datapath,74,1.0,57.91,20.0,2,0.0
15270,1.0,2.2,H25K - CBA - Datapath,74,1.0,57.91,20.0,4,0.0
15270,1.0,2.2,H25K - CBA - Datapath,74,1.0,57.91,20.0,1,0.0
15270,1.0,2.3,H25K - CBA - Transistor,193,1.0,57.91,20.0,1,75.0
15270,1.0,2.3,H25K - CBA - Transistor,193,1.0,57.91,20.0,2,0.0
15270,1.0,2.3,H25K - CBA - Transistor,193,1.0,57.91,20.0,5,0.0
15270,1.0,2.3,H25K - CBA - Transistor,193,1.0,57.91,20.0,3,0.0
15270,1.0,2.3,H25K - CBA - Transistor,193,1.0,57.91,20.0,4,25.0
15270,1.0,2.4,H25K - CBA - Port,44,1.0,57.91,20.0,1,100.0
15270,1.0,2.4,H25K - CBA - Port,44,1.0,57.91,20.0,3,0.0
15270,1.0,2.4,H25K - CBA - Port,44,1.0,57.91,20.0,2,0.0
15270,1.0,2.4,H25K - CBA - Port,44,1.0,57.91,20.0,5,0.0
15270,1.0,2.4,H25K - CBA - Port,44,1.0,57.91,20.0,4,0.0
15270,1.0,2.5,H25K - CBA - Hazard,44,1.0,57.91,20.0,3,0.0
15270,1.0,2.5,H25K - CBA - Hazard,44,1.0,57.91,20.0,4,0.0
15270,1.0,2.5,H25K - CBA - Hazard,44,1.0,57.91,20.0,5,0.0
15270,1.0,2.5,H25K - CBA - Hazard,44,1.0,57.91,20.0,2,0.0
15270,1.0,2.5,H25K - CBA - Hazard,44,1.0,57.91,20.0,1,100.0
15270,1.0,2.6,H25K - CBA - Register,40,1.0,57.91,20.0,1,100.0
15270,1.0,2.6,H25K - CBA - Register,40,1.0,57.91,20.0,5,0.0
15270,1.0,2.6,H25K - CBA - Register,40,1.0,57.91,20.0,3,0.0
15270,1.0,2.6,H25K - CBA - Register,40,1.0,57.91,20.0,4,0.0
15270,1.0,2.6,H25K - CBA - Register,40,1.0,57.91,20.0,2,0.0
15270,1.0,2.7,H25K - CBA - Decode,221,1.0,57.91,20.0,5,0.0
15270,1.0,2.7,H25K - CBA - Decode,221,1.0,57.91,20.0,1,50.0
15270,1.0,2.7,H25K - CBA - Decode,221,1.0,57.91,20.0,4,0.0
15270,1.0,2.7,H25K - CBA - Decode,221,1.0,57.91,20.0,3,50.0
15270,1.0,2.7,H25K - CBA - Decode,221,1.0,57.91,20.0,2,0.0
15270,1.0,2.8,H25K - CBA - Abstraksjonsnivå,262,1.0,57.91,20.0,1,50.0
15270,1.0,2.8,H25K - CBA - Abstraksjonsnivå,262,1.0,57.91,20.0,5,0.0
15270,1.0,2.8,H25K - CBA - Abstraksjonsnivå,262,1.0,57.91,20.0,2,0.0
15270,1.0,2.8,H25K - CBA - Abstraksjonsnivå,262,1.0,57.91,20.0,3,50.0
15270,1.0,2.8,H25K - CBA - Abstraksjonsnivå,262,1.0,57.91,20.0,4,0.0
15270,1.0,2.9,H25K - CBA - Opcode,234,1.0,57.91,20.0,5,0.0
15270,1.0,2.9,H25K - CBA - Opcode,234,1.0,57.91,20.0,2,50.0
15270,1.0,2.9,H25K - CBA - Opcode,234,1.0,57.91,20.0,1,0.0
15270,1.0,2.9,H25K - CBA - Opcode,234,1.0,57.91,20.0,4,0.0
15270,1.0,2.9,H25K - CBA - Opcode,234,1.0,57.91,20.0,3,50.0
15270,2.0,2.10,H25K - CBA - Funksjonsuttrykk,30,2.0,57.91,20.0,1,100.0
15270,2.0,2.10,H25K - CBA - Funksjonsuttrykk,30,2.0,57.91,20.0,2,0.0
15270,2.0,2.10,H25K - CBA - Funksjonsuttrykk,30,2.0,57.91,20.0,5,0.0
15270,2.0,2.10,H25K - CBA - Funksjonsuttrykk,30,2.0,57.91,20.0,3,0.0
15270,2.0,2.10,H25K - CBA - Funksjonsuttrykk,30,2.0,57.91,20.0,4,0.0
15270,1.0,2.11,H25K - CBA - RAM,235,1.0,57.91,20.0,1,50.0
15270,1.0,2.11,H25K - CBA - RAM,235,1.0,57.91,20.0,3,50.0
15270,1.0,2.11,H25K - CBA - RAM,235,1.0,57.91,20.0,2,0.0
15270,1.0,2.11,H25K - CBA - RAM,235,1.0,57.91,20.0,5,0.0
15270,1.0,2.11,H25K - CBA - RAM,235,1.0,57.91,20.0,4,0.0
15270,2.0,2.12,H25K - CBA - Multiplikasjon,182,2.0,57.91,20.0,4,0.0
15270,2.0,2.12,H25K - CBA - Multiplikasjon,182,2.0,57.91,20.0,1,50.0
15270,2.0,2.12,H25K - CBA - Multiplikasjon,182,2.0,57.91,20.0,3,0.0
15270,2.0,2.12,H25K - CBA - Multiplikasjon,182,2.0,57.91,20.0,2,0.0
15270,2.0,2.12,H25K - CBA - Multiplikasjon,182,2.0,57.91,20.0,5,50.0
15270,2.0,2.13,H25K - CBA - Maskinkode,77,2.0,57.91,20.0,4,0.0
15270,2.0,2.13,H25K - CBA - Maskinkode,77,2.0,57.91,20.0,3,0.0
15270,2.0,2.13,H25K - CBA - Maskinkode,77,2.0,57.91,20.0,1,50.0
15270,2.0,2.13,H25K - CBA - Maskinkode,77,2.0,57.91,20.0,5,0.0
15270,2.0,2.13,H25K - CBA - Maskinkode,77,2.0,57.91,20.0,2,50.0
15270,2.0,2.14,H25K - CBA - Full-adder,89,2.0,57.91,20.0,4,0.0
15270,2.0,2.14,H25K - CBA - Full-adder,89,2.0,57.91,20.0,3,0.0
15270,2.0,2.14,H25K - CBA - Full-adder,89,2.0,57.91,20.0,5,0.0
15270,2.0,2.14,H25K - CBA - Full-adder,89,2.0,57.91,20.0,1,75.0
15270,2.0,2.14,H25K - CBA - Full-adder,89,2.0,57.91,20.0,2,25.0
15270,2.0,2.15,H25K - CBA - Full-adder 2,137,2.0,57.91,20.0,1,50.0
15270,2.0,2.15,H25K - CBA - Full-adder 2,137,2.0,57.91,20.0,4,50.0
15270,2.0,2.15,H25K - CBA - Full-adder 2,137,2.0,57.91,20.0,5,0.0
15270,2.0,2.15,H25K - CBA - Full-adder 2,137,2.0,57.91,20.0,3,0.0
15270,2.0,2.15,H25K - CBA - Full-adder 2,137,2.0,57.91,20.0,2,0.0
15278,1.0,2.1,H25K - CBA - PC,160,1.0,49.28,20.0,4,50.0
15278,1.0,2.1,H25K - CBA - PC,160,1.0,49.28,20.0,1,50.0
15278,1.0,2.1,H25K - CBA - PC,160,1.0,49.28,20.0,5,0.0
15278,1.0,2.1,H25K - CBA - PC,160,1.0,49.28,20.0,3,0.0
15278,1.0,2.1,H25K - CBA - PC,160,1.0,49.28,20.0,2,0.0
15278,1.0,2.2,H25K - CBA - Datapath,73,1.0,49.28,20.0,1,50.0
15278,1.0,2.2,H25K - CBA - Datapath,73,1.0,49.28,20.0,5,50.0
15278,1.0,2.2,H25K - CBA - Datapath,73,1.0,49.28,20.0,3,0.0
15278,1.0,2.2,H25K - CBA - Datapath,73,1.0,49.28,20.0,4,0.0
15278,1.0,2.2,H25K - CBA - Datapath,73,1.0,49.28,20.0,2,0.0
15278,1.0,2.4,H25K - CBA - Port,38,1.0,49.28,20.0,1,100.0
15278,1.0,2.4,H25K - CBA - Port,38,1.0,49.28,20.0,5,0.0
15278,1.0,2.4,H25K - CBA - Port,38,1.0,49.28,20.0,2,0.0
15278,1.0,2.4,H25K - CBA - Port,38,1.0,49.28,20.0,3,0.0
15278,1.0,2.4,H25K - CBA - Port,38,1.0,49.28,20.0,4,0.0
15278,1.0,2.5,H25K - CBA - Hazard,43,1.0,49.28,20.0,4,25.0
15278,1.0,2.5,H25K - CBA - Hazard,43,1.0,49.28,20.0,1,75.0
15278,1.0,2.5,H25K - CBA - Hazard,43,1.0,49.28,20.0,3,0.0
15278,1.0,2.5,H25K - CBA - Hazard,43,1.0,49.28,20.0,2,0.0
15278,1.0,2.5,H25K - CBA - Hazard,43,1.0,49.28,20.0,5,0.0
15278,1.0,2.6,H25K - CBA - Register,36,1.0,49.28,20.0,1,100.0
15278,1.0,2.6,H25K - CBA - Register,36,1.0,49.28,20.0,4,0.0
15278,1.0,2.6,H25K - CBA - Register,36,1.0,49.28,20.0,5,0.0
15278,1.0,2.6,H25K - CBA - Register,36,1.0,49.28,20.0,3,0.0
15278,1.0,2.6,H25K - CBA - Register,36,1.0,49.28,20.0,2,0.0
15278,1.0,2.7,H25K - CBA - Decode,187,1.0,49.28,20.0,2,75.0
15278,1.0,2.7,H25K - CBA - Decode,187,1.0,49.28,20.0,1,25.0
15278,1.0,2.7,H25K - CBA - Decode,187,1.0,49.28,20.0,3,0.0
15278,1.0,2.7,H25K - CBA - Decode,187,1.0,49.28,20.0,4,0.0
15278,1.0,2.7,H25K - CBA - Decode,187,1.0,49.28,20.0,5,0.0
15278,1.0,2.8,H25K - CBA - Abstraksjonsnivå,336,1.0,49.28,20.0,1,100.0
15278,1.0,2.8,H25K - CBA - Abstraksjonsnivå,336,1.0,49.28,20.0,3,0.0
15278,1.0,2.8,H25K - CBA - Abstraksjonsnivå,336,1.0,49.28,20.0,2,0.0
15278,1.0,2.8,H25K - CBA - Abstraksjonsnivå,336,1.0,49.28,20.0,4,0.0
15278,1.0,2.8,H25K - CBA - Abstraksjonsnivå,336,1.0,49.28,20.0,5,0.0
15278,2.0,2.10,H25K - CBA - Funksjonsuttrykk,355,2.0,49.28,20.0,3,0.0
15278,2.0,2.10,H25K - CBA - Funksjonsuttrykk,355,2.0,49.28,20.0,2,75.0
15278,2.0,2.10,H25K - CBA - Funksjonsuttrykk,355,2.0,49.28,20.0,5,25.0
15278,2.0,2.10,H25K - CBA - Funksjonsuttrykk,355,2.0,49.28,20.0,4,0.0
15278,2.0,2.10,H25K - CBA - Funksjonsuttrykk,355,2.0,49.28,20.0,1,0.0
15278,1.0,2.11,H25K - CBA - RAM,210,1.0,49.28,20.0,2,25.0
15278,1.0,2.11,H25K - CBA - RAM,210,1.0,49.28,20.0,1,25.0
15278,1.0,2.11,H25K - CBA - RAM,210,1.0,49.28,20.0,5,50.0
15278,1.0,2.11,H25K - CBA - RAM,210,1.0,49.28,20.0,3,0.0
15278,1.0,2.11,H25K - CBA - RAM,210,1.0,49.28,20.0,4,0.0
15278,2.0,2.12,H25K - CBA - Multiplikasjon,309,2.0,49.28,20.0,3,25.0
15278,2.0,2.12,H25K - CBA - Multiplikasjon,309,2.0,49.28,20.0,4,0.0
15278,2.0,2.12,H25K - CBA - Multiplikasjon,309,2.0,49.28,20.0,1,25.0
15278,2.0,2.12,H25K - CBA - Multiplikasjon,309,2.0,49.28,20.0,2,50.0
15278,2.0,2.12,H25K - CBA - Multiplikasjon,309,2.0,49.28,20.0,5,0.0
15278,2.0,2.13,H25K - CBA - Maskinkode,66,2.0,49.28,20.0,1,50.0
15278,2.0,2.13,H25K - CBA - Maskinkode,66,2.0,49.28,20.0,2,50.0
15278,2.0,2.13,H25K - CBA - Maskinkode,66,2.0,49.28,20.0,3,0.0
15278,2.0,2.13,H25K - CBA - Maskinkode,66,2.0,49.28,20.0,4,0.0
15278,2.0,2.13,H25K - CBA - Maskinkode,66,2.0,49.28,20.0,5,0.0
15278,2.0,2.14,H25K - CBA - Full-adder,392,2.0,49.28,20.0,1,50.0
15278,2.0,2.14,H25K - CBA - Full-adder,392,2.0,49.28,20.0,3,50.0
15278,2.0,2.14,H25K - CBA - Full-adder,392,2.0,49.28,20.0,4,0.0
15278,2.0,2.14,H25K - CBA - Full-adder,392,2.0,49.28,20.0,2,0.0
15278,2.0,2.14,H25K - CBA - Full-adder,392,2.0,49.28,20.0,5,0.0
15278,2.0,2.15,H25K - CBA - Full-adder 2,115,2.0,49.28,20.0,1,75.0
15278,2.0,2.15,H25K - CBA - Full-adder 2,115,2.0,49.28,20.0,2,25.0
15278,2.0,2.15,H25K - CBA - Full-adder 2,115,2.0,49.28,20.0,3,0.0
15278,2.0,2.15,H25K - CBA - Full-adder 2,115,2.0,49.28,20.0,4,0.0
15278,2.0,2.15,H25K - CBA - Full-adder 2,115,2.0,49.28,20.0,5,0.0
15334,1.0,2.1,H25K - CBA - PC,103,1.0,70.75,20.0,1,100.0
15334,1.0,2.1,H25K - CBA - PC,103,1.0,70.75,20.0,4,0.0
15334,1.0,2.1,H25K - CBA - PC,103,1.0,70.75,20.0,3,0.0
15334,1.0,2.1,H25K - CBA - PC,103,1.0,70.75,20.0,5,0.0
15334,1.0,2.1,H25K - CBA - PC,103,1.0,70.75,20.0,2,0.0
15334,1.0,2.2,H25K - CBA - Datapath,62,1.0,70.75,20.0,1,100.0
15334,1.0,2.2,H25K - CBA - Datapath,62,1.0,70.75,20.0,4,0.0
15334,1.0,2.2,H25K - CBA - Datapath,62,1.0,70.75,20.0,5,0.0
15334,1.0,2.2,H25K - CBA - Datapath,62,1.0,70.75,20.0,3,0.0
15334,1.0,2.2,H25K - CBA - Datapath,62,1.0,70.75,20.0,2,0.0
15334,1.0,2.3,H25K - CBA - Transistor,46,1.0,70.75,20.0,5,50.0
15334,1.0,2.3,H25K - CBA - Transistor,46,1.0,70.75,20.0,2,50.0
15334,1.0,2.3,H25K - CBA - Transistor,46,1.0,70.75,20.0,1,0.0
15334,1.0,2.3,H25K - CBA - Transistor,46,1.0,70.75,20.0,3,0.0
15334,1.0,2.3,H25K - CBA - Transistor,46,1.0,70.75,20.0,4,0.0
15334,1.0,2.4,H25K - CBA - Port,29,1.0,70.75,20.0,1,100.0
15334,1.0,2.4,H25K - CBA - Port,29,1.0,70.75,20.0,5,0.0
15334,1.0,2.4,H25K - CBA - Port,29,1.0,70.75,20.0,2,0.0
15334,1.0,2.4,H25K - CBA - Port,29,1.0,70.75,20.0,4,0.0
15334,1.0,2.4,H25K - CBA - Port,29,1.0,70.75,20.0,3,0.0
15334,1.0,2.5,H25K - CBA - Hazard,13,1.0,70.75,20.0,1,100.0
15334,1.0,2.5,H25K - CBA - Hazard,13,1.0,70.75,20.0,3,0.0
15334,1.0,2.5,H25K - CBA - Hazard,13,1.0,70.75,20.0,4,0.0
15334,1.0,2.5,H25K - CBA - Hazard,13,1.0,70.75,20.0,5,0.0
15334,1.0,2.5,H25K - CBA - Hazard,13,1.0,70.75,20.0,2,0.0
15334,1.0,2.6,H25K - CBA - Register,94,1.0,70.75,20.0,1,50.0
15334,1.0,2.6,H25K - CBA - Register,94,1.0,70.75,20.0,3,25.0
15334,1.0,2.6,H25K - CBA - Register,94,1.0,70.75,20.0,5,25.0
15334,1.0,2.6,H25K - CBA - Register,94,1.0,70.75,20.0,2,0.0
15334,1.0,2.6,H25K - CBA - Register,94,1.0,70.75,20.0,4,0.0
15334,1.0,2.7,H25K - CBA - Decode,74,1.0,70.75,20.0,1,50.0
15334,1.0,2.7,H25K - CBA - Decode,74,1.0,70.75,20.0,3,50.0
15334,1.0,2.7,H25K - CBA - Decode,74,1.0,70.75,20.0,4,0.0
15334,1.0,2.7,H25K - CBA - Decode,74,1.0,70.75,20.0,2,0.0
15334,1.0,2.7,H25K - CBA - Decode,74,1.0,70.75,20.0,5,0.0
15334,1.0,2.8,H25K - CBA - Abstraksjonsnivå,144,1.0,70.75,20.0,3,0.0
15334,1.0,2.8,H25K - CBA - Abstraksjonsnivå,144,1.0,70.75,20.0,2,0.0
15334,1.0,2.8,H25K - CBA - Abstraksjonsnivå,144,1.0,70.75,20.0,5,0.0
15334,1.0,2.8,H25K - CBA - Abstraksjonsnivå,144,1.0,70.75,20.0,4,50.0
15334,1.0,2.8,H25K - CBA - Abstraksjonsnivå,144,1.0,70.75,20.0,1,50.0
15334,1.0,2.9,H25K - CBA - Opcode,76,1.0,70.75,20.0,3,50.0
15334,1.0,2.9,H25K - CBA - Opcode,76,1.0,70.75,20.0,1,50.0
15334,1.0,2.9,H25K - CBA - Opcode,76,1.0,70.75,20.0,5,0.0
15334,1.0,2.9,H25K - CBA - Opcode,76,1.0,70.75,20.0,2,0.0
15334,1.0,2.9,H25K - CBA - Opcode,76,1.0,70.75,20.0,4,0.0
15334,2.0,2.10,H25K - CBA - Funksjonsuttrykk,72,2.0,70.75,20.0,1,100.0
15334,2.0,2.10,H25K - CBA - Funksjonsuttrykk,72,2.0,70.75,20.0,5,0.0
15334,2.0,2.10,H25K - CBA - Funksjonsuttrykk,72,2.0,70.75,20.0,3,0.0
15334,2.0,2.10,H25K - CBA - Funksjonsuttrykk,72,2.0,70.75,20.0,4,0.0
15334,2.0,2.10,H25K - CBA - Funksjonsuttrykk,72,2.0,70.75,20.0,2,0.0
15334,1.0,2.11,H25K - CBA - RAM,160,1.0,70.75,20.0,4,0.0
15334,1.0,2.11,H25K - CBA - RAM,160,1.0,70.75,20.0,5,0.0
15334,1.0,2.11,H25K - CBA - RAM,160,1.0,70.75,20.0,2,50.0
15334,1.0,2.11,H25K - CBA - RAM,160,1.0,70.75,20.0,3,50.0
15334,1.0,2.11,H25K - CBA - RAM,160,1.0,70.75,20.0,1,0.0
15334,2.0,2.12,H25K - CBA - Multiplikasjon,71,2.0,70.75,20.0,5,0.0
15334,2.0,2.12,H25K - CBA - Multiplikasjon,71,2.0,70.75,20.0,4,0.0
15334,2.0,2.12,H25K - CBA - Multiplikasjon,71,2.0,70.75,20.0,2,0.0
15334,2.0,2.12,H25K - CBA - Multiplikasjon,71,2.0,70.75,20.0,1,50.0
15334,2.0,2.12,H25K - CBA - Multiplikasjon,71,2.0,70.75,20.0,3,50.0
15334,2.0,2.13,H25K - CBA - Maskinkode,118,2.0,70.75,20.0,1,25.0
15334,2.0,2.13,H25K - CBA - Maskinkode,118,2.0,70.75,20.0,4,0.0
15334,2.0,2.13,H25K - CBA - Maskinkode,118,2.0,70.75,20.0,3,0.0
15334,2.0,2.13,H25K - CBA - Maskinkode,118,2.0,70.75,20.0,5,0.0
15334,2.0,2.13,H25K - CBA - Maskinkode,118,2.0,70.75,20.0,2,75.0
15334,2.0,2.14,H25K - CBA - Full-adder,51,2.0,70.75,20.0,1,100.0
15334,2.0,2.14,H25K - CBA - Full-adder,51,2.0,70.75,20.0,2,0.0
15334,2.0,2.14,H25K - CBA - Full-adder,51,2.0,70.75,20.0,3,0.0
15334,2.0,2.14,H25K - CBA - Full-adder,51,2.0,70.75,20.0,4,0.0
15334,2.0,2.14,H25K - CBA - Full-adder,51,2.0,70.75,20.0,5,0.0
15334,2.0,2.15,H25K - CBA - Full-adder 2,196,2.0,70.75,20.0,1,50.0
15334,2.0,2.15,H25K - CBA - Full-adder 2,196,2.0,70.75,20.0,3,0.0
15334,2.0,2.15,H25K - CBA - Full-adder 2,196,2.0,70.75,20.0,2,0.0
15334,2.0,2.15,H25K - CBA - Full-adder 2,196,2.0,70.75,20.0,4,50.0
15334,2.0,2.15,H25K - CBA - Full-adder 2,196,2.0,70.75,20.0,5,0.0
15309,1.0,2.1,H25K - CBA - PC,51,1.0,51.74,20.0,3,0.0
15309,1.0,2.1,H25K - CBA - PC,51,1.0,51.74,20.0,5,0.0
15309,1.0,2.1,H25K - CBA - PC,51,1.0,51.74,20.0,1,100.0
15309,1.0,2.1,H25K - CBA - PC,51,1.0,51.74,20.0,2,0.0
15309,1.0,2.1,H25K - CBA - PC,51,1.0,51.74,20.0,4,0.0
15309,1.0,2.2,H25K - CBA - Datapath,109,1.0,51.74,20.0,3,75.0
15309,1.0,2.2,H25K - CBA - Datapath,109,1.0,51.74,20.0,4,0.0
15309,1.0,2.2,H25K - CBA - Datapath,109,1.0,51.74,20.0,2,25.0
15309,1.0,2.2,H25K - CBA - Datapath,109,1.0,51.74,20.0,5,0.0
15309,1.0,2.2,H25K - CBA - Datapath,109,1.0,51.74,20.0,1,0.0
15309,1.0,2.3,H25K - CBA - Transistor,112,1.0,51.74,20.0,1,75.0
15309,1.0,2.3,H25K - CBA - Transistor,112,1.0,51.74,20.0,4,0.0
15309,1.0,2.3,H25K - CBA - Transistor,112,1.0,51.74,20.0,3,0.0
15309,1.0,2.3,H25K - CBA - Transistor,112,1.0,51.74,20.0,5,0.0
15309,1.0,2.3,H25K - CBA - Transistor,112,1.0,51.74,20.0,2,25.0
15309,1.0,2.4,H25K - CBA - Port,88,1.0,51.74,20.0,1,100.0
15309,1.0,2.4,H25K - CBA - Port,88,1.0,51.74,20.0,3,0.0
15309,1.0,2.4,H25K - CBA - Port,88,1.0,51.74,20.0,2,0.0
15309,1.0,2.4,H25K - CBA - Port,88,1.0,51.74,20.0,4,0.0
15309,1.0,2.4,H25K - CBA - Port,88,1.0,51.74,20.0,5,0.0
15309,1.0,2.5,H25K - CBA - Hazard,79,1.0,51.74,20.0,2,50.0
15309,1.0,2.5,H25K - CBA - Hazard,79,1.0,51.74,20.0,3,50.0
15309,1.0,2.5,H25K - CBA - Hazard,79,1.0,51.74,20.0,5,0.0
15309,1.0,2.5,H25K - CBA - Hazard,79,1.0,51.74,20.0,4,0.0
15309,1.0,2.5,H25K - CBA - Hazard,79,1.0,51.74,20.0,1,0.0
15309,1.0,2.6,H25K - CBA - Register,71,1.0,51.74,20.0,1,100.0
15309,1.0,2.6,H25K - CBA - Register,71,1.0,51.74,20.0,4,0.0
15309,1.0,2.6,H25K - CBA - Register,71,1.0,51.74,20.0,3,0.0
15309,1.0,2.6,H25K - CBA - Register,71,1.0,51.74,20.0,2,0.0
15309,1.0,2.6,H25K - CBA - Register,71,1.0,51.74,20.0,5,0.0
15309,1.0,2.7,H25K - CBA - Decode,77,1.0,51.74,20.0,2,75.0
15309,1.0,2.7,H25K - CBA - Decode,77,1.0,51.74,20.0,1,25.0
15309,1.0,2.7,H25K - CBA - Decode,77,1.0,51.74,20.0,3,0.0
15309,1.0,2.7,H25K - CBA - Decode,77,1.0,51.74,20.0,4,0.0
15309,1.0,2.7,H25K - CBA - Decode,77,1.0,51.74,20.0,5,0.0
15309,1.0,2.8,H25K - CBA - Abstraksjonsnivå,95,1.0,51.74,20.0,1,75.0
15309,1.0,2.8,H25K - CBA - Abstraksjonsnivå,95,1.0,51.74,20.0,3,25.0
15309,1.0,2.8,H25K - CBA - Abstraksjonsnivå,95,1.0,51.74,20.0,4,0.0
15309,1.0,2.8,H25K - CBA - Abstraksjonsnivå,95,1.0,51.74,20.0,2,0.0
15309,1.0,2.8,H25K - CBA - Abstraksjonsnivå,95,1.0,51.74,20.0,5,0.0
15309,1.0,2.9,H25K - CBA - Opcode,158,1.0,51.74,20.0,3,75.0
15309,1.0,2.9,H25K - CBA - Opcode,158,1.0,51.74,20.0,1,25.0
15309,1.0,2.9,H25K - CBA - Opcode,158,1.0,51.74,20.0,2,0.0
15309,1.0,2.9,H25K - CBA - Opcode,158,1.0,51.74,20.0,4,0.0
15309,1.0,2.9,H25K - CBA - Opcode,158,1.0,51.74,20.0,5,0.0
15309,2.0,2.10,H25K - CBA - Funksjonsuttrykk,144,2.0,51.74,20.0,1,100.0
15309,2.0,2.10,H25K - CBA - Funksjonsuttrykk,144,2.0,51.74,20.0,5,0.0
15309,2.0,2.10,H25K - CBA - Funksjonsuttrykk,144,2.0,51.74,20.0,2,0.0
15309,2.0,2.10,H25K - CBA - Funksjonsuttrykk,144,2.0,51.74,20.0,3,0.0
15309,2.0,2.10,H25K - CBA - Funksjonsuttrykk,144,2.0,51.74,20.0,4,0.0
15309,1.0,2.11,H25K - CBA - RAM,71,1.0,51.74,20.0,2,25.0
15309,1.0,2.11,H25K - CBA - RAM,71,1.0,51.74,20.0,1,75.0
15309,1.0,2.11,H25K - CBA - RAM,71,1.0,51.74,20.0,3,0.0
15309,1.0,2.11,H25K - CBA - RAM,71,1.0,51.74,20.0,5,0.0
15309,1.0,2.11,H25K - CBA - RAM,71,1.0,51.74,20.0,4,0.0
15309,2.0,2.12,H25K - CBA - Multiplikasjon,95,2.0,51.74,20.0,1,75.0
15309,2.0,2.12,H25K - CBA - Multiplikasjon,95,2.0,51.74,20.0,3,25.0
15309,2.0,2.12,H25K - CBA - Multiplikasjon,95,2.0,51.74,20.0,2,0.0
15309,2.0,2.12,H25K - CBA - Multiplikasjon,95,2.0,51.74,20.0,4,0.0
15309,2.0,2.12,H25K - CBA - Multiplikasjon,95,2.0,51.74,20.0,5,0.0
15309,2.0,2.13,H25K - CBA - Maskinkode,146,2.0,51.74,20.0,1,25.0
15309,2.0,2.13,H25K - CBA - Maskinkode,146,2.0,51.74,20.0,2,25.0
15309,2.0,2.13,H25K - CBA - Maskinkode,146,2.0,51.74,20.0,4,50.0
15309,2.0,2.13,H25K - CBA - Maskinkode,146,2.0,51.74,20.0,3,0.0
15309,2.0,2.13,H25K - CBA - Maskinkode,146,2.0,51.74,20.0,5,0.0
15309,2.0,2.14,H25K - CBA - Full-adder,96,2.0,51.74,20.0,1,25.0
15309,2.0,2.14,H25K - CBA - Full-adder,96,2.0,51.74,20.0,2,75.0
15309,2.0,2.14,H25K - CBA - Full-adder,96,2.0,51.74,20.0,3,0.0
15309,2.0,2.14,H25K - CBA - Full-adder,96,2.0,51.74,20.0,5,0.0
15309,2.0,2.14,H25K - CBA - Full-adder,96,2.0,51.74,20.0,4,0.0
15309,2.0,2.15,H25K - CBA - Full-adder 2,146,2.0,51.74,20.0,1,75.0
15309,2.0,2.15,H25K - CBA - Full-adder 2,146,2.0,51.74,20.0,2,0.0
15309,2.0,2.15,H25K - CBA - Full-adder 2,146,2.0,51.74,20.0,5,0.0
15309,2.0,2.15,H25K - CBA - Full-adder 2,146,2.0,51.74,20.0,4,25.0
15309,2.0,2.15,H25K - CBA - Full-adder 2,146,2.0,51.74,20.0,3,0.0
15304,1.0,2.4,H25K - CBA - Port,48,1.0,38.27,20.0,2,0.0
15304,1.0,2.4,H25K - CBA - Port,48,1.0,38.27,20.0,1,0.0
15304,1.0,2.4,H25K - CBA - Port,48,1.0,38.27,20.0,4,0.0
15304,1.0,2.4,H25K - CBA - Port,48,1.0,38.27,20.0,5,0.0
15304,1.0,2.4,H25K - CBA - Port,48,1.0,38.27,20.0,3,100.0
15304,2.0,2.12,H25K - CBA - Multiplikasjon,66,2.0,38.27,20.0,5,0.0
15304,2.0,2.12,H25K - CBA - Multiplikasjon,66,2.0,38.27,20.0,4,100.0
15304,2.0,2.12,H25K - CBA - Multiplikasjon,66,2.0,38.27,20.0,1,0.0
15304,2.0,2.12,H25K - CBA - Multiplikasjon,66,2.0,38.27,20.0,3,0.0
15304,2.0,2.12,H25K - CBA - Multiplikasjon,66,2.0,38.27,20.0,2,0.0
15324,1.0,2.1,H25K - CBA - PC,136,1.0,49.1,19.0,4,75.0
15324,1.0,2.1,H25K - CBA - PC,136,1.0,49.1,19.0,3,25.0
15324,1.0,2.1,H25K - CBA - PC,136,1.0,49.1,19.0,2,0.0
15324,1.0,2.1,H25K - CBA - PC,136,1.0,49.1,19.0,1,0.0
15324,1.0,2.1,H25K - CBA - PC,136,1.0,49.1,19.0,5,0.0
15324,1.0,2.2,H25K - CBA - Datapath,204,1.0,49.1,19.0,1,75.0
15324,1.0,2.2,H25K - CBA - Datapath,204,1.0,49.1,19.0,4,25.0
15324,1.0,2.2,H25K - CBA - Datapath,204,1.0,49.1,19.0,5,0.0
15324,1.0,2.2,H25K - CBA - Datapath,204,1.0,49.1,19.0,3,0.0
15324,1.0,2.2,H25K - CBA - Datapath,204,1.0,49.1,19.0,2,0.0
15324,1.0,2.3,H25K - CBA - Transistor,166,1.0,49.1,19.0,4,100.0
15324,1.0,2.3,H25K - CBA - Transistor,166,1.0,49.1,19.0,1,0.0
15324,1.0,2.3,H25K - CBA - Transistor,166,1.0,49.1,19.0,2,0.0
15324,1.0,2.3,H25K - CBA - Transistor,166,1.0,49.1,19.0,5,0.0
15324,1.0,2.3,H25K - CBA - Transistor,166,1.0,49.1,19.0,3,0.0
15324,1.0,2.4,H25K - CBA - Port,154,1.0,49.1,19.0,1,100.0
15324,1.0,2.4,H25K - CBA - Port,154,1.0,49.1,19.0,2,0.0
15324,1.0,2.4,H25K - CBA - Port,154,1.0,49.1,19.0,3,0.0
15324,1.0,2.4,H25K - CBA - Port,154,1.0,49.1,19.0,4,0.0
15324,1.0,2.4,H25K - CBA - Port,154,1.0,49.1,19.0,5,0.0
15324,1.0,2.5,H25K - CBA - Hazard,138,0.0,49.1,19.0,3,25.0
15324,1.0,2.5,H25K - CBA - Hazard,138,0.0,49.1,19.0,2,25.0
15324,1.0,2.5,H25K - CBA - Hazard,138,0.0,49.1,19.0,5,25.0
15324,1.0,2.5,H25K - CBA - Hazard,138,0.0,49.1,19.0,4,25.0
15324,1.0,2.5,H25K - CBA - Hazard,138,0.0,49.1,19.0,1,0.0
15324,1.0,2.6,H25K - CBA - Register,92,1.0,49.1,19.0,1,50.0
15324,1.0,2.6,H25K - CBA - Register,92,1.0,49.1,19.0,4,25.0
15324,1.0,2.6,H25K - CBA - Register,92,1.0,49.1,19.0,5,25.0
15324,1.0,2.6,H25K - CBA - Register,92,1.0,49.1,19.0,2,0.0
15324,1.0,2.6,H25K - CBA - Register,92,1.0,49.1,19.0,3,0.0
15324,1.0,2.7,H25K - CBA - Decode,146,1.0,49.1,19.0,2,25.0
15324,1.0,2.7,H25K - CBA - Decode,146,1.0,49.1,19.0,1,50.0
15324,1.0,2.7,H25K - CBA - Decode,146,1.0,49.1,19.0,3,25.0
15324,1.0,2.7,H25K - CBA - Decode,146,1.0,49.1,19.0,5,0.0
15324,1.0,2.7,H25K - CBA - Decode,146,1.0,49.1,19.0,4,0.0
15324,1.0,2.8,H25K - CBA - Abstraksjonsnivå,156,1.0,49.1,19.0,3,50.0
15324,1.0,2.8,H25K - CBA - Abstraksjonsnivå,156,1.0,49.1,19.0,2,50.0
15324,1.0,2.8,H25K - CBA - Abstraksjonsnivå,156,1.0,49.1,19.0,5,0.0
15324,1.0,2.8,H25K - CBA - Abstraksjonsnivå,156,1.0,49.1,19.0,1,0.0
15324,1.0,2.8,H25K - CBA - Abstraksjonsnivå,156,1.0,49.1,19.0,4,0.0
15324,1.0,2.9,H25K - CBA - Opcode,43,1.0,49.1,19.0,1,75.0
15324,1.0,2.9,H25K - CBA - Opcode,43,1.0,49.1,19.0,3,25.0
15324,1.0,2.9,H25K - CBA - Opcode,43,1.0,49.1,19.0,4,0.0
15324,1.0,2.9,H25K - CBA - Opcode,43,1.0,49.1,19.0,5,0.0
15324,1.0,2.9,H25K - CBA - Opcode,43,1.0,49.1,19.0,2,0.0
15324,2.0,2.10,H25K - CBA - Funksjonsuttrykk,306,2.0,49.1,19.0,2,0.0
15324,2.0,2.10,H25K - CBA - Funksjonsuttrykk,306,2.0,49.1,19.0,1,50.0
15324,2.0,2.10,H25K - CBA - Funksjonsuttrykk,306,2.0,49.1,19.0,4,50.0
15324,2.0,2.10,H25K - CBA - Funksjonsuttrykk,306,2.0,49.1,19.0,5,0.0
15324,2.0,2.10,H25K - CBA - Funksjonsuttrykk,306,2.0,49.1,19.0,3,0.0
15324,1.0,2.11,H25K - CBA - RAM,63,1.0,49.1,19.0,1,75.0
15324,1.0,2.11,H25K - CBA - RAM,63,1.0,49.1,19.0,3,25.0
15324,1.0,2.11,H25K - CBA - RAM,63,1.0,49.1,19.0,2,0.0
15324,1.0,2.11,H25K - CBA - RAM,63,1.0,49.1,19.0,5,0.0
15324,1.0,2.11,H25K - CBA - RAM,63,1.0,49.1,19.0,4,0.0
15324,2.0,2.12,H25K - CBA - Multiplikasjon,61,2.0,49.1,19.0,4,0.0
15324,2.0,2.12,H25K - CBA - Multiplikasjon,61,2.0,49.1,19.0,3,25.0
15324,2.0,2.12,H25K - CBA - Multiplikasjon,61,2.0,49.1,19.0,1,25.0
15324,2.0,2.12,H25K - CBA - Multiplikasjon,61,2.0,49.1,19.0,5,25.0
15324,2.0,2.12,H25K - CBA - Multiplikasjon,61,2.0,49.1,19.0,2,25.0
15324,2.0,2.13,H25K - CBA - Maskinkode,65,2.0,49.1,19.0,3,75.0
15324,2.0,2.13,H25K - CBA - Maskinkode,65,2.0,49.1,19.0,1,25.0
15324,2.0,2.13,H25K - CBA - Maskinkode,65,2.0,49.1,19.0,5,0.0
15324,2.0,2.13,H25K - CBA - Maskinkode,65,2.0,49.1,19.0,2,0.0
15324,2.0,2.13,H25K - CBA - Maskinkode,65,2.0,49.1,19.0,4,0.0
15324,2.0,2.14,H25K - CBA - Full-adder,64,2.0,49.1,19.0,2,0.0
15324,2.0,2.14,H25K - CBA - Full-adder,64,2.0,49.1,19.0,1,100.0
15324,2.0,2.14,H25K - CBA - Full-adder,64,2.0,49.1,19.0,5,0.0
15324,2.0,2.14,H25K - CBA - Full-adder,64,2.0,49.1,19.0,4,0.0
15324,2.0,2.14,H25K - CBA - Full-adder,64,2.0,49.1,19.0,3,0.0
15324,2.0,2.15,H25K - CBA - Full-adder 2,100,2.0,49.1,19.0,5,25.0
15324,2.0,2.15,H25K - CBA - Full-adder 2,100,2.0,49.1,19.0,1,25.0
15324,2.0,2.15,H25K - CBA - Full-adder 2,100,2.0,49.1,19.0,2,25.0
15324,2.0,2.15,H25K - CBA - Full-adder 2,100,2.0,49.1,19.0,4,25.0
15324,2.0,2.15,H25K - CBA - Full-adder 2,100,2.0,49.1,19.0,3,0.0
15338,1.0,2.1,H25K - CBA - PC,41,1.0,59.66,20.0,4,0.0
15338,1.0,2.1,H25K - CBA - PC,41,1.0,59.66,20.0,1,100.0
15338,1.0,2.1,H25K - CBA - PC,41,1.0,59.66,20.0,3,0.0
15338,1.0,2.1,H25K - CBA - PC,41,1.0,59.66,20.0,5,0.0
15338,1.0,2.1,H25K - CBA - PC,41,1.0,59.66,20.0,2,0.0
15338,1.0,2.2,H25K - CBA - Datapath,277,1.0,59.66,20.0,5,0.0
15338,1.0,2.2,H25K - CBA - Datapath,277,1.0,59.66,20.0,4,0.0
15338,1.0,2.2,H25K - CBA - Datapath,277,1.0,59.66,20.0,1,75.0
15338,1.0,2.2,H25K - CBA - Datapath,277,1.0,59.66,20.0,2,25.0
15338,1.0,2.2,H25K - CBA - Datapath,277,1.0,59.66,20.0,3,0.0
15338,1.0,2.3,H25K - CBA - Transistor,20,1.0,59.66,20.0,1,100.0
15338,1.0,2.3,H25K - CBA - Transistor,20,1.0,59.66,20.0,5,0.0
15338,1.0,2.3,H25K - CBA - Transistor,20,1.0,59.66,20.0,2,0.0
15338,1.0,2.3,H25K - CBA - Transistor,20,1.0,59.66,20.0,3,0.0
15338,1.0,2.3,H25K - CBA - Transistor,20,1.0,59.66,20.0,4,0.0
15338,1.0,2.4,H25K - CBA - Port,19,1.0,59.66,20.0,1,100.0
15338,1.0,2.4,H25K - CBA - Port,19,1.0,59.66,20.0,3,0.0
15338,1.0,2.4,H25K - CBA - Port,19,1.0,59.66,20.0,2,0.0
15338,1.0,2.4,H25K - CBA - Port,19,1.0,59.66,20.0,4,0.0
15338,1.0,2.4,H25K - CBA - Port,19,1.0,59.66,20.0,5,0.0
15338,1.0,2.5,H25K - CBA - Hazard,67,1.0,59.66,20.0,4,0.0
15338,1.0,2.5,H25K - CBA - Hazard,67,1.0,59.66,20.0,2,75.0
15338,1.0,2.5,H25K - CBA - Hazard,67,1.0,59.66,20.0,5,0.0
15338,1.0,2.5,H25K - CBA - Hazard,67,1.0,59.66,20.0,1,25.0
15338,1.0,2.5,H25K - CBA - Hazard,67,1.0,59.66,20.0,3,0.0
15338,1.0,2.6,H25K - CBA - Register,131,1.0,59.66,20.0,4,0.0
15338,1.0,2.6,H25K - CBA - Register,131,1.0,59.66,20.0,2,0.0
15338,1.0,2.6,H25K - CBA - Register,131,1.0,59.66,20.0,3,0.0
15338,1.0,2.6,H25K - CBA - Register,131,1.0,59.66,20.0,1,100.0
15338,1.0,2.6,H25K - CBA - Register,131,1.0,59.66,20.0,5,0.0
15338,1.0,2.7,H25K - CBA - Decode,138,1.0,59.66,20.0,4,0.0
15338,1.0,2.7,H25K - CBA - Decode,138,1.0,59.66,20.0,2,50.0
15338,1.0,2.7,H25K - CBA - Decode,138,1.0,59.66,20.0,3,25.0
15338,1.0,2.7,H25K - CBA - Decode,138,1.0,59.66,20.0,5,0.0
15338,1.0,2.7,H25K - CBA - Decode,138,1.0,59.66,20.0,1,25.0
15338,1.0,2.8,H25K - CBA - Abstraksjonsnivå,67,1.0,59.66,20.0,5,0.0
15338,1.0,2.8,H25K - CBA - Abstraksjonsnivå,67,1.0,59.66,20.0,3,0.0
15338,1.0,2.8,H25K - CBA - Abstraksjonsnivå,67,1.0,59.66,20.0,1,50.0
15338,1.0,2.8,H25K - CBA - Abstraksjonsnivå,67,1.0,59.66,20.0,4,25.0
15338,1.0,2.8,H25K - CBA - Abstraksjonsnivå,67,1.0,59.66,20.0,2,25.0
15338,1.0,2.9,H25K - CBA - Opcode,103,1.0,59.66,20.0,2,50.0
15338,1.0,2.9,H25K - CBA - Opcode,103,1.0,59.66,20.0,1,50.0
15338,1.0,2.9,H25K - CBA - Opcode,103,1.0,59.66,20.0,4,0.0
15338,1.0,2.9,H25K - CBA - Opcode,103,1.0,59.66,20.0,5,0.0
15338,1.0,2.9,H25K - CBA - Opcode,103,1.0,59.66,20.0,3,0.0
15338,2.0,2.10,H25K - CBA - Funksjonsuttrykk,90,2.0,59.66,20.0,1,100.0
15338,2.0,2.10,H25K - CBA - Funksjonsuttrykk,90,2.0,59.66,20.0,3,0.0
15338,2.0,2.10,H25K - CBA - Funksjonsuttrykk,90,2.0,59.66,20.0,2,0.0
15338,2.0,2.10,H25K - CBA - Funksjonsuttrykk,90,2.0,59.66,20.0,5,0.0
15338,2.0,2.10,H25K - CBA - Funksjonsuttrykk,90,2.0,59.66,20.0,4,0.0
15338,1.0,2.11,H25K - CBA - RAM,62,1.0,59.66,20.0,5,100.0
15338,1.0,2.11,H25K - CBA - RAM,62,1.0,59.66,20.0,3,0.0
15338,1.0,2.11,H25K - CBA - RAM,62,1.0,59.66,20.0,2,0.0
15338,1.0,2.11,H25K - CBA - RAM,62,1.0,59.66,20.0,1,0.0
15338,1.0,2.11,H25K - CBA - RAM,62,1.0,59.66,20.0,4,0.0
15338,2.0,2.12,H25K - CBA - Multiplikasjon,231,2.0,59.66,20.0,3,0.0
15338,2.0,2.12,H25K - CBA - Multiplikasjon,231,2.0,59.66,20.0,1,75.0
15338,2.0,2.12,H25K - CBA - Multiplikasjon,231,2.0,59.66,20.0,5,25.0
15338,2.0,2.12,H25K - CBA - Multiplikasjon,231,2.0,59.66,20.0,4,0.0
15338,2.0,2.12,H25K - CBA - Multiplikasjon,231,2.0,59.66,20.0,2,0.0
15338,2.0,2.13,H25K - CBA - Maskinkode,36,2.0,59.66,20.0,5,0.0
15338,2.0,2.13,H25K - CBA - Maskinkode,36,2.0,59.66,20.0,2,50.0
15338,2.0,2.13,H25K - CBA - Maskinkode,36,2.0,59.66,20.0,1,50.0
15338,2.0,2.13,H25K - CBA - Maskinkode,36,2.0,59.66,20.0,4,0.0
15338,2.0,2.13,H25K - CBA - Maskinkode,36,2.0,59.66,20.0,3,0.0
15338,2.0,2.14,H25K - CBA - Full-adder,43,2.0,59.66,20.0,2,0.0
15338,2.0,2.14,H25K - CBA - Full-adder,43,2.0,59.66,20.0,5,0.0
15338,2.0,2.14,H25K - CBA - Full-adder,43,2.0,59.66,20.0,1,100.0
15338,2.0,2.14,H25K - CBA - Full-adder,43,2.0,59.66,20.0,3,0.0
15338,2.0,2.14,H25K - CBA - Full-adder,43,2.0,59.66,20.0,4,0.0
15338,2.0,2.15,H25K - CBA - Full-adder 2,154,2.0,59.66,20.0,3,0.0
15338,2.0,2.15,H25K - CBA - Full-adder 2,154,2.0,59.66,20.0,4,0.0
15338,2.0,2.15,H25K - CBA - Full-adder 2,154,2.0,59.66,20.0,1,75.0
15338,2.0,2.15,H25K - CBA - Full-adder 2,154,2.0,59.66,20.0,5,25.0
15338,2.0,2.15,H25K - CBA - Full-adder 2,154,2.0,59.66,20.0,2,0.0
15282,1.0,2.1,H25K - CBA - PC,79,1.0,52.51,20.0,3,0.0
15282,1.0,2.1,H25K - CBA - PC,79,1.0,52.51,20.0,1,100.0
15282,1.0,2.1,H25K - CBA - PC,79,1.0,52.51,20.0,2,0.0
15282,1.0,2.1,H25K - CBA - PC,79,1.0,52.51,20.0,4,0.0
15282,1.0,2.1,H25K - CBA - PC,79,1.0,52.51,20.0,5,0.0
15282,1.0,2.2,H25K - CBA - Datapath,113,1.0,52.51,20.0,1,100.0
15282,1.0,2.2,H25K - CBA - Datapath,113,1.0,52.51,20.0,4,0.0
15282,1.0,2.2,H25K - CBA - Datapath,113,1.0,52.51,20.0,2,0.0
15282,1.0,2.2,H25K - CBA - Datapath,113,1.0,52.51,20.0,3,0.0
15282,1.0,2.2,H25K - CBA - Datapath,113,1.0,52.51,20.0,5,0.0
15282,1.0,2.3,H25K - CBA - Transistor,123,1.0,52.51,20.0,1,100.0
15282,1.0,2.3,H25K - CBA - Transistor,123,1.0,52.51,20.0,4,0.0
15282,1.0,2.3,H25K - CBA - Transistor,123,1.0,52.51,20.0,5,0.0
15282,1.0,2.3,H25K - CBA - Transistor,123,1.0,52.51,20.0,3,0.0
15282,1.0,2.3,H25K - CBA - Transistor,123,1.0,52.51,20.0,2,0.0
15282,1.0,2.4,H25K - CBA - Port,58,1.0,52.51,20.0,2,100.0
15282,1.0,2.4,H25K - CBA - Port,58,1.0,52.51,20.0,4,0.0
15282,1.0,2.4,H25K - CBA - Port,58,1.0,52.51,20.0,3,0.0
15282,1.0,2.4,H25K - CBA - Port,58,1.0,52.51,20.0,5,0.0
15282,1.0,2.4,H25K - CBA - Port,58,1.0,52.51,20.0,1,0.0
15282,1.0,2.5,H25K - CBA - Hazard,68,1.0,52.51,20.0,4,0.0
15282,1.0,2.5,H25K - CBA - Hazard,68,1.0,52.51,20.0,5,0.0
15282,1.0,2.5,H25K - CBA - Hazard,68,1.0,52.51,20.0,1,100.0
15282,1.0,2.5,H25K - CBA - Hazard,68,1.0,52.51,20.0,2,0.0
15282,1.0,2.5,H25K - CBA - Hazard,68,1.0,52.51,20.0,3,0.0
15282,1.0,2.6,H25K - CBA - Register,25,1.0,52.51,20.0,1,100.0
15282,1.0,2.6,H25K - CBA - Register,25,1.0,52.51,20.0,4,0.0
15282,1.0,2.6,H25K - CBA - Register,25,1.0,52.51,20.0,2,0.0
15282,1.0,2.6,H25K - CBA - Register,25,1.0,52.51,20.0,5,0.0
15282,1.0,2.6,H25K - CBA - Register,25,1.0,52.51,20.0,3,0.0
15282,1.0,2.7,H25K - CBA - Decode,117,1.0,52.51,20.0,2,0.0
15282,1.0,2.7,H25K - CBA - Decode,117,1.0,52.51,20.0,5,0.0
15282,1.0,2.7,H25K - CBA - Decode,117,1.0,52.51,20.0,1,100.0
15282,1.0,2.7,H25K - CBA - Decode,117,1.0,52.51,20.0,4,0.0
15282,1.0,2.7,H25K - CBA - Decode,117,1.0,52.51,20.0,3,0.0
15282,1.0,2.8,H25K - CBA - Abstraksjonsnivå,33,1.0,52.51,20.0,1,100.0
15282,1.0,2.8,H25K - CBA - Abstraksjonsnivå,33,1.0,52.51,20.0,4,0.0
15282,1.0,2.8,H25K - CBA - Abstraksjonsnivå,33,1.0,52.51,20.0,2,0.0
15282,1.0,2.8,H25K - CBA - Abstraksjonsnivå,33,1.0,52.51,20.0,3,0.0
15282,1.0,2.8,H25K - CBA - Abstraksjonsnivå,33,1.0,52.51,20.0,5,0.0
15282,1.0,2.9,H25K - CBA - Opcode,53,1.0,52.51,20.0,1,100.0
15282,1.0,2.9,H25K - CBA - Opcode,53,1.0,52.51,20.0,4,0.0
15282,1.0,2.9,H25K - CBA - Opcode,53,1.0,52.51,20.0,5,0.0
15282,1.0,2.9,H25K - CBA - Opcode,53,1.0,52.51,20.0,2,0.0
15282,1.0,2.9,H25K - CBA - Opcode,53,1.0,52.51,20.0,3,0.0
15282,2.0,2.10,H25K - CBA - Funksjonsuttrykk,130,2.0,52.51,20.0,4,100.0
15282,2.0,2.10,H25K - CBA - Funksjonsuttrykk,130,2.0,52.51,20.0,5,0.0
15282,2.0,2.10,H25K - CBA - Funksjonsuttrykk,130,2.0,52.51,20.0,2,0.0
15282,2.0,2.10,H25K - CBA - Funksjonsuttrykk,130,2.0,52.51,20.0,3,0.0
15282,2.0,2.10,H25K - CBA - Funksjonsuttrykk,130,2.0,52.51,20.0,1,0.0
15282,1.0,2.11,H25K - CBA - RAM,47,1.0,52.51,20.0,1,100.0
15282,1.0,2.11,H25K - CBA - RAM,47,1.0,52.51,20.0,5,0.0
15282,1.0,2.11,H25K - CBA - RAM,47,1.0,52.51,20.0,2,0.0
15282,1.0,2.11,H25K - CBA - RAM,47,1.0,52.51,20.0,4,0.0
15282,1.0,2.11,H25K - CBA - RAM,47,1.0,52.51,20.0,3,0.0
15282,2.0,2.12,H25K - CBA - Multiplikasjon,131,2.0,52.51,20.0,1,0.0
15282,2.0,2.12,H25K - CBA - Multiplikasjon,131,2.0,52.51,20.0,3,0.0
15282,2.0,2.12,H25K - CBA - Multiplikasjon,131,2.0,52.51,20.0,2,100.0
15282,2.0,2.12,H25K - CBA - Multiplikasjon,131,2.0,52.51,20.0,5,0.0
15282,2.0,2.12,H25K - CBA - Multiplikasjon,131,2.0,52.51,20.0,4,0.0
15282,2.0,2.13,H25K - CBA - Maskinkode,74,2.0,52.51,20.0,2,0.0
15282,2.0,2.13,H25K - CBA - Maskinkode,74,2.0,52.51,20.0,5,0.0
15282,2.0,2.13,H25K - CBA - Maskinkode,74,2.0,52.51,20.0,1,100.0
15282,2.0,2.13,H25K - CBA - Maskinkode,74,2.0,52.51,20.0,3,0.0
15282,2.0,2.13,H25K - CBA - Maskinkode,74,2.0,52.51,20.0,4,0.0
15282,2.0,2.14,H25K - CBA - Full-adder,100,2.0,52.51,20.0,4,100.0
15282,2.0,2.14,H25K - CBA - Full-adder,100,2.0,52.51,20.0,3,0.0
15282,2.0,2.14,H25K - CBA - Full-adder,100,2.0,52.51,20.0,5,0.0
15282,2.0,2.14,H25K - CBA - Full-adder,100,2.0,52.51,20.0,1,0.0
15282,2.0,2.14,H25K - CBA - Full-adder,100,2.0,52.51,20.0,2,0.0
15282,2.0,2.15,H25K - CBA - Full-adder 2,52,2.0,52.51,20.0,3,100.0
15282,2.0,2.15,H25K - CBA - Full-adder 2,52,2.0,52.51,20.0,2,0.0
15282,2.0,2.15,H25K - CBA - Full-adder 2,52,2.0,52.51,20.0,5,0.0
15282,2.0,2.15,H25K - CBA - Full-adder 2,52,2.0,52.51,20.0,1,0.0
15282,2.0,2.15,H25K - CBA - Full-adder 2,52,2.0,52.51,20.0,4,0.0
15272,1.0,2.1,H25K - CBA - PC,13,1.0,48.34,20.0,1,100.0
15272,1.0,2.1,H25K - CBA - PC,13,1.0,48.34,20.0,2,0.0
15272,1.0,2.1,H25K - CBA - PC,13,1.0,48.34,20.0,4,0.0
15272,1.0,2.1,H25K - CBA - PC,13,1.0,48.34,20.0,5,0.0
15272,1.0,2.1,H25K - CBA - PC,13,1.0,48.34,20.0,3,0.0
15272,1.0,2.2,H25K - CBA - Datapath,43,1.0,48.34,20.0,3,100.0
15272,1.0,2.2,H25K - CBA - Datapath,43,1.0,48.34,20.0,5,0.0
15272,1.0,2.2,H25K - CBA - Datapath,43,1.0,48.34,20.0,1,0.0
15272,1.0,2.2,H25K - CBA - Datapath,43,1.0,48.34,20.0,2,0.0
15272,1.0,2.2,H25K - CBA - Datapath,43,1.0,48.34,20.0,4,0.0
15272,1.0,2.3,H25K - CBA - Transistor,34,1.0,48.34,20.0,2,0.0
15272,1.0,2.3,H25K - CBA - Transistor,34,1.0,48.34,20.0,4,0.0
15272,1.0,2.3,H25K - CBA - Transistor,34,1.0,48.34,20.0,5,100.0
15272,1.0,2.3,H25K - CBA - Transistor,34,1.0,48.34,20.0,1,0.0
15272,1.0,2.3,H25K - CBA - Transistor,34,1.0,48.34,20.0,3,0.0
15272,1.0,2.4,H25K - CBA - Port,44,1.0,48.34,20.0,1,100.0
15272,1.0,2.4,H25K - CBA - Port,44,1.0,48.34,20.0,3,0.0
15272,1.0,2.4,H25K - CBA - Port,44,1.0,48.34,20.0,2,0.0
15272,1.0,2.4,H25K - CBA - Port,44,1.0,48.34,20.0,4,0.0
15272,1.0,2.4,H25K - CBA - Port,44,1.0,48.34,20.0,5,0.0
15272,1.0,2.5,H25K - CBA - Hazard,105,1.0,48.34,20.0,1,0.0
15272,1.0,2.5,H25K - CBA - Hazard,105,1.0,48.34,20.0,4,0.0
15272,1.0,2.5,H25K - CBA - Hazard,105,1.0,48.34,20.0,5,100.0
15272,1.0,2.5,H25K - CBA - Hazard,105,1.0,48.34,20.0,2,0.0
15272,1.0,2.5,H25K - CBA - Hazard,105,1.0,48.34,20.0,3,0.0
15272,1.0,2.6,H25K - CBA - Register,26,1.0,48.34,20.0,2,0.0
15272,1.0,2.6,H25K - CBA - Register,26,1.0,48.34,20.0,3,0.0
15272,1.0,2.6,H25K - CBA - Register,26,1.0,48.34,20.0,5,0.0
15272,1.0,2.6,H25K - CBA - Register,26,1.0,48.34,20.0,4,0.0
15272,1.0,2.6,H25K - CBA - Register,26,1.0,48.34,20.0,1,100.0
15272,1.0,2.7,H25K - CBA - Decode,99,1.0,48.34,20.0,4,0.0
15272,1.0,2.7,H25K - CBA - Decode,99,1.0,48.34,20.0,5,0.0
15272,1.0,2.7,H25K - CBA - Decode,99,1.0,48.34,20.0,2,0.0
15272,1.0,2.7,H25K - CBA - Decode,99,1.0,48.34,20.0,1,100.0
15272,1.0,2.7,H25K - CBA - Decode,99,1.0,48.34,20.0,3,0.0
15272,1.0,2.8,H25K - CBA - Abstraksjonsnivå,57,1.0,48.34,20.0,1,0.0
15272,1.0,2.8,H25K - CBA - Abstraksjonsnivå,57,1.0,48.34,20.0,4,0.0
15272,1.0,2.8,H25K - CBA - Abstraksjonsnivå,57,1.0,48.34,20.0,2,50.0
15272,1.0,2.8,H25K - CBA - Abstraksjonsnivå,57,1.0,48.34,20.0,5,0.0
15272,1.0,2.8,H25K - CBA - Abstraksjonsnivå,57,1.0,48.34,20.0,3,50.0
15272,1.0,2.9,H25K - CBA - Opcode,28,1.0,48.34,20.0,3,100.0
15272,1.0,2.9,H25K - CBA - Opcode,28,1.0,48.34,20.0,4,0.0
15272,1.0,2.9,H25K - CBA - Opcode,28,1.0,48.34,20.0,1,0.0
15272,1.0,2.9,H25K - CBA - Opcode,28,1.0,48.34,20.0,5,0.0
15272,1.0,2.9,H25K - CBA - Opcode,28,1.0,48.34,20.0,2,0.0
15272,2.0,2.10,H25K - CBA - Funksjonsuttrykk,104,2.0,48.34,20.0,1,100.0
15272,2.0,2.10,H25K - CBA - Funksjonsuttrykk,104,2.0,48.34,20.0,5,0.0
15272,2.0,2.10,H25K - CBA - Funksjonsuttrykk,104,2.0,48.34,20.0,4,0.0
15272,2.0,2.10,H25K - CBA - Funksjonsuttrykk,104,2.0,48.34,20.0,2,0.0
15272,2.0,2.10,H25K - CBA - Funksjonsuttrykk,104,2.0,48.34,20.0,3,0.0
15272,1.0,2.11,H25K - CBA - RAM,83,1.0,48.34,20.0,4,0.0
15272,1.0,2.11,H25K - CBA - RAM,83,1.0,48.34,20.0,5,0.0
15272,1.0,2.11,H25K - CBA - RAM,83,1.0,48.34,20.0,2,0.0
15272,1.0,2.11,H25K - CBA - RAM,83,1.0,48.34,20.0,1,100.0
15272,1.0,2.11,H25K - CBA - RAM,83,1.0,48.34,20.0,3,0.0
15272,2.0,2.12,H25K - CBA - Multiplikasjon,42,2.0,48.34,20.0,2,0.0
15272,2.0,2.12,H25K - CBA - Multiplikasjon,42,2.0,48.34,20.0,4,0.0
15272,2.0,2.12,H25K - CBA - Multiplikasjon,42,2.0,48.34,20.0,1,100.0
15272,2.0,2.12,H25K - CBA - Multiplikasjon,42,2.0,48.34,20.0,3,0.0
15272,2.0,2.12,H25K - CBA - Multiplikasjon,42,2.0,48.34,20.0,5,0.0
15272,2.0,2.13,H25K - CBA - Maskinkode,46,2.0,48.34,20.0,5,0.0
15272,2.0,2.13,H25K - CBA - Maskinkode,46,2.0,48.34,20.0,1,100.0
15272,2.0,2.13,H25K - CBA - Maskinkode,46,2.0,48.34,20.0,4,0.0
15272,2.0,2.13,H25K - CBA - Maskinkode,46,2.0,48.34,20.0,2,0.0
15272,2.0,2.13,H25K - CBA - Maskinkode,46,2.0,48.34,20.0,3,0.0
15272,2.0,2.14,H25K - CBA - Full-adder,30,2.0,48.34,20.0,5,100.0
15272,2.0,2.14,H25K - CBA - Full-adder,30,2.0,48.34,20.0,3,0.0
15272,2.0,2.14,H25K - CBA - Full-adder,30,2.0,48.34,20.0,4,0.0
15272,2.0,2.14,H25K - CBA - Full-adder,30,2.0,48.34,20.0,2,0.0
15272,2.0,2.14,H25K - CBA - Full-adder,30,2.0,48.34,20.0,1,0.0
15272,2.0,2.15,H25K - CBA - Full-adder 2,38,2.0,48.34,20.0,5,0.0
15272,2.0,2.15,H25K - CBA - Full-adder 2,38,2.0,48.34,20.0,1,100.0
15272,2.0,2.15,H25K - CBA - Full-adder 2,38,2.0,48.34,20.0,3,0.0
15272,2.0,2.15,H25K - CBA - Full-adder 2,38,2.0,48.34,20.0,4,0.0
15272,2.0,2.15,H25K - CBA - Full-adder 2,38,2.0,48.34,20.0,2,0.0
15273,1.0,2.1,H25K - CBA - PC,41,1.0,61.75,20.0,1,100.0
15273,1.0,2.1,H25K - CBA - PC,41,1.0,61.75,20.0,4,0.0
15273,1.0,2.1,H25K - CBA - PC,41,1.0,61.75,20.0,5,0.0
15273,1.0,2.1,H25K - CBA - PC,41,1.0,61.75,20.0,2,0.0
15273,1.0,2.1,H25K - CBA - PC,41,1.0,61.75,20.0,3,0.0
15273,1.0,2.2,H25K - CBA - Datapath,231,1.0,61.75,20.0,3,0.0
15273,1.0,2.2,H25K - CBA - Datapath,231,1.0,61.75,20.0,1,100.0
15273,1.0,2.2,H25K - CBA - Datapath,231,1.0,61.75,20.0,4,0.0
15273,1.0,2.2,H25K - CBA - Datapath,231,1.0,61.75,20.0,2,0.0
15273,1.0,2.2,H25K - CBA - Datapath,231,1.0,61.75,20.0,5,0.0
15273,1.0,2.3,H25K - CBA - Transistor,109,1.0,61.75,20.0,1,0.0
15273,1.0,2.3,H25K - CBA - Transistor,109,1.0,61.75,20.0,3,0.0
15273,1.0,2.3,H25K - CBA - Transistor,109,1.0,61.75,20.0,5,0.0
15273,1.0,2.3,H25K - CBA - Transistor,109,1.0,61.75,20.0,4,0.0
15273,1.0,2.3,H25K - CBA - Transistor,109,1.0,61.75,20.0,2,100.0
15273,1.0,2.4,H25K - CBA - Port,21,1.0,61.75,20.0,1,100.0
15273,1.0,2.4,H25K - CBA - Port,21,1.0,61.75,20.0,3,0.0
15273,1.0,2.4,H25K - CBA - Port,21,1.0,61.75,20.0,4,0.0
15273,1.0,2.4,H25K - CBA - Port,21,1.0,61.75,20.0,2,0.0
15273,1.0,2.4,H25K - CBA - Port,21,1.0,61.75,20.0,5,0.0
15273,1.0,2.5,H25K - CBA - Hazard,106,1.0,61.75,20.0,3,0.0
15273,1.0,2.5,H25K - CBA - Hazard,106,1.0,61.75,20.0,5,0.0
15273,1.0,2.5,H25K - CBA - Hazard,106,1.0,61.75,20.0,1,50.0
15273,1.0,2.5,H25K - CBA - Hazard,106,1.0,61.75,20.0,4,50.0
15273,1.0,2.5,H25K - CBA - Hazard,106,1.0,61.75,20.0,2,0.0
15273,1.0,2.6,H25K - CBA - Register,37,1.0,61.75,20.0,1,100.0
15273,1.0,2.6,H25K - CBA - Register,37,1.0,61.75,20.0,5,0.0
15273,1.0,2.6,H25K - CBA - Register,37,1.0,61.75,20.0,2,0.0
15273,1.0,2.6,H25K - CBA - Register,37,1.0,61.75,20.0,3,0.0
15273,1.0,2.6,H25K - CBA - Register,37,1.0,61.75,20.0,4,0.0
15273,1.0,2.7,H25K - CBA - Decode,173,1.0,61.75,20.0,4,0.0
15273,1.0,2.7,H25K - CBA - Decode,173,1.0,61.75,20.0,5,0.0
15273,1.0,2.7,H25K - CBA - Decode,173,1.0,61.75,20.0,3,0.0
15273,1.0,2.7,H25K - CBA - Decode,173,1.0,61.75,20.0,2,0.0
15273,1.0,2.7,H25K - CBA - Decode,173,1.0,61.75,20.0,1,100.0
15273,1.0,2.8,H25K - CBA - Abstraksjonsnivå,385,1.0,61.75,20.0,5,0.0
15273,1.0,2.8,H25K - CBA - Abstraksjonsnivå,385,1.0,61.75,20.0,4,0.0
15273,1.0,2.8,H25K - CBA - Abstraksjonsnivå,385,1.0,61.75,20.0,2,0.0
15273,1.0,2.8,H25K - CBA - Abstraksjonsnivå,385,1.0,61.75,20.0,3,0.0
15273,1.0,2.8,H25K - CBA - Abstraksjonsnivå,385,1.0,61.75,20.0,1,100.0
15273,1.0,2.9,H25K - CBA - Opcode,168,1.0,61.75,20.0,5,0.0
15273,1.0,2.9,H25K - CBA - Opcode,168,1.0,61.75,20.0,3,0.0
15273,1.0,2.9,H25K - CBA - Opcode,168,1.0,61.75,20.0,4,0.0
15273,1.0,2.9,H25K - CBA - Opcode,168,1.0,61.75,20.0,2,50.0
15273,1.0,2.9,H25K - CBA - Opcode,168,1.0,61.75,20.0,1,50.0
15273,2.0,2.10,H25K - CBA - Funksjonsuttrykk,129,2.0,61.75,20.0,1,100.0
15273,1.0,2.11,H25K - CBA - RAM,36,1.0,61.75,20.0,2,0.0
15273,1.0,2.11,H25K - CBA - RAM,36,1.0,61.75,20.0,4,0.0
15273,1.0,2.11,H25K - CBA - RAM,36,1.0,61.75,20.0,1,100.0
15273,1.0,2.11,H25K - CBA - RAM,36,1.0,61.75,20.0,3,0.0
15273,1.0,2.11,H25K - CBA - RAM,36,1.0,61.75,20.0,5,0.0
15273,2.0,2.12,H25K - CBA - Multiplikasjon,298,2.0,61.75,20.0,4,0.0
15273,2.0,2.12,H25K - CBA - Multiplikasjon,298,2.0,61.75,20.0,2,0.0
15273,2.0,2.12,H25K - CBA - Multiplikasjon,298,2.0,61.75,20.0,5,50.0
15273,2.0,2.12,H25K - CBA - Multiplikasjon,298,2.0,61.75,20.0,1,50.0
15273,2.0,2.12,H25K - CBA - Multiplikasjon,298,2.0,61.75,20.0,3,0.0
15273,2.0,2.13,H25K - CBA - Maskinkode,96,2.0,61.75,20.0,5,0.0
15273,2.0,2.13,H25K - CBA - Maskinkode,96,2.0,61.75,20.0,4,0.0
15273,2.0,2.13,H25K - CBA - Maskinkode,96,2.0,61.75,20.0,1,50.0
15273,2.0,2.13,H25K - CBA - Maskinkode,96,2.0,61.75,20.0,3,0.0
15273,2.0,2.13,H25K - CBA - Maskinkode,96,2.0,61.75,20.0,2,50.0
15273,2.0,2.14,H25K - CBA - Full-adder,88,2.0,61.75,20.0,4,0.0
15273,2.0,2.14,H25K - CBA - Full-adder,88,2.0,61.75,20.0,2,0.0
15273,2.0,2.14,H25K - CBA - Full-adder,88,2.0,61.75,20.0,3,0.0
15273,2.0,2.14,H25K - CBA - Full-adder,88,2.0,61.75,20.0,1,50.0
15273,2.0,2.14,H25K - CBA - Full-adder,88,2.0,61.75,20.0,5,50.0
15273,2.0,2.15,H25K - CBA - Full-adder 2,122,2.0,61.75,20.0,3,0.0
15273,2.0,2.15,H25K - CBA - Full-adder 2,122,2.0,61.75,20.0,5,0.0
15273,2.0,2.15,H25K - CBA - Full-adder 2,122,2.0,61.75,20.0,4,0.0
15273,2.0,2.15,H25K - CBA - Full-adder 2,122,2.0,61.75,20.0,2,50.0
15273,2.0,2.15,H25K - CBA - Full-adder 2,122,2.0,61.75,20.0,1,50.0
15311,1.0,2.1,H25K - CBA - PC,42,1.0,44.82,20.0,2,0.0
15311,1.0,2.1,H25K - CBA - PC,42,1.0,44.82,20.0,3,100.0
15311,1.0,2.1,H25K - CBA - PC,42,1.0,44.82,20.0,4,0.0
15311,1.0,2.1,H25K - CBA - PC,42,1.0,44.82,20.0,5,0.0
15311,1.0,2.1,H25K - CBA - PC,42,1.0,44.82,20.0,1,0.0
15311,1.0,2.2,H25K - CBA - Datapath,30,1.0,44.82,20.0,3,100.0
15311,1.0,2.2,H25K - CBA - Datapath,30,1.0,44.82,20.0,1,0.0
15311,1.0,2.2,H25K - CBA - Datapath,30,1.0,44.82,20.0,2,0.0
15311,1.0,2.2,H25K - CBA - Datapath,30,1.0,44.82,20.0,5,0.0
15311,1.0,2.2,H25K - CBA - Datapath,30,1.0,44.82,20.0,4,0.0
15311,1.0,2.3,H25K - CBA - Transistor,20,1.0,44.82,20.0,1,100.0
15311,1.0,2.3,H25K - CBA - Transistor,20,1.0,44.82,20.0,2,0.0
15311,1.0,2.3,H25K - CBA - Transistor,20,1.0,44.82,20.0,5,0.0
15311,1.0,2.3,H25K - CBA - Transistor,20,1.0,44.82,20.0,4,0.0
15311,1.0,2.3,H25K - CBA - Transistor,20,1.0,44.82,20.0,3,0.0
15311,1.0,2.4,H25K - CBA - Port,35,1.0,44.82,20.0,2,0.0
15311,1.0,2.4,H25K - CBA - Port,35,1.0,44.82,20.0,4,0.0
15311,1.0,2.4,H25K - CBA - Port,35,1.0,44.82,20.0,5,0.0
15311,1.0,2.4,H25K - CBA - Port,35,1.0,44.82,20.0,3,0.0
15311,1.0,2.4,H25K - CBA - Port,35,1.0,44.82,20.0,1,100.0
15311,1.0,2.5,H25K - CBA - Hazard,19,1.0,44.82,20.0,2,100.0
15311,1.0,2.5,H25K - CBA - Hazard,19,1.0,44.82,20.0,5,0.0
15311,1.0,2.5,H25K - CBA - Hazard,19,1.0,44.82,20.0,1,0.0
15311,1.0,2.5,H25K - CBA - Hazard,19,1.0,44.82,20.0,4,0.0
15311,1.0,2.5,H25K - CBA - Hazard,19,1.0,44.82,20.0,3,0.0
15311,1.0,2.6,H25K - CBA - Register,28,1.0,44.82,20.0,5,100.0
15311,1.0,2.6,H25K - CBA - Register,28,1.0,44.82,20.0,2,0.0
15311,1.0,2.6,H25K - CBA - Register,28,1.0,44.82,20.0,4,0.0
15311,1.0,2.6,H25K - CBA - Register,28,1.0,44.82,20.0,3,0.0
15311,1.0,2.6,H25K - CBA - Register,28,1.0,44.82,20.0,1,0.0
15311,1.0,2.7,H25K - CBA - Decode,27,1.0,44.82,20.0,1,100.0
15311,1.0,2.7,H25K - CBA - Decode,27,1.0,44.82,20.0,5,0.0
15311,1.0,2.7,H25K - CBA - Decode,27,1.0,44.82,20.0,3,0.0
15311,1.0,2.7,H25K - CBA - Decode,27,1.0,44.82,20.0,4,0.0
15311,1.0,2.7,H25K - CBA - Decode,27,1.0,44.82,20.0,2,0.0
15311,1.0,2.8,H25K - CBA - Abstraksjonsnivå,57,1.0,44.82,20.0,1,100.0
15311,1.0,2.8,H25K - CBA - Abstraksjonsnivå,57,1.0,44.82,20.0,4,0.0
15311,1.0,2.8,H25K - CBA - Abstraksjonsnivå,57,1.0,44.82,20.0,2,0.0
15311,1.0,2.8,H25K - CBA - Abstraksjonsnivå,57,1.0,44.82,20.0,5,0.0
15311,1.0,2.8,H25K - CBA - Abstraksjonsnivå,57,1.0,44.82,20.0,3,0.0
15311,1.0,2.9,H25K - CBA - Opcode,20,1.0,44.82,20.0,1,100.0
15311,1.0,2.9,H25K - CBA - Opcode,20,1.0,44.82,20.0,4,0.0
15311,1.0,2.9,H25K - CBA - Opcode,20,1.0,44.82,20.0,2,0.0
15311,1.0,2.9,H25K - CBA - Opcode,20,1.0,44.82,20.0,3,0.0
15311,1.0,2.9,H25K - CBA - Opcode,20,1.0,44.82,20.0,5,0.0
15311,2.0,2.10,H25K - CBA - Funksjonsuttrykk,107,2.0,44.82,20.0,1,100.0
15311,2.0,2.10,H25K - CBA - Funksjonsuttrykk,107,2.0,44.82,20.0,5,0.0
15311,2.0,2.10,H25K - CBA - Funksjonsuttrykk,107,2.0,44.82,20.0,4,0.0
15311,2.0,2.10,H25K - CBA - Funksjonsuttrykk,107,2.0,44.82,20.0,3,0.0
15311,2.0,2.10,H25K - CBA - Funksjonsuttrykk,107,2.0,44.82,20.0,2,0.0
15311,1.0,2.11,H25K - CBA - RAM,17,1.0,44.82,20.0,4,0.0
15311,1.0,2.11,H25K - CBA - RAM,17,1.0,44.82,20.0,3,0.0
15311,1.0,2.11,H25K - CBA - RAM,17,1.0,44.82,20.0,2,0.0
15311,1.0,2.11,H25K - CBA - RAM,17,1.0,44.82,20.0,5,0.0
15311,1.0,2.11,H25K - CBA - RAM,17,1.0,44.82,20.0,1,100.0
15311,2.0,2.12,H25K - CBA - Multiplikasjon,61,2.0,44.82,20.0,2,0.0
15311,2.0,2.12,H25K - CBA - Multiplikasjon,61,2.0,44.82,20.0,5,0.0
15311,2.0,2.12,H25K - CBA - Multiplikasjon,61,2.0,44.82,20.0,3,100.0
15311,2.0,2.12,H25K - CBA - Multiplikasjon,61,2.0,44.82,20.0,1,0.0
15311,2.0,2.12,H25K - CBA - Multiplikasjon,61,2.0,44.82,20.0,4,0.0
15311,2.0,2.13,H25K - CBA - Maskinkode,23,2.0,44.82,20.0,4,0.0
15311,2.0,2.13,H25K - CBA - Maskinkode,23,2.0,44.82,20.0,1,100.0
15311,2.0,2.13,H25K - CBA - Maskinkode,23,2.0,44.82,20.0,3,0.0
15311,2.0,2.13,H25K - CBA - Maskinkode,23,2.0,44.82,20.0,2,0.0
15311,2.0,2.13,H25K - CBA - Maskinkode,23,2.0,44.82,20.0,5,0.0
15311,2.0,2.14,H25K - CBA - Full-adder,19,2.0,44.82,20.0,2,0.0
15311,2.0,2.14,H25K - CBA - Full-adder,19,2.0,44.82,20.0,1,100.0
15311,2.0,2.14,H25K - CBA - Full-adder,19,2.0,44.82,20.0,4,0.0
15311,2.0,2.14,H25K - CBA - Full-adder,19,2.0,44.82,20.0,5,0.0
15311,2.0,2.14,H25K - CBA - Full-adder,19,2.0,44.82,20.0,3,0.0
15342,1.0,2.1,H25K - CBA - PC,44,1.0,47.62,20.0,3,100.0
15342,1.0,2.1,H25K - CBA - PC,44,1.0,47.62,20.0,1,0.0
15342,1.0,2.1,H25K - CBA - PC,44,1.0,47.62,20.0,5,0.0
15342,1.0,2.1,H25K - CBA - PC,44,1.0,47.62,20.0,4,0.0
15342,1.0,2.1,H25K - CBA - PC,44,1.0,47.62,20.0,2,0.0
15342,1.0,2.2,H25K - CBA - Datapath,27,1.0,47.62,20.0,1,100.0
15342,1.0,2.2,H25K - CBA - Datapath,27,1.0,47.62,20.0,5,0.0
15342,1.0,2.2,H25K - CBA - Datapath,27,1.0,47.62,20.0,3,0.0
15342,1.0,2.2,H25K - CBA - Datapath,27,1.0,47.62,20.0,4,0.0
15342,1.0,2.2,H25K - CBA - Datapath,27,1.0,47.62,20.0,2,0.0
15342,1.0,2.3,H25K - CBA - Transistor,41,1.0,47.62,20.0,2,100.0
15342,1.0,2.3,H25K - CBA - Transistor,41,1.0,47.62,20.0,1,0.0
15342,1.0,2.3,H25K - CBA - Transistor,41,1.0,47.62,20.0,5,0.0
15342,1.0,2.3,H25K - CBA - Transistor,41,1.0,47.62,20.0,4,0.0
15342,1.0,2.3,H25K - CBA - Transistor,41,1.0,47.62,20.0,3,0.0
15342,1.0,2.4,H25K - CBA - Port,33,1.0,47.62,20.0,1,100.0
15342,1.0,2.4,H25K - CBA - Port,33,1.0,47.62,20.0,3,0.0
15342,1.0,2.4,H25K - CBA - Port,33,1.0,47.62,20.0,2,0.0
15342,1.0,2.4,H25K - CBA - Port,33,1.0,47.62,20.0,5,0.0
15342,1.0,2.4,H25K - CBA - Port,33,1.0,47.62,20.0,4,0.0
15342,1.0,2.6,H25K - CBA - Register,40,1.0,47.62,20.0,1,100.0
15342,1.0,2.6,H25K - CBA - Register,40,1.0,47.62,20.0,4,0.0
15342,1.0,2.6,H25K - CBA - Register,40,1.0,47.62,20.0,3,0.0
15342,1.0,2.6,H25K - CBA - Register,40,1.0,47.62,20.0,5,0.0
15342,1.0,2.6,H25K - CBA - Register,40,1.0,47.62,20.0,2,0.0
15342,1.0,2.7,H25K - CBA - Decode,22,1.0,47.62,20.0,1,100.0
15342,1.0,2.7,H25K - CBA - Decode,22,1.0,47.62,20.0,3,0.0
15342,1.0,2.7,H25K - CBA - Decode,22,1.0,47.62,20.0,5,0.0
15342,1.0,2.7,H25K - CBA - Decode,22,1.0,47.62,20.0,4,0.0
15342,1.0,2.7,H25K - CBA - Decode,22,1.0,47.62,20.0,2,0.0
15342,2.0,2.12,H25K - CBA - Multiplikasjon,17,2.0,47.62,20.0,1,100.0
15342,2.0,2.12,H25K - CBA - Multiplikasjon,17,2.0,47.62,20.0,4,0.0
15342,2.0,2.12,H25K - CBA - Multiplikasjon,17,2.0,47.62,20.0,3,0.0
15342,2.0,2.12,H25K - CBA - Multiplikasjon,17,2.0,47.62,20.0,2,0.0
15342,2.0,2.12,H25K - CBA - Multiplikasjon,17,2.0,47.62,20.0,5,0.0
15342,2.0,2.14,H25K - CBA - Full-adder,34,2.0,47.62,20.0,5,0.0
15342,2.0,2.14,H25K - CBA - Full-adder,34,2.0,47.62,20.0,2,0.0
15342,2.0,2.14,H25K - CBA - Full-adder,34,2.0,47.62,20.0,4,0.0
15342,2.0,2.14,H25K - CBA - Full-adder,34,2.0,47.62,20.0,1,100.0
15342,2.0,2.14,H25K - CBA - Full-adder,34,2.0,47.62,20.0,3,0.0
15264,1.0,2.1,H25K - CBA - PC,21,1.0,61.19,20.0,5,0.0
15264,1.0,2.1,H25K - CBA - PC,21,1.0,61.19,20.0,3,0.0
15264,1.0,2.1,H25K - CBA - PC,21,1.0,61.19,20.0,2,0.0
15264,1.0,2.1,H25K - CBA - PC,21,1.0,61.19,20.0,4,0.0
15264,1.0,2.1,H25K - CBA - PC,21,1.0,61.19,20.0,1,100.0
15264,1.0,2.2,H25K - CBA - Datapath,65,1.0,61.19,20.0,5,0.0
15264,1.0,2.2,H25K - CBA - Datapath,65,1.0,61.19,20.0,3,0.0
15264,1.0,2.2,H25K - CBA - Datapath,65,1.0,61.19,20.0,2,0.0
15264,1.0,2.2,H25K - CBA - Datapath,65,1.0,61.19,20.0,1,0.0
15264,1.0,2.2,H25K - CBA - Datapath,65,1.0,61.19,20.0,4,100.0
15264,1.0,2.3,H25K - CBA - Transistor,28,1.0,61.19,20.0,5,0.0
15264,1.0,2.3,H25K - CBA - Transistor,28,1.0,61.19,20.0,3,0.0
15264,1.0,2.3,H25K - CBA - Transistor,28,1.0,61.19,20.0,1,100.0
15264,1.0,2.3,H25K - CBA - Transistor,28,1.0,61.19,20.0,2,0.0
15264,1.0,2.3,H25K - CBA - Transistor,28,1.0,61.19,20.0,4,0.0
15264,1.0,2.4,H25K - CBA - Port,33,1.0,61.19,20.0,5,0.0
15264,1.0,2.4,H25K - CBA - Port,33,1.0,61.19,20.0,2,0.0
15264,1.0,2.4,H25K - CBA - Port,33,1.0,61.19,20.0,1,100.0
15264,1.0,2.4,H25K - CBA - Port,33,1.0,61.19,20.0,4,0.0
15264,1.0,2.4,H25K - CBA - Port,33,1.0,61.19,20.0,3,0.0
15264,1.0,2.5,H25K - CBA - Hazard,96,1.0,61.19,20.0,1,100.0
15264,1.0,2.5,H25K - CBA - Hazard,96,1.0,61.19,20.0,5,0.0
15264,1.0,2.5,H25K - CBA - Hazard,96,1.0,61.19,20.0,4,0.0
15264,1.0,2.5,H25K - CBA - Hazard,96,1.0,61.19,20.0,3,0.0
15264,1.0,2.5,H25K - CBA - Hazard,96,1.0,61.19,20.0,2,0.0
15264,1.0,2.6,H25K - CBA - Register,38,1.0,61.19,20.0,5,0.0
15264,1.0,2.6,H25K - CBA - Register,38,1.0,61.19,20.0,1,100.0
15264,1.0,2.6,H25K - CBA - Register,38,1.0,61.19,20.0,4,0.0
15264,1.0,2.6,H25K - CBA - Register,38,1.0,61.19,20.0,2,0.0
15264,1.0,2.6,H25K - CBA - Register,38,1.0,61.19,20.0,3,0.0
15264,1.0,2.7,H25K - CBA - Decode,48,1.0,61.19,20.0,4,0.0
15264,1.0,2.7,H25K - CBA - Decode,48,1.0,61.19,20.0,3,0.0
15264,1.0,2.7,H25K - CBA - Decode,48,1.0,61.19,20.0,2,0.0
15264,1.0,2.7,H25K - CBA - Decode,48,1.0,61.19,20.0,5,0.0
15264,1.0,2.7,H25K - CBA - Decode,48,1.0,61.19,20.0,1,100.0
15264,1.0,2.8,H25K - CBA - Abstraksjonsnivå,230,1.0,61.19,20.0,3,0.0
15264,1.0,2.8,H25K - CBA - Abstraksjonsnivå,230,1.0,61.19,20.0,2,75.0
15264,1.0,2.8,H25K - CBA - Abstraksjonsnivå,230,1.0,61.19,20.0,4,0.0
15264,1.0,2.8,H25K - CBA - Abstraksjonsnivå,230,1.0,61.19,20.0,1,25.0
15264,1.0,2.8,H25K - CBA - Abstraksjonsnivå,230,1.0,61.19,20.0,5,0.0
15264,1.0,2.9,H25K - CBA - Opcode,32,1.0,61.19,20.0,2,0.0
15264,1.0,2.9,H25K - CBA - Opcode,32,1.0,61.19,20.0,4,0.0
15264,1.0,2.9,H25K - CBA - Opcode,32,1.0,61.19,20.0,3,0.0
15264,1.0,2.9,H25K - CBA - Opcode,32,1.0,61.19,20.0,5,0.0
15264,1.0,2.9,H25K - CBA - Opcode,32,1.0,61.19,20.0,1,100.0
15264,2.0,2.10,H25K - CBA - Funksjonsuttrykk,112,2.0,61.19,20.0,2,100.0
15264,2.0,2.10,H25K - CBA - Funksjonsuttrykk,112,2.0,61.19,20.0,5,0.0
15264,2.0,2.10,H25K - CBA - Funksjonsuttrykk,112,2.0,61.19,20.0,4,0.0
15264,2.0,2.10,H25K - CBA - Funksjonsuttrykk,112,2.0,61.19,20.0,3,0.0
15264,2.0,2.10,H25K - CBA - Funksjonsuttrykk,112,2.0,61.19,20.0,1,0.0
15264,1.0,2.11,H25K - CBA - RAM,63,1.0,61.19,20.0,5,0.0
15264,1.0,2.11,H25K - CBA - RAM,63,1.0,61.19,20.0,4,0.0
15264,1.0,2.11,H25K - CBA - RAM,63,1.0,61.19,20.0,1,75.0
15264,1.0,2.11,H25K - CBA - RAM,63,1.0,61.19,20.0,3,25.0
15264,1.0,2.11,H25K - CBA - RAM,63,1.0,61.19,20.0,2,0.0
15264,2.0,2.12,H25K - CBA - Multiplikasjon,161,2.0,61.19,20.0,4,0.0
15264,2.0,2.12,H25K - CBA - Multiplikasjon,161,2.0,61.19,20.0,2,25.0
15264,2.0,2.12,H25K - CBA - Multiplikasjon,161,2.0,61.19,20.0,5,0.0
15264,2.0,2.12,H25K - CBA - Multiplikasjon,161,2.0,61.19,20.0,1,75.0
15264,2.0,2.12,H25K - CBA - Multiplikasjon,161,2.0,61.19,20.0,3,0.0
15264,2.0,2.13,H25K - CBA - Maskinkode,66,2.0,61.19,20.0,4,0.0
15264,2.0,2.13,H25K - CBA - Maskinkode,66,2.0,61.19,20.0,3,0.0
15264,2.0,2.13,H25K - CBA - Maskinkode,66,2.0,61.19,20.0,5,0.0
15264,2.0,2.13,H25K - CBA - Maskinkode,66,2.0,61.19,20.0,2,0.0
15264,2.0,2.13,H25K - CBA - Maskinkode,66,2.0,61.19,20.0,1,100.0
15264,2.0,2.14,H25K - CBA - Full-adder,70,2.0,61.19,20.0,3,0.0
15264,2.0,2.14,H25K - CBA - Full-adder,70,2.0,61.19,20.0,4,0.0
15264,2.0,2.14,H25K - CBA - Full-adder,70,2.0,61.19,20.0,1,100.0
15264,2.0,2.14,H25K - CBA - Full-adder,70,2.0,61.19,20.0,5,0.0
15264,2.0,2.14,H25K - CBA - Full-adder,70,2.0,61.19,20.0,2,0.0
15264,2.0,2.15,H25K - CBA - Full-adder 2,61,2.0,61.19,20.0,4,0.0
15264,2.0,2.15,H25K - CBA - Full-adder 2,61,2.0,61.19,20.0,3,75.0
15264,2.0,2.15,H25K - CBA - Full-adder 2,61,2.0,61.19,20.0,5,0.0
15264,2.0,2.15,H25K - CBA - Full-adder 2,61,2.0,61.19,20.0,1,0.0
15264,2.0,2.15,H25K - CBA - Full-adder 2,61,2.0,61.19,20.0,2,25.0
15268,1.0,2.1,H25K - CBA - PC,281,1.0,74.25,20.0,4,0.0
15268,1.0,2.1,H25K - CBA - PC,281,1.0,74.25,20.0,1,100.0
15268,1.0,2.1,H25K - CBA - PC,281,1.0,74.25,20.0,5,0.0
15268,1.0,2.1,H25K - CBA - PC,281,1.0,74.25,20.0,3,0.0
15268,1.0,2.1,H25K - CBA - PC,281,1.0,74.25,20.0,2,0.0
15268,1.0,2.2,H25K - CBA - Datapath,221,1.0,74.25,20.0,1,100.0
15268,1.0,2.2,H25K - CBA - Datapath,221,1.0,74.25,20.0,5,0.0
15268,1.0,2.2,H25K - CBA - Datapath,221,1.0,74.25,20.0,4,0.0
15268,1.0,2.2,H25K - CBA - Datapath,221,1.0,74.25,20.0,2,0.0
15268,1.0,2.2,H25K - CBA - Datapath,221,1.0,74.25,20.0,3,0.0
15268,1.0,2.3,H25K - CBA - Transistor,125,1.0,74.25,20.0,1,100.0
15268,1.0,2.3,H25K - CBA - Transistor,125,1.0,74.25,20.0,4,0.0
15268,1.0,2.3,H25K - CBA - Transistor,125,1.0,74.25,20.0,5,0.0
15268,1.0,2.3,H25K - CBA - Transistor,125,1.0,74.25,20.0,3,0.0
15268,1.0,2.3,H25K - CBA - Transistor,125,1.0,74.25,20.0,2,0.0
15268,1.0,2.4,H25K - CBA - Port,159,1.0,74.25,20.0,2,0.0
15268,1.0,2.4,H25K - CBA - Port,159,1.0,74.25,20.0,1,100.0
15268,1.0,2.4,H25K - CBA - Port,159,1.0,74.25,20.0,3,0.0
15268,1.0,2.4,H25K - CBA - Port,159,1.0,74.25,20.0,5,0.0
15268,1.0,2.4,H25K - CBA - Port,159,1.0,74.25,20.0,4,0.0
15268,1.0,2.5,H25K - CBA - Hazard,67,1.0,74.25,20.0,1,100.0
15268,1.0,2.5,H25K - CBA - Hazard,67,1.0,74.25,20.0,2,0.0
15268,1.0,2.5,H25K - CBA - Hazard,67,1.0,74.25,20.0,5,0.0
15268,1.0,2.5,H25K - CBA - Hazard,67,1.0,74.25,20.0,4,0.0
15268,1.0,2.5,H25K - CBA - Hazard,67,1.0,74.25,20.0,3,0.0
15268,1.0,2.6,H25K - CBA - Register,112,1.0,74.25,20.0,1,100.0
15268,1.0,2.6,H25K - CBA - Register,112,1.0,74.25,20.0,5,0.0
15268,1.0,2.6,H25K - CBA - Register,112,1.0,74.25,20.0,4,0.0
15268,1.0,2.6,H25K - CBA - Register,112,1.0,74.25,20.0,3,0.0
15268,1.0,2.6,H25K - CBA - Register,112,1.0,74.25,20.0,2,0.0
15268,1.0,2.7,H25K - CBA - Decode,205,1.0,74.25,20.0,4,0.0
15268,1.0,2.7,H25K - CBA - Decode,205,1.0,74.25,20.0,1,25.0
15268,1.0,2.7,H25K - CBA - Decode,205,1.0,74.25,20.0,3,75.0
15268,1.0,2.7,H25K - CBA - Decode,205,1.0,74.25,20.0,2,0.0
15268,1.0,2.7,H25K - CBA - Decode,205,1.0,74.25,20.0,5,0.0
15268,1.0,2.8,H25K - CBA - Abstraksjonsnivå,198,1.0,74.25,20.0,2,0.0
15268,1.0,2.8,H25K - CBA - Abstraksjonsnivå,198,1.0,74.25,20.0,3,0.0
15268,1.0,2.8,H25K - CBA - Abstraksjonsnivå,198,1.0,74.25,20.0,5,0.0
15268,1.0,2.8,H25K - CBA - Abstraksjonsnivå,198,1.0,74.25,20.0,4,50.0
15268,1.0,2.8,H25K - CBA - Abstraksjonsnivå,198,1.0,74.25,20.0,1,50.0
15268,1.0,2.9,H25K - CBA - Opcode,166,1.0,74.25,20.0,1,0.0
15268,1.0,2.9,H25K - CBA - Opcode,166,1.0,74.25,20.0,4,0.0
15268,1.0,2.9,H25K - CBA - Opcode,166,1.0,74.25,20.0,5,0.0
15268,1.0,2.9,H25K - CBA - Opcode,166,1.0,74.25,20.0,3,100.0
15268,1.0,2.9,H25K - CBA - Opcode,166,1.0,74.25,20.0,2,0.0
15268,2.0,2.10,H25K - CBA - Funksjonsuttrykk,409,2.0,74.25,20.0,1,100.0
15268,2.0,2.10,H25K - CBA - Funksjonsuttrykk,409,2.0,74.25,20.0,3,0.0
15268,2.0,2.10,H25K - CBA - Funksjonsuttrykk,409,2.0,74.25,20.0,2,0.0
15268,2.0,2.10,H25K - CBA - Funksjonsuttrykk,409,2.0,74.25,20.0,5,0.0
15268,2.0,2.10,H25K - CBA - Funksjonsuttrykk,409,2.0,74.25,20.0,4,0.0
15268,1.0,2.11,H25K - CBA - RAM,70,1.0,74.25,20.0,1,100.0
15268,1.0,2.11,H25K - CBA - RAM,70,1.0,74.25,20.0,2,0.0
15268,1.0,2.11,H25K - CBA - RAM,70,1.0,74.25,20.0,3,0.0
15268,1.0,2.11,H25K - CBA - RAM,70,1.0,74.25,20.0,5,0.0
15268,1.0,2.11,H25K - CBA - RAM,70,1.0,74.25,20.0,4,0.0
15268,2.0,2.12,H25K - CBA - Multiplikasjon,340,2.0,74.25,20.0,4,0.0
15268,2.0,2.12,H25K - CBA - Multiplikasjon,340,2.0,74.25,20.0,3,0.0
15268,2.0,2.12,H25K - CBA - Multiplikasjon,340,2.0,74.25,20.0,5,50.0
15268,2.0,2.12,H25K - CBA - Multiplikasjon,340,2.0,74.25,20.0,2,0.0
15268,2.0,2.12,H25K - CBA - Multiplikasjon,340,2.0,74.25,20.0,1,50.0
15268,2.0,2.13,H25K - CBA - Maskinkode,159,2.0,74.25,20.0,2,100.0
15268,2.0,2.13,H25K - CBA - Maskinkode,159,2.0,74.25,20.0,3,0.0
15268,2.0,2.13,H25K - CBA - Maskinkode,159,2.0,74.25,20.0,1,0.0
15268,2.0,2.13,H25K - CBA - Maskinkode,159,2.0,74.25,20.0,5,0.0
15268,2.0,2.13,H25K - CBA - Maskinkode,159,2.0,74.25,20.0,4,0.0
15268,2.0,2.14,H25K - CBA - Full-adder,154,2.0,74.25,20.0,1,50.0
15268,2.0,2.14,H25K - CBA - Full-adder,154,2.0,74.25,20.0,2,50.0
15268,2.0,2.14,H25K - CBA - Full-adder,154,2.0,74.25,20.0,5,0.0
15268,2.0,2.14,H25K - CBA - Full-adder,154,2.0,74.25,20.0,4,0.0
15268,2.0,2.14,H25K - CBA - Full-adder,154,2.0,74.25,20.0,3,0.0
15268,2.0,2.15,H25K - CBA - Full-adder 2,132,2.0,74.25,20.0,1,100.0
15268,2.0,2.15,H25K - CBA - Full-adder 2,132,2.0,74.25,20.0,3,0.0
15268,2.0,2.15,H25K - CBA - Full-adder 2,132,2.0,74.25,20.0,2,0.0
15268,2.0,2.15,H25K - CBA - Full-adder 2,132,2.0,74.25,20.0,4,0.0
15268,2.0,2.15,H25K - CBA - Full-adder 2,132,2.0,74.25,20.0,5,0.0
15274,1.0,2.1,H25K - CBA - PC,107,1.0,59.41,20.0,4,75.0
15274,1.0,2.1,H25K - CBA - PC,107,1.0,59.41,20.0,1,25.0
15274,1.0,2.1,H25K - CBA - PC,107,1.0,59.41,20.0,2,0.0
15274,1.0,2.1,H25K - CBA - PC,107,1.0,59.41,20.0,5,0.0
15274,1.0,2.1,H25K - CBA - PC,107,1.0,59.41,20.0,3,0.0
15274,1.0,2.2,H25K - CBA - Datapath,97,1.0,59.41,20.0,3,75.0
15274,1.0,2.2,H25K - CBA - Datapath,97,1.0,59.41,20.0,2,25.0
15274,1.0,2.2,H25K - CBA - Datapath,97,1.0,59.41,20.0,5,0.0
15274,1.0,2.2,H25K - CBA - Datapath,97,1.0,59.41,20.0,4,0.0
15274,1.0,2.2,H25K - CBA - Datapath,97,1.0,59.41,20.0,1,0.0
15274,1.0,2.3,H25K - CBA - Transistor,35,1.0,59.41,20.0,1,100.0
15274,1.0,2.3,H25K - CBA - Transistor,35,1.0,59.41,20.0,4,0.0
15274,1.0,2.3,H25K - CBA - Transistor,35,1.0,59.41,20.0,2,0.0
15274,1.0,2.3,H25K - CBA - Transistor,35,1.0,59.41,20.0,3,0.0
15274,1.0,2.3,H25K - CBA - Transistor,35,1.0,59.41,20.0,5,0.0
15274,1.0,2.4,H25K - CBA - Port,159,1.0,59.41,20.0,1,100.0
15274,1.0,2.4,H25K - CBA - Port,159,1.0,59.41,20.0,3,0.0
15274,1.0,2.4,H25K - CBA - Port,159,1.0,59.41,20.0,2,0.0
15274,1.0,2.4,H25K - CBA - Port,159,1.0,59.41,20.0,5,0.0
15274,1.0,2.4,H25K - CBA - Port,159,1.0,59.41,20.0,4,0.0
15274,1.0,2.5,H25K - CBA - Hazard,60,1.0,59.41,20.0,1,75.0
15274,1.0,2.5,H25K - CBA - Hazard,60,1.0,59.41,20.0,3,25.0
15274,1.0,2.5,H25K - CBA - Hazard,60,1.0,59.41,20.0,4,0.0
15274,1.0,2.5,H25K - CBA - Hazard,60,1.0,59.41,20.0,2,0.0
15274,1.0,2.5,H25K - CBA - Hazard,60,1.0,59.41,20.0,5,0.0
15274,1.0,2.6,H25K - CBA - Register,38,1.0,59.41,20.0,1,100.0
15274,1.0,2.6,H25K - CBA - Register,38,1.0,59.41,20.0,4,0.0
15274,1.0,2.6,H25K - CBA - Register,38,1.0,59.41,20.0,3,0.0
15274,1.0,2.6,H25K - CBA - Register,38,1.0,59.41,20.0,5,0.0
15274,1.0,2.6,H25K - CBA - Register,38,1.0,59.41,20.0,2,0.0
15274,1.0,2.7,H25K - CBA - Decode,34,1.0,59.41,20.0,2,100.0
15274,1.0,2.7,H25K - CBA - Decode,34,1.0,59.41,20.0,3,0.0
15274,1.0,2.7,H25K - CBA - Decode,34,1.0,59.41,20.0,5,0.0
15274,1.0,2.7,H25K - CBA - Decode,34,1.0,59.41,20.0,4,0.0
15274,1.0,2.7,H25K - CBA - Decode,34,1.0,59.41,20.0,1,0.0
15274,1.0,2.8,H25K - CBA - Abstraksjonsnivå,101,1.0,59.41,20.0,5,0.0
15274,1.0,2.8,H25K - CBA - Abstraksjonsnivå,101,1.0,59.41,20.0,4,0.0
15274,1.0,2.8,H25K - CBA - Abstraksjonsnivå,101,1.0,59.41,20.0,2,0.0
15274,1.0,2.8,H25K - CBA - Abstraksjonsnivå,101,1.0,59.41,20.0,1,100.0
15274,1.0,2.8,H25K - CBA - Abstraksjonsnivå,101,1.0,59.41,20.0,3,0.0
15274,1.0,2.9,H25K - CBA - Opcode,48,1.0,59.41,20.0,2,100.0
15274,1.0,2.9,H25K - CBA - Opcode,48,1.0,59.41,20.0,4,0.0
15274,1.0,2.9,H25K - CBA - Opcode,48,1.0,59.41,20.0,5,0.0
15274,1.0,2.9,H25K - CBA - Opcode,48,1.0,59.41,20.0,3,0.0
15274,1.0,2.9,H25K - CBA - Opcode,48,1.0,59.41,20.0,1,0.0
15274,2.0,2.10,H25K - CBA - Funksjonsuttrykk,82,2.0,59.41,20.0,1,100.0
15274,2.0,2.10,H25K - CBA - Funksjonsuttrykk,82,2.0,59.41,20.0,3,0.0
15274,2.0,2.10,H25K - CBA - Funksjonsuttrykk,82,2.0,59.41,20.0,2,0.0
15274,2.0,2.10,H25K - CBA - Funksjonsuttrykk,82,2.0,59.41,20.0,4,0.0
15274,2.0,2.10,H25K - CBA - Funksjonsuttrykk,82,2.0,59.41,20.0,5,0.0
15274,1.0,2.11,H25K - CBA - RAM,71,1.0,59.41,20.0,1,75.0
15274,1.0,2.11,H25K - CBA - RAM,71,1.0,59.41,20.0,2,25.0
15274,1.0,2.11,H25K - CBA - RAM,71,1.0,59.41,20.0,3,0.0
15274,1.0,2.11,H25K - CBA - RAM,71,1.0,59.41,20.0,4,0.0
15274,1.0,2.11,H25K - CBA - RAM,71,1.0,59.41,20.0,5,0.0
15274,2.0,2.12,H25K - CBA - Multiplikasjon,60,2.0,59.41,20.0,5,75.0
15274,2.0,2.12,H25K - CBA - Multiplikasjon,60,2.0,59.41,20.0,2,0.0
15274,2.0,2.12,H25K - CBA - Multiplikasjon,60,2.0,59.41,20.0,1,0.0
15274,2.0,2.12,H25K - CBA - Multiplikasjon,60,2.0,59.41,20.0,4,0.0
15274,2.0,2.12,H25K - CBA - Multiplikasjon,60,2.0,59.41,20.0,3,25.0
15274,2.0,2.13,H25K - CBA - Maskinkode,47,2.0,59.41,20.0,1,100.0
15274,2.0,2.13,H25K - CBA - Maskinkode,47,2.0,59.41,20.0,3,0.0
15274,2.0,2.13,H25K - CBA - Maskinkode,47,2.0,59.41,20.0,4,0.0
15274,2.0,2.13,H25K - CBA - Maskinkode,47,2.0,59.41,20.0,5,0.0
15274,2.0,2.13,H25K - CBA - Maskinkode,47,2.0,59.41,20.0,2,0.0
15274,2.0,2.14,H25K - CBA - Full-adder,53,2.0,59.41,20.0,1,100.0
15274,2.0,2.14,H25K - CBA - Full-adder,53,2.0,59.41,20.0,2,0.0
15274,2.0,2.14,H25K - CBA - Full-adder,53,2.0,59.41,20.0,3,0.0
15274,2.0,2.14,H25K - CBA - Full-adder,53,2.0,59.41,20.0,5,0.0
15274,2.0,2.14,H25K - CBA - Full-adder,53,2.0,59.41,20.0,4,0.0
15274,2.0,2.15,H25K - CBA - Full-adder 2,54,2.0,59.41,20.0,1,75.0
15274,2.0,2.15,H25K - CBA - Full-adder 2,54,2.0,59.41,20.0,2,25.0
15274,2.0,2.15,H25K - CBA - Full-adder 2,54,2.0,59.41,20.0,4,0.0
15274,2.0,2.15,H25K - CBA - Full-adder 2,54,2.0,59.41,20.0,5,0.0
15274,2.0,2.15,H25K - CBA - Full-adder 2,54,2.0,59.41,20.0,3,0.0
15289,1.0,2.2,H25K - CBA - Datapath,160,1.0,64.35,20.0,3,0.0
15289,1.0,2.2,H25K - CBA - Datapath,160,1.0,64.35,20.0,4,0.0
15289,1.0,2.2,H25K - CBA - Datapath,160,1.0,64.35,20.0,2,0.0
15289,1.0,2.2,H25K - CBA - Datapath,160,1.0,64.35,20.0,1,100.0
15289,1.0,2.2,H25K - CBA - Datapath,160,1.0,64.35,20.0,5,0.0
15289,1.0,2.3,H25K - CBA - Transistor,126,1.0,64.35,20.0,1,100.0
15289,1.0,2.3,H25K - CBA - Transistor,126,1.0,64.35,20.0,5,0.0
15289,1.0,2.3,H25K - CBA - Transistor,126,1.0,64.35,20.0,2,0.0
15289,1.0,2.3,H25K - CBA - Transistor,126,1.0,64.35,20.0,3,0.0
15289,1.0,2.3,H25K - CBA - Transistor,126,1.0,64.35,20.0,4,0.0
15289,1.0,2.4,H25K - CBA - Port,63,1.0,64.35,20.0,1,100.0
15289,1.0,2.4,H25K - CBA - Port,63,1.0,64.35,20.0,3,0.0
15289,1.0,2.4,H25K - CBA - Port,63,1.0,64.35,20.0,5,0.0
15289,1.0,2.4,H25K - CBA - Port,63,1.0,64.35,20.0,2,0.0
15289,1.0,2.4,H25K - CBA - Port,63,1.0,64.35,20.0,4,0.0
15289,1.0,2.5,H25K - CBA - Hazard,86,1.0,64.35,20.0,1,100.0
15289,1.0,2.5,H25K - CBA - Hazard,86,1.0,64.35,20.0,2,0.0
15289,1.0,2.5,H25K - CBA - Hazard,86,1.0,64.35,20.0,3,0.0
15289,1.0,2.5,H25K - CBA - Hazard,86,1.0,64.35,20.0,5,0.0
15289,1.0,2.5,H25K - CBA - Hazard,86,1.0,64.35,20.0,4,0.0
15289,1.0,2.6,H25K - CBA - Register,20,1.0,64.35,20.0,1,100.0
15289,1.0,2.6,H25K - CBA - Register,20,1.0,64.35,20.0,2,0.0
15289,1.0,2.6,H25K - CBA - Register,20,1.0,64.35,20.0,5,0.0
15289,1.0,2.6,H25K - CBA - Register,20,1.0,64.35,20.0,3,0.0
15289,1.0,2.6,H25K - CBA - Register,20,1.0,64.35,20.0,4,0.0
15289,1.0,2.7,H25K - CBA - Decode,57,1.0,64.35,20.0,1,100.0
15289,1.0,2.7,H25K - CBA - Decode,57,1.0,64.35,20.0,2,0.0
15289,1.0,2.7,H25K - CBA - Decode,57,1.0,64.35,20.0,3,0.0
15289,1.0,2.7,H25K - CBA - Decode,57,1.0,64.35,20.0,5,0.0
15289,1.0,2.7,H25K - CBA - Decode,57,1.0,64.35,20.0,4,0.0
15289,1.0,2.8,H25K - CBA - Abstraksjonsnivå,144,1.0,64.35,20.0,4,0.0
15289,1.0,2.8,H25K - CBA - Abstraksjonsnivå,144,1.0,64.35,20.0,1,0.0
15289,1.0,2.8,H25K - CBA - Abstraksjonsnivå,144,1.0,64.35,20.0,3,100.0
15289,1.0,2.8,H25K - CBA - Abstraksjonsnivå,144,1.0,64.35,20.0,2,0.0
15289,1.0,2.8,H25K - CBA - Abstraksjonsnivå,144,1.0,64.35,20.0,5,0.0
15289,1.0,2.9,H25K - CBA - Opcode,32,1.0,64.35,20.0,4,100.0
15289,1.0,2.9,H25K - CBA - Opcode,32,1.0,64.35,20.0,1,0.0
15289,1.0,2.9,H25K - CBA - Opcode,32,1.0,64.35,20.0,2,0.0
15289,1.0,2.9,H25K - CBA - Opcode,32,1.0,64.35,20.0,5,0.0
15289,1.0,2.9,H25K - CBA - Opcode,32,1.0,64.35,20.0,3,0.0
15289,2.0,2.10,H25K - CBA - Funksjonsuttrykk,182,2.0,64.35,20.0,1,100.0
15289,2.0,2.10,H25K - CBA - Funksjonsuttrykk,182,2.0,64.35,20.0,3,0.0
15289,2.0,2.10,H25K - CBA - Funksjonsuttrykk,182,2.0,64.35,20.0,4,0.0
15289,2.0,2.10,H25K - CBA - Funksjonsuttrykk,182,2.0,64.35,20.0,2,0.0
15289,2.0,2.10,H25K - CBA - Funksjonsuttrykk,182,2.0,64.35,20.0,5,0.0
15289,1.0,2.11,H25K - CBA - RAM,46,1.0,64.35,20.0,1,100.0
15289,1.0,2.11,H25K - CBA - RAM,46,1.0,64.35,20.0,4,0.0
15289,1.0,2.11,H25K - CBA - RAM,46,1.0,64.35,20.0,3,0.0
15289,1.0,2.11,H25K - CBA - RAM,46,1.0,64.35,20.0,5,0.0
15289,1.0,2.11,H25K - CBA - RAM,46,1.0,64.35,20.0,2,0.0
15289,2.0,2.12,H25K - CBA - Multiplikasjon,108,2.0,64.35,20.0,1,100.0
15289,2.0,2.12,H25K - CBA - Multiplikasjon,108,2.0,64.35,20.0,2,0.0
15289,2.0,2.12,H25K - CBA - Multiplikasjon,108,2.0,64.35,20.0,4,0.0
15289,2.0,2.12,H25K - CBA - Multiplikasjon,108,2.0,64.35,20.0,5,0.0
15289,2.0,2.12,H25K - CBA - Multiplikasjon,108,2.0,64.35,20.0,3,0.0
15289,2.0,2.13,H25K - CBA - Maskinkode,78,2.0,64.35,20.0,1,100.0
15289,2.0,2.13,H25K - CBA - Maskinkode,78,2.0,64.35,20.0,2,0.0
15289,2.0,2.13,H25K - CBA - Maskinkode,78,2.0,64.35,20.0,5,0.0
15289,2.0,2.13,H25K - CBA - Maskinkode,78,2.0,64.35,20.0,3,0.0
15289,2.0,2.13,H25K - CBA - Maskinkode,78,2.0,64.35,20.0,4,0.0
15289,2.0,2.14,H25K - CBA - Full-adder,18,2.0,64.35,20.0,1,100.0
15289,2.0,2.14,H25K - CBA - Full-adder,18,2.0,64.35,20.0,2,0.0
15289,2.0,2.14,H25K - CBA - Full-adder,18,2.0,64.35,20.0,4,0.0
15289,2.0,2.14,H25K - CBA - Full-adder,18,2.0,64.35,20.0,5,0.0
15289,2.0,2.14,H25K - CBA - Full-adder,18,2.0,64.35,20.0,3,0.0
15289,2.0,2.15,H25K - CBA - Full-adder 2,107,2.0,64.35,20.0,5,100.0
15289,2.0,2.15,H25K - CBA - Full-adder 2,107,2.0,64.35,20.0,4,0.0
15289,2.0,2.15,H25K - CBA - Full-adder 2,107,2.0,64.35,20.0,1,0.0
15289,2.0,2.15,H25K - CBA - Full-adder 2,107,2.0,64.35,20.0,2,0.0
15289,2.0,2.15,H25K - CBA - Full-adder 2,107,2.0,64.35,20.0,3,0.0
15276,1.0,2.1,H25K - CBA - PC,26,1.0,57.5,20.0,1,100.0
15276,1.0,2.1,H25K - CBA - PC,26,1.0,57.5,20.0,2,0.0
15276,1.0,2.1,H25K - CBA - PC,26,1.0,57.5,20.0,5,0.0
15276,1.0,2.1,H25K - CBA - PC,26,1.0,57.5,20.0,3,0.0
15276,1.0,2.1,H25K - CBA - PC,26,1.0,57.5,20.0,4,0.0
15276,1.0,2.2,H25K - CBA - Datapath,30,1.0,57.5,20.0,1,100.0
15276,1.0,2.2,H25K - CBA - Datapath,30,1.0,57.5,20.0,4,0.0
15276,1.0,2.2,H25K - CBA - Datapath,30,1.0,57.5,20.0,5,0.0
15276,1.0,2.2,H25K - CBA - Datapath,30,1.0,57.5,20.0,2,0.0
15276,1.0,2.2,H25K - CBA - Datapath,30,1.0,57.5,20.0,3,0.0
15276,1.0,2.3,H25K - CBA - Transistor,22,1.0,57.5,20.0,1,100.0
15276,1.0,2.3,H25K - CBA - Transistor,22,1.0,57.5,20.0,5,0.0
15276,1.0,2.3,H25K - CBA - Transistor,22,1.0,57.5,20.0,4,0.0
15276,1.0,2.3,H25K - CBA - Transistor,22,1.0,57.5,20.0,3,0.0
15276,1.0,2.3,H25K - CBA - Transistor,22,1.0,57.5,20.0,2,0.0
15276,1.0,2.4,H25K - CBA - Port,40,1.0,57.5,20.0,1,100.0
15276,1.0,2.4,H25K - CBA - Port,40,1.0,57.5,20.0,2,0.0
15276,1.0,2.4,H25K - CBA - Port,40,1.0,57.5,20.0,5,0.0
15276,1.0,2.4,H25K - CBA - Port,40,1.0,57.5,20.0,4,0.0
15276,1.0,2.4,H25K - CBA - Port,40,1.0,57.5,20.0,3,0.0
15276,1.0,2.5,H25K - CBA - Hazard,78,1.0,57.5,20.0,1,0.0
15276,1.0,2.5,H25K - CBA - Hazard,78,1.0,57.5,20.0,5,0.0
15276,1.0,2.5,H25K - CBA - Hazard,78,1.0,57.5,20.0,2,100.0
15276,1.0,2.5,H25K - CBA - Hazard,78,1.0,57.5,20.0,3,0.0
15276,1.0,2.5,H25K - CBA - Hazard,78,1.0,57.5,20.0,4,0.0
15276,1.0,2.6,H25K - CBA - Register,27,1.0,57.5,20.0,1,100.0
15276,1.0,2.6,H25K - CBA - Register,27,1.0,57.5,20.0,3,0.0
15276,1.0,2.6,H25K - CBA - Register,27,1.0,57.5,20.0,2,0.0
15276,1.0,2.6,H25K - CBA - Register,27,1.0,57.5,20.0,5,0.0
15276,1.0,2.6,H25K - CBA - Register,27,1.0,57.5,20.0,4,0.0
15276,1.0,2.7,H25K - CBA - Decode,53,1.0,57.5,20.0,2,100.0
15276,1.0,2.7,H25K - CBA - Decode,53,1.0,57.5,20.0,3,0.0
15276,1.0,2.7,H25K - CBA - Decode,53,1.0,57.5,20.0,4,0.0
15276,1.0,2.7,H25K - CBA - Decode,53,1.0,57.5,20.0,1,0.0
15276,1.0,2.7,H25K - CBA - Decode,53,1.0,57.5,20.0,5,0.0
15276,1.0,2.8,H25K - CBA - Abstraksjonsnivå,224,1.0,57.5,20.0,1,50.0
15276,1.0,2.8,H25K - CBA - Abstraksjonsnivå,224,1.0,57.5,20.0,2,50.0
15276,1.0,2.8,H25K - CBA - Abstraksjonsnivå,224,1.0,57.5,20.0,5,0.0
15276,1.0,2.8,H25K - CBA - Abstraksjonsnivå,224,1.0,57.5,20.0,3,0.0
15276,1.0,2.8,H25K - CBA - Abstraksjonsnivå,224,1.0,57.5,20.0,4,0.0
15276,1.0,2.9,H25K - CBA - Opcode,234,1.0,57.5,20.0,1,100.0
15276,1.0,2.9,H25K - CBA - Opcode,234,1.0,57.5,20.0,4,0.0
15276,1.0,2.9,H25K - CBA - Opcode,234,1.0,57.5,20.0,2,0.0
15276,1.0,2.9,H25K - CBA - Opcode,234,1.0,57.5,20.0,5,0.0
15276,1.0,2.9,H25K - CBA - Opcode,234,1.0,57.5,20.0,3,0.0
15276,2.0,2.10,H25K - CBA - Funksjonsuttrykk,103,2.0,57.5,20.0,1,100.0
15276,2.0,2.10,H25K - CBA - Funksjonsuttrykk,103,2.0,57.5,20.0,3,0.0
15276,2.0,2.10,H25K - CBA - Funksjonsuttrykk,103,2.0,57.5,20.0,2,0.0
15276,2.0,2.10,H25K - CBA - Funksjonsuttrykk,103,2.0,57.5,20.0,4,0.0
15276,2.0,2.10,H25K - CBA - Funksjonsuttrykk,103,2.0,57.5,20.0,5,0.0
15276,1.0,2.11,H25K - CBA - RAM,40,1.0,57.5,20.0,1,100.0
15276,1.0,2.11,H25K - CBA - RAM,40,1.0,57.5,20.0,5,0.0
15276,1.0,2.11,H25K - CBA - RAM,40,1.0,57.5,20.0,4,0.0
15276,1.0,2.11,H25K - CBA - RAM,40,1.0,57.5,20.0,2,0.0
15276,1.0,2.11,H25K - CBA - RAM,40,1.0,57.5,20.0,3,0.0
15276,2.0,2.12,H25K - CBA - Multiplikasjon,33,2.0,57.5,20.0,3,100.0
15276,2.0,2.12,H25K - CBA - Multiplikasjon,33,2.0,57.5,20.0,2,0.0
15276,2.0,2.12,H25K - CBA - Multiplikasjon,33,2.0,57.5,20.0,4,0.0
15276,2.0,2.12,H25K - CBA - Multiplikasjon,33,2.0,57.5,20.0,1,0.0
15276,2.0,2.12,H25K - CBA - Multiplikasjon,33,2.0,57.5,20.0,5,0.0
15276,2.0,2.13,H25K - CBA - Maskinkode,140,2.0,57.5,20.0,2,0.0
15276,2.0,2.13,H25K - CBA - Maskinkode,140,2.0,57.5,20.0,1,100.0
15276,2.0,2.13,H25K - CBA - Maskinkode,140,2.0,57.5,20.0,5,0.0
15276,2.0,2.13,H25K - CBA - Maskinkode,140,2.0,57.5,20.0,4,0.0
15276,2.0,2.13,H25K - CBA - Maskinkode,140,2.0,57.5,20.0,3,0.0
15276,2.0,2.14,H25K - CBA - Full-adder,31,2.0,57.5,20.0,1,100.0
15276,2.0,2.14,H25K - CBA - Full-adder,31,2.0,57.5,20.0,4,0.0
15276,2.0,2.14,H25K - CBA - Full-adder,31,2.0,57.5,20.0,5,0.0
15276,2.0,2.14,H25K - CBA - Full-adder,31,2.0,57.5,20.0,2,0.0
15276,2.0,2.14,H25K - CBA - Full-adder,31,2.0,57.5,20.0,3,0.0
15276,2.0,2.15,H25K - CBA - Full-adder 2,119,2.0,57.5,20.0,1,100.0
15276,2.0,2.15,H25K - CBA - Full-adder 2,119,2.0,57.5,20.0,4,0.0
15276,2.0,2.15,H25K - CBA - Full-adder 2,119,2.0,57.5,20.0,2,0.0
15276,2.0,2.15,H25K - CBA - Full-adder 2,119,2.0,57.5,20.0,5,0.0
15276,2.0,2.15,H25K - CBA - Full-adder 2,119,2.0,57.5,20.0,3,0.0
15320,1.0,2.1,H25K - CBA - PC,49,1.0,82.75,20.0,3,0.0
15320,1.0,2.1,H25K - CBA - PC,49,1.0,82.75,20.0,2,0.0
15320,1.0,2.1,H25K - CBA - PC,49,1.0,82.75,20.0,1,100.0
15320,1.0,2.1,H25K - CBA - PC,49,1.0,82.75,20.0,5,0.0
15320,1.0,2.1,H25K - CBA - PC,49,1.0,82.75,20.0,4,0.0
15320,1.0,2.2,H25K - CBA - Datapath,91,1.0,82.75,20.0,2,0.0
15320,1.0,2.2,H25K - CBA - Datapath,91,1.0,82.75,20.0,5,0.0
15320,1.0,2.2,H25K - CBA - Datapath,91,1.0,82.75,20.0,1,100.0
15320,1.0,2.2,H25K - CBA - Datapath,91,1.0,82.75,20.0,4,0.0
15320,1.0,2.2,H25K - CBA - Datapath,91,1.0,82.75,20.0,3,0.0
15320,1.0,2.3,H25K - CBA - Transistor,152,1.0,82.75,20.0,5,25.0
15320,1.0,2.3,H25K - CBA - Transistor,152,1.0,82.75,20.0,4,0.0
15320,1.0,2.3,H25K - CBA - Transistor,152,1.0,82.75,20.0,2,75.0
15320,1.0,2.3,H25K - CBA - Transistor,152,1.0,82.75,20.0,1,0.0
15320,1.0,2.3,H25K - CBA - Transistor,152,1.0,82.75,20.0,3,0.0
15320,1.0,2.4,H25K - CBA - Port,78,1.0,82.75,20.0,3,0.0
15320,1.0,2.4,H25K - CBA - Port,78,1.0,82.75,20.0,2,0.0
15320,1.0,2.4,H25K - CBA - Port,78,1.0,82.75,20.0,1,100.0
15320,1.0,2.4,H25K - CBA - Port,78,1.0,82.75,20.0,4,0.0
15320,1.0,2.4,H25K - CBA - Port,78,1.0,82.75,20.0,5,0.0
15320,1.0,2.5,H25K - CBA - Hazard,122,1.0,82.75,20.0,2,0.0
15320,1.0,2.5,H25K - CBA - Hazard,122,1.0,82.75,20.0,5,0.0
15320,1.0,2.5,H25K - CBA - Hazard,122,1.0,82.75,20.0,1,100.0
15320,1.0,2.5,H25K - CBA - Hazard,122,1.0,82.75,20.0,3,0.0
15320,1.0,2.5,H25K - CBA - Hazard,122,1.0,82.75,20.0,4,0.0
15320,1.0,2.6,H25K - CBA - Register,77,1.0,82.75,20.0,1,100.0
15320,1.0,2.6,H25K - CBA - Register,77,1.0,82.75,20.0,2,0.0
15320,1.0,2.6,H25K - CBA - Register,77,1.0,82.75,20.0,4,0.0
15320,1.0,2.6,H25K - CBA - Register,77,1.0,82.75,20.0,3,0.0
15320,1.0,2.6,H25K - CBA - Register,77,1.0,82.75,20.0,5,0.0
15320,1.0,2.7,H25K - CBA - Decode,187,1.0,82.75,20.0,1,0.0
15320,1.0,2.7,H25K - CBA - Decode,187,1.0,82.75,20.0,5,0.0
15320,1.0,2.7,H25K - CBA - Decode,187,1.0,82.75,20.0,2,0.0
15320,1.0,2.7,H25K - CBA - Decode,187,1.0,82.75,20.0,3,100.0
15320,1.0,2.7,H25K - CBA - Decode,187,1.0,82.75,20.0,4,0.0
15320,1.0,2.8,H25K - CBA - Abstraksjonsnivå,151,1.0,82.75,20.0,1,0.0
15320,1.0,2.8,H25K - CBA - Abstraksjonsnivå,151,1.0,82.75,20.0,2,0.0
15320,1.0,2.8,H25K - CBA - Abstraksjonsnivå,151,1.0,82.75,20.0,5,0.0
15320,1.0,2.8,H25K - CBA - Abstraksjonsnivå,151,1.0,82.75,20.0,3,100.0
15320,1.0,2.8,H25K - CBA - Abstraksjonsnivå,151,1.0,82.75,20.0,4,0.0
15320,1.0,2.9,H25K - CBA - Opcode,106,1.0,82.75,20.0,1,100.0
15320,1.0,2.9,H25K - CBA - Opcode,106,1.0,82.75,20.0,5,0.0
15320,1.0,2.9,H25K - CBA - Opcode,106,1.0,82.75,20.0,2,0.0
15320,1.0,2.9,H25K - CBA - Opcode,106,1.0,82.75,20.0,4,0.0
15320,1.0,2.9,H25K - CBA - Opcode,106,1.0,82.75,20.0,3,0.0
15320,2.0,2.10,H25K - CBA - Funksjonsuttrykk,104,2.0,82.75,20.0,2,0.0
15320,2.0,2.10,H25K - CBA - Funksjonsuttrykk,104,2.0,82.75,20.0,4,0.0
15320,2.0,2.10,H25K - CBA - Funksjonsuttrykk,104,2.0,82.75,20.0,5,0.0
15320,2.0,2.10,H25K - CBA - Funksjonsuttrykk,104,2.0,82.75,20.0,1,100.0
15320,2.0,2.10,H25K - CBA - Funksjonsuttrykk,104,2.0,82.75,20.0,3,0.0
15320,1.0,2.11,H25K - CBA - RAM,53,1.0,82.75,20.0,2,0.0
15320,1.0,2.11,H25K - CBA - RAM,53,1.0,82.75,20.0,5,0.0
15320,1.0,2.11,H25K - CBA - RAM,53,1.0,82.75,20.0,4,0.0
15320,1.0,2.11,H25K - CBA - RAM,53,1.0,82.75,20.0,1,100.0
15320,1.0,2.11,H25K - CBA - RAM,53,1.0,82.75,20.0,3,0.0
15320,2.0,2.12,H25K - CBA - Multiplikasjon,274,2.0,82.75,20.0,4,0.0
15320,2.0,2.12,H25K - CBA - Multiplikasjon,274,2.0,82.75,20.0,5,0.0
15320,2.0,2.12,H25K - CBA - Multiplikasjon,274,2.0,82.75,20.0,2,0.0
15320,2.0,2.12,H25K - CBA - Multiplikasjon,274,2.0,82.75,20.0,3,0.0
15320,2.0,2.12,H25K - CBA - Multiplikasjon,274,2.0,82.75,20.0,1,100.0
15320,2.0,2.13,H25K - CBA - Maskinkode,257,2.0,82.75,20.0,4,0.0
15320,2.0,2.13,H25K - CBA - Maskinkode,257,2.0,82.75,20.0,2,0.0
15320,2.0,2.13,H25K - CBA - Maskinkode,257,2.0,82.75,20.0,1,0.0
15320,2.0,2.13,H25K - CBA - Maskinkode,257,2.0,82.75,20.0,5,0.0
15320,2.0,2.13,H25K - CBA - Maskinkode,257,2.0,82.75,20.0,3,100.0
15320,2.0,2.14,H25K - CBA - Full-adder,69,2.0,82.75,20.0,1,100.0
15320,2.0,2.14,H25K - CBA - Full-adder,69,2.0,82.75,20.0,5,0.0
15320,2.0,2.14,H25K - CBA - Full-adder,69,2.0,82.75,20.0,2,0.0
15320,2.0,2.14,H25K - CBA - Full-adder,69,2.0,82.75,20.0,4,0.0
15320,2.0,2.14,H25K - CBA - Full-adder,69,2.0,82.75,20.0,3,0.0
15320,2.0,2.15,H25K - CBA - Full-adder 2,56,2.0,82.75,20.0,5,0.0
15320,2.0,2.15,H25K - CBA - Full-adder 2,56,2.0,82.75,20.0,4,0.0
15320,2.0,2.15,H25K - CBA - Full-adder 2,56,2.0,82.75,20.0,3,0.0
15320,2.0,2.15,H25K - CBA - Full-adder 2,56,2.0,82.75,20.0,1,100.0
15320,2.0,2.15,H25K - CBA - Full-adder 2,56,2.0,82.75,20.0,2,0.0
15290,1.0,2.1,H25K - CBA - PC,39,1.0,52.7,20.0,1,75.0
15290,1.0,2.1,H25K - CBA - PC,39,1.0,52.7,20.0,5,0.0
15290,1.0,2.1,H25K - CBA - PC,39,1.0,52.7,20.0,3,25.0
15290,1.0,2.1,H25K - CBA - PC,39,1.0,52.7,20.0,4,0.0
15290,1.0,2.1,H25K - CBA - PC,39,1.0,52.7,20.0,2,0.0
15290,1.0,2.2,H25K - CBA - Datapath,23,1.0,52.7,20.0,3,100.0
15290,1.0,2.2,H25K - CBA - Datapath,23,1.0,52.7,20.0,5,0.0
15290,1.0,2.2,H25K - CBA - Datapath,23,1.0,52.7,20.0,2,0.0
15290,1.0,2.2,H25K - CBA - Datapath,23,1.0,52.7,20.0,4,0.0
15290,1.0,2.2,H25K - CBA - Datapath,23,1.0,52.7,20.0,1,0.0
15290,1.0,2.3,H25K - CBA - Transistor,20,1.0,52.7,20.0,2,75.0
15290,1.0,2.3,H25K - CBA - Transistor,20,1.0,52.7,20.0,5,0.0
15290,1.0,2.3,H25K - CBA - Transistor,20,1.0,52.7,20.0,1,25.0
15290,1.0,2.3,H25K - CBA - Transistor,20,1.0,52.7,20.0,3,0.0
15290,1.0,2.3,H25K - CBA - Transistor,20,1.0,52.7,20.0,4,0.0
15290,1.0,2.4,H25K - CBA - Port,43,1.0,52.7,20.0,3,0.0
15290,1.0,2.4,H25K - CBA - Port,43,1.0,52.7,20.0,2,0.0
15290,1.0,2.4,H25K - CBA - Port,43,1.0,52.7,20.0,4,0.0
15290,1.0,2.4,H25K - CBA - Port,43,1.0,52.7,20.0,1,100.0
15290,1.0,2.4,H25K - CBA - Port,43,1.0,52.7,20.0,5,0.0
15290,1.0,2.5,H25K - CBA - Hazard,37,1.0,52.7,20.0,2,100.0
15290,1.0,2.5,H25K - CBA - Hazard,37,1.0,52.7,20.0,5,0.0
15290,1.0,2.5,H25K - CBA - Hazard,37,1.0,52.7,20.0,4,0.0
15290,1.0,2.5,H25K - CBA - Hazard,37,1.0,52.7,20.0,3,0.0
15290,1.0,2.5,H25K - CBA - Hazard,37,1.0,52.7,20.0,1,0.0
15290,1.0,2.6,H25K - CBA - Register,17,1.0,52.7,20.0,5,100.0
15290,1.0,2.6,H25K - CBA - Register,17,1.0,52.7,20.0,4,0.0
15290,1.0,2.6,H25K - CBA - Register,17,1.0,52.7,20.0,2,0.0
15290,1.0,2.6,H25K - CBA - Register,17,1.0,52.7,20.0,1,0.0
15290,1.0,2.6,H25K - CBA - Register,17,1.0,52.7,20.0,3,0.0
15290,1.0,2.7,H25K - CBA - Decode,20,1.0,52.7,20.0,2,0.0
15290,1.0,2.7,H25K - CBA - Decode,20,1.0,52.7,20.0,3,100.0
15290,1.0,2.7,H25K - CBA - Decode,20,1.0,52.7,20.0,5,0.0
15290,1.0,2.7,H25K - CBA - Decode,20,1.0,52.7,20.0,1,0.0
15290,1.0,2.7,H25K - CBA - Decode,20,1.0,52.7,20.0,4,0.0
15290,1.0,2.8,H25K - CBA - Abstraksjonsnivå,34,1.0,52.7,20.0,1,50.0
15290,1.0,2.8,H25K - CBA - Abstraksjonsnivå,34,1.0,52.7,20.0,5,0.0
15290,1.0,2.8,H25K - CBA - Abstraksjonsnivå,34,1.0,52.7,20.0,3,50.0
15290,1.0,2.8,H25K - CBA - Abstraksjonsnivå,34,1.0,52.7,20.0,4,0.0
15290,1.0,2.8,H25K - CBA - Abstraksjonsnivå,34,1.0,52.7,20.0,2,0.0
15290,1.0,2.9,H25K - CBA - Opcode,15,1.0,52.7,20.0,1,100.0
15290,1.0,2.9,H25K - CBA - Opcode,15,1.0,52.7,20.0,5,0.0
15290,1.0,2.9,H25K - CBA - Opcode,15,1.0,52.7,20.0,4,0.0
15290,1.0,2.9,H25K - CBA - Opcode,15,1.0,52.7,20.0,2,0.0
15290,1.0,2.9,H25K - CBA - Opcode,15,1.0,52.7,20.0,3,0.0
15290,2.0,2.10,H25K - CBA - Funksjonsuttrykk,65,2.0,52.7,20.0,1,100.0
15290,2.0,2.10,H25K - CBA - Funksjonsuttrykk,65,2.0,52.7,20.0,5,0.0
15290,2.0,2.10,H25K - CBA - Funksjonsuttrykk,65,2.0,52.7,20.0,2,0.0
15290,2.0,2.10,H25K - CBA - Funksjonsuttrykk,65,2.0,52.7,20.0,3,0.0
15290,2.0,2.10,H25K - CBA - Funksjonsuttrykk,65,2.0,52.7,20.0,4,0.0
15290,1.0,2.11,H25K - CBA - RAM,25,1.0,52.7,20.0,4,0.0
15290,1.0,2.11,H25K - CBA - RAM,25,1.0,52.7,20.0,1,0.0
15290,1.0,2.11,H25K - CBA - RAM,25,1.0,52.7,20.0,2,0.0
15290,1.0,2.11,H25K - CBA - RAM,25,1.0,52.7,20.0,3,75.0
15290,1.0,2.11,H25K - CBA - RAM,25,1.0,52.7,20.0,5,25.0
15290,2.0,2.12,H25K - CBA - Multiplikasjon,26,2.0,52.7,20.0,2,0.0
15290,2.0,2.12,H25K - CBA - Multiplikasjon,26,2.0,52.7,20.0,1,75.0
15290,2.0,2.12,H25K - CBA - Multiplikasjon,26,2.0,52.7,20.0,3,25.0
15290,2.0,2.12,H25K - CBA - Multiplikasjon,26,2.0,52.7,20.0,5,0.0
15290,2.0,2.12,H25K - CBA - Multiplikasjon,26,2.0,52.7,20.0,4,0.0
15290,2.0,2.13,H25K - CBA - Maskinkode,24,2.0,52.7,20.0,2,100.0
15290,2.0,2.13,H25K - CBA - Maskinkode,24,2.0,52.7,20.0,3,0.0
15290,2.0,2.13,H25K - CBA - Maskinkode,24,2.0,52.7,20.0,5,0.0
15290,2.0,2.13,H25K - CBA - Maskinkode,24,2.0,52.7,20.0,4,0.0
15290,2.0,2.13,H25K - CBA - Maskinkode,24,2.0,52.7,20.0,1,0.0
15290,2.0,2.14,H25K - CBA - Full-adder,40,2.0,52.7,20.0,2,100.0
15290,2.0,2.14,H25K - CBA - Full-adder,40,2.0,52.7,20.0,4,0.0
15290,2.0,2.14,H25K - CBA - Full-adder,40,2.0,52.7,20.0,3,0.0
15290,2.0,2.14,H25K - CBA - Full-adder,40,2.0,52.7,20.0,5,0.0
15290,2.0,2.14,H25K - CBA - Full-adder,40,2.0,52.7,20.0,1,0.0
15290,2.0,2.15,H25K - CBA - Full-adder 2,33,2.0,52.7,20.0,3,0.0
15290,2.0,2.15,H25K - CBA - Full-adder 2,33,2.0,52.7,20.0,4,0.0
15290,2.0,2.15,H25K - CBA - Full-adder 2,33,2.0,52.7,20.0,2,0.0
15290,2.0,2.15,H25K - CBA - Full-adder 2,33,2.0,52.7,20.0,1,100.0
15290,2.0,2.15,H25K - CBA - Full-adder 2,33,2.0,52.7,20.0,5,0.0
15333,1.0,2.1,H25K - CBA - PC,19,1.0,81.91,20.0,1,100.0
15333,1.0,2.1,H25K - CBA - PC,19,1.0,81.91,20.0,4,0.0
15333,1.0,2.1,H25K - CBA - PC,19,1.0,81.91,20.0,5,0.0
15333,1.0,2.1,H25K - CBA - PC,19,1.0,81.91,20.0,2,0.0
15333,1.0,2.1,H25K - CBA - PC,19,1.0,81.91,20.0,3,0.0
15333,1.0,2.2,H25K - CBA - Datapath,76,1.0,81.91,20.0,4,0.0
15333,1.0,2.2,H25K - CBA - Datapath,76,1.0,81.91,20.0,2,0.0
15333,1.0,2.2,H25K - CBA - Datapath,76,1.0,81.91,20.0,5,0.0
15333,1.0,2.2,H25K - CBA - Datapath,76,1.0,81.91,20.0,1,100.0
15333,1.0,2.2,H25K - CBA - Datapath,76,1.0,81.91,20.0,3,0.0
15333,1.0,2.3,H25K - CBA - Transistor,42,1.0,81.91,20.0,4,0.0
15333,1.0,2.3,H25K - CBA - Transistor,42,1.0,81.91,20.0,1,100.0
15333,1.0,2.3,H25K - CBA - Transistor,42,1.0,81.91,20.0,5,0.0
15333,1.0,2.3,H25K - CBA - Transistor,42,1.0,81.91,20.0,3,0.0
15333,1.0,2.3,H25K - CBA - Transistor,42,1.0,81.91,20.0,2,0.0
15333,1.0,2.4,H25K - CBA - Port,56,1.0,81.91,20.0,3,0.0
15333,1.0,2.4,H25K - CBA - Port,56,1.0,81.91,20.0,4,0.0
15333,1.0,2.4,H25K - CBA - Port,56,1.0,81.91,20.0,5,0.0
15333,1.0,2.4,H25K - CBA - Port,56,1.0,81.91,20.0,1,100.0
15333,1.0,2.4,H25K - CBA - Port,56,1.0,81.91,20.0,2,0.0
15333,1.0,2.5,H25K - CBA - Hazard,111,1.0,81.91,20.0,1,100.0
15333,1.0,2.5,H25K - CBA - Hazard,111,1.0,81.91,20.0,3,0.0
15333,1.0,2.5,H25K - CBA - Hazard,111,1.0,81.91,20.0,4,0.0
15333,1.0,2.5,H25K - CBA - Hazard,111,1.0,81.91,20.0,2,0.0
15333,1.0,2.5,H25K - CBA - Hazard,111,1.0,81.91,20.0,5,0.0
15333,1.0,2.6,H25K - CBA - Register,22,1.0,81.91,20.0,2,0.0
15333,1.0,2.6,H25K - CBA - Register,22,1.0,81.91,20.0,4,0.0
15333,1.0,2.6,H25K - CBA - Register,22,1.0,81.91,20.0,1,100.0
15333,1.0,2.6,H25K - CBA - Register,22,1.0,81.91,20.0,5,0.0
15333,1.0,2.6,H25K - CBA - Register,22,1.0,81.91,20.0,3,0.0
15333,1.0,2.7,H25K - CBA - Decode,27,1.0,81.91,20.0,4,0.0
15333,1.0,2.7,H25K - CBA - Decode,27,1.0,81.91,20.0,5,0.0
15333,1.0,2.7,H25K - CBA - Decode,27,1.0,81.91,20.0,2,0.0
15333,1.0,2.7,H25K - CBA - Decode,27,1.0,81.91,20.0,3,0.0
15333,1.0,2.7,H25K - CBA - Decode,27,1.0,81.91,20.0,1,100.0
15333,1.0,2.8,H25K - CBA - Abstraksjonsnivå,90,1.0,81.91,20.0,2,0.0
15333,1.0,2.8,H25K - CBA - Abstraksjonsnivå,90,1.0,81.91,20.0,3,0.0
15333,1.0,2.8,H25K - CBA - Abstraksjonsnivå,90,1.0,81.91,20.0,1,100.0
15333,1.0,2.8,H25K - CBA - Abstraksjonsnivå,90,1.0,81.91,20.0,5,0.0
15333,1.0,2.8,H25K - CBA - Abstraksjonsnivå,90,1.0,81.91,20.0,4,0.0
15333,1.0,2.9,H25K - CBA - Opcode,80,1.0,81.91,20.0,5,0.0
15333,1.0,2.9,H25K - CBA - Opcode,80,1.0,81.91,20.0,1,100.0
15333,1.0,2.9,H25K - CBA - Opcode,80,1.0,81.91,20.0,3,0.0
15333,1.0,2.9,H25K - CBA - Opcode,80,1.0,81.91,20.0,4,0.0
15333,1.0,2.9,H25K - CBA - Opcode,80,1.0,81.91,20.0,2,0.0
15333,2.0,2.10,H25K - CBA - Funksjonsuttrykk,100,2.0,81.91,20.0,1,100.0
15333,2.0,2.10,H25K - CBA - Funksjonsuttrykk,100,2.0,81.91,20.0,2,0.0
15333,2.0,2.10,H25K - CBA - Funksjonsuttrykk,100,2.0,81.91,20.0,3,0.0
15333,2.0,2.10,H25K - CBA - Funksjonsuttrykk,100,2.0,81.91,20.0,4,0.0
15333,2.0,2.10,H25K - CBA - Funksjonsuttrykk,100,2.0,81.91,20.0,5,0.0
15333,1.0,2.11,H25K - CBA - RAM,35,1.0,81.91,20.0,4,0.0
15333,1.0,2.11,H25K - CBA - RAM,35,1.0,81.91,20.0,5,0.0
15333,1.0,2.11,H25K - CBA - RAM,35,1.0,81.91,20.0,2,0.0
15333,1.0,2.11,H25K - CBA - RAM,35,1.0,81.91,20.0,3,0.0
15333,1.0,2.11,H25K - CBA - RAM,35,1.0,81.91,20.0,1,100.0
15333,2.0,2.12,H25K - CBA - Multiplikasjon,85,2.0,81.91,20.0,4,0.0
15333,2.0,2.12,H25K - CBA - Multiplikasjon,85,2.0,81.91,20.0,2,0.0
15333,2.0,2.12,H25K - CBA - Multiplikasjon,85,2.0,81.91,20.0,3,0.0
15333,2.0,2.12,H25K - CBA - Multiplikasjon,85,2.0,81.91,20.0,5,0.0
15333,2.0,2.12,H25K - CBA - Multiplikasjon,85,2.0,81.91,20.0,1,100.0
15333,2.0,2.13,H25K - CBA - Maskinkode,25,2.0,81.91,20.0,4,0.0
15333,2.0,2.13,H25K - CBA - Maskinkode,25,2.0,81.91,20.0,2,0.0
15333,2.0,2.13,H25K - CBA - Maskinkode,25,2.0,81.91,20.0,1,100.0
15333,2.0,2.13,H25K - CBA - Maskinkode,25,2.0,81.91,20.0,3,0.0
15333,2.0,2.13,H25K - CBA - Maskinkode,25,2.0,81.91,20.0,5,0.0
15333,2.0,2.14,H25K - CBA - Full-adder,51,2.0,81.91,20.0,5,0.0
15333,2.0,2.14,H25K - CBA - Full-adder,51,2.0,81.91,20.0,3,0.0
15333,2.0,2.14,H25K - CBA - Full-adder,51,2.0,81.91,20.0,2,0.0
15333,2.0,2.14,H25K - CBA - Full-adder,51,2.0,81.91,20.0,1,100.0
15333,2.0,2.14,H25K - CBA - Full-adder,51,2.0,81.91,20.0,4,0.0
15333,2.0,2.15,H25K - CBA - Full-adder 2,56,2.0,81.91,20.0,5,0.0
15333,2.0,2.15,H25K - CBA - Full-adder 2,56,2.0,81.91,20.0,4,0.0
15333,2.0,2.15,H25K - CBA - Full-adder 2,56,2.0,81.91,20.0,3,0.0
15333,2.0,2.15,H25K - CBA - Full-adder 2,56,2.0,81.91,20.0,2,100.0
15333,2.0,2.15,H25K - CBA - Full-adder 2,56,2.0,81.91,20.0,1,0.0
15318,1.0,2.1,H25K - CBA - PC,63,1.0,27.7,7.0,3,100.0
15318,1.0,2.1,H25K - CBA - PC,63,1.0,27.7,7.0,4,0.0
15318,1.0,2.1,H25K - CBA - PC,63,1.0,27.7,7.0,5,0.0
15318,1.0,2.1,H25K - CBA - PC,63,1.0,27.7,7.0,1,0.0
15318,1.0,2.1,H25K - CBA - PC,63,1.0,27.7,7.0,2,0.0
15318,1.0,2.2,H25K - CBA - Datapath,137,1.0,27.7,7.0,1,100.0
15318,1.0,2.2,H25K - CBA - Datapath,137,1.0,27.7,7.0,2,0.0
15318,1.0,2.2,H25K - CBA - Datapath,137,1.0,27.7,7.0,5,0.0
15318,1.0,2.2,H25K - CBA - Datapath,137,1.0,27.7,7.0,4,0.0
15318,1.0,2.2,H25K - CBA - Datapath,137,1.0,27.7,7.0,3,0.0
15318,1.0,2.3,H25K - CBA - Transistor,41,0.0,27.7,7.0,3,100.0
15318,1.0,2.4,H25K - CBA - Port,56,1.0,27.7,7.0,1,100.0
15318,1.0,2.5,H25K - CBA - Hazard,31,0.0,27.7,7.0,3,100.0
15318,1.0,2.6,H25K - CBA - Register,18,0.0,27.7,7.0,4,100.0
15318,1.0,2.7,H25K - CBA - Decode,47,0.0,27.7,7.0,2,50.0
15318,1.0,2.7,H25K - CBA - Decode,47,0.0,27.7,7.0,3,50.0
15318,1.0,2.8,H25K - CBA - Abstraksjonsnivå,143,0.0,27.7,7.0,3,100.0
15318,1.0,2.9,H25K - CBA - Opcode,28,1.0,27.7,7.0,1,100.0
15318,2.0,2.10,H25K - CBA - Funksjonsuttrykk,270,2.0,27.7,7.0,4,0.0
15318,2.0,2.10,H25K - CBA - Funksjonsuttrykk,270,2.0,27.7,7.0,3,0.0
15318,2.0,2.10,H25K - CBA - Funksjonsuttrykk,270,2.0,27.7,7.0,1,100.0
15318,2.0,2.10,H25K - CBA - Funksjonsuttrykk,270,2.0,27.7,7.0,5,0.0
15318,2.0,2.10,H25K - CBA - Funksjonsuttrykk,270,2.0,27.7,7.0,2,0.0
15318,1.0,2.11,H25K - CBA - RAM,64,1.0,27.7,7.0,1,100.0
15318,1.0,2.11,H25K - CBA - RAM,64,1.0,27.7,7.0,3,0.0
15318,1.0,2.11,H25K - CBA - RAM,64,1.0,27.7,7.0,2,0.0
15318,1.0,2.11,H25K - CBA - RAM,64,1.0,27.7,7.0,5,0.0
15318,1.0,2.11,H25K - CBA - RAM,64,1.0,27.7,7.0,4,0.0
15318,2.0,2.12,H25K - CBA - Multiplikasjon,109,0.0,27.7,7.0,5,100.0
15318,2.0,2.13,H25K - CBA - Maskinkode,36,0.0,27.7,7.0,2,100.0
15318,2.0,2.14,H25K - CBA - Full-adder,133,0.0,27.7,7.0,2,100.0
15318,2.0,2.15,H25K - CBA - Full-adder 2,101,0.0,27.7,7.0,3,100.0
15353,1.0,2.1,H25K - CBA - PC,292,1.0,68.25,20.0,1,75.0
15353,1.0,2.1,H25K - CBA - PC,292,1.0,68.25,20.0,5,25.0
15353,1.0,2.1,H25K - CBA - PC,292,1.0,68.25,20.0,4,0.0
15353,1.0,2.1,H25K - CBA - PC,292,1.0,68.25,20.0,2,0.0
15353,1.0,2.1,H25K - CBA - PC,292,1.0,68.25,20.0,3,0.0
15353,1.0,2.2,H25K - CBA - Datapath,35,1.0,68.25,20.0,1,100.0
15353,1.0,2.2,H25K - CBA - Datapath,35,1.0,68.25,20.0,5,0.0
15353,1.0,2.2,H25K - CBA - Datapath,35,1.0,68.25,20.0,3,0.0
15353,1.0,2.2,H25K - CBA - Datapath,35,1.0,68.25,20.0,2,0.0
15353,1.0,2.2,H25K - CBA - Datapath,35,1.0,68.25,20.0,4,0.0
15353,1.0,2.3,H25K - CBA - Transistor,73,1.0,68.25,20.0,1,100.0
15353,1.0,2.3,H25K - CBA - Transistor,73,1.0,68.25,20.0,4,0.0
15353,1.0,2.3,H25K - CBA - Transistor,73,1.0,68.25,20.0,3,0.0
15353,1.0,2.3,H25K - CBA - Transistor,73,1.0,68.25,20.0,5,0.0
15353,1.0,2.3,H25K - CBA - Transistor,73,1.0,68.25,20.0,2,0.0
15353,1.0,2.4,H25K - CBA - Port,64,1.0,68.25,20.0,1,100.0
15353,1.0,2.4,H25K - CBA - Port,64,1.0,68.25,20.0,3,0.0
15353,1.0,2.4,H25K - CBA - Port,64,1.0,68.25,20.0,5,0.0
15353,1.0,2.4,H25K - CBA - Port,64,1.0,68.25,20.0,4,0.0
15353,1.0,2.4,H25K - CBA - Port,64,1.0,68.25,20.0,2,0.0
15353,1.0,2.5,H25K - CBA - Hazard,84,1.0,68.25,20.0,2,100.0
15353,1.0,2.5,H25K - CBA - Hazard,84,1.0,68.25,20.0,5,0.0
15353,1.0,2.5,H25K - CBA - Hazard,84,1.0,68.25,20.0,3,0.0
15353,1.0,2.5,H25K - CBA - Hazard,84,1.0,68.25,20.0,1,0.0
15353,1.0,2.5,H25K - CBA - Hazard,84,1.0,68.25,20.0,4,0.0
15353,1.0,2.6,H25K - CBA - Register,42,1.0,68.25,20.0,1,100.0
15353,1.0,2.6,H25K - CBA - Register,42,1.0,68.25,20.0,2,0.0
15353,1.0,2.6,H25K - CBA - Register,42,1.0,68.25,20.0,5,0.0
15353,1.0,2.6,H25K - CBA - Register,42,1.0,68.25,20.0,3,0.0
15353,1.0,2.6,H25K - CBA - Register,42,1.0,68.25,20.0,4,0.0
15353,1.0,2.7,H25K - CBA - Decode,63,1.0,68.25,20.0,1,75.0
15353,1.0,2.7,H25K - CBA - Decode,63,1.0,68.25,20.0,2,25.0
15353,1.0,2.7,H25K - CBA - Decode,63,1.0,68.25,20.0,5,0.0
15353,1.0,2.7,H25K - CBA - Decode,63,1.0,68.25,20.0,4,0.0
15353,1.0,2.7,H25K - CBA - Decode,63,1.0,68.25,20.0,3,0.0
15353,1.0,2.8,H25K - CBA - Abstraksjonsnivå,89,1.0,68.25,20.0,2,75.0
15353,1.0,2.8,H25K - CBA - Abstraksjonsnivå,89,1.0,68.25,20.0,1,25.0
15353,1.0,2.8,H25K - CBA - Abstraksjonsnivå,89,1.0,68.25,20.0,5,0.0
15353,1.0,2.8,H25K - CBA - Abstraksjonsnivå,89,1.0,68.25,20.0,3,0.0
15353,1.0,2.8,H25K - CBA - Abstraksjonsnivå,89,1.0,68.25,20.0,4,0.0
15353,1.0,2.9,H25K - CBA - Opcode,321,1.0,68.25,20.0,3,50.0
15353,1.0,2.9,H25K - CBA - Opcode,321,1.0,68.25,20.0,4,50.0
15353,1.0,2.9,H25K - CBA - Opcode,321,1.0,68.25,20.0,5,0.0
15353,1.0,2.9,H25K - CBA - Opcode,321,1.0,68.25,20.0,1,0.0
15353,1.0,2.9,H25K - CBA - Opcode,321,1.0,68.25,20.0,2,0.0
15353,2.0,2.10,H25K - CBA - Funksjonsuttrykk,151,2.0,68.25,20.0,1,75.0
15353,2.0,2.10,H25K - CBA - Funksjonsuttrykk,151,2.0,68.25,20.0,2,25.0
15353,2.0,2.10,H25K - CBA - Funksjonsuttrykk,151,2.0,68.25,20.0,5,0.0
15353,2.0,2.10,H25K - CBA - Funksjonsuttrykk,151,2.0,68.25,20.0,3,0.0
15353,2.0,2.10,H25K - CBA - Funksjonsuttrykk,151,2.0,68.25,20.0,4,0.0
15353,1.0,2.11,H25K - CBA - RAM,42,1.0,68.25,20.0,1,100.0
15353,1.0,2.11,H25K - CBA - RAM,42,1.0,68.25,20.0,3,0.0
15353,1.0,2.11,H25K - CBA - RAM,42,1.0,68.25,20.0,5,0.0
15353,1.0,2.11,H25K - CBA - RAM,42,1.0,68.25,20.0,2,0.0
15353,1.0,2.11,H25K - CBA - RAM,42,1.0,68.25,20.0,4,0.0
15353,2.0,2.12,H25K - CBA - Multiplikasjon,122,2.0,68.25,20.0,1,75.0
15353,2.0,2.12,H25K - CBA - Multiplikasjon,122,2.0,68.25,20.0,2,25.0
15353,2.0,2.12,H25K - CBA - Multiplikasjon,122,2.0,68.25,20.0,5,0.0
15353,2.0,2.12,H25K - CBA - Multiplikasjon,122,2.0,68.25,20.0,4,0.0
15353,2.0,2.12,H25K - CBA - Multiplikasjon,122,2.0,68.25,20.0,3,0.0
15353,2.0,2.13,H25K - CBA - Maskinkode,98,2.0,68.25,20.0,1,100.0
15353,2.0,2.13,H25K - CBA - Maskinkode,98,2.0,68.25,20.0,5,0.0
15353,2.0,2.13,H25K - CBA - Maskinkode,98,2.0,68.25,20.0,2,0.0
15353,2.0,2.13,H25K - CBA - Maskinkode,98,2.0,68.25,20.0,4,0.0
15353,2.0,2.13,H25K - CBA - Maskinkode,98,2.0,68.25,20.0,3,0.0
15353,2.0,2.14,H25K - CBA - Full-adder,39,2.0,68.25,20.0,1,100.0
15353,2.0,2.14,H25K - CBA - Full-adder,39,2.0,68.25,20.0,3,0.0
15353,2.0,2.14,H25K - CBA - Full-adder,39,2.0,68.25,20.0,5,0.0
15353,2.0,2.14,H25K - CBA - Full-adder,39,2.0,68.25,20.0,2,0.0
15353,2.0,2.14,H25K - CBA - Full-adder,39,2.0,68.25,20.0,4,0.0
15353,2.0,2.15,H25K - CBA - Full-adder 2,210,2.0,68.25,20.0,3,0.0
15353,2.0,2.15,H25K - CBA - Full-adder 2,210,2.0,68.25,20.0,2,0.0
15353,2.0,2.15,H25K - CBA - Full-adder 2,210,2.0,68.25,20.0,5,0.0
15353,2.0,2.15,H25K - CBA - Full-adder 2,210,2.0,68.25,20.0,1,75.0
15353,2.0,2.15,H25K - CBA - Full-adder 2,210,2.0,68.25,20.0,4,25.0
15263,1.0,2.1,H25K - CBA - PC,162,0.0,40.91,8.0,1,75.0
15263,1.0,2.1,H25K - CBA - PC,162,0.0,40.91,8.0,3,25.0
15263,1.0,2.2,H25K - CBA - Datapath,26,1.0,40.91,8.0,1,100.0
15263,1.0,2.3,H25K - CBA - Transistor,78,0.0,40.91,8.0,1,75.0
15263,1.0,2.3,H25K - CBA - Transistor,78,0.0,40.91,8.0,3,25.0
15263,1.0,2.4,H25K - CBA - Port,58,1.0,40.91,8.0,1,100.0
15263,1.0,2.5,H25K - CBA - Hazard,113,0.0,40.91,8.0,4,75.0
15263,1.0,2.5,H25K - CBA - Hazard,113,0.0,40.91,8.0,5,25.0
15263,1.0,2.6,H25K - CBA - Register,46,1.0,40.91,8.0,1,100.0
15263,1.0,2.7,H25K - CBA - Decode,82,0.0,40.91,8.0,3,100.0
15263,1.0,2.8,H25K - CBA - Abstraksjonsnivå,61,0.0,40.91,8.0,3,75.0
15263,1.0,2.8,H25K - CBA - Abstraksjonsnivå,61,0.0,40.91,8.0,4,25.0
15263,1.0,2.9,H25K - CBA - Opcode,202,0.0,40.91,8.0,5,75.0
15263,1.0,2.9,H25K - CBA - Opcode,202,0.0,40.91,8.0,1,25.0
15263,2.0,2.10,H25K - CBA - Funksjonsuttrykk,115,2.0,40.91,8.0,1,100.0
15263,1.0,2.11,H25K - CBA - RAM,47,1.0,40.91,8.0,1,100.0
15263,2.0,2.12,H25K - CBA - Multiplikasjon,80,0.0,40.91,8.0,1,75.0
15263,2.0,2.12,H25K - CBA - Multiplikasjon,80,0.0,40.91,8.0,5,25.0
15263,2.0,2.13,H25K - CBA - Maskinkode,82,0.0,40.91,8.0,5,75.0
15263,2.0,2.13,H25K - CBA - Maskinkode,82,0.0,40.91,8.0,1,25.0
15263,2.0,2.14,H25K - CBA - Full-adder,36,0.0,40.91,8.0,2,100.0
15263,2.0,2.15,H25K - CBA - Full-adder 2,80,2.0,40.91,8.0,1,100.0
15302,1.0,2.1,H25K - CBA - PC,35,1.0,77.0,20.0,1,100.0
15302,1.0,2.1,H25K - CBA - PC,35,1.0,77.0,20.0,4,0.0
15302,1.0,2.1,H25K - CBA - PC,35,1.0,77.0,20.0,5,0.0
15302,1.0,2.1,H25K - CBA - PC,35,1.0,77.0,20.0,3,0.0
15302,1.0,2.1,H25K - CBA - PC,35,1.0,77.0,20.0,2,0.0
15302,1.0,2.2,H25K - CBA - Datapath,131,1.0,77.0,20.0,5,0.0
15302,1.0,2.2,H25K - CBA - Datapath,131,1.0,77.0,20.0,2,0.0
15302,1.0,2.2,H25K - CBA - Datapath,131,1.0,77.0,20.0,4,0.0
15302,1.0,2.2,H25K - CBA - Datapath,131,1.0,77.0,20.0,3,0.0
15302,1.0,2.2,H25K - CBA - Datapath,131,1.0,77.0,20.0,1,100.0
15302,1.0,2.3,H25K - CBA - Transistor,60,1.0,77.0,20.0,5,0.0
15302,1.0,2.3,H25K - CBA - Transistor,60,1.0,77.0,20.0,3,0.0
15302,1.0,2.3,H25K - CBA - Transistor,60,1.0,77.0,20.0,2,0.0
15302,1.0,2.3,H25K - CBA - Transistor,60,1.0,77.0,20.0,4,100.0
15302,1.0,2.3,H25K - CBA - Transistor,60,1.0,77.0,20.0,1,0.0
15302,1.0,2.4,H25K - CBA - Port,27,1.0,77.0,20.0,3,0.0
15302,1.0,2.4,H25K - CBA - Port,27,1.0,77.0,20.0,2,0.0
15302,1.0,2.4,H25K - CBA - Port,27,1.0,77.0,20.0,4,0.0
15302,1.0,2.4,H25K - CBA - Port,27,1.0,77.0,20.0,5,0.0
15302,1.0,2.4,H25K - CBA - Port,27,1.0,77.0,20.0,1,100.0
15302,1.0,2.5,H25K - CBA - Hazard,57,1.0,77.0,20.0,2,0.0
15302,1.0,2.5,H25K - CBA - Hazard,57,1.0,77.0,20.0,3,0.0
15302,1.0,2.5,H25K - CBA - Hazard,57,1.0,77.0,20.0,5,0.0
15302,1.0,2.5,H25K - CBA - Hazard,57,1.0,77.0,20.0,1,100.0
15302,1.0,2.5,H25K - CBA - Hazard,57,1.0,77.0,20.0,4,0.0
15302,1.0,2.6,H25K - CBA - Register,54,1.0,77.0,20.0,3,0.0
15302,1.0,2.6,H25K - CBA - Register,54,1.0,77.0,20.0,2,0.0
15302,1.0,2.6,H25K - CBA - Register,54,1.0,77.0,20.0,4,0.0
15302,1.0,2.6,H25K - CBA - Register,54,1.0,77.0,20.0,1,100.0
15302,1.0,2.6,H25K - CBA - Register,54,1.0,77.0,20.0,5,0.0
15302,1.0,2.7,H25K - CBA - Decode,83,1.0,77.0,20.0,5,0.0
15302,1.0,2.7,H25K - CBA - Decode,83,1.0,77.0,20.0,4,0.0
15302,1.0,2.7,H25K - CBA - Decode,83,1.0,77.0,20.0,2,0.0
15302,1.0,2.7,H25K - CBA - Decode,83,1.0,77.0,20.0,3,100.0
15302,1.0,2.7,H25K - CBA - Decode,83,1.0,77.0,20.0,1,0.0
15302,1.0,2.8,H25K - CBA - Abstraksjonsnivå,164,1.0,77.0,20.0,5,0.0
15302,1.0,2.8,H25K - CBA - Abstraksjonsnivå,164,1.0,77.0,20.0,1,100.0
15302,1.0,2.8,H25K - CBA - Abstraksjonsnivå,164,1.0,77.0,20.0,4,0.0
15302,1.0,2.8,H25K - CBA - Abstraksjonsnivå,164,1.0,77.0,20.0,2,0.0
15302,1.0,2.8,H25K - CBA - Abstraksjonsnivå,164,1.0,77.0,20.0,3,0.0
15302,1.0,2.9,H25K - CBA - Opcode,45,1.0,77.0,20.0,1,100.0
15302,1.0,2.9,H25K - CBA - Opcode,45,1.0,77.0,20.0,4,0.0
15302,1.0,2.9,H25K - CBA - Opcode,45,1.0,77.0,20.0,5,0.0
15302,1.0,2.9,H25K - CBA - Opcode,45,1.0,77.0,20.0,2,0.0
15302,1.0,2.9,H25K - CBA - Opcode,45,1.0,77.0,20.0,3,0.0
15302,2.0,2.10,H25K - CBA - Funksjonsuttrykk,103,2.0,77.0,20.0,1,100.0
15302,2.0,2.10,H25K - CBA - Funksjonsuttrykk,103,2.0,77.0,20.0,4,0.0
15302,2.0,2.10,H25K - CBA - Funksjonsuttrykk,103,2.0,77.0,20.0,2,0.0
15302,2.0,2.10,H25K - CBA - Funksjonsuttrykk,103,2.0,77.0,20.0,5,0.0
15302,2.0,2.10,H25K - CBA - Funksjonsuttrykk,103,2.0,77.0,20.0,3,0.0
15302,1.0,2.11,H25K - CBA - RAM,36,1.0,77.0,20.0,1,100.0
15302,1.0,2.11,H25K - CBA - RAM,36,1.0,77.0,20.0,5,0.0
15302,1.0,2.11,H25K - CBA - RAM,36,1.0,77.0,20.0,4,0.0
15302,1.0,2.11,H25K - CBA - RAM,36,1.0,77.0,20.0,3,0.0
15302,1.0,2.11,H25K - CBA - RAM,36,1.0,77.0,20.0,2,0.0
15302,2.0,2.12,H25K - CBA - Multiplikasjon,131,2.0,77.0,20.0,2,0.0
15302,2.0,2.12,H25K - CBA - Multiplikasjon,131,2.0,77.0,20.0,3,0.0
15302,2.0,2.12,H25K - CBA - Multiplikasjon,131,2.0,77.0,20.0,1,50.0
15302,2.0,2.12,H25K - CBA - Multiplikasjon,131,2.0,77.0,20.0,4,0.0
15302,2.0,2.12,H25K - CBA - Multiplikasjon,131,2.0,77.0,20.0,5,50.0
15302,2.0,2.13,H25K - CBA - Maskinkode,121,2.0,77.0,20.0,5,0.0
15302,2.0,2.13,H25K - CBA - Maskinkode,121,2.0,77.0,20.0,3,0.0
15302,2.0,2.13,H25K - CBA - Maskinkode,121,2.0,77.0,20.0,1,75.0
15302,2.0,2.13,H25K - CBA - Maskinkode,121,2.0,77.0,20.0,2,25.0
15302,2.0,2.13,H25K - CBA - Maskinkode,121,2.0,77.0,20.0,4,0.0
15302,2.0,2.14,H25K - CBA - Full-adder,37,2.0,77.0,20.0,1,100.0
15302,2.0,2.14,H25K - CBA - Full-adder,37,2.0,77.0,20.0,3,0.0
15302,2.0,2.14,H25K - CBA - Full-adder,37,2.0,77.0,20.0,4,0.0
15302,2.0,2.14,H25K - CBA - Full-adder,37,2.0,77.0,20.0,5,0.0
15302,2.0,2.14,H25K - CBA - Full-adder,37,2.0,77.0,20.0,2,0.0
15302,2.0,2.15,H25K - CBA - Full-adder 2,96,2.0,77.0,20.0,1,100.0
15302,2.0,2.15,H25K - CBA - Full-adder 2,96,2.0,77.0,20.0,2,0.0
15302,2.0,2.15,H25K - CBA - Full-adder 2,96,2.0,77.0,20.0,4,0.0
15302,2.0,2.15,H25K - CBA - Full-adder 2,96,2.0,77.0,20.0,5,0.0
15302,2.0,2.15,H25K - CBA - Full-adder 2,96,2.0,77.0,20.0,3,0.0
15291,1.0,2.1,H25K - CBA - PC,169,1.0,56.66,20.0,4,0.0
15291,1.0,2.1,H25K - CBA - PC,169,1.0,56.66,20.0,5,0.0
15291,1.0,2.1,H25K - CBA - PC,169,1.0,56.66,20.0,2,0.0
15291,1.0,2.1,H25K - CBA - PC,169,1.0,56.66,20.0,1,0.0
15291,1.0,2.1,H25K - CBA - PC,169,1.0,56.66,20.0,3,100.0
15291,1.0,2.2,H25K - CBA - Datapath,101,1.0,56.66,20.0,5,0.0
15291,1.0,2.2,H25K - CBA - Datapath,101,1.0,56.66,20.0,3,50.0
15291,1.0,2.2,H25K - CBA - Datapath,101,1.0,56.66,20.0,4,50.0
15291,1.0,2.2,H25K - CBA - Datapath,101,1.0,56.66,20.0,2,0.0
15291,1.0,2.2,H25K - CBA - Datapath,101,1.0,56.66,20.0,1,0.0
15291,1.0,2.3,H25K - CBA - Transistor,156,1.0,56.66,20.0,2,0.0
15291,1.0,2.3,H25K - CBA - Transistor,156,1.0,56.66,20.0,1,100.0
15291,1.0,2.3,H25K - CBA - Transistor,156,1.0,56.66,20.0,3,0.0
15291,1.0,2.3,H25K - CBA - Transistor,156,1.0,56.66,20.0,4,0.0
15291,1.0,2.3,H25K - CBA - Transistor,156,1.0,56.66,20.0,5,0.0
15291,1.0,2.4,H25K - CBA - Port,82,1.0,56.66,20.0,1,100.0
15291,1.0,2.4,H25K - CBA - Port,82,1.0,56.66,20.0,4,0.0
15291,1.0,2.4,H25K - CBA - Port,82,1.0,56.66,20.0,3,0.0
15291,1.0,2.4,H25K - CBA - Port,82,1.0,56.66,20.0,2,0.0
15291,1.0,2.4,H25K - CBA - Port,82,1.0,56.66,20.0,5,0.0
15291,1.0,2.5,H25K - CBA - Hazard,96,1.0,56.66,20.0,5,0.0
15291,1.0,2.5,H25K - CBA - Hazard,96,1.0,56.66,20.0,3,0.0
15291,1.0,2.5,H25K - CBA - Hazard,96,1.0,56.66,20.0,1,100.0
15291,1.0,2.5,H25K - CBA - Hazard,96,1.0,56.66,20.0,2,0.0
15291,1.0,2.6,H25K - CBA - Register,53,1.0,56.66,20.0,1,100.0
15291,1.0,2.6,H25K - CBA - Register,53,1.0,56.66,20.0,3,0.0
15291,1.0,2.6,H25K - CBA - Register,53,1.0,56.66,20.0,2,0.0
15291,1.0,2.6,H25K - CBA - Register,53,1.0,56.66,20.0,5,0.0
15291,1.0,2.6,H25K - CBA - Register,53,1.0,56.66,20.0,4,0.0
15291,1.0,2.7,H25K - CBA - Decode,78,1.0,56.66,20.0,4,0.0
15291,1.0,2.7,H25K - CBA - Decode,78,1.0,56.66,20.0,5,0.0
15291,1.0,2.7,H25K - CBA - Decode,78,1.0,56.66,20.0,3,0.0
15291,1.0,2.7,H25K - CBA - Decode,78,1.0,56.66,20.0,2,0.0
15291,1.0,2.7,H25K - CBA - Decode,78,1.0,56.66,20.0,1,100.0
15291,1.0,2.8,H25K - CBA - Abstraksjonsnivå,148,1.0,56.66,20.0,4,0.0
15291,1.0,2.8,H25K - CBA - Abstraksjonsnivå,148,1.0,56.66,20.0,5,0.0
15291,1.0,2.8,H25K - CBA - Abstraksjonsnivå,148,1.0,56.66,20.0,2,50.0
15291,1.0,2.8,H25K - CBA - Abstraksjonsnivå,148,1.0,56.66,20.0,1,50.0
15291,1.0,2.8,H25K - CBA - Abstraksjonsnivå,148,1.0,56.66,20.0,3,0.0
15291,1.0,2.9,H25K - CBA - Opcode,99,1.0,56.66,20.0,1,100.0
15291,1.0,2.9,H25K - CBA - Opcode,99,1.0,56.66,20.0,5,0.0
15291,1.0,2.9,H25K - CBA - Opcode,99,1.0,56.66,20.0,3,0.0
15291,1.0,2.9,H25K - CBA - Opcode,99,1.0,56.66,20.0,2,0.0
15291,1.0,2.9,H25K - CBA - Opcode,99,1.0,56.66,20.0,4,0.0
15291,2.0,2.10,H25K - CBA - Funksjonsuttrykk,139,2.0,56.66,20.0,4,0.0
15291,2.0,2.10,H25K - CBA - Funksjonsuttrykk,139,2.0,56.66,20.0,5,0.0
15291,2.0,2.10,H25K - CBA - Funksjonsuttrykk,139,2.0,56.66,20.0,1,50.0
15291,2.0,2.10,H25K - CBA - Funksjonsuttrykk,139,2.0,56.66,20.0,3,50.0
15291,2.0,2.10,H25K - CBA - Funksjonsuttrykk,139,2.0,56.66,20.0,2,0.0
15291,1.0,2.11,H25K - CBA - RAM,75,1.0,56.66,20.0,1,100.0
15291,1.0,2.11,H25K - CBA - RAM,75,1.0,56.66,20.0,4,0.0
15291,1.0,2.11,H25K - CBA - RAM,75,1.0,56.66,20.0,3,0.0
15291,1.0,2.11,H25K - CBA - RAM,75,1.0,56.66,20.0,2,0.0
15291,1.0,2.11,H25K - CBA - RAM,75,1.0,56.66,20.0,5,0.0
15291,2.0,2.12,H25K - CBA - Multiplikasjon,139,2.0,56.66,20.0,5,50.0
15291,2.0,2.12,H25K - CBA - Multiplikasjon,139,2.0,56.66,20.0,3,0.0
15291,2.0,2.12,H25K - CBA - Multiplikasjon,139,2.0,56.66,20.0,2,0.0
15291,2.0,2.12,H25K - CBA - Multiplikasjon,139,2.0,56.66,20.0,4,0.0
15291,2.0,2.12,H25K - CBA - Multiplikasjon,139,2.0,56.66,20.0,1,50.0
15291,2.0,2.13,H25K - CBA - Maskinkode,110,2.0,56.66,20.0,3,0.0
15291,2.0,2.13,H25K - CBA - Maskinkode,110,2.0,56.66,20.0,5,0.0
15291,2.0,2.13,H25K - CBA - Maskinkode,110,2.0,56.66,20.0,1,100.0
15291,2.0,2.13,H25K - CBA - Maskinkode,110,2.0,56.66,20.0,4,0.0
15291,2.0,2.13,H25K - CBA - Maskinkode,110,2.0,56.66,20.0,2,0.0
15291,2.0,2.14,H25K - CBA - Full-adder,106,2.0,56.66,20.0,5,0.0
15291,2.0,2.14,H25K - CBA - Full-adder,106,2.0,56.66,20.0,4,0.0
15291,2.0,2.14,H25K - CBA - Full-adder,106,2.0,56.66,20.0,2,0.0
15291,2.0,2.14,H25K - CBA - Full-adder,106,2.0,56.66,20.0,1,100.0
15291,2.0,2.14,H25K - CBA - Full-adder,106,2.0,56.66,20.0,3,0.0
15291,2.0,2.15,H25K - CBA - Full-adder 2,130,2.0,56.66,20.0,4,0.0
15291,2.0,2.15,H25K - CBA - Full-adder 2,130,2.0,56.66,20.0,5,0.0
15291,2.0,2.15,H25K - CBA - Full-adder 2,130,2.0,56.66,20.0,1,100.0
15291,2.0,2.15,H25K - CBA - Full-adder 2,130,2.0,56.66,20.0,2,0.0
15291,2.0,2.15,H25K - CBA - Full-adder 2,130,2.0,56.66,20.0,3,0.0
15326,1.0,2.1,H25K - CBA - PC,97,1.0,71.16,20.0,1,100.0
15326,1.0,2.1,H25K - CBA - PC,97,1.0,71.16,20.0,5,0.0
15326,1.0,2.1,H25K - CBA - PC,97,1.0,71.16,20.0,4,0.0
15326,1.0,2.1,H25K - CBA - PC,97,1.0,71.16,20.0,2,0.0
15326,1.0,2.1,H25K - CBA - PC,97,1.0,71.16,20.0,3,0.0
15326,1.0,2.2,H25K - CBA - Datapath,171,1.0,71.16,20.0,3,100.0
15326,1.0,2.2,H25K - CBA - Datapath,171,1.0,71.16,20.0,5,0.0
15326,1.0,2.2,H25K - CBA - Datapath,171,1.0,71.16,20.0,4,0.0
15326,1.0,2.2,H25K - CBA - Datapath,171,1.0,71.16,20.0,1,0.0
15326,1.0,2.2,H25K - CBA - Datapath,171,1.0,71.16,20.0,2,0.0
15326,1.0,2.3,H25K - CBA - Transistor,240,1.0,71.16,20.0,2,0.0
15326,1.0,2.3,H25K - CBA - Transistor,240,1.0,71.16,20.0,3,0.0
15326,1.0,2.3,H25K - CBA - Transistor,240,1.0,71.16,20.0,1,0.0
15326,1.0,2.3,H25K - CBA - Transistor,240,1.0,71.16,20.0,4,100.0
15326,1.0,2.3,H25K - CBA - Transistor,240,1.0,71.16,20.0,5,0.0
15326,1.0,2.4,H25K - CBA - Port,86,1.0,71.16,20.0,1,100.0
15326,1.0,2.4,H25K - CBA - Port,86,1.0,71.16,20.0,3,0.0
15326,1.0,2.4,H25K - CBA - Port,86,1.0,71.16,20.0,5,0.0
15326,1.0,2.4,H25K - CBA - Port,86,1.0,71.16,20.0,2,0.0
15326,1.0,2.4,H25K - CBA - Port,86,1.0,71.16,20.0,4,0.0
15326,1.0,2.5,H25K - CBA - Hazard,98,1.0,71.16,20.0,2,0.0
15326,1.0,2.5,H25K - CBA - Hazard,98,1.0,71.16,20.0,3,0.0
15326,1.0,2.5,H25K - CBA - Hazard,98,1.0,71.16,20.0,5,0.0
15326,1.0,2.5,H25K - CBA - Hazard,98,1.0,71.16,20.0,4,0.0
15326,1.0,2.5,H25K - CBA - Hazard,98,1.0,71.16,20.0,1,100.0
15326,1.0,2.6,H25K - CBA - Register,76,1.0,71.16,20.0,1,100.0
15326,1.0,2.6,H25K - CBA - Register,76,1.0,71.16,20.0,5,0.0
15326,1.0,2.6,H25K - CBA - Register,76,1.0,71.16,20.0,4,0.0
15326,1.0,2.6,H25K - CBA - Register,76,1.0,71.16,20.0,2,0.0
15326,1.0,2.6,H25K - CBA - Register,76,1.0,71.16,20.0,3,0.0
15326,1.0,2.7,H25K - CBA - Decode,124,1.0,71.16,20.0,5,0.0
15326,1.0,2.7,H25K - CBA - Decode,124,1.0,71.16,20.0,4,0.0
15326,1.0,2.7,H25K - CBA - Decode,124,1.0,71.16,20.0,3,0.0
15326,1.0,2.7,H25K - CBA - Decode,124,1.0,71.16,20.0,2,0.0
15326,1.0,2.7,H25K - CBA - Decode,124,1.0,71.16,20.0,1,100.0
15326,1.0,2.8,H25K - CBA - Abstraksjonsnivå,351,1.0,71.16,20.0,5,0.0
15326,1.0,2.8,H25K - CBA - Abstraksjonsnivå,351,1.0,71.16,20.0,3,100.0
15326,1.0,2.8,H25K - CBA - Abstraksjonsnivå,351,1.0,71.16,20.0,2,0.0
15326,1.0,2.8,H25K - CBA - Abstraksjonsnivå,351,1.0,71.16,20.0,4,0.0
15326,1.0,2.8,H25K - CBA - Abstraksjonsnivå,351,1.0,71.16,20.0,1,0.0
15326,1.0,2.9,H25K - CBA - Opcode,103,1.0,71.16,20.0,5,0.0
15326,1.0,2.9,H25K - CBA - Opcode,103,1.0,71.16,20.0,2,0.0
15326,1.0,2.9,H25K - CBA - Opcode,103,1.0,71.16,20.0,1,100.0
15326,1.0,2.9,H25K - CBA - Opcode,103,1.0,71.16,20.0,3,0.0
15326,1.0,2.9,H25K - CBA - Opcode,103,1.0,71.16,20.0,4,0.0
15326,2.0,2.10,H25K - CBA - Funksjonsuttrykk,113,2.0,71.16,20.0,1,100.0
15326,2.0,2.10,H25K - CBA - Funksjonsuttrykk,113,2.0,71.16,20.0,4,0.0
15326,2.0,2.10,H25K - CBA - Funksjonsuttrykk,113,2.0,71.16,20.0,3,0.0
15326,2.0,2.10,H25K - CBA - Funksjonsuttrykk,113,2.0,71.16,20.0,5,0.0
15326,2.0,2.10,H25K - CBA - Funksjonsuttrykk,113,2.0,71.16,20.0,2,0.0
15326,1.0,2.11,H25K - CBA - RAM,84,1.0,71.16,20.0,1,100.0
15326,1.0,2.11,H25K - CBA - RAM,84,1.0,71.16,20.0,4,0.0
15326,1.0,2.11,H25K - CBA - RAM,84,1.0,71.16,20.0,5,0.0
15326,1.0,2.11,H25K - CBA - RAM,84,1.0,71.16,20.0,3,0.0
15326,1.0,2.11,H25K - CBA - RAM,84,1.0,71.16,20.0,2,0.0
15326,2.0,2.12,H25K - CBA - Multiplikasjon,137,2.0,71.16,20.0,2,0.0
15326,2.0,2.12,H25K - CBA - Multiplikasjon,137,2.0,71.16,20.0,4,0.0
15326,2.0,2.12,H25K - CBA - Multiplikasjon,137,2.0,71.16,20.0,3,0.0
15326,2.0,2.12,H25K - CBA - Multiplikasjon,137,2.0,71.16,20.0,5,100.0
15326,2.0,2.12,H25K - CBA - Multiplikasjon,137,2.0,71.16,20.0,1,0.0
15326,2.0,2.13,H25K - CBA - Maskinkode,270,2.0,71.16,20.0,5,0.0
15326,2.0,2.13,H25K - CBA - Maskinkode,270,2.0,71.16,20.0,1,0.0
15326,2.0,2.13,H25K - CBA - Maskinkode,270,2.0,71.16,20.0,2,0.0
15326,2.0,2.13,H25K - CBA - Maskinkode,270,2.0,71.16,20.0,4,100.0
15326,2.0,2.13,H25K - CBA - Maskinkode,270,2.0,71.16,20.0,3,0.0
15326,2.0,2.14,H25K - CBA - Full-adder,87,2.0,71.16,20.0,1,100.0
15326,2.0,2.14,H25K - CBA - Full-adder,87,2.0,71.16,20.0,2,0.0
15326,2.0,2.14,H25K - CBA - Full-adder,87,2.0,71.16,20.0,5,0.0
15326,2.0,2.14,H25K - CBA - Full-adder,87,2.0,71.16,20.0,3,0.0
15326,2.0,2.14,H25K - CBA - Full-adder,87,2.0,71.16,20.0,4,0.0
15326,2.0,2.15,H25K - CBA - Full-adder 2,142,2.0,71.16,20.0,3,0.0
15326,2.0,2.15,H25K - CBA - Full-adder 2,142,2.0,71.16,20.0,5,100.0
15326,2.0,2.15,H25K - CBA - Full-adder 2,142,2.0,71.16,20.0,1,0.0
15326,2.0,2.15,H25K - CBA - Full-adder 2,142,2.0,71.16,20.0,4,0.0
15326,2.0,2.15,H25K - CBA - Full-adder 2,142,2.0,71.16,20.0,2,0.0
15262,1.0,2.1,H25K - CBA - PC,239,1.0,49.76,20.0,1,0.0
15262,1.0,2.1,H25K - CBA - PC,239,1.0,49.76,20.0,3,0.0
15262,1.0,2.1,H25K - CBA - PC,239,1.0,49.76,20.0,2,100.0
15262,1.0,2.1,H25K - CBA - PC,239,1.0,49.76,20.0,4,0.0
15262,1.0,2.1,H25K - CBA - PC,239,1.0,49.76,20.0,5,0.0
15262,1.0,2.2,H25K - CBA - Datapath,238,1.0,49.76,20.0,3,0.0
15262,1.0,2.2,H25K - CBA - Datapath,238,1.0,49.76,20.0,1,0.0
15262,1.0,2.2,H25K - CBA - Datapath,238,1.0,49.76,20.0,5,0.0
15262,1.0,2.2,H25K - CBA - Datapath,238,1.0,49.76,20.0,4,50.0
15262,1.0,2.2,H25K - CBA - Datapath,238,1.0,49.76,20.0,2,50.0
15262,1.0,2.3,H25K - CBA - Transistor,238,1.0,49.76,20.0,3,0.0
15262,1.0,2.3,H25K - CBA - Transistor,238,1.0,49.76,20.0,5,0.0
15262,1.0,2.3,H25K - CBA - Transistor,238,1.0,49.76,20.0,4,0.0
15262,1.0,2.3,H25K - CBA - Transistor,238,1.0,49.76,20.0,2,0.0
15262,1.0,2.3,H25K - CBA - Transistor,238,1.0,49.76,20.0,1,100.0
15262,1.0,2.4,H25K - CBA - Port,58,1.0,49.76,20.0,1,100.0
15262,1.0,2.4,H25K - CBA - Port,58,1.0,49.76,20.0,2,0.0
15262,1.0,2.4,H25K - CBA - Port,58,1.0,49.76,20.0,5,0.0
15262,1.0,2.4,H25K - CBA - Port,58,1.0,49.76,20.0,3,0.0
15262,1.0,2.4,H25K - CBA - Port,58,1.0,49.76,20.0,4,0.0
15262,1.0,2.5,H25K - CBA - Hazard,106,1.0,49.76,20.0,5,0.0
15262,1.0,2.5,H25K - CBA - Hazard,106,1.0,49.76,20.0,4,50.0
15262,1.0,2.5,H25K - CBA - Hazard,106,1.0,49.76,20.0,3,0.0
15262,1.0,2.5,H25K - CBA - Hazard,106,1.0,49.76,20.0,1,50.0
15262,1.0,2.5,H25K - CBA - Hazard,106,1.0,49.76,20.0,2,0.0
15262,1.0,2.6,H25K - CBA - Register,75,1.0,49.76,20.0,5,0.0
15262,1.0,2.6,H25K - CBA - Register,75,1.0,49.76,20.0,2,0.0
15262,1.0,2.6,H25K - CBA - Register,75,1.0,49.76,20.0,4,0.0
15262,1.0,2.6,H25K - CBA - Register,75,1.0,49.76,20.0,1,100.0
15262,1.0,2.6,H25K - CBA - Register,75,1.0,49.76,20.0,3,0.0
15262,1.0,2.7,H25K - CBA - Decode,156,1.0,49.76,20.0,5,0.0
15262,1.0,2.7,H25K - CBA - Decode,156,1.0,49.76,20.0,1,50.0
15262,1.0,2.7,H25K - CBA - Decode,156,1.0,49.76,20.0,2,0.0
15262,1.0,2.7,H25K - CBA - Decode,156,1.0,49.76,20.0,4,0.0
15262,1.0,2.7,H25K - CBA - Decode,156,1.0,49.76,20.0,3,50.0
15262,1.0,2.8,H25K - CBA - Abstraksjonsnivå,256,1.0,49.76,20.0,5,0.0
15262,1.0,2.8,H25K - CBA - Abstraksjonsnivå,256,1.0,49.76,20.0,3,25.0
15262,1.0,2.8,H25K - CBA - Abstraksjonsnivå,256,1.0,49.76,20.0,4,25.0
15262,1.0,2.8,H25K - CBA - Abstraksjonsnivå,256,1.0,49.76,20.0,1,25.0
15262,1.0,2.8,H25K - CBA - Abstraksjonsnivå,256,1.0,49.76,20.0,2,25.0
15262,1.0,2.9,H25K - CBA - Opcode,140,1.0,49.76,20.0,5,0.0
15262,1.0,2.9,H25K - CBA - Opcode,140,1.0,49.76,20.0,4,0.0
15262,1.0,2.9,H25K - CBA - Opcode,140,1.0,49.76,20.0,1,100.0
15262,1.0,2.9,H25K - CBA - Opcode,140,1.0,49.76,20.0,3,0.0
15262,1.0,2.9,H25K - CBA - Opcode,140,1.0,49.76,20.0,2,0.0
15262,2.0,2.10,H25K - CBA - Funksjonsuttrykk,191,2.0,49.76,20.0,5,0.0
15262,2.0,2.10,H25K - CBA - Funksjonsuttrykk,191,2.0,49.76,20.0,3,0.0
15262,2.0,2.10,H25K - CBA - Funksjonsuttrykk,191,2.0,49.76,20.0,4,0.0
15262,2.0,2.10,H25K - CBA - Funksjonsuttrykk,191,2.0,49.76,20.0,2,0.0
15262,2.0,2.10,H25K - CBA - Funksjonsuttrykk,191,2.0,49.76,20.0,1,100.0
15262,1.0,2.11,H25K - CBA - RAM,238,1.0,49.76,20.0,1,100.0
15262,1.0,2.11,H25K - CBA - RAM,238,1.0,49.76,20.0,3,0.0
15262,1.0,2.11,H25K - CBA - RAM,238,1.0,49.76,20.0,2,0.0
15262,1.0,2.11,H25K - CBA - RAM,238,1.0,49.76,20.0,4,0.0
15262,1.0,2.11,H25K - CBA - RAM,238,1.0,49.76,20.0,5,0.0
15262,2.0,2.12,H25K - CBA - Multiplikasjon,99,2.0,49.76,20.0,2,0.0
15262,2.0,2.12,H25K - CBA - Multiplikasjon,99,2.0,49.76,20.0,5,0.0
15262,2.0,2.12,H25K - CBA - Multiplikasjon,99,2.0,49.76,20.0,1,50.0
15262,2.0,2.12,H25K - CBA - Multiplikasjon,99,2.0,49.76,20.0,3,0.0
15262,2.0,2.12,H25K - CBA - Multiplikasjon,99,2.0,49.76,20.0,4,50.0
15262,2.0,2.13,H25K - CBA - Maskinkode,179,2.0,49.76,20.0,4,0.0
15262,2.0,2.13,H25K - CBA - Maskinkode,179,2.0,49.76,20.0,5,0.0
15262,2.0,2.13,H25K - CBA - Maskinkode,179,2.0,49.76,20.0,3,0.0
15262,2.0,2.13,H25K - CBA - Maskinkode,179,2.0,49.76,20.0,2,100.0
15262,2.0,2.13,H25K - CBA - Maskinkode,179,2.0,49.76,20.0,1,0.0
15262,2.0,2.14,H25K - CBA - Full-adder,106,2.0,49.76,20.0,4,100.0
15262,2.0,2.14,H25K - CBA - Full-adder,106,2.0,49.76,20.0,1,0.0
15262,2.0,2.14,H25K - CBA - Full-adder,106,2.0,49.76,20.0,5,0.0
15262,2.0,2.14,H25K - CBA - Full-adder,106,2.0,49.76,20.0,2,0.0
15262,2.0,2.14,H25K - CBA - Full-adder,106,2.0,49.76,20.0,3,0.0
15262,2.0,2.15,H25K - CBA - Full-adder 2,280,2.0,49.76,20.0,5,0.0
15262,2.0,2.15,H25K - CBA - Full-adder 2,280,2.0,49.76,20.0,2,0.0
15262,2.0,2.15,H25K - CBA - Full-adder 2,280,2.0,49.76,20.0,4,0.0
15262,2.0,2.15,H25K - CBA - Full-adder 2,280,2.0,49.76,20.0,1,100.0
15262,2.0,2.15,H25K - CBA - Full-adder 2,280,2.0,49.76,20.0,3,0.0
15349,1.0,2.1,H25K - CBA - PC,24,1.0,88.5,20.0,1,100.0
15349,1.0,2.1,H25K - CBA - PC,24,1.0,88.5,20.0,3,0.0
15349,1.0,2.1,H25K - CBA - PC,24,1.0,88.5,20.0,4,0.0
15349,1.0,2.1,H25K - CBA - PC,24,1.0,88.5,20.0,5,0.0
15349,1.0,2.1,H25K - CBA - PC,24,1.0,88.5,20.0,2,0.0
15349,1.0,2.2,H25K - CBA - Datapath,126,1.0,88.5,20.0,3,100.0
15349,1.0,2.2,H25K - CBA - Datapath,126,1.0,88.5,20.0,2,0.0
15349,1.0,2.2,H25K - CBA - Datapath,126,1.0,88.5,20.0,1,0.0
15349,1.0,2.2,H25K - CBA - Datapath,126,1.0,88.5,20.0,5,0.0
15349,1.0,2.2,H25K - CBA - Datapath,126,1.0,88.5,20.0,4,0.0
15349,1.0,2.3,H25K - CBA - Transistor,33,1.0,88.5,20.0,1,100.0
15349,1.0,2.3,H25K - CBA - Transistor,33,1.0,88.5,20.0,5,0.0
15349,1.0,2.3,H25K - CBA - Transistor,33,1.0,88.5,20.0,4,0.0
15349,1.0,2.3,H25K - CBA - Transistor,33,1.0,88.5,20.0,3,0.0
15349,1.0,2.3,H25K - CBA - Transistor,33,1.0,88.5,20.0,2,0.0
15349,1.0,2.4,H25K - CBA - Port,52,1.0,88.5,20.0,1,100.0
15349,1.0,2.4,H25K - CBA - Port,52,1.0,88.5,20.0,3,0.0
15349,1.0,2.4,H25K - CBA - Port,52,1.0,88.5,20.0,2,0.0
15349,1.0,2.4,H25K - CBA - Port,52,1.0,88.5,20.0,5,0.0
15349,1.0,2.4,H25K - CBA - Port,52,1.0,88.5,20.0,4,0.0
15349,1.0,2.5,H25K - CBA - Hazard,66,1.0,88.5,20.0,4,0.0
15349,1.0,2.5,H25K - CBA - Hazard,66,1.0,88.5,20.0,5,0.0
15349,1.0,2.5,H25K - CBA - Hazard,66,1.0,88.5,20.0,1,0.0
15349,1.0,2.5,H25K - CBA - Hazard,66,1.0,88.5,20.0,3,0.0
15349,1.0,2.5,H25K - CBA - Hazard,66,1.0,88.5,20.0,2,100.0
15349,1.0,2.6,H25K - CBA - Register,43,1.0,88.5,20.0,3,0.0
15349,1.0,2.6,H25K - CBA - Register,43,1.0,88.5,20.0,4,0.0
15349,1.0,2.6,H25K - CBA - Register,43,1.0,88.5,20.0,1,100.0
15349,1.0,2.6,H25K - CBA - Register,43,1.0,88.5,20.0,2,0.0
15349,1.0,2.6,H25K - CBA - Register,43,1.0,88.5,20.0,5,0.0
15349,1.0,2.7,H25K - CBA - Decode,68,1.0,88.5,20.0,4,0.0
15349,1.0,2.7,H25K - CBA - Decode,68,1.0,88.5,20.0,1,100.0
15349,1.0,2.7,H25K - CBA - Decode,68,1.0,88.5,20.0,5,0.0
15349,1.0,2.7,H25K - CBA - Decode,68,1.0,88.5,20.0,3,0.0
15349,1.0,2.7,H25K - CBA - Decode,68,1.0,88.5,20.0,2,0.0
15349,1.0,2.8,H25K - CBA - Abstraksjonsnivå,149,1.0,88.5,20.0,1,75.0
15349,1.0,2.8,H25K - CBA - Abstraksjonsnivå,149,1.0,88.5,20.0,4,0.0
15349,1.0,2.8,H25K - CBA - Abstraksjonsnivå,149,1.0,88.5,20.0,5,0.0
15349,1.0,2.8,H25K - CBA - Abstraksjonsnivå,149,1.0,88.5,20.0,2,0.0
15349,1.0,2.8,H25K - CBA - Abstraksjonsnivå,149,1.0,88.5,20.0,3,25.0
15349,1.0,2.9,H25K - CBA - Opcode,83,1.0,88.5,20.0,5,0.0
15349,1.0,2.9,H25K - CBA - Opcode,83,1.0,88.5,20.0,1,100.0
15349,1.0,2.9,H25K - CBA - Opcode,83,1.0,88.5,20.0,3,0.0
15349,1.0,2.9,H25K - CBA - Opcode,83,1.0,88.5,20.0,4,0.0
15349,1.0,2.9,H25K - CBA - Opcode,83,1.0,88.5,20.0,2,0.0
15349,2.0,2.10,H25K - CBA - Funksjonsuttrykk,67,2.0,88.5,20.0,1,100.0
15349,2.0,2.10,H25K - CBA - Funksjonsuttrykk,67,2.0,88.5,20.0,3,0.0
15349,2.0,2.10,H25K - CBA - Funksjonsuttrykk,67,2.0,88.5,20.0,4,0.0
15349,2.0,2.10,H25K - CBA - Funksjonsuttrykk,67,2.0,88.5,20.0,5,0.0
15349,2.0,2.10,H25K - CBA - Funksjonsuttrykk,67,2.0,88.5,20.0,2,0.0
15349,1.0,2.11,H25K - CBA - RAM,26,1.0,88.5,20.0,1,100.0
15349,1.0,2.11,H25K - CBA - RAM,26,1.0,88.5,20.0,4,0.0
15349,1.0,2.11,H25K - CBA - RAM,26,1.0,88.5,20.0,2,0.0
15349,1.0,2.11,H25K - CBA - RAM,26,1.0,88.5,20.0,3,0.0
15349,1.0,2.11,H25K - CBA - RAM,26,1.0,88.5,20.0,5,0.0
15349,2.0,2.12,H25K - CBA - Multiplikasjon,110,2.0,88.5,20.0,4,0.0
15349,2.0,2.12,H25K - CBA - Multiplikasjon,110,2.0,88.5,20.0,1,100.0
15349,2.0,2.12,H25K - CBA - Multiplikasjon,110,2.0,88.5,20.0,2,0.0
15349,2.0,2.12,H25K - CBA - Multiplikasjon,110,2.0,88.5,20.0,3,0.0
15349,2.0,2.12,H25K - CBA - Multiplikasjon,110,2.0,88.5,20.0,5,0.0
15349,2.0,2.13,H25K - CBA - Maskinkode,46,2.0,88.5,20.0,4,0.0
15349,2.0,2.13,H25K - CBA - Maskinkode,46,2.0,88.5,20.0,3,0.0
15349,2.0,2.13,H25K - CBA - Maskinkode,46,2.0,88.5,20.0,5,0.0
15349,2.0,2.13,H25K - CBA - Maskinkode,46,2.0,88.5,20.0,2,0.0
15349,2.0,2.13,H25K - CBA - Maskinkode,46,2.0,88.5,20.0,1,100.0
15349,2.0,2.14,H25K - CBA - Full-adder,87,2.0,88.5,20.0,1,100.0
15349,2.0,2.14,H25K - CBA - Full-adder,87,2.0,88.5,20.0,3,0.0
15349,2.0,2.14,H25K - CBA - Full-adder,87,2.0,88.5,20.0,5,0.0
15349,2.0,2.14,H25K - CBA - Full-adder,87,2.0,88.5,20.0,2,0.0
15349,2.0,2.14,H25K - CBA - Full-adder,87,2.0,88.5,20.0,4,0.0
15349,2.0,2.15,H25K - CBA - Full-adder 2,56,2.0,88.5,20.0,1,100.0
15349,2.0,2.15,H25K - CBA - Full-adder 2,56,2.0,88.5,20.0,5,0.0
15349,2.0,2.15,H25K - CBA - Full-adder 2,56,2.0,88.5,20.0,3,0.0
15349,2.0,2.15,H25K - CBA - Full-adder 2,56,2.0,88.5,20.0,4,0.0
15349,2.0,2.15,H25K - CBA - Full-adder 2,56,2.0,88.5,20.0,2,0.0
15286,1.0,2.1,H25K - CBA - PC,90,1.0,81.75,20.0,1,100.0
15286,1.0,2.1,H25K - CBA - PC,90,1.0,81.75,20.0,2,0.0
15286,1.0,2.1,H25K - CBA - PC,90,1.0,81.75,20.0,4,0.0
15286,1.0,2.1,H25K - CBA - PC,90,1.0,81.75,20.0,3,0.0
15286,1.0,2.1,H25K - CBA - PC,90,1.0,81.75,20.0,5,0.0
15286,1.0,2.2,H25K - CBA - Datapath,71,1.0,81.75,20.0,5,0.0
15286,1.0,2.2,H25K - CBA - Datapath,71,1.0,81.75,20.0,4,0.0
15286,1.0,2.2,H25K - CBA - Datapath,71,1.0,81.75,20.0,2,0.0
15286,1.0,2.2,H25K - CBA - Datapath,71,1.0,81.75,20.0,3,0.0
15286,1.0,2.2,H25K - CBA - Datapath,71,1.0,81.75,20.0,1,100.0
15286,1.0,2.4,H25K - CBA - Port,149,1.0,81.75,20.0,4,0.0
15286,1.0,2.4,H25K - CBA - Port,149,1.0,81.75,20.0,3,0.0
15286,1.0,2.4,H25K - CBA - Port,149,1.0,81.75,20.0,1,100.0
15286,1.0,2.4,H25K - CBA - Port,149,1.0,81.75,20.0,2,0.0
15286,1.0,2.4,H25K - CBA - Port,149,1.0,81.75,20.0,5,0.0
15286,1.0,2.5,H25K - CBA - Hazard,105,1.0,81.75,20.0,5,0.0
15286,1.0,2.5,H25K - CBA - Hazard,105,1.0,81.75,20.0,3,0.0
15286,1.0,2.5,H25K - CBA - Hazard,105,1.0,81.75,20.0,1,100.0
15286,1.0,2.5,H25K - CBA - Hazard,105,1.0,81.75,20.0,2,0.0
15286,1.0,2.5,H25K - CBA - Hazard,105,1.0,81.75,20.0,4,0.0
15286,1.0,2.6,H25K - CBA - Register,96,1.0,81.75,20.0,2,0.0
15286,1.0,2.6,H25K - CBA - Register,96,1.0,81.75,20.0,4,0.0
15286,1.0,2.6,H25K - CBA - Register,96,1.0,81.75,20.0,1,0.0
15286,1.0,2.6,H25K - CBA - Register,96,1.0,81.75,20.0,5,100.0
15286,1.0,2.6,H25K - CBA - Register,96,1.0,81.75,20.0,3,0.0
15286,1.0,2.7,H25K - CBA - Decode,67,1.0,81.75,20.0,2,100.0
15286,1.0,2.7,H25K - CBA - Decode,67,1.0,81.75,20.0,1,0.0
15286,1.0,2.7,H25K - CBA - Decode,67,1.0,81.75,20.0,5,0.0
15286,1.0,2.7,H25K - CBA - Decode,67,1.0,81.75,20.0,3,0.0
15286,1.0,2.7,H25K - CBA - Decode,67,1.0,81.75,20.0,4,0.0
15286,1.0,2.9,H25K - CBA - Opcode,122,1.0,81.75,20.0,3,0.0
15286,1.0,2.9,H25K - CBA - Opcode,122,1.0,81.75,20.0,5,0.0
15286,1.0,2.9,H25K - CBA - Opcode,122,1.0,81.75,20.0,1,0.0
15286,1.0,2.9,H25K - CBA - Opcode,122,1.0,81.75,20.0,2,0.0
15286,1.0,2.9,H25K - CBA - Opcode,122,1.0,81.75,20.0,4,100.0
15286,2.0,2.10,H25K - CBA - Funksjonsuttrykk,1069,2.0,81.75,20.0,5,0.0
15286,2.0,2.10,H25K - CBA - Funksjonsuttrykk,1069,2.0,81.75,20.0,1,0.0
15286,2.0,2.10,H25K - CBA - Funksjonsuttrykk,1069,2.0,81.75,20.0,3,0.0
15286,2.0,2.10,H25K - CBA - Funksjonsuttrykk,1069,2.0,81.75,20.0,4,100.0
15286,2.0,2.10,H25K - CBA - Funksjonsuttrykk,1069,2.0,81.75,20.0,2,0.0
15286,2.0,2.12,H25K - CBA - Multiplikasjon,92,2.0,81.75,20.0,3,100.0
15286,2.0,2.12,H25K - CBA - Multiplikasjon,92,2.0,81.75,20.0,2,0.0
15286,2.0,2.12,H25K - CBA - Multiplikasjon,92,2.0,81.75,20.0,5,0.0
15286,2.0,2.12,H25K - CBA - Multiplikasjon,92,2.0,81.75,20.0,1,0.0
15286,2.0,2.12,H25K - CBA - Multiplikasjon,92,2.0,81.75,20.0,4,0.0
15286,2.0,2.13,H25K - CBA - Maskinkode,79,2.0,81.75,20.0,4,0.0
15286,2.0,2.13,H25K - CBA - Maskinkode,79,2.0,81.75,20.0,3,0.0
15286,2.0,2.13,H25K - CBA - Maskinkode,79,2.0,81.75,20.0,5,0.0
15286,2.0,2.13,H25K - CBA - Maskinkode,79,2.0,81.75,20.0,2,25.0
15286,2.0,2.13,H25K - CBA - Maskinkode,79,2.0,81.75,20.0,1,75.0
15286,2.0,2.14,H25K - CBA - Full-adder,33,2.0,81.75,20.0,1,100.0
15286,2.0,2.14,H25K - CBA - Full-adder,33,2.0,81.75,20.0,5,0.0
15286,2.0,2.14,H25K - CBA - Full-adder,33,2.0,81.75,20.0,3,0.0
15286,2.0,2.14,H25K - CBA - Full-adder,33,2.0,81.75,20.0,2,0.0
15286,2.0,2.14,H25K - CBA - Full-adder,33,2.0,81.75,20.0,4,0.0
15286,2.0,2.15,H25K - CBA - Full-adder 2,49,2.0,81.75,20.0,4,0.0
15286,2.0,2.15,H25K - CBA - Full-adder 2,49,2.0,81.75,20.0,5,0.0
15286,2.0,2.15,H25K - CBA - Full-adder 2,49,2.0,81.75,20.0,3,0.0
15286,2.0,2.15,H25K - CBA - Full-adder 2,49,2.0,81.75,20.0,1,100.0
15286,2.0,2.15,H25K - CBA - Full-adder 2,49,2.0,81.75,20.0,2,0.0
15297,1.0,2.1,H25K - CBA - PC,331,1.0,63.5,20.0,1,75.0
15297,1.0,2.1,H25K - CBA - PC,331,1.0,63.5,20.0,4,0.0
15297,1.0,2.1,H25K - CBA - PC,331,1.0,63.5,20.0,2,0.0
15297,1.0,2.1,H25K - CBA - PC,331,1.0,63.5,20.0,5,0.0
15297,1.0,2.1,H25K - CBA - PC,331,1.0,63.5,20.0,3,25.0
15297,1.0,2.2,H25K - CBA - Datapath,242,1.0,63.5,20.0,1,100.0
15297,1.0,2.2,H25K - CBA - Datapath,242,1.0,63.5,20.0,2,0.0
15297,1.0,2.2,H25K - CBA - Datapath,242,1.0,63.5,20.0,5,0.0
15297,1.0,2.2,H25K - CBA - Datapath,242,1.0,63.5,20.0,4,0.0
15297,1.0,2.2,H25K - CBA - Datapath,242,1.0,63.5,20.0,3,0.0
15297,1.0,2.3,H25K - CBA - Transistor,127,1.0,63.5,20.0,1,100.0
15297,1.0,2.3,H25K - CBA - Transistor,127,1.0,63.5,20.0,3,0.0
15297,1.0,2.3,H25K - CBA - Transistor,127,1.0,63.5,20.0,2,0.0
15297,1.0,2.3,H25K - CBA - Transistor,127,1.0,63.5,20.0,5,0.0
15297,1.0,2.3,H25K - CBA - Transistor,127,1.0,63.5,20.0,4,0.0
15297,1.0,2.4,H25K - CBA - Port,73,1.0,63.5,20.0,1,100.0
15297,1.0,2.4,H25K - CBA - Port,73,1.0,63.5,20.0,4,0.0
15297,1.0,2.4,H25K - CBA - Port,73,1.0,63.5,20.0,3,0.0
15297,1.0,2.4,H25K - CBA - Port,73,1.0,63.5,20.0,5,0.0
15297,1.0,2.4,H25K - CBA - Port,73,1.0,63.5,20.0,2,0.0
15297,1.0,2.5,H25K - CBA - Hazard,195,1.0,63.5,20.0,2,50.0
15297,1.0,2.5,H25K - CBA - Hazard,195,1.0,63.5,20.0,1,50.0
15297,1.0,2.5,H25K - CBA - Hazard,195,1.0,63.5,20.0,4,0.0
15297,1.0,2.5,H25K - CBA - Hazard,195,1.0,63.5,20.0,3,0.0
15297,1.0,2.5,H25K - CBA - Hazard,195,1.0,63.5,20.0,5,0.0
15297,1.0,2.6,H25K - CBA - Register,74,1.0,63.5,20.0,4,0.0
15297,1.0,2.6,H25K - CBA - Register,74,1.0,63.5,20.0,3,0.0
15297,1.0,2.6,H25K - CBA - Register,74,1.0,63.5,20.0,1,100.0
15297,1.0,2.6,H25K - CBA - Register,74,1.0,63.5,20.0,2,0.0
15297,1.0,2.6,H25K - CBA - Register,74,1.0,63.5,20.0,5,0.0
15297,1.0,2.7,H25K - CBA - Decode,174,1.0,63.5,20.0,2,75.0
15297,1.0,2.7,H25K - CBA - Decode,174,1.0,63.5,20.0,4,0.0
15297,1.0,2.7,H25K - CBA - Decode,174,1.0,63.5,20.0,5,0.0
15297,1.0,2.7,H25K - CBA - Decode,174,1.0,63.5,20.0,1,25.0
15297,1.0,2.7,H25K - CBA - Decode,174,1.0,63.5,20.0,3,0.0
15297,1.0,2.8,H25K - CBA - Abstraksjonsnivå,408,1.0,63.5,20.0,2,0.0
15297,1.0,2.8,H25K - CBA - Abstraksjonsnivå,408,1.0,63.5,20.0,5,0.0
15297,1.0,2.8,H25K - CBA - Abstraksjonsnivå,408,1.0,63.5,20.0,3,0.0
15297,1.0,2.8,H25K - CBA - Abstraksjonsnivå,408,1.0,63.5,20.0,4,0.0
15297,1.0,2.8,H25K - CBA - Abstraksjonsnivå,408,1.0,63.5,20.0,1,100.0
15297,1.0,2.9,H25K - CBA - Opcode,347,1.0,63.5,20.0,2,100.0
15297,1.0,2.9,H25K - CBA - Opcode,347,1.0,63.5,20.0,3,0.0
15297,1.0,2.9,H25K - CBA - Opcode,347,1.0,63.5,20.0,1,0.0
15297,1.0,2.9,H25K - CBA - Opcode,347,1.0,63.5,20.0,4,0.0
15297,1.0,2.9,H25K - CBA - Opcode,347,1.0,63.5,20.0,5,0.0
15297,2.0,2.10,H25K - CBA - Funksjonsuttrykk,516,2.0,63.5,20.0,5,0.0
15297,2.0,2.10,H25K - CBA - Funksjonsuttrykk,516,2.0,63.5,20.0,2,0.0
15297,2.0,2.10,H25K - CBA - Funksjonsuttrykk,516,2.0,63.5,20.0,4,0.0
15297,2.0,2.10,H25K - CBA - Funksjonsuttrykk,516,2.0,63.5,20.0,1,75.0
15297,2.0,2.10,H25K - CBA - Funksjonsuttrykk,516,2.0,63.5,20.0,3,25.0
15297,1.0,2.11,H25K - CBA - RAM,119,1.0,63.5,20.0,1,100.0
15297,1.0,2.11,H25K - CBA - RAM,119,1.0,63.5,20.0,4,0.0
15297,1.0,2.11,H25K - CBA - RAM,119,1.0,63.5,20.0,2,0.0
15297,1.0,2.11,H25K - CBA - RAM,119,1.0,63.5,20.0,3,0.0
15297,1.0,2.11,H25K - CBA - RAM,119,1.0,63.5,20.0,5,0.0
15297,2.0,2.12,H25K - CBA - Multiplikasjon,439,2.0,63.5,20.0,4,0.0
15297,2.0,2.12,H25K - CBA - Multiplikasjon,439,2.0,63.5,20.0,1,50.0
15297,2.0,2.12,H25K - CBA - Multiplikasjon,439,2.0,63.5,20.0,2,0.0
15297,2.0,2.12,H25K - CBA - Multiplikasjon,439,2.0,63.5,20.0,5,50.0
15297,2.0,2.12,H25K - CBA - Multiplikasjon,439,2.0,63.5,20.0,3,0.0
15297,2.0,2.13,H25K - CBA - Maskinkode,220,2.0,63.5,20.0,1,100.0
15297,2.0,2.13,H25K - CBA - Maskinkode,220,2.0,63.5,20.0,5,0.0
15297,2.0,2.13,H25K - CBA - Maskinkode,220,2.0,63.5,20.0,2,0.0
15297,2.0,2.13,H25K - CBA - Maskinkode,220,2.0,63.5,20.0,3,0.0
15297,2.0,2.13,H25K - CBA - Maskinkode,220,2.0,63.5,20.0,4,0.0
15297,2.0,2.14,H25K - CBA - Full-adder,204,2.0,63.5,20.0,2,100.0
15297,2.0,2.14,H25K - CBA - Full-adder,204,2.0,63.5,20.0,5,0.0
15297,2.0,2.14,H25K - CBA - Full-adder,204,2.0,63.5,20.0,3,0.0
15297,2.0,2.14,H25K - CBA - Full-adder,204,2.0,63.5,20.0,4,0.0
15297,2.0,2.14,H25K - CBA - Full-adder,204,2.0,63.5,20.0,1,0.0
15297,2.0,2.15,H25K - CBA - Full-adder 2,285,2.0,63.5,20.0,3,0.0
15297,2.0,2.15,H25K - CBA - Full-adder 2,285,2.0,63.5,20.0,2,0.0
15297,2.0,2.15,H25K - CBA - Full-adder 2,285,2.0,63.5,20.0,4,0.0
15297,2.0,2.15,H25K - CBA - Full-adder 2,285,2.0,63.5,20.0,5,0.0
15297,2.0,2.15,H25K - CBA - Full-adder 2,285,2.0,63.5,20.0,1,100.0
15275,1.0,2.1,H25K - CBA - PC,27,1.0,82.0,20.0,1,100.0
15275,1.0,2.1,H25K - CBA - PC,27,1.0,82.0,20.0,2,0.0
15275,1.0,2.1,H25K - CBA - PC,27,1.0,82.0,20.0,3,0.0
15275,1.0,2.1,H25K - CBA - PC,27,1.0,82.0,20.0,4,0.0
15275,1.0,2.1,H25K - CBA - PC,27,1.0,82.0,20.0,5,0.0
15275,1.0,2.2,H25K - CBA - Datapath,269,1.0,82.0,20.0,5,0.0
15275,1.0,2.2,H25K - CBA - Datapath,269,1.0,82.0,20.0,4,0.0
15275,1.0,2.2,H25K - CBA - Datapath,269,1.0,82.0,20.0,2,0.0
15275,1.0,2.2,H25K - CBA - Datapath,269,1.0,82.0,20.0,1,100.0
15275,1.0,2.2,H25K - CBA - Datapath,269,1.0,82.0,20.0,3,0.0
15275,1.0,2.3,H25K - CBA - Transistor,55,1.0,82.0,20.0,3,0.0
15275,1.0,2.3,H25K - CBA - Transistor,55,1.0,82.0,20.0,4,100.0
15275,1.0,2.3,H25K - CBA - Transistor,55,1.0,82.0,20.0,1,0.0
15275,1.0,2.3,H25K - CBA - Transistor,55,1.0,82.0,20.0,5,0.0
15275,1.0,2.3,H25K - CBA - Transistor,55,1.0,82.0,20.0,2,0.0
15275,1.0,2.4,H25K - CBA - Port,51,1.0,82.0,20.0,1,100.0
15275,1.0,2.4,H25K - CBA - Port,51,1.0,82.0,20.0,5,0.0
15275,1.0,2.4,H25K - CBA - Port,51,1.0,82.0,20.0,2,0.0
15275,1.0,2.4,H25K - CBA - Port,51,1.0,82.0,20.0,3,0.0
15275,1.0,2.4,H25K - CBA - Port,51,1.0,82.0,20.0,4,0.0
15275,1.0,2.5,H25K - CBA - Hazard,231,1.0,82.0,20.0,2,0.0
15275,1.0,2.5,H25K - CBA - Hazard,231,1.0,82.0,20.0,5,0.0
15275,1.0,2.5,H25K - CBA - Hazard,231,1.0,82.0,20.0,3,0.0
15275,1.0,2.5,H25K - CBA - Hazard,231,1.0,82.0,20.0,1,0.0
15275,1.0,2.5,H25K - CBA - Hazard,231,1.0,82.0,20.0,4,100.0
15275,1.0,2.6,H25K - CBA - Register,32,1.0,82.0,20.0,1,100.0
15275,1.0,2.6,H25K - CBA - Register,32,1.0,82.0,20.0,3,0.0
15275,1.0,2.6,H25K - CBA - Register,32,1.0,82.0,20.0,5,0.0
15275,1.0,2.6,H25K - CBA - Register,32,1.0,82.0,20.0,2,0.0
15275,1.0,2.6,H25K - CBA - Register,32,1.0,82.0,20.0,4,0.0
15275,1.0,2.7,H25K - CBA - Decode,205,1.0,82.0,20.0,4,0.0
15275,1.0,2.7,H25K - CBA - Decode,205,1.0,82.0,20.0,5,0.0
15275,1.0,2.7,H25K - CBA - Decode,205,1.0,82.0,20.0,1,100.0
15275,1.0,2.7,H25K - CBA - Decode,205,1.0,82.0,20.0,3,0.0
15275,1.0,2.7,H25K - CBA - Decode,205,1.0,82.0,20.0,2,0.0
15275,1.0,2.8,H25K - CBA - Abstraksjonsnivå,114,1.0,82.0,20.0,1,100.0
15275,1.0,2.8,H25K - CBA - Abstraksjonsnivå,114,1.0,82.0,20.0,4,0.0
15275,1.0,2.8,H25K - CBA - Abstraksjonsnivå,114,1.0,82.0,20.0,2,0.0
15275,1.0,2.8,H25K - CBA - Abstraksjonsnivå,114,1.0,82.0,20.0,3,0.0
15275,1.0,2.8,H25K - CBA - Abstraksjonsnivå,114,1.0,82.0,20.0,5,0.0
15275,1.0,2.9,H25K - CBA - Opcode,55,1.0,82.0,20.0,5,0.0
15275,1.0,2.9,H25K - CBA - Opcode,55,1.0,82.0,20.0,4,0.0
15275,1.0,2.9,H25K - CBA - Opcode,55,1.0,82.0,20.0,1,100.0
15275,1.0,2.9,H25K - CBA - Opcode,55,1.0,82.0,20.0,2,0.0
15275,1.0,2.9,H25K - CBA - Opcode,55,1.0,82.0,20.0,3,0.0
15275,2.0,2.10,H25K - CBA - Funksjonsuttrykk,96,2.0,82.0,20.0,1,100.0
15275,2.0,2.10,H25K - CBA - Funksjonsuttrykk,96,2.0,82.0,20.0,5,0.0
15275,2.0,2.10,H25K - CBA - Funksjonsuttrykk,96,2.0,82.0,20.0,3,0.0
15275,2.0,2.10,H25K - CBA - Funksjonsuttrykk,96,2.0,82.0,20.0,4,0.0
15275,2.0,2.10,H25K - CBA - Funksjonsuttrykk,96,2.0,82.0,20.0,2,0.0
15275,1.0,2.11,H25K - CBA - RAM,55,1.0,82.0,20.0,3,0.0
15275,1.0,2.11,H25K - CBA - RAM,55,1.0,82.0,20.0,2,0.0
15275,1.0,2.11,H25K - CBA - RAM,55,1.0,82.0,20.0,4,0.0
15275,1.0,2.11,H25K - CBA - RAM,55,1.0,82.0,20.0,5,0.0
15275,1.0,2.11,H25K - CBA - RAM,55,1.0,82.0,20.0,1,100.0
15275,2.0,2.12,H25K - CBA - Multiplikasjon,78,2.0,82.0,20.0,4,0.0
15275,2.0,2.12,H25K - CBA - Multiplikasjon,78,2.0,82.0,20.0,3,0.0
15275,2.0,2.12,H25K - CBA - Multiplikasjon,78,2.0,82.0,20.0,2,0.0
15275,2.0,2.12,H25K - CBA - Multiplikasjon,78,2.0,82.0,20.0,1,0.0
15275,2.0,2.12,H25K - CBA - Multiplikasjon,78,2.0,82.0,20.0,5,100.0
15275,2.0,2.13,H25K - CBA - Maskinkode,40,2.0,82.0,20.0,1,100.0
15275,2.0,2.13,H25K - CBA - Maskinkode,40,2.0,82.0,20.0,3,0.0
15275,2.0,2.13,H25K - CBA - Maskinkode,40,2.0,82.0,20.0,5,0.0
15275,2.0,2.13,H25K - CBA - Maskinkode,40,2.0,82.0,20.0,4,0.0
15275,2.0,2.13,H25K - CBA - Maskinkode,40,2.0,82.0,20.0,2,0.0
15275,2.0,2.14,H25K - CBA - Full-adder,50,2.0,82.0,20.0,1,100.0
15275,2.0,2.14,H25K - CBA - Full-adder,50,2.0,82.0,20.0,2,0.0
15275,2.0,2.14,H25K - CBA - Full-adder,50,2.0,82.0,20.0,3,0.0
15275,2.0,2.14,H25K - CBA - Full-adder,50,2.0,82.0,20.0,4,0.0
15275,2.0,2.14,H25K - CBA - Full-adder,50,2.0,82.0,20.0,5,0.0
15275,2.0,2.15,H25K - CBA - Full-adder 2,105,2.0,82.0,20.0,3,0.0
15275,2.0,2.15,H25K - CBA - Full-adder 2,105,2.0,82.0,20.0,1,0.0
15275,2.0,2.15,H25K - CBA - Full-adder 2,105,2.0,82.0,20.0,5,0.0
15275,2.0,2.15,H25K - CBA - Full-adder 2,105,2.0,82.0,20.0,4,0.0
15275,2.0,2.15,H25K - CBA - Full-adder 2,105,2.0,82.0,20.0,2,100.0
15330,1.0,2.1,H25K - CBA - PC,102,1.0,67.75,20.0,1,100.0
15330,1.0,2.1,H25K - CBA - PC,102,1.0,67.75,20.0,5,0.0
15330,1.0,2.1,H25K - CBA - PC,102,1.0,67.75,20.0,3,0.0
15330,1.0,2.1,H25K - CBA - PC,102,1.0,67.75,20.0,2,0.0
15330,1.0,2.1,H25K - CBA - PC,102,1.0,67.75,20.0,4,0.0
15330,1.0,2.2,H25K - CBA - Datapath,38,1.0,67.75,20.0,1,100.0
15330,1.0,2.2,H25K - CBA - Datapath,38,1.0,67.75,20.0,2,0.0
15330,1.0,2.2,H25K - CBA - Datapath,38,1.0,67.75,20.0,3,0.0
15330,1.0,2.2,H25K - CBA - Datapath,38,1.0,67.75,20.0,5,0.0
15330,1.0,2.2,H25K - CBA - Datapath,38,1.0,67.75,20.0,4,0.0
15330,1.0,2.4,H25K - CBA - Port,51,1.0,67.75,20.0,1,100.0
15330,1.0,2.4,H25K - CBA - Port,51,1.0,67.75,20.0,5,0.0
15330,1.0,2.4,H25K - CBA - Port,51,1.0,67.75,20.0,2,0.0
15330,1.0,2.4,H25K - CBA - Port,51,1.0,67.75,20.0,4,0.0
15330,1.0,2.4,H25K - CBA - Port,51,1.0,67.75,20.0,3,0.0
15330,1.0,2.5,H25K - CBA - Hazard,33,1.0,67.75,20.0,3,50.0
15330,1.0,2.5,H25K - CBA - Hazard,33,1.0,67.75,20.0,4,50.0
15330,1.0,2.5,H25K - CBA - Hazard,33,1.0,67.75,20.0,5,0.0
15330,1.0,2.5,H25K - CBA - Hazard,33,1.0,67.75,20.0,1,0.0
15330,1.0,2.5,H25K - CBA - Hazard,33,1.0,67.75,20.0,2,0.0
15330,1.0,2.6,H25K - CBA - Register,14,1.0,67.75,20.0,1,100.0
15330,1.0,2.6,H25K - CBA - Register,14,1.0,67.75,20.0,2,0.0
15330,1.0,2.6,H25K - CBA - Register,14,1.0,67.75,20.0,5,0.0
15330,1.0,2.6,H25K - CBA - Register,14,1.0,67.75,20.0,3,0.0
15330,1.0,2.6,H25K - CBA - Register,14,1.0,67.75,20.0,4,0.0
15330,1.0,2.7,H25K - CBA - Decode,43,1.0,67.75,20.0,1,75.0
15330,1.0,2.7,H25K - CBA - Decode,43,1.0,67.75,20.0,2,0.0
15330,1.0,2.7,H25K - CBA - Decode,43,1.0,67.75,20.0,4,25.0
15330,1.0,2.7,H25K - CBA - Decode,43,1.0,67.75,20.0,5,0.0
15330,1.0,2.7,H25K - CBA - Decode,43,1.0,67.75,20.0,3,0.0
15330,1.0,2.8,H25K - CBA - Abstraksjonsnivå,61,1.0,67.75,20.0,1,100.0
15330,1.0,2.8,H25K - CBA - Abstraksjonsnivå,61,1.0,67.75,20.0,3,0.0
15330,1.0,2.8,H25K - CBA - Abstraksjonsnivå,61,1.0,67.75,20.0,4,0.0
15330,1.0,2.8,H25K - CBA - Abstraksjonsnivå,61,1.0,67.75,20.0,5,0.0
15330,1.0,2.8,H25K - CBA - Abstraksjonsnivå,61,1.0,67.75,20.0,2,0.0
15330,1.0,2.9,H25K - CBA - Opcode,28,1.0,67.75,20.0,1,100.0
15330,1.0,2.9,H25K - CBA - Opcode,28,1.0,67.75,20.0,5,0.0
15330,1.0,2.9,H25K - CBA - Opcode,28,1.0,67.75,20.0,2,0.0
15330,1.0,2.9,H25K - CBA - Opcode,28,1.0,67.75,20.0,4,0.0
15330,1.0,2.9,H25K - CBA - Opcode,28,1.0,67.75,20.0,3,0.0
15330,2.0,2.10,H25K - CBA - Funksjonsuttrykk,59,2.0,67.75,20.0,4,0.0
15330,2.0,2.10,H25K - CBA - Funksjonsuttrykk,59,2.0,67.75,20.0,1,100.0
15330,2.0,2.10,H25K - CBA - Funksjonsuttrykk,59,2.0,67.75,20.0,5,0.0
15330,2.0,2.10,H25K - CBA - Funksjonsuttrykk,59,2.0,67.75,20.0,2,0.0
15330,2.0,2.10,H25K - CBA - Funksjonsuttrykk,59,2.0,67.75,20.0,3,0.0
15330,1.0,2.11,H25K - CBA - RAM,12,1.0,67.75,20.0,1,100.0
15330,1.0,2.11,H25K - CBA - RAM,12,1.0,67.75,20.0,2,0.0
15330,1.0,2.11,H25K - CBA - RAM,12,1.0,67.75,20.0,4,0.0
15330,1.0,2.11,H25K - CBA - RAM,12,1.0,67.75,20.0,3,0.0
15330,1.0,2.11,H25K - CBA - RAM,12,1.0,67.75,20.0,5,0.0
15330,2.0,2.12,H25K - CBA - Multiplikasjon,70,2.0,67.75,20.0,1,50.0
15330,2.0,2.12,H25K - CBA - Multiplikasjon,70,2.0,67.75,20.0,3,0.0
15330,2.0,2.12,H25K - CBA - Multiplikasjon,70,2.0,67.75,20.0,4,0.0
15330,2.0,2.12,H25K - CBA - Multiplikasjon,70,2.0,67.75,20.0,2,25.0
15330,2.0,2.12,H25K - CBA - Multiplikasjon,70,2.0,67.75,20.0,5,25.0
15330,2.0,2.13,H25K - CBA - Maskinkode,19,2.0,67.75,20.0,1,100.0
15330,2.0,2.13,H25K - CBA - Maskinkode,19,2.0,67.75,20.0,3,0.0
15330,2.0,2.13,H25K - CBA - Maskinkode,19,2.0,67.75,20.0,2,0.0
15330,2.0,2.13,H25K - CBA - Maskinkode,19,2.0,67.75,20.0,5,0.0
15330,2.0,2.13,H25K - CBA - Maskinkode,19,2.0,67.75,20.0,4,0.0
15330,2.0,2.15,H25K - CBA - Full-adder 2,83,2.0,67.75,20.0,1,100.0
15330,2.0,2.15,H25K - CBA - Full-adder 2,83,2.0,67.75,20.0,3,0.0
15330,2.0,2.15,H25K - CBA - Full-adder 2,83,2.0,67.75,20.0,5,0.0
15330,2.0,2.15,H25K - CBA - Full-adder 2,83,2.0,67.75,20.0,2,0.0
15330,2.0,2.15,H25K - CBA - Full-adder 2,83,2.0,67.75,20.0,4,0.0
15283,1.0,2.1,H25K - CBA - PC,114,1.0,55.35,20.0,1,75.0
15283,1.0,2.1,H25K - CBA - PC,114,1.0,55.35,20.0,4,0.0
15283,1.0,2.1,H25K - CBA - PC,114,1.0,55.35,20.0,5,0.0
15283,1.0,2.1,H25K - CBA - PC,114,1.0,55.35,20.0,2,0.0
15283,1.0,2.1,H25K - CBA - PC,114,1.0,55.35,20.0,3,25.0
15283,1.0,2.2,H25K - CBA - Datapath,147,1.0,55.35,20.0,1,100.0
15283,1.0,2.2,H25K - CBA - Datapath,147,1.0,55.35,20.0,2,0.0
15283,1.0,2.2,H25K - CBA - Datapath,147,1.0,55.35,20.0,5,0.0
15283,1.0,2.2,H25K - CBA - Datapath,147,1.0,55.35,20.0,3,0.0
15283,1.0,2.2,H25K - CBA - Datapath,147,1.0,55.35,20.0,4,0.0
15283,1.0,2.3,H25K - CBA - Transistor,54,1.0,55.35,20.0,5,0.0
15283,1.0,2.3,H25K - CBA - Transistor,54,1.0,55.35,20.0,2,0.0
15283,1.0,2.3,H25K - CBA - Transistor,54,1.0,55.35,20.0,1,75.0
15283,1.0,2.3,H25K - CBA - Transistor,54,1.0,55.35,20.0,3,25.0
15283,1.0,2.3,H25K - CBA - Transistor,54,1.0,55.35,20.0,4,0.0
15283,1.0,2.4,H25K - CBA - Port,59,1.0,55.35,20.0,1,100.0
15283,1.0,2.4,H25K - CBA - Port,59,1.0,55.35,20.0,4,0.0
15283,1.0,2.4,H25K - CBA - Port,59,1.0,55.35,20.0,5,0.0
15283,1.0,2.4,H25K - CBA - Port,59,1.0,55.35,20.0,3,0.0
15283,1.0,2.4,H25K - CBA - Port,59,1.0,55.35,20.0,2,0.0
15283,1.0,2.5,H25K - CBA - Hazard,30,1.0,55.35,20.0,1,100.0
15283,1.0,2.5,H25K - CBA - Hazard,30,1.0,55.35,20.0,5,0.0
15283,1.0,2.5,H25K - CBA - Hazard,30,1.0,55.35,20.0,4,0.0
15283,1.0,2.5,H25K - CBA - Hazard,30,1.0,55.35,20.0,2,0.0
15283,1.0,2.5,H25K - CBA - Hazard,30,1.0,55.35,20.0,3,0.0
15283,1.0,2.6,H25K - CBA - Register,74,1.0,55.35,20.0,1,100.0
15283,1.0,2.6,H25K - CBA - Register,74,1.0,55.35,20.0,3,0.0
15283,1.0,2.6,H25K - CBA - Register,74,1.0,55.35,20.0,5,0.0
15283,1.0,2.6,H25K - CBA - Register,74,1.0,55.35,20.0,4,0.0
15283,1.0,2.6,H25K - CBA - Register,74,1.0,55.35,20.0,2,0.0
15283,1.0,2.7,H25K - CBA - Decode,101,1.0,55.35,20.0,1,50.0
15283,1.0,2.7,H25K - CBA - Decode,101,1.0,55.35,20.0,3,0.0
15283,1.0,2.7,H25K - CBA - Decode,101,1.0,55.35,20.0,5,0.0
15283,1.0,2.7,H25K - CBA - Decode,101,1.0,55.35,20.0,2,50.0
15283,1.0,2.7,H25K - CBA - Decode,101,1.0,55.35,20.0,4,0.0
15283,1.0,2.8,H25K - CBA - Abstraksjonsnivå,57,1.0,55.35,20.0,2,0.0
15283,1.0,2.8,H25K - CBA - Abstraksjonsnivå,57,1.0,55.35,20.0,1,100.0
15283,1.0,2.8,H25K - CBA - Abstraksjonsnivå,57,1.0,55.35,20.0,4,0.0
15283,1.0,2.8,H25K - CBA - Abstraksjonsnivå,57,1.0,55.35,20.0,3,0.0
15283,1.0,2.8,H25K - CBA - Abstraksjonsnivå,57,1.0,55.35,20.0,5,0.0
15283,1.0,2.9,H25K - CBA - Opcode,108,1.0,55.35,20.0,5,0.0
15283,1.0,2.9,H25K - CBA - Opcode,108,1.0,55.35,20.0,2,25.0
15283,1.0,2.9,H25K - CBA - Opcode,108,1.0,55.35,20.0,1,25.0
15283,1.0,2.9,H25K - CBA - Opcode,108,1.0,55.35,20.0,3,25.0
15283,1.0,2.9,H25K - CBA - Opcode,108,1.0,55.35,20.0,4,25.0
15283,2.0,2.10,H25K - CBA - Funksjonsuttrykk,304,2.0,55.35,20.0,2,0.0
15283,2.0,2.10,H25K - CBA - Funksjonsuttrykk,304,2.0,55.35,20.0,1,100.0
15283,2.0,2.10,H25K - CBA - Funksjonsuttrykk,304,2.0,55.35,20.0,4,0.0
15283,2.0,2.10,H25K - CBA - Funksjonsuttrykk,304,2.0,55.35,20.0,5,0.0
15283,2.0,2.10,H25K - CBA - Funksjonsuttrykk,304,2.0,55.35,20.0,3,0.0
15283,1.0,2.11,H25K - CBA - RAM,65,1.0,55.35,20.0,1,100.0
15283,1.0,2.11,H25K - CBA - RAM,65,1.0,55.35,20.0,2,0.0
15283,1.0,2.11,H25K - CBA - RAM,65,1.0,55.35,20.0,4,0.0
15283,1.0,2.11,H25K - CBA - RAM,65,1.0,55.35,20.0,3,0.0
15283,1.0,2.11,H25K - CBA - RAM,65,1.0,55.35,20.0,5,0.0
15283,2.0,2.12,H25K - CBA - Multiplikasjon,111,2.0,55.35,20.0,2,25.0
15283,2.0,2.12,H25K - CBA - Multiplikasjon,111,2.0,55.35,20.0,5,25.0
15283,2.0,2.12,H25K - CBA - Multiplikasjon,111,2.0,55.35,20.0,1,25.0
15283,2.0,2.12,H25K - CBA - Multiplikasjon,111,2.0,55.35,20.0,4,0.0
15283,2.0,2.12,H25K - CBA - Multiplikasjon,111,2.0,55.35,20.0,3,25.0
15283,2.0,2.13,H25K - CBA - Maskinkode,150,2.0,55.35,20.0,1,100.0
15283,2.0,2.13,H25K - CBA - Maskinkode,150,2.0,55.35,20.0,3,0.0
15283,2.0,2.13,H25K - CBA - Maskinkode,150,2.0,55.35,20.0,5,0.0
15283,2.0,2.13,H25K - CBA - Maskinkode,150,2.0,55.35,20.0,4,0.0
15283,2.0,2.13,H25K - CBA - Maskinkode,150,2.0,55.35,20.0,2,0.0
15283,2.0,2.14,H25K - CBA - Full-adder,136,2.0,55.35,20.0,1,50.0
15283,2.0,2.14,H25K - CBA - Full-adder,136,2.0,55.35,20.0,2,50.0
15283,2.0,2.14,H25K - CBA - Full-adder,136,2.0,55.35,20.0,4,0.0
15283,2.0,2.14,H25K - CBA - Full-adder,136,2.0,55.35,20.0,3,0.0
15283,2.0,2.14,H25K - CBA - Full-adder,136,2.0,55.35,20.0,5,0.0
15283,2.0,2.15,H25K - CBA - Full-adder 2,348,2.0,55.35,20.0,3,0.0
15283,2.0,2.15,H25K - CBA - Full-adder 2,348,2.0,55.35,20.0,1,50.0
15283,2.0,2.15,H25K - CBA - Full-adder 2,348,2.0,55.35,20.0,4,50.0
15283,2.0,2.15,H25K - CBA - Full-adder 2,348,2.0,55.35,20.0,5,0.0
15283,2.0,2.15,H25K - CBA - Full-adder 2,348,2.0,55.35,20.0,2,0.0
15313,1.0,2.1,H25K - CBA - PC,85,1.0,63.25,16.0,1,75.0
15313,1.0,2.1,H25K - CBA - PC,85,1.0,63.25,16.0,3,25.0
15313,1.0,2.1,H25K - CBA - PC,85,1.0,63.25,16.0,4,0.0
15313,1.0,2.1,H25K - CBA - PC,85,1.0,63.25,16.0,2,0.0
15313,1.0,2.1,H25K - CBA - PC,85,1.0,63.25,16.0,5,0.0
15313,1.0,2.2,H25K - CBA - Datapath,142,1.0,63.25,16.0,3,0.0
15313,1.0,2.2,H25K - CBA - Datapath,142,1.0,63.25,16.0,1,50.0
15313,1.0,2.2,H25K - CBA - Datapath,142,1.0,63.25,16.0,2,50.0
15313,1.0,2.2,H25K - CBA - Datapath,142,1.0,63.25,16.0,5,0.0
15313,1.0,2.2,H25K - CBA - Datapath,142,1.0,63.25,16.0,4,0.0
15313,1.0,2.3,H25K - CBA - Transistor,75,1.0,63.25,16.0,4,0.0
15313,1.0,2.3,H25K - CBA - Transistor,75,1.0,63.25,16.0,2,50.0
15313,1.0,2.3,H25K - CBA - Transistor,75,1.0,63.25,16.0,3,0.0
15313,1.0,2.3,H25K - CBA - Transistor,75,1.0,63.25,16.0,1,50.0
15313,1.0,2.3,H25K - CBA - Transistor,75,1.0,63.25,16.0,5,0.0
15313,1.0,2.4,H25K - CBA - Port,67,1.0,63.25,16.0,1,100.0
15313,1.0,2.4,H25K - CBA - Port,67,1.0,63.25,16.0,3,0.0
15313,1.0,2.4,H25K - CBA - Port,67,1.0,63.25,16.0,2,0.0
15313,1.0,2.4,H25K - CBA - Port,67,1.0,63.25,16.0,4,0.0
15313,1.0,2.4,H25K - CBA - Port,67,1.0,63.25,16.0,5,0.0
15313,1.0,2.5,H25K - CBA - Hazard,129,1.0,63.25,16.0,5,0.0
15313,1.0,2.5,H25K - CBA - Hazard,129,1.0,63.25,16.0,4,0.0
15313,1.0,2.5,H25K - CBA - Hazard,129,1.0,63.25,16.0,3,0.0
15313,1.0,2.5,H25K - CBA - Hazard,129,1.0,63.25,16.0,1,75.0
15313,1.0,2.5,H25K - CBA - Hazard,129,1.0,63.25,16.0,2,25.0
15313,1.0,2.6,H25K - CBA - Register,26,1.0,63.25,16.0,1,100.0
15313,1.0,2.6,H25K - CBA - Register,26,1.0,63.25,16.0,3,0.0
15313,1.0,2.6,H25K - CBA - Register,26,1.0,63.25,16.0,2,0.0
15313,1.0,2.6,H25K - CBA - Register,26,1.0,63.25,16.0,4,0.0
15313,1.0,2.6,H25K - CBA - Register,26,1.0,63.25,16.0,5,0.0
15313,1.0,2.7,H25K - CBA - Decode,208,1.0,63.25,16.0,1,100.0
15313,1.0,2.7,H25K - CBA - Decode,208,1.0,63.25,16.0,5,0.0
15313,1.0,2.7,H25K - CBA - Decode,208,1.0,63.25,16.0,3,0.0
15313,1.0,2.7,H25K - CBA - Decode,208,1.0,63.25,16.0,2,0.0
15313,1.0,2.8,H25K - CBA - Abstraksjonsnivå,55,1.0,63.25,16.0,2,50.0
15313,1.0,2.8,H25K - CBA - Abstraksjonsnivå,55,1.0,63.25,16.0,3,50.0
15313,1.0,2.8,H25K - CBA - Abstraksjonsnivå,55,1.0,63.25,16.0,4,0.0
15313,1.0,2.8,H25K - CBA - Abstraksjonsnivå,55,1.0,63.25,16.0,1,0.0
15313,1.0,2.8,H25K - CBA - Abstraksjonsnivå,55,1.0,63.25,16.0,5,0.0
15313,1.0,2.9,H25K - CBA - Opcode,135,1.0,63.25,16.0,4,50.0
15313,1.0,2.9,H25K - CBA - Opcode,135,1.0,63.25,16.0,1,50.0
15313,1.0,2.9,H25K - CBA - Opcode,135,1.0,63.25,16.0,2,0.0
15313,1.0,2.9,H25K - CBA - Opcode,135,1.0,63.25,16.0,5,0.0
15313,1.0,2.9,H25K - CBA - Opcode,135,1.0,63.25,16.0,3,0.0
15313,2.0,2.10,H25K - CBA - Funksjonsuttrykk,100,2.0,63.25,16.0,3,0.0
15313,2.0,2.10,H25K - CBA - Funksjonsuttrykk,100,2.0,63.25,16.0,1,100.0
15313,2.0,2.10,H25K - CBA - Funksjonsuttrykk,100,2.0,63.25,16.0,2,0.0
15313,2.0,2.10,H25K - CBA - Funksjonsuttrykk,100,2.0,63.25,16.0,5,0.0
15313,2.0,2.10,H25K - CBA - Funksjonsuttrykk,100,2.0,63.25,16.0,4,0.0
15313,1.0,2.11,H25K - CBA - RAM,52,1.0,63.25,16.0,3,50.0
15313,1.0,2.11,H25K - CBA - RAM,52,1.0,63.25,16.0,1,50.0
15313,1.0,2.11,H25K - CBA - RAM,52,1.0,63.25,16.0,2,0.0
15313,1.0,2.11,H25K - CBA - RAM,52,1.0,63.25,16.0,4,0.0
15313,1.0,2.11,H25K - CBA - RAM,52,1.0,63.25,16.0,5,0.0
15313,2.0,2.13,H25K - CBA - Maskinkode,411,2.0,63.25,16.0,1,75.0
15313,2.0,2.13,H25K - CBA - Maskinkode,411,2.0,63.25,16.0,5,0.0
15313,2.0,2.13,H25K - CBA - Maskinkode,411,2.0,63.25,16.0,3,25.0
15313,2.0,2.13,H25K - CBA - Maskinkode,411,2.0,63.25,16.0,2,0.0
15313,2.0,2.13,H25K - CBA - Maskinkode,411,2.0,63.25,16.0,4,0.0
15313,2.0,2.14,H25K - CBA - Full-adder,61,2.0,63.25,16.0,1,75.0
15313,2.0,2.14,H25K - CBA - Full-adder,61,2.0,63.25,16.0,4,0.0
15313,2.0,2.14,H25K - CBA - Full-adder,61,2.0,63.25,16.0,5,0.0
15313,2.0,2.14,H25K - CBA - Full-adder,61,2.0,63.25,16.0,2,0.0
15313,2.0,2.14,H25K - CBA - Full-adder,61,2.0,63.25,16.0,3,25.0
15313,2.0,2.15,H25K - CBA - Full-adder 2,91,0.0,63.25,16.0,3,75.0
15313,2.0,2.15,H25K - CBA - Full-adder 2,91,0.0,63.25,16.0,1,25.0
15343,1.0,2.1,H25K - CBA - PC,43,1.0,63.16,16.0,1,100.0
15343,1.0,2.2,H25K - CBA - Datapath,88,0.0,63.16,16.0,4,100.0
15343,1.0,2.3,H25K - CBA - Transistor,59,1.0,63.16,16.0,1,100.0
15343,1.0,2.3,H25K - CBA - Transistor,59,1.0,63.16,16.0,2,0.0
15343,1.0,2.3,H25K - CBA - Transistor,59,1.0,63.16,16.0,5,0.0
15343,1.0,2.3,H25K - CBA - Transistor,59,1.0,63.16,16.0,4,0.0
15343,1.0,2.3,H25K - CBA - Transistor,59,1.0,63.16,16.0,3,0.0
15343,1.0,2.4,H25K - CBA - Port,94,1.0,63.16,16.0,1,100.0
15343,1.0,2.4,H25K - CBA - Port,94,1.0,63.16,16.0,4,0.0
15343,1.0,2.4,H25K - CBA - Port,94,1.0,63.16,16.0,3,0.0
15343,1.0,2.4,H25K - CBA - Port,94,1.0,63.16,16.0,2,0.0
15343,1.0,2.4,H25K - CBA - Port,94,1.0,63.16,16.0,5,0.0
15343,1.0,2.5,H25K - CBA - Hazard,144,0.0,63.16,16.0,4,75.0
15343,1.0,2.5,H25K - CBA - Hazard,144,0.0,63.16,16.0,1,25.0
15343,1.0,2.6,H25K - CBA - Register,62,1.0,63.16,16.0,1,100.0
15343,1.0,2.6,H25K - CBA - Register,62,1.0,63.16,16.0,5,0.0
15343,1.0,2.6,H25K - CBA - Register,62,1.0,63.16,16.0,4,0.0
15343,1.0,2.6,H25K - CBA - Register,62,1.0,63.16,16.0,2,0.0
15343,1.0,2.6,H25K - CBA - Register,62,1.0,63.16,16.0,3,0.0
15343,1.0,2.7,H25K - CBA - Decode,107,1.0,63.16,16.0,1,100.0
15343,1.0,2.8,H25K - CBA - Abstraksjonsnivå,101,1.0,63.16,16.0,1,100.0
15343,1.0,2.8,H25K - CBA - Abstraksjonsnivå,101,1.0,63.16,16.0,3,0.0
15343,1.0,2.8,H25K - CBA - Abstraksjonsnivå,101,1.0,63.16,16.0,4,0.0
15343,1.0,2.8,H25K - CBA - Abstraksjonsnivå,101,1.0,63.16,16.0,2,0.0
15343,1.0,2.8,H25K - CBA - Abstraksjonsnivå,101,1.0,63.16,16.0,5,0.0
15343,1.0,2.9,H25K - CBA - Opcode,50,1.0,63.16,16.0,1,100.0
15343,2.0,2.10,H25K - CBA - Funksjonsuttrykk,252,2.0,63.16,16.0,1,100.0
15343,2.0,2.10,H25K - CBA - Funksjonsuttrykk,252,2.0,63.16,16.0,4,0.0
15343,2.0,2.10,H25K - CBA - Funksjonsuttrykk,252,2.0,63.16,16.0,3,0.0
15343,2.0,2.10,H25K - CBA - Funksjonsuttrykk,252,2.0,63.16,16.0,2,0.0
15343,2.0,2.10,H25K - CBA - Funksjonsuttrykk,252,2.0,63.16,16.0,5,0.0
15343,1.0,2.11,H25K - CBA - RAM,82,1.0,63.16,16.0,1,100.0
15343,2.0,2.12,H25K - CBA - Multiplikasjon,206,0.0,63.16,16.0,5,75.0
15343,2.0,2.12,H25K - CBA - Multiplikasjon,206,0.0,63.16,16.0,3,25.0
15343,2.0,2.13,H25K - CBA - Maskinkode,90,2.0,63.16,16.0,1,100.0
15343,2.0,2.14,H25K - CBA - Full-adder,59,2.0,63.16,16.0,1,100.0
15343,2.0,2.15,H25K - CBA - Full-adder 2,271,2.0,63.16,16.0,1,100.0
15322,1.0,2.1,H25K - CBA - PC,103,1.0,68.75,20.0,1,100.0
15322,1.0,2.1,H25K - CBA - PC,103,1.0,68.75,20.0,3,0.0
15322,1.0,2.1,H25K - CBA - PC,103,1.0,68.75,20.0,2,0.0
15322,1.0,2.1,H25K - CBA - PC,103,1.0,68.75,20.0,5,0.0
15322,1.0,2.1,H25K - CBA - PC,103,1.0,68.75,20.0,4,0.0
15322,1.0,2.2,H25K - CBA - Datapath,186,1.0,68.75,20.0,3,75.0
15322,1.0,2.2,H25K - CBA - Datapath,186,1.0,68.75,20.0,4,25.0
15322,1.0,2.2,H25K - CBA - Datapath,186,1.0,68.75,20.0,1,0.0
15322,1.0,2.2,H25K - CBA - Datapath,186,1.0,68.75,20.0,5,0.0
15322,1.0,2.2,H25K - CBA - Datapath,186,1.0,68.75,20.0,2,0.0
15322,1.0,2.3,H25K - CBA - Transistor,183,1.0,68.75,20.0,4,100.0
15322,1.0,2.3,H25K - CBA - Transistor,183,1.0,68.75,20.0,3,0.0
15322,1.0,2.3,H25K - CBA - Transistor,183,1.0,68.75,20.0,1,0.0
15322,1.0,2.3,H25K - CBA - Transistor,183,1.0,68.75,20.0,2,0.0
15322,1.0,2.3,H25K - CBA - Transistor,183,1.0,68.75,20.0,5,0.0
15322,1.0,2.4,H25K - CBA - Port,31,1.0,68.75,20.0,1,100.0
15322,1.0,2.4,H25K - CBA - Port,31,1.0,68.75,20.0,2,0.0
15322,1.0,2.4,H25K - CBA - Port,31,1.0,68.75,20.0,4,0.0
15322,1.0,2.4,H25K - CBA - Port,31,1.0,68.75,20.0,3,0.0
15322,1.0,2.4,H25K - CBA - Port,31,1.0,68.75,20.0,5,0.0
15322,1.0,2.5,H25K - CBA - Hazard,158,1.0,68.75,20.0,5,0.0
15322,1.0,2.5,H25K - CBA - Hazard,158,1.0,68.75,20.0,1,50.0
15322,1.0,2.5,H25K - CBA - Hazard,158,1.0,68.75,20.0,2,50.0
15322,1.0,2.5,H25K - CBA - Hazard,158,1.0,68.75,20.0,3,0.0
15322,1.0,2.5,H25K - CBA - Hazard,158,1.0,68.75,20.0,4,0.0
15322,1.0,2.6,H25K - CBA - Register,54,1.0,68.75,20.0,1,100.0
15322,1.0,2.6,H25K - CBA - Register,54,1.0,68.75,20.0,3,0.0
15322,1.0,2.6,H25K - CBA - Register,54,1.0,68.75,20.0,5,0.0
15322,1.0,2.6,H25K - CBA - Register,54,1.0,68.75,20.0,2,0.0
15322,1.0,2.6,H25K - CBA - Register,54,1.0,68.75,20.0,4,0.0
15322,1.0,2.7,H25K - CBA - Decode,260,1.0,68.75,20.0,5,0.0
15322,1.0,2.7,H25K - CBA - Decode,260,1.0,68.75,20.0,4,0.0
15322,1.0,2.7,H25K - CBA - Decode,260,1.0,68.75,20.0,1,50.0
15322,1.0,2.7,H25K - CBA - Decode,260,1.0,68.75,20.0,2,25.0
15322,1.0,2.7,H25K - CBA - Decode,260,1.0,68.75,20.0,3,25.0
15322,1.0,2.8,H25K - CBA - Abstraksjonsnivå,253,1.0,68.75,20.0,3,100.0
15322,1.0,2.8,H25K - CBA - Abstraksjonsnivå,253,1.0,68.75,20.0,1,0.0
15322,1.0,2.8,H25K - CBA - Abstraksjonsnivå,253,1.0,68.75,20.0,4,0.0
15322,1.0,2.8,H25K - CBA - Abstraksjonsnivå,253,1.0,68.75,20.0,5,0.0
15322,1.0,2.8,H25K - CBA - Abstraksjonsnivå,253,1.0,68.75,20.0,2,0.0
15322,1.0,2.9,H25K - CBA - Opcode,123,1.0,68.75,20.0,5,0.0
15322,1.0,2.9,H25K - CBA - Opcode,123,1.0,68.75,20.0,2,0.0
15322,1.0,2.9,H25K - CBA - Opcode,123,1.0,68.75,20.0,4,0.0
15322,1.0,2.9,H25K - CBA - Opcode,123,1.0,68.75,20.0,1,100.0
15322,1.0,2.9,H25K - CBA - Opcode,123,1.0,68.75,20.0,3,0.0
15322,2.0,2.10,H25K - CBA - Funksjonsuttrykk,71,2.0,68.75,20.0,2,0.0
15322,2.0,2.10,H25K - CBA - Funksjonsuttrykk,71,2.0,68.75,20.0,3,0.0
15322,2.0,2.10,H25K - CBA - Funksjonsuttrykk,71,2.0,68.75,20.0,5,0.0
15322,2.0,2.10,H25K - CBA - Funksjonsuttrykk,71,2.0,68.75,20.0,4,0.0
15322,2.0,2.10,H25K - CBA - Funksjonsuttrykk,71,2.0,68.75,20.0,1,100.0
15322,1.0,2.11,H25K - CBA - RAM,98,1.0,68.75,20.0,2,0.0
15322,1.0,2.11,H25K - CBA - RAM,98,1.0,68.75,20.0,4,0.0
15322,1.0,2.11,H25K - CBA - RAM,98,1.0,68.75,20.0,5,0.0
15322,1.0,2.11,H25K - CBA - RAM,98,1.0,68.75,20.0,1,100.0
15322,1.0,2.11,H25K - CBA - RAM,98,1.0,68.75,20.0,3,0.0
15322,2.0,2.12,H25K - CBA - Multiplikasjon,147,2.0,68.75,20.0,3,0.0
15322,2.0,2.12,H25K - CBA - Multiplikasjon,147,2.0,68.75,20.0,2,0.0
15322,2.0,2.12,H25K - CBA - Multiplikasjon,147,2.0,68.75,20.0,4,0.0
15322,2.0,2.12,H25K - CBA - Multiplikasjon,147,2.0,68.75,20.0,1,25.0
15322,2.0,2.12,H25K - CBA - Multiplikasjon,147,2.0,68.75,20.0,5,75.0
15322,2.0,2.13,H25K - CBA - Maskinkode,75,2.0,68.75,20.0,5,0.0
15322,2.0,2.13,H25K - CBA - Maskinkode,75,2.0,68.75,20.0,4,0.0
15322,2.0,2.13,H25K - CBA - Maskinkode,75,2.0,68.75,20.0,1,100.0
15322,2.0,2.13,H25K - CBA - Maskinkode,75,2.0,68.75,20.0,3,0.0
15322,2.0,2.13,H25K - CBA - Maskinkode,75,2.0,68.75,20.0,2,0.0
15322,2.0,2.14,H25K - CBA - Full-adder,49,2.0,68.75,20.0,1,50.0
15322,2.0,2.14,H25K - CBA - Full-adder,49,2.0,68.75,20.0,2,50.0
15322,2.0,2.14,H25K - CBA - Full-adder,49,2.0,68.75,20.0,5,0.0
15322,2.0,2.14,H25K - CBA - Full-adder,49,2.0,68.75,20.0,3,0.0
15322,2.0,2.14,H25K - CBA - Full-adder,49,2.0,68.75,20.0,4,0.0
15322,2.0,2.15,H25K - CBA - Full-adder 2,104,2.0,68.75,20.0,2,25.0
15322,2.0,2.15,H25K - CBA - Full-adder 2,104,2.0,68.75,20.0,4,0.0
15322,2.0,2.15,H25K - CBA - Full-adder 2,104,2.0,68.75,20.0,3,25.0
15322,2.0,2.15,H25K - CBA - Full-adder 2,104,2.0,68.75,20.0,1,25.0
15322,2.0,2.15,H25K - CBA - Full-adder 2,104,2.0,68.75,20.0,5,25.0
15344,1.0,2.1,H25K - CBA - PC,57,1.0,69.0,20.0,1,100.0
15344,1.0,2.1,H25K - CBA - PC,57,1.0,69.0,20.0,2,0.0
15344,1.0,2.1,H25K - CBA - PC,57,1.0,69.0,20.0,5,0.0
15344,1.0,2.1,H25K - CBA - PC,57,1.0,69.0,20.0,4,0.0
15344,1.0,2.1,H25K - CBA - PC,57,1.0,69.0,20.0,3,0.0
15344,1.0,2.2,H25K - CBA - Datapath,177,1.0,69.0,20.0,5,0.0
15344,1.0,2.2,H25K - CBA - Datapath,177,1.0,69.0,20.0,2,0.0
15344,1.0,2.2,H25K - CBA - Datapath,177,1.0,69.0,20.0,1,75.0
15344,1.0,2.2,H25K - CBA - Datapath,177,1.0,69.0,20.0,3,25.0
15344,1.0,2.2,H25K - CBA - Datapath,177,1.0,69.0,20.0,4,0.0
15344,1.0,2.3,H25K - CBA - Transistor,80,1.0,69.0,20.0,1,75.0
15344,1.0,2.3,H25K - CBA - Transistor,80,1.0,69.0,20.0,4,25.0
15344,1.0,2.3,H25K - CBA - Transistor,80,1.0,69.0,20.0,3,0.0
15344,1.0,2.3,H25K - CBA - Transistor,80,1.0,69.0,20.0,2,0.0
15344,1.0,2.3,H25K - CBA - Transistor,80,1.0,69.0,20.0,5,0.0
15344,1.0,2.4,H25K - CBA - Port,73,1.0,69.0,20.0,1,100.0
15344,1.0,2.4,H25K - CBA - Port,73,1.0,69.0,20.0,3,0.0
15344,1.0,2.4,H25K - CBA - Port,73,1.0,69.0,20.0,2,0.0
15344,1.0,2.4,H25K - CBA - Port,73,1.0,69.0,20.0,4,0.0
15344,1.0,2.4,H25K - CBA - Port,73,1.0,69.0,20.0,5,0.0
15344,1.0,2.5,H25K - CBA - Hazard,42,1.0,69.0,20.0,1,100.0
15344,1.0,2.5,H25K - CBA - Hazard,42,1.0,69.0,20.0,2,0.0
15344,1.0,2.5,H25K - CBA - Hazard,42,1.0,69.0,20.0,5,0.0
15344,1.0,2.5,H25K - CBA - Hazard,42,1.0,69.0,20.0,3,0.0
15344,1.0,2.5,H25K - CBA - Hazard,42,1.0,69.0,20.0,4,0.0
15344,1.0,2.6,H25K - CBA - Register,58,1.0,69.0,20.0,2,0.0
15344,1.0,2.6,H25K - CBA - Register,58,1.0,69.0,20.0,5,0.0
15344,1.0,2.6,H25K - CBA - Register,58,1.0,69.0,20.0,3,0.0
15344,1.0,2.6,H25K - CBA - Register,58,1.0,69.0,20.0,4,100.0
15344,1.0,2.6,H25K - CBA - Register,58,1.0,69.0,20.0,1,0.0
15344,1.0,2.7,H25K - CBA - Decode,317,1.0,69.0,20.0,5,0.0
15344,1.0,2.7,H25K - CBA - Decode,317,1.0,69.0,20.0,4,75.0
15344,1.0,2.7,H25K - CBA - Decode,317,1.0,69.0,20.0,1,25.0
15344,1.0,2.7,H25K - CBA - Decode,317,1.0,69.0,20.0,2,0.0
15344,1.0,2.7,H25K - CBA - Decode,317,1.0,69.0,20.0,3,0.0
15344,1.0,2.8,H25K - CBA - Abstraksjonsnivå,161,1.0,69.0,20.0,3,25.0
15344,1.0,2.8,H25K - CBA - Abstraksjonsnivå,161,1.0,69.0,20.0,1,0.0
15344,1.0,2.8,H25K - CBA - Abstraksjonsnivå,161,1.0,69.0,20.0,2,0.0
15344,1.0,2.8,H25K - CBA - Abstraksjonsnivå,161,1.0,69.0,20.0,5,0.0
15344,1.0,2.8,H25K - CBA - Abstraksjonsnivå,161,1.0,69.0,20.0,4,75.0
15344,1.0,2.9,H25K - CBA - Opcode,66,1.0,69.0,20.0,4,25.0
15344,1.0,2.9,H25K - CBA - Opcode,66,1.0,69.0,20.0,2,0.0
15344,1.0,2.9,H25K - CBA - Opcode,66,1.0,69.0,20.0,1,75.0
15344,1.0,2.9,H25K - CBA - Opcode,66,1.0,69.0,20.0,5,0.0
15344,1.0,2.9,H25K - CBA - Opcode,66,1.0,69.0,20.0,3,0.0
15344,2.0,2.10,H25K - CBA - Funksjonsuttrykk,128,2.0,69.0,20.0,2,0.0
15344,2.0,2.10,H25K - CBA - Funksjonsuttrykk,128,2.0,69.0,20.0,5,0.0
15344,2.0,2.10,H25K - CBA - Funksjonsuttrykk,128,2.0,69.0,20.0,3,0.0
15344,2.0,2.10,H25K - CBA - Funksjonsuttrykk,128,2.0,69.0,20.0,1,0.0
15344,2.0,2.10,H25K - CBA - Funksjonsuttrykk,128,2.0,69.0,20.0,4,100.0
15344,1.0,2.11,H25K - CBA - RAM,82,1.0,69.0,20.0,3,75.0
15344,1.0,2.11,H25K - CBA - RAM,82,1.0,69.0,20.0,1,25.0
15344,1.0,2.11,H25K - CBA - RAM,82,1.0,69.0,20.0,5,0.0
15344,1.0,2.11,H25K - CBA - RAM,82,1.0,69.0,20.0,2,0.0
15344,1.0,2.11,H25K - CBA - RAM,82,1.0,69.0,20.0,4,0.0
15344,2.0,2.12,H25K - CBA - Multiplikasjon,67,2.0,69.0,20.0,5,0.0
15344,2.0,2.12,H25K - CBA - Multiplikasjon,67,2.0,69.0,20.0,4,0.0
15344,2.0,2.12,H25K - CBA - Multiplikasjon,67,2.0,69.0,20.0,3,25.0
15344,2.0,2.12,H25K - CBA - Multiplikasjon,67,2.0,69.0,20.0,2,0.0
15344,2.0,2.12,H25K - CBA - Multiplikasjon,67,2.0,69.0,20.0,1,75.0
15344,2.0,2.13,H25K - CBA - Maskinkode,80,2.0,69.0,20.0,1,75.0
15344,2.0,2.13,H25K - CBA - Maskinkode,80,2.0,69.0,20.0,2,0.0
15344,2.0,2.13,H25K - CBA - Maskinkode,80,2.0,69.0,20.0,5,0.0
15344,2.0,2.13,H25K - CBA - Maskinkode,80,2.0,69.0,20.0,3,0.0
15344,2.0,2.13,H25K - CBA - Maskinkode,80,2.0,69.0,20.0,4,25.0
15344,2.0,2.14,H25K - CBA - Full-adder,37,2.0,69.0,20.0,5,0.0
15344,2.0,2.14,H25K - CBA - Full-adder,37,2.0,69.0,20.0,1,100.0
15344,2.0,2.14,H25K - CBA - Full-adder,37,2.0,69.0,20.0,2,0.0
15344,2.0,2.14,H25K - CBA - Full-adder,37,2.0,69.0,20.0,4,0.0
15344,2.0,2.14,H25K - CBA - Full-adder,37,2.0,69.0,20.0,3,0.0
15344,2.0,2.15,H25K - CBA - Full-adder 2,80,2.0,69.0,20.0,5,0.0
15344,2.0,2.15,H25K - CBA - Full-adder 2,80,2.0,69.0,20.0,4,100.0
15344,2.0,2.15,H25K - CBA - Full-adder 2,80,2.0,69.0,20.0,1,0.0
15344,2.0,2.15,H25K - CBA - Full-adder 2,80,2.0,69.0,20.0,2,0.0
15344,2.0,2.15,H25K - CBA - Full-adder 2,80,2.0,69.0,20.0,3,0.0
15292,1.0,2.1,H25K - CBA - PC,112,1.0,55.75,18.0,1,100.0
15292,1.0,2.1,H25K - CBA - PC,112,1.0,55.75,18.0,2,0.0
15292,1.0,2.1,H25K - CBA - PC,112,1.0,55.75,18.0,4,0.0
15292,1.0,2.1,H25K - CBA - PC,112,1.0,55.75,18.0,5,0.0
15292,1.0,2.1,H25K - CBA - PC,112,1.0,55.75,18.0,3,0.0
15292,1.0,2.2,H25K - CBA - Datapath,119,1.0,55.75,18.0,1,0.0
15292,1.0,2.2,H25K - CBA - Datapath,119,1.0,55.75,18.0,3,100.0
15292,1.0,2.2,H25K - CBA - Datapath,119,1.0,55.75,18.0,2,0.0
15292,1.0,2.2,H25K - CBA - Datapath,119,1.0,55.75,18.0,4,0.0
15292,1.0,2.2,H25K - CBA - Datapath,119,1.0,55.75,18.0,5,0.0
15292,1.0,2.3,H25K - CBA - Transistor,32,1.0,55.75,18.0,1,100.0
15292,1.0,2.3,H25K - CBA - Transistor,32,1.0,55.75,18.0,5,0.0
15292,1.0,2.3,H25K - CBA - Transistor,32,1.0,55.75,18.0,4,0.0
15292,1.0,2.3,H25K - CBA - Transistor,32,1.0,55.75,18.0,2,0.0
15292,1.0,2.3,H25K - CBA - Transistor,32,1.0,55.75,18.0,3,0.0
15292,1.0,2.4,H25K - CBA - Port,24,1.0,55.75,18.0,1,100.0
15292,1.0,2.4,H25K - CBA - Port,24,1.0,55.75,18.0,2,0.0
15292,1.0,2.4,H25K - CBA - Port,24,1.0,55.75,18.0,3,0.0
15292,1.0,2.4,H25K - CBA - Port,24,1.0,55.75,18.0,5,0.0
15292,1.0,2.4,H25K - CBA - Port,24,1.0,55.75,18.0,4,0.0
15292,1.0,2.5,H25K - CBA - Hazard,82,1.0,55.75,18.0,5,0.0
15292,1.0,2.5,H25K - CBA - Hazard,82,1.0,55.75,18.0,1,0.0
15292,1.0,2.5,H25K - CBA - Hazard,82,1.0,55.75,18.0,2,0.0
15292,1.0,2.5,H25K - CBA - Hazard,82,1.0,55.75,18.0,3,100.0
15292,1.0,2.5,H25K - CBA - Hazard,82,1.0,55.75,18.0,4,0.0
15292,1.0,2.6,H25K - CBA - Register,6,1.0,55.75,18.0,1,100.0
15292,1.0,2.6,H25K - CBA - Register,6,1.0,55.75,18.0,4,0.0
15292,1.0,2.6,H25K - CBA - Register,6,1.0,55.75,18.0,3,0.0
15292,1.0,2.6,H25K - CBA - Register,6,1.0,55.75,18.0,5,0.0
15292,1.0,2.6,H25K - CBA - Register,6,1.0,55.75,18.0,2,0.0
15292,1.0,2.7,H25K - CBA - Decode,35,1.0,55.75,18.0,3,0.0
15292,1.0,2.7,H25K - CBA - Decode,35,1.0,55.75,18.0,5,0.0
15292,1.0,2.7,H25K - CBA - Decode,35,1.0,55.75,18.0,4,100.0
15292,1.0,2.7,H25K - CBA - Decode,35,1.0,55.75,18.0,2,0.0
15292,1.0,2.7,H25K - CBA - Decode,35,1.0,55.75,18.0,1,0.0
15292,1.0,2.8,H25K - CBA - Abstraksjonsnivå,115,1.0,55.75,18.0,5,0.0
15292,1.0,2.8,H25K - CBA - Abstraksjonsnivå,115,1.0,55.75,18.0,1,100.0
15292,1.0,2.8,H25K - CBA - Abstraksjonsnivå,115,1.0,55.75,18.0,3,0.0
15292,1.0,2.8,H25K - CBA - Abstraksjonsnivå,115,1.0,55.75,18.0,2,0.0
15292,1.0,2.8,H25K - CBA - Abstraksjonsnivå,115,1.0,55.75,18.0,4,0.0
15292,1.0,2.9,H25K - CBA - Opcode,44,1.0,55.75,18.0,5,0.0
15292,1.0,2.9,H25K - CBA - Opcode,44,1.0,55.75,18.0,1,100.0
15292,1.0,2.9,H25K - CBA - Opcode,44,1.0,55.75,18.0,4,0.0
15292,1.0,2.9,H25K - CBA - Opcode,44,1.0,55.75,18.0,3,0.0
15292,1.0,2.9,H25K - CBA - Opcode,44,1.0,55.75,18.0,2,0.0
15292,2.0,2.10,H25K - CBA - Funksjonsuttrykk,81,2.0,55.75,18.0,1,100.0
15292,2.0,2.10,H25K - CBA - Funksjonsuttrykk,81,2.0,55.75,18.0,2,0.0
15292,2.0,2.10,H25K - CBA - Funksjonsuttrykk,81,2.0,55.75,18.0,5,0.0
15292,2.0,2.10,H25K - CBA - Funksjonsuttrykk,81,2.0,55.75,18.0,4,0.0
15292,2.0,2.10,H25K - CBA - Funksjonsuttrykk,81,2.0,55.75,18.0,3,0.0
15292,1.0,2.11,H25K - CBA - RAM,29,1.0,55.75,18.0,1,100.0
15292,1.0,2.11,H25K - CBA - RAM,29,1.0,55.75,18.0,4,0.0
15292,1.0,2.11,H25K - CBA - RAM,29,1.0,55.75,18.0,5,0.0
15292,1.0,2.11,H25K - CBA - RAM,29,1.0,55.75,18.0,2,0.0
15292,1.0,2.11,H25K - CBA - RAM,29,1.0,55.75,18.0,3,0.0
15292,2.0,2.13,H25K - CBA - Maskinkode,46,2.0,55.75,18.0,2,100.0
15292,2.0,2.13,H25K - CBA - Maskinkode,46,2.0,55.75,18.0,1,0.0
15292,2.0,2.13,H25K - CBA - Maskinkode,46,2.0,55.75,18.0,4,0.0
15292,2.0,2.13,H25K - CBA - Maskinkode,46,2.0,55.75,18.0,5,0.0
15292,2.0,2.13,H25K - CBA - Maskinkode,46,2.0,55.75,18.0,3,0.0
15292,2.0,2.14,H25K - CBA - Full-adder,25,2.0,55.75,18.0,1,100.0
15292,2.0,2.15,H25K - CBA - Full-adder 2,55,2.0,55.75,18.0,3,0.0
15292,2.0,2.15,H25K - CBA - Full-adder 2,55,2.0,55.75,18.0,1,100.0
15292,2.0,2.15,H25K - CBA - Full-adder 2,55,2.0,55.75,18.0,5,0.0
15292,2.0,2.15,H25K - CBA - Full-adder 2,55,2.0,55.75,18.0,2,0.0
15292,2.0,2.15,H25K - CBA - Full-adder 2,55,2.0,55.75,18.0,4,0.0
15266,1.0,2.1,H25K - CBA - PC,107,1.0,69.75,20.0,1,100.0
15266,1.0,2.1,H25K - CBA - PC,107,1.0,69.75,20.0,3,0.0
15266,1.0,2.1,H25K - CBA - PC,107,1.0,69.75,20.0,4,0.0
15266,1.0,2.1,H25K - CBA - PC,107,1.0,69.75,20.0,5,0.0
15266,1.0,2.1,H25K - CBA - PC,107,1.0,69.75,20.0,2,0.0
15266,1.0,2.2,H25K - CBA - Datapath,236,1.0,69.75,20.0,1,75.0
15266,1.0,2.2,H25K - CBA - Datapath,236,1.0,69.75,20.0,5,0.0
15266,1.0,2.2,H25K - CBA - Datapath,236,1.0,69.75,20.0,3,0.0
15266,1.0,2.2,H25K - CBA - Datapath,236,1.0,69.75,20.0,4,25.0
15266,1.0,2.2,H25K - CBA - Datapath,236,1.0,69.75,20.0,2,0.0
15266,1.0,2.3,H25K - CBA - Transistor,21,1.0,69.75,20.0,1,100.0
15266,1.0,2.3,H25K - CBA - Transistor,21,1.0,69.75,20.0,4,0.0
15266,1.0,2.3,H25K - CBA - Transistor,21,1.0,69.75,20.0,3,0.0
15266,1.0,2.3,H25K - CBA - Transistor,21,1.0,69.75,20.0,2,0.0
15266,1.0,2.3,H25K - CBA - Transistor,21,1.0,69.75,20.0,5,0.0
15266,1.0,2.4,H25K - CBA - Port,49,1.0,69.75,20.0,1,100.0
15266,1.0,2.4,H25K - CBA - Port,49,1.0,69.75,20.0,4,0.0
15266,1.0,2.4,H25K - CBA - Port,49,1.0,69.75,20.0,5,0.0
15266,1.0,2.4,H25K - CBA - Port,49,1.0,69.75,20.0,2,0.0
15266,1.0,2.4,H25K - CBA - Port,49,1.0,69.75,20.0,3,0.0
15266,1.0,2.5,H25K - CBA - Hazard,134,1.0,69.75,20.0,2,0.0
15266,1.0,2.5,H25K - CBA - Hazard,134,1.0,69.75,20.0,1,50.0
15266,1.0,2.5,H25K - CBA - Hazard,134,1.0,69.75,20.0,4,50.0
15266,1.0,2.5,H25K - CBA - Hazard,134,1.0,69.75,20.0,5,0.0
15266,1.0,2.5,H25K - CBA - Hazard,134,1.0,69.75,20.0,3,0.0
15266,1.0,2.6,H25K - CBA - Register,67,1.0,69.75,20.0,1,100.0
15266,1.0,2.6,H25K - CBA - Register,67,1.0,69.75,20.0,2,0.0
15266,1.0,2.6,H25K - CBA - Register,67,1.0,69.75,20.0,3,0.0
15266,1.0,2.6,H25K - CBA - Register,67,1.0,69.75,20.0,5,0.0
15266,1.0,2.6,H25K - CBA - Register,67,1.0,69.75,20.0,4,0.0
15266,1.0,2.7,H25K - CBA - Decode,40,1.0,69.75,20.0,2,75.0
15266,1.0,2.7,H25K - CBA - Decode,40,1.0,69.75,20.0,1,25.0
15266,1.0,2.7,H25K - CBA - Decode,40,1.0,69.75,20.0,5,0.0
15266,1.0,2.7,H25K - CBA - Decode,40,1.0,69.75,20.0,4,0.0
15266,1.0,2.7,H25K - CBA - Decode,40,1.0,69.75,20.0,3,0.0
15266,1.0,2.8,H25K - CBA - Abstraksjonsnivå,56,1.0,69.75,20.0,1,100.0
15266,1.0,2.8,H25K - CBA - Abstraksjonsnivå,56,1.0,69.75,20.0,5,0.0
15266,1.0,2.8,H25K - CBA - Abstraksjonsnivå,56,1.0,69.75,20.0,4,0.0
15266,1.0,2.8,H25K - CBA - Abstraksjonsnivå,56,1.0,69.75,20.0,2,0.0
15266,1.0,2.8,H25K - CBA - Abstraksjonsnivå,56,1.0,69.75,20.0,3,0.0
15266,1.0,2.9,H25K - CBA - Opcode,90,1.0,69.75,20.0,4,50.0
15266,1.0,2.9,H25K - CBA - Opcode,90,1.0,69.75,20.0,2,0.0
15266,1.0,2.9,H25K - CBA - Opcode,90,1.0,69.75,20.0,5,0.0
15266,1.0,2.9,H25K - CBA - Opcode,90,1.0,69.75,20.0,1,0.0
15266,1.0,2.9,H25K - CBA - Opcode,90,1.0,69.75,20.0,3,50.0
15266,2.0,2.10,H25K - CBA - Funksjonsuttrykk,40,2.0,69.75,20.0,1,100.0
15266,2.0,2.10,H25K - CBA - Funksjonsuttrykk,40,2.0,69.75,20.0,5,0.0
15266,2.0,2.10,H25K - CBA - Funksjonsuttrykk,40,2.0,69.75,20.0,3,0.0
15266,2.0,2.10,H25K - CBA - Funksjonsuttrykk,40,2.0,69.75,20.0,2,0.0
15266,2.0,2.10,H25K - CBA - Funksjonsuttrykk,40,2.0,69.75,20.0,4,0.0
15266,1.0,2.11,H25K - CBA - RAM,35,1.0,69.75,20.0,1,100.0
15266,1.0,2.11,H25K - CBA - RAM,35,1.0,69.75,20.0,3,0.0
15266,1.0,2.11,H25K - CBA - RAM,35,1.0,69.75,20.0,4,0.0
15266,1.0,2.11,H25K - CBA - RAM,35,1.0,69.75,20.0,5,0.0
15266,1.0,2.11,H25K - CBA - RAM,35,1.0,69.75,20.0,2,0.0
15266,2.0,2.12,H25K - CBA - Multiplikasjon,45,2.0,69.75,20.0,3,75.0
15266,2.0,2.12,H25K - CBA - Multiplikasjon,45,2.0,69.75,20.0,2,0.0
15266,2.0,2.12,H25K - CBA - Multiplikasjon,45,2.0,69.75,20.0,4,0.0
15266,2.0,2.12,H25K - CBA - Multiplikasjon,45,2.0,69.75,20.0,5,0.0
15266,2.0,2.12,H25K - CBA - Multiplikasjon,45,2.0,69.75,20.0,1,25.0
15266,2.0,2.13,H25K - CBA - Maskinkode,26,2.0,69.75,20.0,1,100.0
15266,2.0,2.13,H25K - CBA - Maskinkode,26,2.0,69.75,20.0,4,0.0
15266,2.0,2.13,H25K - CBA - Maskinkode,26,2.0,69.75,20.0,2,0.0
15266,2.0,2.13,H25K - CBA - Maskinkode,26,2.0,69.75,20.0,5,0.0
15266,2.0,2.13,H25K - CBA - Maskinkode,26,2.0,69.75,20.0,3,0.0
15266,2.0,2.14,H25K - CBA - Full-adder,36,2.0,69.75,20.0,2,100.0
15266,2.0,2.14,H25K - CBA - Full-adder,36,2.0,69.75,20.0,1,0.0
15266,2.0,2.14,H25K - CBA - Full-adder,36,2.0,69.75,20.0,4,0.0
15266,2.0,2.14,H25K - CBA - Full-adder,36,2.0,69.75,20.0,3,0.0
15266,2.0,2.14,H25K - CBA - Full-adder,36,2.0,69.75,20.0,5,0.0
15266,2.0,2.15,H25K - CBA - Full-adder 2,33,2.0,69.75,20.0,1,50.0
15266,2.0,2.15,H25K - CBA - Full-adder 2,33,2.0,69.75,20.0,4,50.0
15266,2.0,2.15,H25K - CBA - Full-adder 2,33,2.0,69.75,20.0,5,0.0
15266,2.0,2.15,H25K - CBA - Full-adder 2,33,2.0,69.75,20.0,3,0.0
15266,2.0,2.15,H25K - CBA - Full-adder 2,33,2.0,69.75,20.0,2,0.0
15328,1.0,2.1,H25K - CBA - PC,42,1.0,57.99,20.0,4,0.0
15328,1.0,2.1,H25K - CBA - PC,42,1.0,57.99,20.0,1,100.0
15328,1.0,2.1,H25K - CBA - PC,42,1.0,57.99,20.0,2,0.0
15328,1.0,2.1,H25K - CBA - PC,42,1.0,57.99,20.0,5,0.0
15328,1.0,2.1,H25K - CBA - PC,42,1.0,57.99,20.0,3,0.0
15328,1.0,2.2,H25K - CBA - Datapath,237,1.0,57.99,20.0,3,0.0
15328,1.0,2.2,H25K - CBA - Datapath,237,1.0,57.99,20.0,4,0.0
15328,1.0,2.2,H25K - CBA - Datapath,237,1.0,57.99,20.0,2,75.0
15328,1.0,2.2,H25K - CBA - Datapath,237,1.0,57.99,20.0,5,0.0
15328,1.0,2.2,H25K - CBA - Datapath,237,1.0,57.99,20.0,1,25.0
15328,1.0,2.3,H25K - CBA - Transistor,95,1.0,57.99,20.0,1,75.0
15328,1.0,2.3,H25K - CBA - Transistor,95,1.0,57.99,20.0,4,25.0
15328,1.0,2.3,H25K - CBA - Transistor,95,1.0,57.99,20.0,5,0.0
15328,1.0,2.3,H25K - CBA - Transistor,95,1.0,57.99,20.0,3,0.0
15328,1.0,2.3,H25K - CBA - Transistor,95,1.0,57.99,20.0,2,0.0
15328,1.0,2.4,H25K - CBA - Port,195,1.0,57.99,20.0,3,0.0
15328,1.0,2.4,H25K - CBA - Port,195,1.0,57.99,20.0,1,100.0
15328,1.0,2.4,H25K - CBA - Port,195,1.0,57.99,20.0,4,0.0
15328,1.0,2.4,H25K - CBA - Port,195,1.0,57.99,20.0,5,0.0
15328,1.0,2.4,H25K - CBA - Port,195,1.0,57.99,20.0,2,0.0
15328,1.0,2.5,H25K - CBA - Hazard,41,1.0,57.99,20.0,1,100.0
15328,1.0,2.5,H25K - CBA - Hazard,41,1.0,57.99,20.0,4,0.0
15328,1.0,2.5,H25K - CBA - Hazard,41,1.0,57.99,20.0,5,0.0
15328,1.0,2.5,H25K - CBA - Hazard,41,1.0,57.99,20.0,3,0.0
15328,1.0,2.5,H25K - CBA - Hazard,41,1.0,57.99,20.0,2,0.0
15328,1.0,2.6,H25K - CBA - Register,65,1.0,57.99,20.0,4,100.0
15328,1.0,2.6,H25K - CBA - Register,65,1.0,57.99,20.0,3,0.0
15328,1.0,2.6,H25K - CBA - Register,65,1.0,57.99,20.0,2,0.0
15328,1.0,2.6,H25K - CBA - Register,65,1.0,57.99,20.0,1,0.0
15328,1.0,2.6,H25K - CBA - Register,65,1.0,57.99,20.0,5,0.0
15328,1.0,2.7,H25K - CBA - Decode,102,1.0,57.99,20.0,5,0.0
15328,1.0,2.7,H25K - CBA - Decode,102,1.0,57.99,20.0,2,75.0
15328,1.0,2.7,H25K - CBA - Decode,102,1.0,57.99,20.0,4,25.0
15328,1.0,2.7,H25K - CBA - Decode,102,1.0,57.99,20.0,1,0.0
15328,1.0,2.7,H25K - CBA - Decode,102,1.0,57.99,20.0,3,0.0
15328,1.0,2.8,H25K - CBA - Abstraksjonsnivå,115,1.0,57.99,20.0,1,100.0
15328,1.0,2.8,H25K - CBA - Abstraksjonsnivå,115,1.0,57.99,20.0,5,0.0
15328,1.0,2.8,H25K - CBA - Abstraksjonsnivå,115,1.0,57.99,20.0,3,0.0
15328,1.0,2.8,H25K - CBA - Abstraksjonsnivå,115,1.0,57.99,20.0,2,0.0
15328,1.0,2.8,H25K - CBA - Abstraksjonsnivå,115,1.0,57.99,20.0,4,0.0
15328,1.0,2.9,H25K - CBA - Opcode,75,1.0,57.99,20.0,5,0.0
15328,1.0,2.9,H25K - CBA - Opcode,75,1.0,57.99,20.0,2,0.0
15328,1.0,2.9,H25K - CBA - Opcode,75,1.0,57.99,20.0,1,0.0
15328,1.0,2.9,H25K - CBA - Opcode,75,1.0,57.99,20.0,4,75.0
15328,1.0,2.9,H25K - CBA - Opcode,75,1.0,57.99,20.0,3,25.0
15328,2.0,2.10,H25K - CBA - Funksjonsuttrykk,260,2.0,57.99,20.0,5,0.0
15328,2.0,2.10,H25K - CBA - Funksjonsuttrykk,260,2.0,57.99,20.0,4,0.0
15328,2.0,2.10,H25K - CBA - Funksjonsuttrykk,260,2.0,57.99,20.0,2,0.0
15328,2.0,2.10,H25K - CBA - Funksjonsuttrykk,260,2.0,57.99,20.0,3,0.0
15328,2.0,2.10,H25K - CBA - Funksjonsuttrykk,260,2.0,57.99,20.0,1,100.0
15328,1.0,2.11,H25K - CBA - RAM,153,1.0,57.99,20.0,2,0.0
15328,1.0,2.11,H25K - CBA - RAM,153,1.0,57.99,20.0,3,0.0
15328,1.0,2.11,H25K - CBA - RAM,153,1.0,57.99,20.0,1,100.0
15328,1.0,2.11,H25K - CBA - RAM,153,1.0,57.99,20.0,4,0.0
15328,1.0,2.11,H25K - CBA - RAM,153,1.0,57.99,20.0,5,0.0
15328,2.0,2.12,H25K - CBA - Multiplikasjon,60,2.0,57.99,20.0,2,0.0
15328,2.0,2.12,H25K - CBA - Multiplikasjon,60,2.0,57.99,20.0,5,100.0
15328,2.0,2.12,H25K - CBA - Multiplikasjon,60,2.0,57.99,20.0,4,0.0
15328,2.0,2.12,H25K - CBA - Multiplikasjon,60,2.0,57.99,20.0,1,0.0
15328,2.0,2.12,H25K - CBA - Multiplikasjon,60,2.0,57.99,20.0,3,0.0
15328,2.0,2.13,H25K - CBA - Maskinkode,49,2.0,57.99,20.0,2,0.0
15328,2.0,2.13,H25K - CBA - Maskinkode,49,2.0,57.99,20.0,5,0.0
15328,2.0,2.13,H25K - CBA - Maskinkode,49,2.0,57.99,20.0,3,0.0
15328,2.0,2.13,H25K - CBA - Maskinkode,49,2.0,57.99,20.0,1,100.0
15328,2.0,2.13,H25K - CBA - Maskinkode,49,2.0,57.99,20.0,4,0.0
15328,2.0,2.14,H25K - CBA - Full-adder,54,2.0,57.99,20.0,1,100.0
15328,2.0,2.14,H25K - CBA - Full-adder,54,2.0,57.99,20.0,4,0.0
15328,2.0,2.14,H25K - CBA - Full-adder,54,2.0,57.99,20.0,3,0.0
15328,2.0,2.14,H25K - CBA - Full-adder,54,2.0,57.99,20.0,5,0.0
15328,2.0,2.14,H25K - CBA - Full-adder,54,2.0,57.99,20.0,2,0.0
15328,2.0,2.15,H25K - CBA - Full-adder 2,215,2.0,57.99,20.0,2,75.0
15328,2.0,2.15,H25K - CBA - Full-adder 2,215,2.0,57.99,20.0,3,0.0
15328,2.0,2.15,H25K - CBA - Full-adder 2,215,2.0,57.99,20.0,1,25.0
15328,2.0,2.15,H25K - CBA - Full-adder 2,215,2.0,57.99,20.0,4,0.0
15328,2.0,2.15,H25K - CBA - Full-adder 2,215,2.0,57.99,20.0,5,0.0
15308,1.0,2.1,H25K - CBA - PC,57,1.0,44.51,20.0,5,0.0
15308,1.0,2.1,H25K - CBA - PC,57,1.0,44.51,20.0,3,100.0
15308,1.0,2.1,H25K - CBA - PC,57,1.0,44.51,20.0,1,0.0
15308,1.0,2.1,H25K - CBA - PC,57,1.0,44.51,20.0,4,0.0
15308,1.0,2.1,H25K - CBA - PC,57,1.0,44.51,20.0,2,0.0
15308,1.0,2.2,H25K - CBA - Datapath,73,1.0,44.51,20.0,1,75.0
15308,1.0,2.2,H25K - CBA - Datapath,73,1.0,44.51,20.0,5,25.0
15308,1.0,2.2,H25K - CBA - Datapath,73,1.0,44.51,20.0,4,0.0
15308,1.0,2.2,H25K - CBA - Datapath,73,1.0,44.51,20.0,3,0.0
15308,1.0,2.2,H25K - CBA - Datapath,73,1.0,44.51,20.0,2,0.0
15308,1.0,2.3,H25K - CBA - Transistor,88,1.0,44.51,20.0,4,100.0
15308,1.0,2.3,H25K - CBA - Transistor,88,1.0,44.51,20.0,1,0.0
15308,1.0,2.3,H25K - CBA - Transistor,88,1.0,44.51,20.0,3,0.0
15308,1.0,2.3,H25K - CBA - Transistor,88,1.0,44.51,20.0,5,0.0
15308,1.0,2.3,H25K - CBA - Transistor,88,1.0,44.51,20.0,2,0.0
15308,1.0,2.4,H25K - CBA - Port,45,1.0,44.51,20.0,1,50.0
15308,1.0,2.4,H25K - CBA - Port,45,1.0,44.51,20.0,5,50.0
15308,1.0,2.4,H25K - CBA - Port,45,1.0,44.51,20.0,3,0.0
15308,1.0,2.4,H25K - CBA - Port,45,1.0,44.51,20.0,4,0.0
15308,1.0,2.4,H25K - CBA - Port,45,1.0,44.51,20.0,2,0.0
15308,1.0,2.5,H25K - CBA - Hazard,48,1.0,44.51,20.0,3,25.0
15308,1.0,2.5,H25K - CBA - Hazard,48,1.0,44.51,20.0,2,75.0
15308,1.0,2.5,H25K - CBA - Hazard,48,1.0,44.51,20.0,5,0.0
15308,1.0,2.5,H25K - CBA - Hazard,48,1.0,44.51,20.0,1,0.0
15308,1.0,2.5,H25K - CBA - Hazard,48,1.0,44.51,20.0,4,0.0
15308,1.0,2.6,H25K - CBA - Register,81,1.0,44.51,20.0,3,0.0
15308,1.0,2.6,H25K - CBA - Register,81,1.0,44.51,20.0,4,0.0
15308,1.0,2.6,H25K - CBA - Register,81,1.0,44.51,20.0,1,100.0
15308,1.0,2.6,H25K - CBA - Register,81,1.0,44.51,20.0,5,0.0
15308,1.0,2.6,H25K - CBA - Register,81,1.0,44.51,20.0,2,0.0
15308,1.0,2.7,H25K - CBA - Decode,49,1.0,44.51,20.0,5,0.0
15308,1.0,2.7,H25K - CBA - Decode,49,1.0,44.51,20.0,2,25.0
15308,1.0,2.7,H25K - CBA - Decode,49,1.0,44.51,20.0,3,0.0
15308,1.0,2.7,H25K - CBA - Decode,49,1.0,44.51,20.0,4,0.0
15308,1.0,2.7,H25K - CBA - Decode,49,1.0,44.51,20.0,1,75.0
15308,1.0,2.8,H25K - CBA - Abstraksjonsnivå,137,1.0,44.51,20.0,3,0.0
15308,1.0,2.8,H25K - CBA - Abstraksjonsnivå,137,1.0,44.51,20.0,1,0.0
15308,1.0,2.8,H25K - CBA - Abstraksjonsnivå,137,1.0,44.51,20.0,5,0.0
15308,1.0,2.8,H25K - CBA - Abstraksjonsnivå,137,1.0,44.51,20.0,4,0.0
15308,1.0,2.8,H25K - CBA - Abstraksjonsnivå,137,1.0,44.51,20.0,2,100.0
15308,1.0,2.9,H25K - CBA - Opcode,59,1.0,44.51,20.0,2,50.0
15308,1.0,2.9,H25K - CBA - Opcode,59,1.0,44.51,20.0,5,0.0
15308,1.0,2.9,H25K - CBA - Opcode,59,1.0,44.51,20.0,4,50.0
15308,1.0,2.9,H25K - CBA - Opcode,59,1.0,44.51,20.0,3,0.0
15308,1.0,2.9,H25K - CBA - Opcode,59,1.0,44.51,20.0,1,0.0
15308,2.0,2.10,H25K - CBA - Funksjonsuttrykk,110,2.0,44.51,20.0,1,0.0
15308,2.0,2.10,H25K - CBA - Funksjonsuttrykk,110,2.0,44.51,20.0,2,0.0
15308,2.0,2.10,H25K - CBA - Funksjonsuttrykk,110,2.0,44.51,20.0,4,0.0
15308,2.0,2.10,H25K - CBA - Funksjonsuttrykk,110,2.0,44.51,20.0,5,0.0
15308,2.0,2.10,H25K - CBA - Funksjonsuttrykk,110,2.0,44.51,20.0,3,100.0
15308,1.0,2.11,H25K - CBA - RAM,52,1.0,44.51,20.0,1,100.0
15308,1.0,2.11,H25K - CBA - RAM,52,1.0,44.51,20.0,2,0.0
15308,1.0,2.11,H25K - CBA - RAM,52,1.0,44.51,20.0,4,0.0
15308,1.0,2.11,H25K - CBA - RAM,52,1.0,44.51,20.0,5,0.0
15308,1.0,2.11,H25K - CBA - RAM,52,1.0,44.51,20.0,3,0.0
15308,2.0,2.12,H25K - CBA - Multiplikasjon,70,2.0,44.51,20.0,3,0.0
15308,2.0,2.12,H25K - CBA - Multiplikasjon,70,2.0,44.51,20.0,4,0.0
15308,2.0,2.12,H25K - CBA - Multiplikasjon,70,2.0,44.51,20.0,2,0.0
15308,2.0,2.12,H25K - CBA - Multiplikasjon,70,2.0,44.51,20.0,1,0.0
15308,2.0,2.12,H25K - CBA - Multiplikasjon,70,2.0,44.51,20.0,5,100.0
15308,2.0,2.13,H25K - CBA - Maskinkode,73,2.0,44.51,20.0,3,0.0
15308,2.0,2.13,H25K - CBA - Maskinkode,73,2.0,44.51,20.0,1,100.0
15308,2.0,2.13,H25K - CBA - Maskinkode,73,2.0,44.51,20.0,2,0.0
15308,2.0,2.13,H25K - CBA - Maskinkode,73,2.0,44.51,20.0,5,0.0
15308,2.0,2.13,H25K - CBA - Maskinkode,73,2.0,44.51,20.0,4,0.0
15308,2.0,2.14,H25K - CBA - Full-adder,39,2.0,44.51,20.0,2,0.0
15308,2.0,2.14,H25K - CBA - Full-adder,39,2.0,44.51,20.0,5,0.0
15308,2.0,2.14,H25K - CBA - Full-adder,39,2.0,44.51,20.0,3,0.0
15308,2.0,2.14,H25K - CBA - Full-adder,39,2.0,44.51,20.0,1,100.0
15308,2.0,2.14,H25K - CBA - Full-adder,39,2.0,44.51,20.0,4,0.0
15308,2.0,2.15,H25K - CBA - Full-adder 2,45,2.0,44.51,20.0,1,100.0
15308,2.0,2.15,H25K - CBA - Full-adder 2,45,2.0,44.51,20.0,2,0.0
15308,2.0,2.15,H25K - CBA - Full-adder 2,45,2.0,44.51,20.0,5,0.0
15308,2.0,2.15,H25K - CBA - Full-adder 2,45,2.0,44.51,20.0,3,0.0
15308,2.0,2.15,H25K - CBA - Full-adder 2,45,2.0,44.51,20.0,4,0.0
15331,1.0,2.1,H25K - CBA - PC,75,1.0,36.76,20.0,1,25.0
15331,1.0,2.1,H25K - CBA - PC,75,1.0,36.76,20.0,4,75.0
15331,1.0,2.1,H25K - CBA - PC,75,1.0,36.76,20.0,5,0.0
15331,1.0,2.1,H25K - CBA - PC,75,1.0,36.76,20.0,2,0.0
15331,1.0,2.1,H25K - CBA - PC,75,1.0,36.76,20.0,3,0.0
15331,1.0,2.2,H25K - CBA - Datapath,61,1.0,36.76,20.0,1,75.0
15331,1.0,2.2,H25K - CBA - Datapath,61,1.0,36.76,20.0,2,25.0
15331,1.0,2.2,H25K - CBA - Datapath,61,1.0,36.76,20.0,4,0.0
15331,1.0,2.2,H25K - CBA - Datapath,61,1.0,36.76,20.0,5,0.0
15331,1.0,2.2,H25K - CBA - Datapath,61,1.0,36.76,20.0,3,0.0
15331,1.0,2.3,H25K - CBA - Transistor,74,1.0,36.76,20.0,3,0.0
15331,1.0,2.3,H25K - CBA - Transistor,74,1.0,36.76,20.0,4,25.0
15331,1.0,2.3,H25K - CBA - Transistor,74,1.0,36.76,20.0,1,0.0
15331,1.0,2.3,H25K - CBA - Transistor,74,1.0,36.76,20.0,5,0.0
15331,1.0,2.3,H25K - CBA - Transistor,74,1.0,36.76,20.0,2,75.0
15331,1.0,2.4,H25K - CBA - Port,37,1.0,36.76,20.0,1,100.0
15331,1.0,2.4,H25K - CBA - Port,37,1.0,36.76,20.0,3,0.0
15331,1.0,2.4,H25K - CBA - Port,37,1.0,36.76,20.0,4,0.0
15331,1.0,2.4,H25K - CBA - Port,37,1.0,36.76,20.0,2,0.0
15331,1.0,2.4,H25K - CBA - Port,37,1.0,36.76,20.0,5,0.0
15331,1.0,2.5,H25K - CBA - Hazard,125,1.0,36.76,20.0,5,50.0
15331,1.0,2.5,H25K - CBA - Hazard,125,1.0,36.76,20.0,4,0.0
15331,1.0,2.5,H25K - CBA - Hazard,125,1.0,36.76,20.0,2,0.0
15331,1.0,2.5,H25K - CBA - Hazard,125,1.0,36.76,20.0,1,50.0
15331,1.0,2.5,H25K - CBA - Hazard,125,1.0,36.76,20.0,3,0.0
15331,1.0,2.6,H25K - CBA - Register,85,1.0,36.76,20.0,2,0.0
15331,1.0,2.6,H25K - CBA - Register,85,1.0,36.76,20.0,5,0.0
15331,1.0,2.6,H25K - CBA - Register,85,1.0,36.76,20.0,3,50.0
15331,1.0,2.6,H25K - CBA - Register,85,1.0,36.76,20.0,1,0.0
15331,1.0,2.6,H25K - CBA - Register,85,1.0,36.76,20.0,4,50.0
15331,1.0,2.7,H25K - CBA - Decode,54,1.0,36.76,20.0,5,0.0
15331,1.0,2.7,H25K - CBA - Decode,54,1.0,36.76,20.0,2,25.0
15331,1.0,2.7,H25K - CBA - Decode,54,1.0,36.76,20.0,1,50.0
15331,1.0,2.7,H25K - CBA - Decode,54,1.0,36.76,20.0,4,0.0
15331,1.0,2.7,H25K - CBA - Decode,54,1.0,36.76,20.0,3,25.0
15331,1.0,2.8,H25K - CBA - Abstraksjonsnivå,511,1.0,36.76,20.0,1,25.0
15331,1.0,2.8,H25K - CBA - Abstraksjonsnivå,511,1.0,36.76,20.0,5,0.0
15331,1.0,2.8,H25K - CBA - Abstraksjonsnivå,511,1.0,36.76,20.0,4,50.0
15331,1.0,2.8,H25K - CBA - Abstraksjonsnivå,511,1.0,36.76,20.0,2,0.0
15331,1.0,2.8,H25K - CBA - Abstraksjonsnivå,511,1.0,36.76,20.0,3,25.0
15331,1.0,2.9,H25K - CBA - Opcode,24,1.0,36.76,20.0,1,50.0
15331,1.0,2.9,H25K - CBA - Opcode,24,1.0,36.76,20.0,4,0.0
15331,1.0,2.9,H25K - CBA - Opcode,24,1.0,36.76,20.0,2,0.0
15331,1.0,2.9,H25K - CBA - Opcode,24,1.0,36.76,20.0,5,0.0
15331,1.0,2.9,H25K - CBA - Opcode,24,1.0,36.76,20.0,3,50.0
15331,2.0,2.10,H25K - CBA - Funksjonsuttrykk,55,2.0,36.76,20.0,1,100.0
15331,2.0,2.10,H25K - CBA - Funksjonsuttrykk,55,2.0,36.76,20.0,2,0.0
15331,2.0,2.10,H25K - CBA - Funksjonsuttrykk,55,2.0,36.76,20.0,3,0.0
15331,2.0,2.10,H25K - CBA - Funksjonsuttrykk,55,2.0,36.76,20.0,5,0.0
15331,2.0,2.10,H25K - CBA - Funksjonsuttrykk,55,2.0,36.76,20.0,4,0.0
15331,1.0,2.11,H25K - CBA - RAM,36,1.0,36.76,20.0,3,50.0
15331,1.0,2.11,H25K - CBA - RAM,36,1.0,36.76,20.0,2,25.0
15331,1.0,2.11,H25K - CBA - RAM,36,1.0,36.76,20.0,1,0.0
15331,1.0,2.11,H25K - CBA - RAM,36,1.0,36.76,20.0,4,0.0
15331,1.0,2.11,H25K - CBA - RAM,36,1.0,36.76,20.0,5,25.0
15331,2.0,2.12,H25K - CBA - Multiplikasjon,80,2.0,36.76,20.0,1,25.0
15331,2.0,2.12,H25K - CBA - Multiplikasjon,80,2.0,36.76,20.0,4,0.0
15331,2.0,2.12,H25K - CBA - Multiplikasjon,80,2.0,36.76,20.0,5,50.0
15331,2.0,2.12,H25K - CBA - Multiplikasjon,80,2.0,36.76,20.0,3,0.0
15331,2.0,2.12,H25K - CBA - Multiplikasjon,80,2.0,36.76,20.0,2,25.0
15331,2.0,2.13,H25K - CBA - Maskinkode,84,2.0,36.76,20.0,3,0.0
15331,2.0,2.13,H25K - CBA - Maskinkode,84,2.0,36.76,20.0,4,0.0
15331,2.0,2.13,H25K - CBA - Maskinkode,84,2.0,36.76,20.0,5,25.0
15331,2.0,2.13,H25K - CBA - Maskinkode,84,2.0,36.76,20.0,2,25.0
15331,2.0,2.13,H25K - CBA - Maskinkode,84,2.0,36.76,20.0,1,50.0
15331,2.0,2.14,H25K - CBA - Full-adder,54,2.0,36.76,20.0,5,0.0
15331,2.0,2.14,H25K - CBA - Full-adder,54,2.0,36.76,20.0,2,0.0
15331,2.0,2.14,H25K - CBA - Full-adder,54,2.0,36.76,20.0,3,0.0
15331,2.0,2.14,H25K - CBA - Full-adder,54,2.0,36.76,20.0,4,50.0
15331,2.0,2.14,H25K - CBA - Full-adder,54,2.0,36.76,20.0,1,50.0
15331,2.0,2.15,H25K - CBA - Full-adder 2,14,2.0,36.76,20.0,3,50.0
15331,2.0,2.15,H25K - CBA - Full-adder 2,14,2.0,36.76,20.0,5,0.0
15331,2.0,2.15,H25K - CBA - Full-adder 2,14,2.0,36.76,20.0,4,25.0
15331,2.0,2.15,H25K - CBA - Full-adder 2,14,2.0,36.76,20.0,2,0.0
15331,2.0,2.15,H25K - CBA - Full-adder 2,14,2.0,36.76,20.0,1,25.0
15337,1.0,2.1,H25K - CBA - PC,35,1.0,55.66,20.0,1,100.0
15337,1.0,2.1,H25K - CBA - PC,35,1.0,55.66,20.0,5,0.0
15337,1.0,2.1,H25K - CBA - PC,35,1.0,55.66,20.0,3,0.0
15337,1.0,2.1,H25K - CBA - PC,35,1.0,55.66,20.0,4,0.0
15337,1.0,2.1,H25K - CBA - PC,35,1.0,55.66,20.0,2,0.0
15337,1.0,2.2,H25K - CBA - Datapath,28,1.0,55.66,20.0,1,100.0
15337,1.0,2.2,H25K - CBA - Datapath,28,1.0,55.66,20.0,2,0.0
15337,1.0,2.2,H25K - CBA - Datapath,28,1.0,55.66,20.0,5,0.0
15337,1.0,2.2,H25K - CBA - Datapath,28,1.0,55.66,20.0,4,0.0
15337,1.0,2.2,H25K - CBA - Datapath,28,1.0,55.66,20.0,3,0.0
15337,1.0,2.3,H25K - CBA - Transistor,62,1.0,55.66,20.0,4,0.0
15337,1.0,2.3,H25K - CBA - Transistor,62,1.0,55.66,20.0,3,100.0
15337,1.0,2.3,H25K - CBA - Transistor,62,1.0,55.66,20.0,2,0.0
15337,1.0,2.3,H25K - CBA - Transistor,62,1.0,55.66,20.0,1,0.0
15337,1.0,2.3,H25K - CBA - Transistor,62,1.0,55.66,20.0,5,0.0
15337,1.0,2.4,H25K - CBA - Port,56,1.0,55.66,20.0,1,100.0
15337,1.0,2.4,H25K - CBA - Port,56,1.0,55.66,20.0,4,0.0
15337,1.0,2.4,H25K - CBA - Port,56,1.0,55.66,20.0,2,0.0
15337,1.0,2.4,H25K - CBA - Port,56,1.0,55.66,20.0,3,0.0
15337,1.0,2.4,H25K - CBA - Port,56,1.0,55.66,20.0,5,0.0
15337,1.0,2.5,H25K - CBA - Hazard,15,1.0,55.66,20.0,1,100.0
15337,1.0,2.5,H25K - CBA - Hazard,15,1.0,55.66,20.0,2,0.0
15337,1.0,2.5,H25K - CBA - Hazard,15,1.0,55.66,20.0,3,0.0
15337,1.0,2.5,H25K - CBA - Hazard,15,1.0,55.66,20.0,4,0.0
15337,1.0,2.5,H25K - CBA - Hazard,15,1.0,55.66,20.0,5,0.0
15337,1.0,2.6,H25K - CBA - Register,27,1.0,55.66,20.0,1,100.0
15337,1.0,2.6,H25K - CBA - Register,27,1.0,55.66,20.0,3,0.0
15337,1.0,2.6,H25K - CBA - Register,27,1.0,55.66,20.0,4,0.0
15337,1.0,2.6,H25K - CBA - Register,27,1.0,55.66,20.0,5,0.0
15337,1.0,2.6,H25K - CBA - Register,27,1.0,55.66,20.0,2,0.0
15337,1.0,2.7,H25K - CBA - Decode,43,1.0,55.66,20.0,3,100.0
15337,1.0,2.7,H25K - CBA - Decode,43,1.0,55.66,20.0,4,0.0
15337,1.0,2.7,H25K - CBA - Decode,43,1.0,55.66,20.0,5,0.0
15337,1.0,2.7,H25K - CBA - Decode,43,1.0,55.66,20.0,2,0.0
15337,1.0,2.7,H25K - CBA - Decode,43,1.0,55.66,20.0,1,0.0
15337,1.0,2.8,H25K - CBA - Abstraksjonsnivå,55,1.0,55.66,20.0,5,0.0
15337,1.0,2.8,H25K - CBA - Abstraksjonsnivå,55,1.0,55.66,20.0,4,0.0
15337,1.0,2.8,H25K - CBA - Abstraksjonsnivå,55,1.0,55.66,20.0,1,0.0
15337,1.0,2.8,H25K - CBA - Abstraksjonsnivå,55,1.0,55.66,20.0,2,100.0
15337,1.0,2.8,H25K - CBA - Abstraksjonsnivå,55,1.0,55.66,20.0,3,0.0
15337,1.0,2.9,H25K - CBA - Opcode,68,1.0,55.66,20.0,3,0.0
15337,1.0,2.9,H25K - CBA - Opcode,68,1.0,55.66,20.0,4,0.0
15337,1.0,2.9,H25K - CBA - Opcode,68,1.0,55.66,20.0,5,0.0
15337,1.0,2.9,H25K - CBA - Opcode,68,1.0,55.66,20.0,2,0.0
15337,1.0,2.9,H25K - CBA - Opcode,68,1.0,55.66,20.0,1,100.0
15337,2.0,2.10,H25K - CBA - Funksjonsuttrykk,162,2.0,55.66,20.0,5,0.0
15337,2.0,2.10,H25K - CBA - Funksjonsuttrykk,162,2.0,55.66,20.0,4,0.0
15337,2.0,2.10,H25K - CBA - Funksjonsuttrykk,162,2.0,55.66,20.0,3,0.0
15337,2.0,2.10,H25K - CBA - Funksjonsuttrykk,162,2.0,55.66,20.0,1,100.0
15337,2.0,2.10,H25K - CBA - Funksjonsuttrykk,162,2.0,55.66,20.0,2,0.0
15337,1.0,2.11,H25K - CBA - RAM,25,1.0,55.66,20.0,2,0.0
15337,1.0,2.11,H25K - CBA - RAM,25,1.0,55.66,20.0,5,0.0
15337,1.0,2.11,H25K - CBA - RAM,25,1.0,55.66,20.0,1,100.0
15337,1.0,2.11,H25K - CBA - RAM,25,1.0,55.66,20.0,4,0.0
15337,1.0,2.11,H25K - CBA - RAM,25,1.0,55.66,20.0,3,0.0
15337,2.0,2.12,H25K - CBA - Multiplikasjon,59,2.0,55.66,20.0,1,0.0
15337,2.0,2.12,H25K - CBA - Multiplikasjon,59,2.0,55.66,20.0,2,0.0
15337,2.0,2.12,H25K - CBA - Multiplikasjon,59,2.0,55.66,20.0,5,0.0
15337,2.0,2.12,H25K - CBA - Multiplikasjon,59,2.0,55.66,20.0,4,100.0
15337,2.0,2.12,H25K - CBA - Multiplikasjon,59,2.0,55.66,20.0,3,0.0
15337,2.0,2.13,H25K - CBA - Maskinkode,60,2.0,55.66,20.0,4,0.0
15337,2.0,2.13,H25K - CBA - Maskinkode,60,2.0,55.66,20.0,5,0.0
15337,2.0,2.13,H25K - CBA - Maskinkode,60,2.0,55.66,20.0,1,0.0
15337,2.0,2.13,H25K - CBA - Maskinkode,60,2.0,55.66,20.0,3,0.0
15337,2.0,2.13,H25K - CBA - Maskinkode,60,2.0,55.66,20.0,2,100.0
15337,2.0,2.14,H25K - CBA - Full-adder,43,2.0,55.66,20.0,1,100.0
15337,2.0,2.14,H25K - CBA - Full-adder,43,2.0,55.66,20.0,4,0.0
15337,2.0,2.14,H25K - CBA - Full-adder,43,2.0,55.66,20.0,2,0.0
15337,2.0,2.14,H25K - CBA - Full-adder,43,2.0,55.66,20.0,5,0.0
15337,2.0,2.14,H25K - CBA - Full-adder,43,2.0,55.66,20.0,3,0.0
15337,2.0,2.15,H25K - CBA - Full-adder 2,53,2.0,55.66,20.0,5,0.0
15337,2.0,2.15,H25K - CBA - Full-adder 2,53,2.0,55.66,20.0,4,0.0
15337,2.0,2.15,H25K - CBA - Full-adder 2,53,2.0,55.66,20.0,3,0.0
15337,2.0,2.15,H25K - CBA - Full-adder 2,53,2.0,55.66,20.0,1,100.0
15337,2.0,2.15,H25K - CBA - Full-adder 2,53,2.0,55.66,20.0,2,0.0
15293,1.0,2.1,H25K - CBA - PC,66,1.0,66.16,20.0,1,100.0
15293,1.0,2.1,H25K - CBA - PC,66,1.0,66.16,20.0,3,0.0
15293,1.0,2.1,H25K - CBA - PC,66,1.0,66.16,20.0,4,0.0
15293,1.0,2.1,H25K - CBA - PC,66,1.0,66.16,20.0,5,0.0
15293,1.0,2.1,H25K - CBA - PC,66,1.0,66.16,20.0,2,0.0
15293,1.0,2.2,H25K - CBA - Datapath,36,1.0,66.16,20.0,3,100.0
15293,1.0,2.2,H25K - CBA - Datapath,36,1.0,66.16,20.0,5,0.0
15293,1.0,2.2,H25K - CBA - Datapath,36,1.0,66.16,20.0,2,0.0
15293,1.0,2.2,H25K - CBA - Datapath,36,1.0,66.16,20.0,4,0.0
15293,1.0,2.2,H25K - CBA - Datapath,36,1.0,66.16,20.0,1,0.0
15293,1.0,2.3,H25K - CBA - Transistor,108,1.0,66.16,20.0,3,0.0
15293,1.0,2.3,H25K - CBA - Transistor,108,1.0,66.16,20.0,4,50.0
15293,1.0,2.3,H25K - CBA - Transistor,108,1.0,66.16,20.0,2,0.0
15293,1.0,2.3,H25K - CBA - Transistor,108,1.0,66.16,20.0,1,50.0
15293,1.0,2.3,H25K - CBA - Transistor,108,1.0,66.16,20.0,5,0.0
15293,1.0,2.4,H25K - CBA - Port,42,1.0,66.16,20.0,1,100.0
15293,1.0,2.4,H25K - CBA - Port,42,1.0,66.16,20.0,5,0.0
15293,1.0,2.4,H25K - CBA - Port,42,1.0,66.16,20.0,4,0.0
15293,1.0,2.4,H25K - CBA - Port,42,1.0,66.16,20.0,3,0.0
15293,1.0,2.4,H25K - CBA - Port,42,1.0,66.16,20.0,2,0.0
15293,1.0,2.5,H25K - CBA - Hazard,99,1.0,66.16,20.0,1,75.0
15293,1.0,2.5,H25K - CBA - Hazard,99,1.0,66.16,20.0,5,0.0
15293,1.0,2.5,H25K - CBA - Hazard,99,1.0,66.16,20.0,3,0.0
15293,1.0,2.5,H25K - CBA - Hazard,99,1.0,66.16,20.0,2,0.0
15293,1.0,2.5,H25K - CBA - Hazard,99,1.0,66.16,20.0,4,25.0
15293,1.0,2.6,H25K - CBA - Register,46,1.0,66.16,20.0,1,100.0
15293,1.0,2.6,H25K - CBA - Register,46,1.0,66.16,20.0,3,0.0
15293,1.0,2.6,H25K - CBA - Register,46,1.0,66.16,20.0,5,0.0
15293,1.0,2.6,H25K - CBA - Register,46,1.0,66.16,20.0,2,0.0
15293,1.0,2.6,H25K - CBA - Register,46,1.0,66.16,20.0,4,0.0
15293,1.0,2.7,H25K - CBA - Decode,91,1.0,66.16,20.0,2,75.0
15293,1.0,2.7,H25K - CBA - Decode,91,1.0,66.16,20.0,4,0.0
15293,1.0,2.7,H25K - CBA - Decode,91,1.0,66.16,20.0,1,25.0
15293,1.0,2.7,H25K - CBA - Decode,91,1.0,66.16,20.0,3,0.0
15293,1.0,2.7,H25K - CBA - Decode,91,1.0,66.16,20.0,5,0.0
15293,1.0,2.8,H25K - CBA - Abstraksjonsnivå,73,1.0,66.16,20.0,5,0.0
15293,1.0,2.8,H25K - CBA - Abstraksjonsnivå,73,1.0,66.16,20.0,1,75.0
15293,1.0,2.8,H25K - CBA - Abstraksjonsnivå,73,1.0,66.16,20.0,3,25.0
15293,1.0,2.8,H25K - CBA - Abstraksjonsnivå,73,1.0,66.16,20.0,2,0.0
15293,1.0,2.8,H25K - CBA - Abstraksjonsnivå,73,1.0,66.16,20.0,4,0.0
15293,1.0,2.9,H25K - CBA - Opcode,258,1.0,66.16,20.0,5,0.0
15293,1.0,2.9,H25K - CBA - Opcode,258,1.0,66.16,20.0,4,25.0
15293,1.0,2.9,H25K - CBA - Opcode,258,1.0,66.16,20.0,3,25.0
15293,1.0,2.9,H25K - CBA - Opcode,258,1.0,66.16,20.0,2,0.0
15293,1.0,2.9,H25K - CBA - Opcode,258,1.0,66.16,20.0,1,50.0
15293,2.0,2.10,H25K - CBA - Funksjonsuttrykk,114,2.0,66.16,20.0,1,100.0
15293,2.0,2.10,H25K - CBA - Funksjonsuttrykk,114,2.0,66.16,20.0,3,0.0
15293,2.0,2.10,H25K - CBA - Funksjonsuttrykk,114,2.0,66.16,20.0,4,0.0
15293,2.0,2.10,H25K - CBA - Funksjonsuttrykk,114,2.0,66.16,20.0,5,0.0
15293,2.0,2.10,H25K - CBA - Funksjonsuttrykk,114,2.0,66.16,20.0,2,0.0
15293,1.0,2.11,H25K - CBA - RAM,94,1.0,66.16,20.0,1,100.0
15293,1.0,2.11,H25K - CBA - RAM,94,1.0,66.16,20.0,2,0.0
15293,1.0,2.11,H25K - CBA - RAM,94,1.0,66.16,20.0,3,0.0
15293,1.0,2.11,H25K - CBA - RAM,94,1.0,66.16,20.0,5,0.0
15293,1.0,2.11,H25K - CBA - RAM,94,1.0,66.16,20.0,4,0.0
15293,2.0,2.12,H25K - CBA - Multiplikasjon,83,2.0,66.16,20.0,1,100.0
15293,2.0,2.12,H25K - CBA - Multiplikasjon,83,2.0,66.16,20.0,4,0.0
15293,2.0,2.12,H25K - CBA - Multiplikasjon,83,2.0,66.16,20.0,3,0.0
15293,2.0,2.12,H25K - CBA - Multiplikasjon,83,2.0,66.16,20.0,2,0.0
15293,2.0,2.12,H25K - CBA - Multiplikasjon,83,2.0,66.16,20.0,5,0.0
15293,2.0,2.13,H25K - CBA - Maskinkode,95,2.0,66.16,20.0,2,50.0
15293,2.0,2.13,H25K - CBA - Maskinkode,95,2.0,66.16,20.0,5,0.0
15293,2.0,2.13,H25K - CBA - Maskinkode,95,2.0,66.16,20.0,1,50.0
15293,2.0,2.13,H25K - CBA - Maskinkode,95,2.0,66.16,20.0,4,0.0
15293,2.0,2.13,H25K - CBA - Maskinkode,95,2.0,66.16,20.0,3,0.0
15293,2.0,2.14,H25K - CBA - Full-adder,97,2.0,66.16,20.0,5,0.0
15293,2.0,2.14,H25K - CBA - Full-adder,97,2.0,66.16,20.0,1,75.0
15293,2.0,2.14,H25K - CBA - Full-adder,97,2.0,66.16,20.0,3,0.0
15293,2.0,2.14,H25K - CBA - Full-adder,97,2.0,66.16,20.0,2,25.0
15293,2.0,2.14,H25K - CBA - Full-adder,97,2.0,66.16,20.0,4,0.0
15293,2.0,2.15,H25K - CBA - Full-adder 2,293,2.0,66.16,20.0,2,0.0
15293,2.0,2.15,H25K - CBA - Full-adder 2,293,2.0,66.16,20.0,5,50.0
15293,2.0,2.15,H25K - CBA - Full-adder 2,293,2.0,66.16,20.0,3,50.0
15293,2.0,2.15,H25K - CBA - Full-adder 2,293,2.0,66.16,20.0,4,0.0
15293,2.0,2.15,H25K - CBA - Full-adder 2,293,2.0,66.16,20.0,1,0.0
15298,1.0,2.1,H25K - CBA - PC,29,1.0,61.1,20.0,1,50.0
15298,1.0,2.1,H25K - CBA - PC,29,1.0,61.1,20.0,3,50.0
15298,1.0,2.1,H25K - CBA - PC,29,1.0,61.1,20.0,2,0.0
15298,1.0,2.1,H25K - CBA - PC,29,1.0,61.1,20.0,4,0.0
15298,1.0,2.1,H25K - CBA - PC,29,1.0,61.1,20.0,5,0.0
15298,1.0,2.2,H25K - CBA - Datapath,76,1.0,61.1,20.0,2,25.0
15298,1.0,2.2,H25K - CBA - Datapath,76,1.0,61.1,20.0,4,25.0
15298,1.0,2.2,H25K - CBA - Datapath,76,1.0,61.1,20.0,1,50.0
15298,1.0,2.2,H25K - CBA - Datapath,76,1.0,61.1,20.0,3,0.0
15298,1.0,2.2,H25K - CBA - Datapath,76,1.0,61.1,20.0,5,0.0
15298,1.0,2.3,H25K - CBA - Transistor,31,1.0,61.1,20.0,1,100.0
15298,1.0,2.3,H25K - CBA - Transistor,31,1.0,61.1,20.0,5,0.0
15298,1.0,2.3,H25K - CBA - Transistor,31,1.0,61.1,20.0,4,0.0
15298,1.0,2.3,H25K - CBA - Transistor,31,1.0,61.1,20.0,3,0.0
15298,1.0,2.3,H25K - CBA - Transistor,31,1.0,61.1,20.0,2,0.0
15298,1.0,2.4,H25K - CBA - Port,34,1.0,61.1,20.0,1,100.0
15298,1.0,2.4,H25K - CBA - Port,34,1.0,61.1,20.0,2,0.0
15298,1.0,2.4,H25K - CBA - Port,34,1.0,61.1,20.0,5,0.0
15298,1.0,2.4,H25K - CBA - Port,34,1.0,61.1,20.0,4,0.0
15298,1.0,2.4,H25K - CBA - Port,34,1.0,61.1,20.0,3,0.0
15298,1.0,2.5,H25K - CBA - Hazard,38,1.0,61.1,20.0,2,50.0
15298,1.0,2.5,H25K - CBA - Hazard,38,1.0,61.1,20.0,3,25.0
15298,1.0,2.5,H25K - CBA - Hazard,38,1.0,61.1,20.0,1,25.0
15298,1.0,2.5,H25K - CBA - Hazard,38,1.0,61.1,20.0,4,0.0
15298,1.0,2.5,H25K - CBA - Hazard,38,1.0,61.1,20.0,5,0.0
15298,1.0,2.6,H25K - CBA - Register,26,1.0,61.1,20.0,1,100.0
15298,1.0,2.6,H25K - CBA - Register,26,1.0,61.1,20.0,3,0.0
15298,1.0,2.6,H25K - CBA - Register,26,1.0,61.1,20.0,2,0.0
15298,1.0,2.6,H25K - CBA - Register,26,1.0,61.1,20.0,5,0.0
15298,1.0,2.6,H25K - CBA - Register,26,1.0,61.1,20.0,4,0.0
15298,1.0,2.7,H25K - CBA - Decode,85,1.0,61.1,20.0,2,0.0
15298,1.0,2.7,H25K - CBA - Decode,85,1.0,61.1,20.0,4,0.0
15298,1.0,2.7,H25K - CBA - Decode,85,1.0,61.1,20.0,5,25.0
15298,1.0,2.7,H25K - CBA - Decode,85,1.0,61.1,20.0,3,50.0
15298,1.0,2.7,H25K - CBA - Decode,85,1.0,61.1,20.0,1,25.0
15298,1.0,2.8,H25K - CBA - Abstraksjonsnivå,84,1.0,61.1,20.0,5,0.0
15298,1.0,2.8,H25K - CBA - Abstraksjonsnivå,84,1.0,61.1,20.0,1,100.0
15298,1.0,2.8,H25K - CBA - Abstraksjonsnivå,84,1.0,61.1,20.0,2,0.0
15298,1.0,2.8,H25K - CBA - Abstraksjonsnivå,84,1.0,61.1,20.0,3,0.0
15298,1.0,2.8,H25K - CBA - Abstraksjonsnivå,84,1.0,61.1,20.0,4,0.0
15298,1.0,2.9,H25K - CBA - Opcode,74,1.0,61.1,20.0,5,0.0
15298,1.0,2.9,H25K - CBA - Opcode,74,1.0,61.1,20.0,2,0.0
15298,1.0,2.9,H25K - CBA - Opcode,74,1.0,61.1,20.0,4,0.0
15298,1.0,2.9,H25K - CBA - Opcode,74,1.0,61.1,20.0,1,50.0
15298,1.0,2.9,H25K - CBA - Opcode,74,1.0,61.1,20.0,3,50.0
15298,2.0,2.10,H25K - CBA - Funksjonsuttrykk,44,2.0,61.1,20.0,1,25.0
15298,2.0,2.10,H25K - CBA - Funksjonsuttrykk,44,2.0,61.1,20.0,3,25.0
15298,2.0,2.10,H25K - CBA - Funksjonsuttrykk,44,2.0,61.1,20.0,5,0.0
15298,2.0,2.10,H25K - CBA - Funksjonsuttrykk,44,2.0,61.1,20.0,2,25.0
15298,2.0,2.10,H25K - CBA - Funksjonsuttrykk,44,2.0,61.1,20.0,4,25.0
15298,1.0,2.11,H25K - CBA - RAM,44,1.0,61.1,20.0,1,100.0
15298,1.0,2.11,H25K - CBA - RAM,44,1.0,61.1,20.0,5,0.0
15298,1.0,2.11,H25K - CBA - RAM,44,1.0,61.1,20.0,4,0.0
15298,1.0,2.11,H25K - CBA - RAM,44,1.0,61.1,20.0,3,0.0
15298,1.0,2.11,H25K - CBA - RAM,44,1.0,61.1,20.0,2,0.0
15298,2.0,2.12,H25K - CBA - Multiplikasjon,28,2.0,61.1,20.0,4,0.0
15298,2.0,2.12,H25K - CBA - Multiplikasjon,28,2.0,61.1,20.0,3,0.0
15298,2.0,2.12,H25K - CBA - Multiplikasjon,28,2.0,61.1,20.0,2,0.0
15298,2.0,2.12,H25K - CBA - Multiplikasjon,28,2.0,61.1,20.0,1,100.0
15298,2.0,2.12,H25K - CBA - Multiplikasjon,28,2.0,61.1,20.0,5,0.0
15298,2.0,2.13,H25K - CBA - Maskinkode,33,2.0,61.1,20.0,1,100.0
15298,2.0,2.13,H25K - CBA - Maskinkode,33,2.0,61.1,20.0,2,0.0
15298,2.0,2.13,H25K - CBA - Maskinkode,33,2.0,61.1,20.0,4,0.0
15298,2.0,2.13,H25K - CBA - Maskinkode,33,2.0,61.1,20.0,5,0.0
15298,2.0,2.13,H25K - CBA - Maskinkode,33,2.0,61.1,20.0,3,0.0
15298,2.0,2.14,H25K - CBA - Full-adder,17,2.0,61.1,20.0,1,100.0
15298,2.0,2.14,H25K - CBA - Full-adder,17,2.0,61.1,20.0,5,0.0
15298,2.0,2.14,H25K - CBA - Full-adder,17,2.0,61.1,20.0,3,0.0
15298,2.0,2.14,H25K - CBA - Full-adder,17,2.0,61.1,20.0,2,0.0
15298,2.0,2.14,H25K - CBA - Full-adder,17,2.0,61.1,20.0,4,0.0
15298,2.0,2.15,H25K - CBA - Full-adder 2,48,2.0,61.1,20.0,3,0.0
15298,2.0,2.15,H25K - CBA - Full-adder 2,48,2.0,61.1,20.0,4,25.0
15298,2.0,2.15,H25K - CBA - Full-adder 2,48,2.0,61.1,20.0,1,25.0
15298,2.0,2.15,H25K - CBA - Full-adder 2,48,2.0,61.1,20.0,2,25.0
15298,2.0,2.15,H25K - CBA - Full-adder 2,48,2.0,61.1,20.0,5,25.0
